pairid	anim_ani	inv_events	syn2b_junctions	dnadiff_inverted_fraction	syn2b_inv	max_contigs	phylum	species_pair	dataset
GCA_012275145.1__GCF_018310535.1	97.11	129.0	108.0	0.9825640031985484	0.99323	2	Actinobacteriota	Streptomyces sp002846625 vs Streptomyces sp002846625	high_ani
GCF_007829715.1__GCF_011405175.1	97.3	90.0	40.0	0.5070381786945467	0.53446	3	Firmicutes	Geobacillus icigianus vs Geobacillus icigianus	high_ani
GCF_002057455.1__GCF_012034275.1	97.16	82.0	66.0	0.5931419832554765	0.59195	187	Actinobacteriota	Nonomuraea parvosata vs Nonomuraea parvosata	high_ani
GCF_016697365.1__GCF_910574985.1	98.08	60.0	64.0	0.1640457909556708	0.13016	45	Firmicutes_A	Acutalibacter muris vs Acutalibacter muris	high_ani
GCF_013390305.1__GCF_018130485.1	98.54	56.0	31.0	0.5955672546341632	0.59224	496	Proteobacteria	Bradyrhizobium diazoefficiens vs Bradyrhizobium diazoefficiens	high_ani
GCA_900103895.1__GCA_900105365.1	98.68	52.0	109.0	0.0371109890508122	0.02047	4	Proteobacteria	GAS188 sp900104855 vs GAS188 sp900104855	high_ani
GCF_000334435.1__GCF_002003305.1	98.32	52.0	14.0	0.9930999549355256	0.99819	210	Firmicutes_A	Clostridium saccharoperbutylacetonicum vs Clostridium saccharoperbutylacetonicum	high_ani
GCA_017948655.1__GCF_003596305.1	97.22	51.0	47.0	0.5954994962548928	0.5881	131	Proteobacteria	Pseudaminobacter sp900116595 vs Pseudaminobacter sp900116595	high_ani
GCA_009811615.2__GCF_009811575.1	97.84	50.0	42.0	0.1160724336555871	0.10759	2	Actinobacteriota	Streptomyces platensis vs Streptomyces platensis	high_ani
GCF_001746215.1__GCF_003054835.1	97.57	48.0	41.0	0.5014398769891051	0.52091	178	Spirochaetota	Brachyspira hampsonii_C vs Brachyspira hampsonii_C	high_ani
GCF_002803195.1__GCF_003721495.1	97.02	47.0	39.0	0.5836605086972757	0.56482	51	Actinobacteriota	Streptomyces goshikiensis vs Streptomyces goshikiensis	high_ani
GCF_000804525.1__GCF_000964665.1	99.82	46.0	70.0	0.4822581680730355	0.47769	22	Proteobacteria	Rickettsia felis vs Rickettsia felis	high_ani
GCF_002003305.1__GCF_013297125.1	98.32	46.0	13.0	0.9977125746355108	0.99964	2	Firmicutes_A	Clostridium saccharoperbutylacetonicum vs Clostridium saccharoperbutylacetonicum	high_ani
GCF_002003305.1__GCF_013294445.1	98.32	46.0	13.0	0.997720656030948	0.99964	3	Firmicutes_A	Clostridium saccharoperbutylacetonicum vs Clostridium saccharoperbutylacetonicum	high_ani
GCF_018495055.1__GCF_900036045.1	97.86	46.0	34.0	0.6419130119757327	0.61535	9	Halobacteriota	Methanoculleus bourgensis vs Methanoculleus bourgensis	high_ani
GCF_003387275.1__GCF_003634175.1	97.27	46.0	68.0	0.7929592921971828	0.8014	3	Proteobacteria	Paraburkholderia sp003002025 vs Paraburkholderia sp003002025	high_ani
GCF_003386115.1__GCF_004366535.1	97.19	46.0	67.0	0.8475728752990864	0.85669	3	Proteobacteria	Paraburkholderia sp003002025 vs Paraburkholderia sp003002025	high_ani
GCF_000661935.1__GCF_000807315.1	98.58	44.0	35.0	0.6254641753244333	0.62405	10	Proteobacteria	Bradyrhizobium japonicum vs Bradyrhizobium japonicum	high_ani
GCF_003387275.1__GCF_004366535.1	97.69	44.0	86.0	0.1387585683691283	0.13201	3	Proteobacteria	Paraburkholderia sp003002025 vs Paraburkholderia sp003002025	high_ani
GCF_000160735.1__GCF_003664375.1	97.19	44.0	35.0	0.6479329549105709	0.63922	135	Proteobacteria	Rickettsia tamurae vs Rickettsia tamurae	high_ani
GCF_001280885.1__GCF_004364395.1	98.98	42.0	36.0	0.5088088440545164	0.50982	243	Actinobacteriota	Streptomyces katrae_B vs Streptomyces katrae_B	high_ani
GCF_001436325.1__GCF_009217765.1	98.2	42.0	16.0	0.4683412032646423	0.46989	180	Firmicutes	Schleiferilactobacillus harbinensis vs Schleiferilactobacillus harbinensis	high_ani
GCF_003124115.1__GCF_003989055.1	98.73	41.0	42.0	0.6045588240486708	0.62735	181	Firmicutes	Spiroplasma poulsonii vs Spiroplasma poulsonii	high_ani
GCA_013316185.1__GCA_910579715.1	98.3	41.0	7.0	0.5174895927243747	0.4989	224	Firmicutes_A	Sporofaciens sp009774295 vs Sporofaciens sp009774295	high_ani
GCF_006348105.1__GCF_013363775.1	97.99	40.0	50.0	0.4822566792365632	0.51127	1	Campylobacterota	Campylobacter_D jejuni vs Campylobacter_D jejuni	high_ani
GCA_002321935.1__GCF_012583295.1	99.68	39.0	78.0	0.6164225408472593	0.62933	284	Cyanobacteria	Raphidiopsis brookii vs Raphidiopsis brookii	high_ani
GCA_013316065.1__GCA_017482695.1	99.17	38.0	15.0	0.5090782695901901	0.49821	282	Bacteroidota	Merdimorpha sp003150615 vs Merdimorpha sp003150615	high_ani
GCF_004126515.1__GCF_900188075.1	98.9	38.0	16.0	0.5568986317629133	0.56727	49	Halobacteriota	Halorubrum ezzemoulense vs Halorubrum ezzemoulense	high_ani
GCF_900452285.1__GCF_900637935.1	98.77	38.0	22.0	0.5821391636087853	0.57423	2	Firmicutes	Kurthia zopfii vs Kurthia zopfii	high_ani
GCF_000210615.1__GCF_015547135.1	98.65	38.0	41.0	0.5308633649562028	0.5298	364	Firmicutes	Faecalitalea cylindroides vs Faecalitalea cylindroides	high_ani
GCA_002502935.1__GCF_900036045.1	97.94	38.0	19.0	0.5683928084950496	0.5824	366	Halobacteriota	Methanoculleus bourgensis vs Methanoculleus bourgensis	high_ani
GCF_004364395.1__GCF_004794975.1	98.91	37.0	30.0	0.5250777858633702	0.52142	110	Actinobacteriota	Streptomyces katrae_B vs Streptomyces katrae_B	high_ani
GCA_902387115.1__GCA_905199675.1	98.4	36.0	12.0	0.3488198689937705	0.32449	68	Firmicutes_A	Monoglobus pectinilyticus vs Monoglobus pectinilyticus	high_ani
GCF_011751035.2__GCF_014650355.1	97.88	36.0	25.0	0.6236365251774235	0.62779	68	Actinobacteriota	Streptomyces xanthochromogenes vs Streptomyces xanthochromogenes	high_ani
GCF_000158435.2__GCF_900198355.1	97.01	35.0	48.0	0.5666357788769045	0.58294	81	Campylobacterota	Helicobacter_A rappini vs Helicobacter_A rappini	high_ani
GCF_003516165.1__GCF_003958395.1	99.94	34.0	83.0	0.4231946783393437	0.42233	177	Proteobacteria	Serratia nematodiphila vs Serratia nematodiphila	high_ani
GCF_001447335.1__GCF_004919485.1	98.97	34.0	27.0	0.2489194999028692	0.2384	1	Proteobacteria	Aeromonas schubertii vs Aeromonas schubertii	high_ani
GCF_001447335.1__GCF_001481395.1	98.94	34.0	20.0	0.4517052844650818	0.45107	69	Proteobacteria	Aeromonas schubertii vs Aeromonas schubertii	high_ani
GCF_001043875.1__GCF_017347565.1	98.23	34.0	49.0	0.507324433175058	0.49798	560	Proteobacteria	Methylobacterium indicum vs Methylobacterium indicum	high_ani
GCF_000025645.1__GCF_000092965.1	98.16	34.0	3.0	0.0095609704517183	0.0	1	Firmicutes_A	Thermoanaerobacter thermocopriae vs Thermoanaerobacter thermocopriae	high_ani
GCF_011007525.1__GCF_013364375.1	97.01	34.0	17.0	0.6821650282612323	0.6874	61	Actinobacteriota	Streptomyces sp000772045 vs Streptomyces sp000772045	high_ani
GCA_013316065.1__GCA_900766715.1	99.3	33.0	12.0	0.4981400754726001	0.49228	282	Bacteroidota	Merdimorpha sp003150615 vs Merdimorpha sp003150615	high_ani
GCF_001667745.1__GCF_001672685.1	99.15	33.0	19.0	0.5117725622169764	0.505	485	Actinobacteriota	Mycobacterium sp001666755 vs Mycobacterium sp001666755	high_ani
GCF_001587495.1__GCF_002300135.1	97.5	33.0	9.0	0.4806242757894419	0.46669	308	Firmicutes	Geobacillus stearothermophilus vs Geobacillus stearothermophilus	high_ani
GCF_001008135.1__GCF_900215595.1	99.61	31.0	53.0	0.5048962831586333	0.49868	991	Actinobacteriota	Streptomyces stelliscabiei vs Streptomyces stelliscabiei	high_ani
GCF_001189035.1__GCF_900215595.1	99.46	31.0	54.0	0.6552417417455344	0.6503	705	Actinobacteriota	Streptomyces stelliscabiei vs Streptomyces stelliscabiei	high_ani
GCF_000015385.1__GCF_003203895.1	99.03	31.0	9.0	0.5052883418960927	0.50618	226	Firmicutes	Lactobacillus helveticus vs Lactobacillus helveticus	high_ani
GCA_016858235.1__GCF_002994485.1	98.06	31.0	45.0	0.4983512527470166	0.48242	141	Proteobacteria	Chromobacterium amazonense vs Chromobacterium amazonense	high_ani
GCF_003315425.1__GCF_013283205.1	97.48	31.0	30.0	0.4655512959272783	0.49396	52	Proteobacteria	Shewanella sp002966515 vs Shewanella sp002966515	high_ani
GCF_004348575.1__GCF_014205085.1	97.17	31.0	26.0	0.4806099034376806	0.48588	565	Actinobacteriota	Spirillospora livida vs Spirillospora livida	high_ani
GCF_001481395.1__GCF_004919485.1	99.03	30.0	11.0	0.335263514154093	0.32713	69	Proteobacteria	Aeromonas schubertii vs Aeromonas schubertii	high_ani
GCF_001665365.1__GCF_002086605.1	99.03	30.0	12.0	0.4500812739969593	0.45258	501	Actinobacteriota	Mycobacterium elephantis vs Mycobacterium elephantis	high_ani
GCA_010026885.1__GCA_010027705.1	98.98	30.0	6.0	0.4018287083436275	0.41051	374	Actinobacteriota	F1-60-MAGs027 sp010025655 vs F1-60-MAGs027 sp010025655	high_ani
GCF_000019945.1__GCF_006740745.1	98.0	30.0	28.0	0.0143559364049759	0.00778	3	Proteobacteria	Methylobacterium thiocyanatum vs Methylobacterium thiocyanatum	high_ani
GCA_002425625.1__GCF_003086915.1	97.11	29.0	33.0	0.4414601561832936	0.44469	451	Proteobacteria	Stenotrophomonas sp003086775 vs Stenotrophomonas sp003086775	high_ani
GCA_017857535.1__GCF_000189575.1	99.06	28.0	4.0	0.4613418980669224	0.47408	145	Thermoproteota	Saccharolobus islandicus vs Saccharolobus islandicus	high_ani
GCF_002327125.1__GCF_014050135.1	98.07	28.0	10.0	0.6420315882380062	0.64373	97	Actinobacteriota	Gordonia amicalis vs Gordonia amicalis	high_ani
GCF_002370195.2__GCF_014202525.1	98.65	27.0	6.0	0.4924276805360436	0.51363	97	Firmicutes	Ureibacillus thermosphaericus vs Ureibacillus thermosphaericus	high_ani
GCF_000696365.2__GCF_000965155.1	98.42	27.0	17.0	0.3733001952472615	0.34146	207	Proteobacteria	Rickettsia tamurae vs Rickettsia tamurae	high_ani
GCF_002327125.1__GCF_012395955.1	98.31	27.0	13.0	0.3928538045936773	0.37688	59	Actinobacteriota	Gordonia amicalis vs Gordonia amicalis	high_ani
GCA_905372985.1__GCF_018127845.1	98.19	27.0	20.0	0.6910148244518608	0.69625	92	Bacteroidota	Prevotella nigrescens vs Prevotella nigrescens	high_ani
GCF_000236065.1__GCF_000828875.1	98.14	27.0	61.0	0.2046489999068394	0.17406	6	Proteobacteria	Caballeronia cordobensis vs Caballeronia cordobensis	high_ani
GCA_010025735.1__GCA_010025795.1	98.98	26.0	5.0	0.4155884024926511	0.40402	388	Actinobacteriota	F1-60-MAGs027 sp010025655 vs F1-60-MAGs027 sp010025655	high_ani
GCF_003293325.1__GCF_900102295.1	98.92	26.0	14.0	0.0006774294366018	0.0001	37	Proteobacteria	Pseudomonas_E thivervalensis vs Pseudomonas_E thivervalensis	high_ani
GCF_002763595.1__GCF_002763815.1	97.99	26.0	15.0	0.9933305441892264	0.99446	1	Fusobacteriota	Fusobacterium pseudoperiodonticum vs Fusobacterium pseudoperiodonticum	high_ani
GCF_012726095.1__GCF_017612575.1	97.69	26.0	17.0	0.1969648876745982	0.20303	85	Halobacteriota	Halomicrobium sp009617995 vs Halomicrobium sp009617995	high_ani
GCF_000514995.1__GCF_004217635.1	97.12	26.0	37.0	0.6509439527301898	0.66225	91	Actinobacteriota	Streptomyces sp002797655 vs Streptomyces sp002797655	high_ani
GCF_000820525.2__GCF_016082235.1	99.2	25.0	7.0	0.4687934478046685	0.51039	144	Firmicutes	Spiroplasma poulsonii vs Spiroplasma poulsonii	high_ani
GCF_000284835.1__GCF_002370195.2	98.61	25.0	4.0	0.3647366642036553	0.36022	63	Firmicutes	Ureibacillus thermosphaericus vs Ureibacillus thermosphaericus	high_ani
GCA_009774295.1__GCA_013316185.1	98.16	25.0	2.0	0.5243723491714034	0.51305	507	Firmicutes_A	Sporofaciens sp009774295 vs Sporofaciens sp009774295	high_ani
GCA_001508735.1__GCF_000175295.2	98.02	25.0	9.0	0.5984497004363905	0.60411	105	Firmicutes_A	Thermoanaerobacter pseudethanolicus vs Thermoanaerobacter pseudethanolicus	high_ani
GCF_003050685.1__GCF_017301795.1	99.4	24.0	23.0	0.1892728346291954	0.19086	1	Proteobacteria	Xanthomonas_A translucens vs Xanthomonas_A translucens	high_ani
GCF_017909135.1__GCF_017909435.1	99.15	24.0	14.0	0.0304155042110708	0.02857	5	Firmicutes	Bacillus_A cytotoxicus vs Bacillus_A cytotoxicus	high_ani
GCA_000740805.1__GCA_000740865.1	99.03	24.0	20.0	0.3929196893156205	0.40855	222	Firmicutes_B	SCADC1-2-3 sp000681355 vs SCADC1-2-3 sp000681355	high_ani
GCF_000262445.1__GCF_900112905.1	98.36	24.0	14.0	0.429843720597556	0.43403	133	Firmicutes_A	Thermoanaerobacter ethanolicus vs Thermoanaerobacter ethanolicus	high_ani
GCA_017331025.1__GCF_003017145.1	97.7	24.0	40.0	0.4827018690024144	0.50627	78	Firmicutes_A	Clostridium_F botulinum_A vs Clostridium_F botulinum_A	high_ani
GCF_000291475.1__GCF_004306995.1	97.62	24.0	12.0	0.542882349950761	0.50584	71	Firmicutes	Bacillus_A nitratireducens vs Bacillus_A nitratireducens	high_ani
GCF_000965155.1__GCF_003664375.1	97.53	24.0	18.0	0.5249801652121155	0.52365	13	Proteobacteria	Rickettsia tamurae vs Rickettsia tamurae	high_ani
GCF_014893095.1__GCF_016106885.1	97.4	24.0	3.0	0.5352947416640548	0.53803	268	Proteobacteria	Dickeya dianthicola vs Dickeya dianthicola	high_ani
GCF_001644685.1__GCF_002441955.1	97.3	24.0	24.0	0.0129105577621999	0.00957	2	Proteobacteria	Methylomonas koyamae vs Methylomonas koyamae	high_ani
GCF_003124105.1__GCF_016082235.1	99.18	23.0	7.0	0.4658008613371004	0.50461	144	Firmicutes	Spiroplasma poulsonii vs Spiroplasma poulsonii	high_ani
GCF_003028395.1__GCF_016950155.1	98.79	23.0	8.0	0.4500622783510155	0.44251	73	Proteobacteria	Pectobacterium punjabense vs Pectobacterium punjabense	high_ani
GCF_000025645.1__GCF_000518565.1	98.36	23.0	18.0	0.7226870008547992	0.71014	63	Firmicutes_A	Thermoanaerobacter thermocopriae vs Thermoanaerobacter thermocopriae	high_ani
GCF_017788805.1__GCF_900324035.1	99.37	22.0	3.0	0.5161869792211371	0.521	157	Proteobacteria	Bradyrhizobium vignae vs Bradyrhizobium vignae	high_ani
GCA_902385445.1__GCA_905213625.1	99.09	22.0	5.0	0.47739592187311	0.48315	81	Firmicutes_A	Butyribacter sp003529475 vs Butyribacter sp003529475	high_ani
GCF_003111765.1__GCF_003287795.1	99.07	22.0	17.0	0.5121880559778051	0.50806	226	Actinobacteriota	Actinomyces glycerinitolerans vs Actinomyces glycerinitolerans	high_ani
GCA_016858235.1__GCF_000812585.1	98.65	22.0	47.0	0.5408746406031975	0.54824	223	Proteobacteria	Chromobacterium amazonense vs Chromobacterium amazonense	high_ani
GCF_002736045.1__GCF_014269205.2	97.85	22.0	34.0	0.0773900116867019	0.0765	24	Proteobacteria	Pseudomonas_E putida_M vs Pseudomonas_E putida_M	high_ani
GCF_012273335.1__GCF_016757895.1	97.61	22.0	7.0	0.5786025940520003	0.64563	114	Firmicutes	Bacillus_A anthracis vs Bacillus_A anthracis	high_ani
GCF_003086915.1__GCF_016624665.1	97.35	22.0	21.0	0.4270618395548052	0.42248	235	Proteobacteria	Stenotrophomonas sp003086775 vs Stenotrophomonas sp003086775	high_ani
GCF_000803195.1__GCF_003049805.1	97.15	22.0	13.0	0.6677006716809955	0.67369	138	Proteobacteria	Dickeya fangzhongdai vs Dickeya fangzhongdai	high_ani
GCF_000965045.1__GCF_002078315.1	99.61	21.0	33.0	0.4150332138147942	0.41512	4	Proteobacteria	Rickettsia bellii vs Rickettsia bellii	high_ani
GCF_000686065.1__GCF_000686965.1	98.43	21.0	4.0	0.5662975325648654	0.56911	48	Firmicutes_A	Butyrivibrio hungatei_A vs Butyrivibrio hungatei_A	high_ani
GCF_001679155.1__GCF_016127895.1	98.18	21.0	12.0	0.424503505269132	0.39297	47	Proteobacteria	Moraxella nonliquefaciens vs Moraxella nonliquefaciens	high_ani
GCF_000965005.1__GCF_000965045.1	99.62	20.0	31.0	0.5837509902297333	0.58575	4	Proteobacteria	Rickettsia bellii vs Rickettsia bellii	high_ani
GCF_000686105.1__GCF_900096675.1	99.01	20.0	16.0	0.4718295989260515	0.45008	160	Firmicutes_A	Robinsoniella peoriensis vs Robinsoniella peoriensis	high_ani
GCF_004564155.1__GCF_900640145.1	98.7	20.0	8.0	0.5504269312061345	0.54447	178	Proteobacteria	Legionella_D israelensis vs Legionella_D israelensis	high_ani
GCA_905201875.1__GCF_000242995.2	98.66	20.0	19.0	0.5906123256827188	0.60692	71	Fusobacteriota	Fusobacterium_A ulcerans vs Fusobacterium_A ulcerans	high_ani
GCF_002761935.1__GCF_002763735.1	98.04	20.0	6.0	0.0046355760804479	0.00111	4	Fusobacteriota	Fusobacterium pseudoperiodonticum vs Fusobacterium pseudoperiodonticum	high_ani
GCF_001643095.1__GCF_006740745.1	98.0	20.0	21.0	0.3492546808332495	0.34287	130	Proteobacteria	Methylobacterium thiocyanatum vs Methylobacterium thiocyanatum	high_ani
GCA_000753235.2__GCF_006714885.1	97.43	20.0	20.0	0.1355188208573971	0.13023	17	Firmicutes_A	Caproiciproducens sp000752215 vs Caproiciproducens sp000752215	high_ani
GCF_000154885.1__GCF_018555775.1	97.02	20.0	33.0	0.4858039751760949	0.48904	731	Actinobacteriota	Streptomyces goshikiensis vs Streptomyces goshikiensis	high_ani
GCA_902383955.1__GCF_002334685.1	99.48	19.0	32.0	0.5310923410484409	0.54893	84	Desulfobacterota_I	Desulfovibrio desulfuricans_A vs Desulfovibrio desulfuricans_A	high_ani
GCF_000835205.1__GCF_001755835.1	99.28	19.0	26.0	0.2184837161836066	0.2141	150	Proteobacteria	Burkholderia plantarii vs Burkholderia plantarii	high_ani
GCF_003675305.1__GCF_004361975.1	99.14	19.0	26.0	0.6350345247066586	0.63664	27	Proteobacteria	Buttiauxella ferragutiae vs Buttiauxella ferragutiae	high_ani
GCF_001432325.1__GCF_001444365.1	98.94	19.0	10.0	0.0046034792152657	0.00097	163	Proteobacteria	Colwellia marinimaniae vs Colwellia marinimaniae	high_ani
GCF_007989745.1__GCF_900637935.1	98.79	19.0	14.0	0.459985367330062	0.4708	137	Firmicutes	Kurthia zopfii vs Kurthia zopfii	high_ani
GCF_008087005.1__GCF_900090095.1	98.28	19.0	34.0	0.4761818845705473	0.45747	930	Actinobacteriota	Streptomyces libani vs Streptomyces libani	high_ani
GCA_003640305.1__GCF_000224615.1	98.06	19.0	19.0	0.4807842337211433	0.47542	246	Bacteroidota	Prevotella oulorum vs Prevotella oulorum	high_ani
GCA_017409075.1__GCA_017451815.1	97.87	19.0	9.0	0.5524314808156394	0.55935	148	Verrucomicrobiota	Akkermansia sp017937215 vs Akkermansia sp017937215	high_ani
GCF_002843945.1__GCF_002951395.1	97.81	19.0	15.0	0.5399756188003536	0.5312	9	Bacteroidota	Elizabethkingia anophelis vs Elizabethkingia anophelis	high_ani
GCA_013374455.1__GCA_013374465.1	97.11	19.0	7.0	0.5099492855060057	0.50162	201	Halobacteriota	Methanocomedens sp009649835 vs Methanocomedens sp009649835	high_ani
GCF_005706215.1__GCF_014524485.1	99.05	18.0	8.0	0.0053944140422715	0.0	5	Firmicutes	Macrococcus_B canis vs Macrococcus_B canis	high_ani
GCF_002075365.1__GCF_009834045.1	98.95	18.0	20.0	0.5984410734137067	0.61461	73	Firmicutes	Anoxybacillus_A rupiensis vs Anoxybacillus_A rupiensis	high_ani
GCF_001984525.1__GCF_007833835.1	98.64	18.0	9.0	0.6438436920439266	0.64313	140	Proteobacteria	Pectobacterium actinidiae vs Pectobacterium actinidiae	high_ani
GCF_001984535.1__GCF_007833835.1	98.64	18.0	9.0	0.6031730486293038	0.60298	139	Proteobacteria	Pectobacterium actinidiae vs Pectobacterium actinidiae	high_ani
GCF_013372245.1__GCF_018500215.1	98.36	18.0	14.0	0.557538551736362	0.54219	67	Campylobacterota	Campylobacter_D upsaliensis vs Campylobacter_D upsaliensis	high_ani
GCF_002893785.1__GCF_009647615.1	98.19	18.0	9.0	0.4584321317691114	0.47761	234	Firmicutes	Laceyella sediminis vs Laceyella sediminis	high_ani
GCA_000509185.1__GCF_001722555.1	97.72	18.0	21.0	0.607901639094118	0.59366	245	Firmicutes_A	Eisenbergiella tayi vs Eisenbergiella tayi	high_ani
GCF_008586805.1__GCF_900407865.1	97.23	18.0	14.0	0.3987983066713512	0.382	33	Proteobacteria	Haemophilus aegyptius vs Haemophilus aegyptius	high_ani
GCF_000758345.1__GCF_014854775.1	97.08	18.0	6.0	0.998653543656697	1.0	2	Proteobacteria	Dickeya fangzhongdai vs Dickeya fangzhongdai	high_ani
GCF_000261585.1__GCF_000773865.1	97.05	18.0	57.0	0.4930074063219338	0.47453	691	Proteobacteria	Bradyrhizobium japonicum vs Bradyrhizobium japonicum	high_ani
GCA_013316575.1__GCA_014237655.1	99.94	17.0	10.0	0.4721758999303192	0.46485	159	Bacteroidota	Alistipes sp002358415 vs Alistipes sp002358415	high_ani
GCF_010868115.1__GCF_010868155.1	99.7	17.0	11.0	0.5217477911520892	0.51749	368	Actinobacteriota	Nocardia cyriacigeorgica_D vs Nocardia cyriacigeorgica_D	high_ani
GCA_902383955.1__GCF_900243745.1	99.49	17.0	32.0	0.5519687656562484	0.56274	84	Desulfobacterota_I	Desulfovibrio desulfuricans_A vs Desulfovibrio desulfuricans_A	high_ani
GCA_902506615.1__GCF_009735725.1	99.1	17.0	39.0	0.5868939825415829	0.59402	148	Proteobacteria	Chania oryzae vs Chania oryzae	high_ani
GCF_004564155.1__GCF_900101805.1	98.7	17.0	5.0	0.4973670960787472	0.49223	165	Proteobacteria	Legionella_D israelensis vs Legionella_D israelensis	high_ani
GCF_000347675.2__GCF_001853345.1	98.64	17.0	17.0	0.023014473798793	0.01904	59	Proteobacteria	Sphingomonas_E fennica vs Sphingomonas_E fennica	high_ani
GCA_003488365.1__GCF_900450975.1	98.37	17.0	27.0	0.4782508068026646	0.50565	856	Proteobacteria	Pseudescherichia vulneris vs Pseudescherichia vulneris	high_ani
GCF_003437625.1__GCF_900454955.1	98.29	17.0	21.0	0.4720598735450649	0.46298	315	Bacteroidota	Prevotella disiens vs Prevotella disiens	high_ani
GCF_001273895.1__GCF_900112635.1	98.18	17.0	23.0	0.461693871406328	0.46551	30	Firmicutes	Fictibacillus_C sp001510655 vs Fictibacillus_C sp001510655	high_ani
GCF_001476875.1__GCF_001913135.1	97.81	17.0	19.0	0.5047203756822689	0.50447	171	Proteobacteria	Pseudomonas_B rhizoryzae vs Pseudomonas_B rhizoryzae	high_ani
GCF_001722585.1__GCF_902385915.1	97.77	17.0	22.0	0.1811770241766459	0.18114	245	Firmicutes_A	Eisenbergiella tayi vs Eisenbergiella tayi	high_ani
GCF_018709825.1__GCF_018847015.1	99.98	16.0	4.0	0.6554131145276967	0.66948	89	Verrucomicrobiota	Akkermansia sp001580195 vs Akkermansia sp001580195	high_ani
GCF_015099135.1__GCF_900452265.1	99.95	16.0	5.0	0.4283419971363079	0.42175	6	Proteobacteria	Kluyvera ascorbata vs Kluyvera ascorbata	high_ani
GCF_002911595.1__GCF_003391415.1	99.74	16.0	26.0	0.4702609004050613	0.4787	509	Actinobacteriota	Mycobacterium marinum vs Mycobacterium marinum	high_ani
GCF_013296705.1__GCF_900461245.1	99.74	16.0	10.0	0.5102679091736035	0.52087	11	Firmicutes_A	Clostridium_AO tetanomorphum vs Clostridium_AO tetanomorphum	high_ani
GCF_001673235.1__GCF_002086345.1	99.42	16.0	3.0	0.564275125632045	0.55502	201	Actinobacteriota	Mycobacterium marseillense vs Mycobacterium marseillense	high_ani
GCA_010026885.1__GCA_010030695.1	99.35	16.0	4.0	0.4245134839847257	0.42165	360	Actinobacteriota	F1-60-MAGs027 sp010025655 vs F1-60-MAGs027 sp010025655	high_ani
GCF_009176685.1__GCF_018130425.1	99.12	16.0	15.0	0.4537632236789487	0.44841	100	Proteobacteria	Bradyrhizobium ottawaense vs Bradyrhizobium ottawaense	high_ani
GCA_002502935.1__GCA_900079125.1	98.82	16.0	14.0	0.5271979319603797	0.51855	366	Halobacteriota	Methanoculleus bourgensis vs Methanoculleus bourgensis	high_ani
GCF_000520875.1__GCF_004028085.1	98.81	16.0	11.0	0.4640865867382842	0.4612	150	Proteobacteria	Rhizobium hidalgonense vs Rhizobium hidalgonense	high_ani
GCF_000158315.2__GCF_003463295.1	98.77	16.0	13.0	0.5388140451101402	0.52746	123	Fusobacteriota	Fusobacterium_A ulcerans vs Fusobacterium_A ulcerans	high_ani
GCF_001556235.1__GCF_003815615.1	98.46	16.0	9.0	0.4530379585620547	0.45391	383	Bacteroidota	Chryseobacterium shandongense vs Chryseobacterium shandongense	high_ani
GCA_002200935.1__GCF_001908615.1	98.36	16.0	25.0	0.5151332118384395	0.53631	236	Proteobacteria	Rhizobium yanglingense vs Rhizobium yanglingense	high_ani
GCA_000820745.1__GCF_001717125.1	98.27	16.0	19.0	0.5280107544850818	0.52285	384	Firmicutes_A	Eisenbergiella tayi vs Eisenbergiella tayi	high_ani
GCA_009774785.1__GCF_016697365.1	98.25	16.0	9.0	0.5600009064889948	0.56486	309	Firmicutes_A	Acutalibacter muris vs Acutalibacter muris	high_ani
GCF_001679125.1__GCF_016028775.1	98.21	16.0	10.0	0.5515631404462885	0.52843	48	Proteobacteria	Moraxella nonliquefaciens vs Moraxella nonliquefaciens	high_ani
GCF_000236065.1__GCF_001988975.1	97.75	16.0	42.0	0.1897689247303829	0.18062	14	Proteobacteria	Caballeronia cordobensis vs Caballeronia cordobensis	high_ani
GCA_002363355.1__GCF_004421065.1	97.42	16.0	23.0	0.4664211993333788	0.47311	228	Proteobacteria	Brevundimonas naejangsanensis_A vs Brevundimonas naejangsanensis_A	high_ani
GCF_001679065.1__GCF_900453305.1	97.12	16.0	13.0	0.5488218311082927	0.53569	87	Proteobacteria	Moraxella_A atlantae vs Moraxella_A atlantae	high_ani
GCA_000300755.1__GCF_016026055.1	99.87	15.0	86.0	0.4845860608169449	0.48578	998	Proteobacteria	Burkholderia glumae vs Burkholderia glumae	high_ani
GCF_010857985.1__GCF_010868155.1	99.74	15.0	11.0	0.4791647801118577	0.47248	368	Actinobacteriota	Nocardia cyriacigeorgica_D vs Nocardia cyriacigeorgica_D	high_ani
GCA_910574955.1__GCF_009911235.1	98.99	15.0	26.0	0.4957482441361551	0.51006	95	Firmicutes_A	Anaerotruncus colihominis_A vs Anaerotruncus colihominis_A	high_ani
GCF_008087005.1__GCF_014649275.1	98.54	15.0	23.0	0.5049285819569965	0.51164	930	Actinobacteriota	Streptomyces libani vs Streptomyces libani	high_ani
GCF_001634305.1__GCF_002075365.1	98.49	15.0	18.0	0.6064278062706778	0.60992	73	Firmicutes	Anoxybacillus_A rupiensis vs Anoxybacillus_A rupiensis	high_ani
GCF_003206515.1__GCF_009687825.1	97.82	15.0	10.0	0.8656864598563417	0.87748	7	Deinococcota	Deinococcus actinosclerus vs Deinococcus actinosclerus	high_ani
GCA_016288455.1__GCA_017389205.1	97.76	15.0	2.0	0.4502516527849103	0.45253	188	Bacteroidota	Enterocola sp900316125 vs Enterocola sp900316125	high_ani
GCF_003732075.1__GCF_003732125.1	97.45	15.0	19.0	0.4689377709230927	0.46566	136	Proteobacteria	Pseudomonas_E brassicacearum_A vs Pseudomonas_E brassicacearum_A	high_ani
GCF_002165345.2__GCF_004209355.1	97.16	15.0	6.0	0.4350546402427001	0.47562	78	Proteobacteria	Acinetobacter wuhouensis vs Acinetobacter wuhouensis	high_ani
GCF_001010305.1__GCF_014931035.1	97.03	15.0	19.0	0.2105489221012202	0.2059	72	Proteobacteria	Comamonas thiooxydans vs Comamonas thiooxydans	high_ani
GCF_000685635.1__GCF_005406325.1	99.98	14.0	4.0	0.8706149553318893	0.88292	13	Halobacteriota	Haloferax mediterranei vs Haloferax mediterranei	high_ani
GCF_000597945.1__GCF_002188895.1	99.83	14.0	13.0	0.539245834765493	0.53828	128	Proteobacteria	Yersinia hibernica vs Yersinia hibernica	high_ani
GCF_002250945.2__GCF_017909235.1	99.58	14.0	8.0	0.0018906599977041	0.00061	2	Firmicutes	Bacillus_A cytotoxicus vs Bacillus_A cytotoxicus	high_ani
GCF_000018245.1__GCF_002078315.1	99.56	14.0	19.0	0.4246912739716975	0.42795	2	Proteobacteria	Rickettsia bellii vs Rickettsia bellii	high_ani
GCF_002250905.2__GCF_017909435.1	99.48	14.0	6.0	0.9548203857073878	0.95874	3	Firmicutes	Bacillus_A cytotoxicus vs Bacillus_A cytotoxicus	high_ani
GCA_900540215.1__GCF_900169665.1	99.15	14.0	15.0	0.4525138872709213	0.45577	85	Firmicutes_A	Anaeromassilibacillus sp001305115 vs Anaeromassilibacillus sp001305115	high_ani
GCF_900454805.1__GCF_900638655.1	98.94	14.0	11.0	0.0009488133961178	0.0007	2	Proteobacteria	Pragia fontium vs Pragia fontium	high_ani
GCF_001481725.1__GCF_902364445.1	98.83	14.0	8.0	0.4342097642583202	0.42961	41	Firmicutes_A	Eubacterium maltosivorans vs Eubacterium maltosivorans	high_ani
GCF_003363675.2__GCF_003436685.1	98.76	14.0	15.0	0.5398415723277744	0.5445	63	Bacteroidota	Bacteroides intestinalis vs Bacteroides intestinalis	high_ani
GCF_001269685.1__GCF_900102295.1	98.72	14.0	5.0	0.5833726677315955	0.57856	26	Proteobacteria	Pseudomonas_E thivervalensis vs Pseudomonas_E thivervalensis	high_ani
GCF_001889125.1__GCF_014883915.1	98.52	14.0	0.0	0.001697570826699	0.0002	1	Actinobacteriota	Janibacter indicus vs Janibacter indicus	high_ani
GCA_003480625.1__GCF_018917925.1	98.45	14.0	33.0	0.3827745320614291	0.3772	105	Firmicutes_A	Pseudobutyricicoccus sp003477405 vs Pseudobutyricicoccus sp003477405	high_ani
GCF_003590545.1__GCF_016635095.1	98.3	14.0	8.0	0.4206190360499279	0.41867	238	Proteobacteria	Hamiltonella defensa vs Hamiltonella defensa	high_ani
GCA_900320875.1__GCA_902802965.1	98.25	14.0	12.0	0.5261847541124376	0.51589	105	Bacteroidota	Cryptobacteroides sp900321655 vs Cryptobacteroides sp900321655	high_ani
GCA_000431695.1__GCA_900066975.1	98.16	14.0	21.0	0.5059094243141857	0.51513	272	Firmicutes_A	Anaerobutyricum soehngenii vs Anaerobutyricum soehngenii	high_ani
GCF_000965255.1__GCF_007991955.1	97.88	14.0	2.0	0.4443457806965688	0.4231	114	Firmicutes	Levilactobacillus spicheri vs Levilactobacillus spicheri	high_ani
GCA_016288455.1__GCA_017392725.1	97.68	14.0	0.0	0.4857781374217753	0.48793	361	Bacteroidota	Enterocola sp900316125 vs Enterocola sp900316125	high_ani
GCF_000940515.1__GCF_900454515.1	97.52	14.0	6.0	0.6361546727684698	0.6133	8	Proteobacteria	Basfia bettyae vs Basfia bettyae	high_ani
GCF_009755645.1__GCF_903797685.1	97.52	14.0	6.0	0.5916757432562598	0.60717	74	Proteobacteria	Pseudomonas_E alkylphenolica vs Pseudomonas_E alkylphenolica	high_ani
GCF_000012185.1__GCF_900408185.1	97.39	14.0	5.0	0.5876725446321901	0.55505	55	Proteobacteria	Haemophilus influenzae vs Haemophilus influenzae	high_ani
GCA_017552555.1__GCA_017615775.1	97.36	14.0	6.0	0.5429653240625678	0.5455	162	Firmicutes_A	RUG11977 sp017427685 vs RUG11977 sp017427685	high_ani
GCA_003447905.1__GCA_017413135.1	97.35	14.0	9.0	0.5320255645342983	0.51669	387	Bacteroidota	Cryptobacteroides sp900318445 vs Cryptobacteroides sp900318445	high_ani
GCF_008586805.1__GCF_900408065.1	97.29	14.0	8.0	0.5299917684568739	0.55886	113	Proteobacteria	Haemophilus aegyptius vs Haemophilus aegyptius	high_ani
GCF_001889125.1__GCF_014217915.1	97.25	14.0	7.0	0.0037429352097915	0.00053	1	Actinobacteriota	Janibacter indicus vs Janibacter indicus	high_ani
GCF_014217915.1__GCF_014883915.1	97.22	14.0	10.0	0.0026400594030104	0.0	1	Actinobacteriota	Janibacter indicus vs Janibacter indicus	high_ani
GCF_000746985.1__GCF_002587065.1	97.17	14.0	23.0	0.5259002015291726	0.51932	118	Proteobacteria	Aeromonas bestiarum vs Aeromonas bestiarum	high_ani
GCA_002358415.1__GCA_013316575.1	99.88	13.0	7.0	0.5381238937379744	0.52808	208	Bacteroidota	Alistipes sp002358415 vs Alistipes sp002358415	high_ani
GCA_000335795.1__GCF_011067265.1	99.65	13.0	13.0	0.5286916240080844	0.53335	274	Proteobacteria	Rouxiella badensis vs Rouxiella badensis	high_ani
GCF_007828295.1__GCF_900106025.1	99.2	13.0	4.0	0.5901818943487358	0.59453	79	Proteobacteria	Pseudomonas_E migulae vs Pseudomonas_E migulae	high_ani
GCF_000253255.1__GCF_017312445.1	98.81	13.0	18.0	0.5622133752958736	0.55525	37	Proteobacteria	Novosphingobium pentaromativorans vs Novosphingobium pentaromativorans	high_ani
GCA_905201875.1__GCF_000158315.2	98.73	13.0	18.0	0.5825947233877905	0.59036	71	Fusobacteriota	Fusobacterium_A ulcerans vs Fusobacterium_A ulcerans	high_ani
GCF_000520875.1__GCF_002531855.1	98.7	13.0	20.0	0.5514314893191499	0.56435	139	Proteobacteria	Rhizobium hidalgonense vs Rhizobium hidalgonense	high_ani
GCF_002250075.1__GCF_002701205.1	98.7	13.0	8.0	0.5372489092330168	0.56896	73	Firmicutes_A	Thermoanaerobacterium thermosaccharolyticum vs Thermoanaerobacterium thermosaccharolyticum	high_ani
GCF_000721715.1__GCF_900101975.1	98.54	13.0	20.0	0.5051949841532314	0.50468	171	Actinobacteriota	Streptomyces sp900116325 vs Streptomyces sp900116325	high_ani
GCA_015231415.1__GCA_015231655.1	98.36	13.0	15.0	0.4777771174656999	0.46298	255	Desulfobacterota	Desulfamplus sp015232465 vs Desulfamplus sp015232465	high_ani
GCF_011065955.1__GCF_018861655.1	98.36	13.0	13.0	0.5697766120182426	0.56139	126	Firmicutes_A	Clostridium_AD tagluense vs Clostridium_AD tagluense	high_ani
GCF_014858715.1__GCF_018141345.1	97.92	13.0	6.0	0.2319117117417945	0.2169	10	Proteobacteria	Pseudoalteromonas elyakovii vs Pseudoalteromonas elyakovii	high_ani
GCF_000758175.1__GCF_000968715.2	97.58	13.0	13.0	0.4832192491047404	0.46602	86	Proteobacteria	Halomonas halophila vs Halomonas halophila	high_ani
GCF_001644095.1__GCF_001644685.1	97.45	13.0	13.0	0.5618305542546003	0.56577	147	Proteobacteria	Methylomonas koyamae vs Methylomonas koyamae	high_ani
GCA_014133975.1__GCF_013096875.1	97.17	13.0	15.0	0.489151492475264	0.47368	310	Firmicutes	Geobacillus stearothermophilus vs Geobacillus stearothermophilus	high_ani
GCA_002341435.1__GCF_007747015.1	97.15	13.0	4.0	0.3453058743714318	0.36008	45	Planctomycetota	Gimesia maris vs Gimesia maris	high_ani
GCF_000337295.1__GCF_000685635.1	99.98	12.0	4.0	0.0019616562685424	0.00124	16	Halobacteriota	Haloferax mediterranei vs Haloferax mediterranei	high_ani
GCF_000226455.1__GCF_900236505.1	99.98	12.0	23.0	0.4725945589469617	0.46839	299	Actinobacteriota	Streptomyces chartreusis_D vs Streptomyces chartreusis_D	high_ani
GCF_009862985.1__GCF_900236505.1	99.98	12.0	23.0	0.472571354978528	0.46839	299	Actinobacteriota	Streptomyces chartreusis_D vs Streptomyces chartreusis_D	high_ani
GCA_012966345.1__GCA_015664155.1	99.83	12.0	0.0	0.5808904687803208	0.58149	386	Proteobacteria	OPU3-GD-OMZ sp012965425 vs OPU3-GD-OMZ sp012965425	high_ani
GCA_002412085.1__GCA_002505115.1	99.83	12.0	11.0	0.5145569594509397	0.5102	73	Nanoarchaeota	Parvarchaeum acidophilus vs Parvarchaeum acidophilus	high_ani
GCF_001008135.1__GCF_001189035.1	99.81	12.0	81.0	0.4846193513139014	0.48632	991	Actinobacteriota	Streptomyces stelliscabiei vs Streptomyces stelliscabiei	high_ani
GCA_012964395.1__GCA_015663735.1	99.66	12.0	2.0	0.4348615286727714	0.43478	347	Planctomycetota	GCA-002718515 sp012965315 vs GCA-002718515 sp012965315	high_ani
GCA_012965585.1__GCA_015663335.1	99.44	12.0	2.0	0.5031851005106266	0.50374	370	Thermoplasmatota	UBA60 sp002503395 vs UBA60 sp002503395	high_ani
GCF_009763705.1__GCF_009763885.1	99.18	12.0	14.0	0.2427344039453516	0.22989	2	Proteobacteria	Vibrio cincinnatiensis vs Vibrio cincinnatiensis	high_ani
GCF_002049255.1__GCF_003047205.1	99.16	12.0	10.0	0.5133988495027345	0.49249	207	Firmicutes_B	Carboxydocella thermautotrophica vs Carboxydocella thermautotrophica	high_ani
GCF_000382465.1__GCF_015548795.1	98.82	12.0	10.0	0.4939646956262506	0.51346	184	Bacteroidota	Bacteroides nordii vs Bacteroides nordii	high_ani
GCA_017962885.1__GCA_902785225.1	98.69	12.0	6.0	0.61509597682954	0.61122	106	Bacteroidota	Cryptobacteroides sp900316675 vs Cryptobacteroides sp900316675	high_ani
GCA_902388325.1__GCA_905209495.1	98.34	12.0	11.0	0.4310566214984541	0.4146	195	Bacteroidota	Prevotella sp900540415 vs Prevotella sp900540415	high_ani
GCF_014621755.1__GCF_016461605.1	97.92	12.0	4.0	0.7291037083489497	0.72801	31	Firmicutes	Bacillus halotolerans vs Bacillus halotolerans	high_ani
GCF_000245715.1__GCF_013394225.1	97.9	12.0	12.0	0.002872410408314	0.00144	334	Firmicutes	Paenibacillus kribbensis vs Paenibacillus kribbensis	high_ani
GCA_015262115.1__GCF_002204475.1	97.82	12.0	29.0	0.4902124178545931	0.46906	237	Bacteroidota	Prevotella nigrescens vs Prevotella nigrescens	high_ani
GCF_005860925.2__GCF_013416305.1	97.82	12.0	15.0	0.4133973981363864	0.42633	26	Proteobacteria	Rhizobium indicum vs Rhizobium indicum	high_ani
GCF_016899785.1__GCF_016902055.1	97.73	12.0	24.0	0.5397617173872766	0.52078	633	Firmicutes_A	Flavonifractor sp002159455 vs Flavonifractor sp002159455	high_ani
GCF_001942325.1__GCF_004011905.1	97.73	12.0	16.0	0.4918029900800895	0.49984	97	Actinobacteriota	Gordonia alkanivorans vs Gordonia alkanivorans	high_ani
GCF_004524045.1__GCF_019048365.1	97.69	12.0	7.0	0.3533564796701982	0.34153	130	Proteobacteria	Aeromonas taiwanensis vs Aeromonas taiwanensis	high_ani
GCA_910575095.1__GCF_009917365.1	97.47	12.0	79.0	0.5712967289468074	0.56552	369	Firmicutes_A	Acutalibacter sp009936035 vs Acutalibacter sp009936035	high_ani
GCA_002362815.1__GCF_004421065.1	97.38	12.0	12.0	0.5318447746871293	0.53124	240	Proteobacteria	Brevundimonas naejangsanensis_A vs Brevundimonas naejangsanensis_A	high_ani
GCA_004555945.1__GCA_905200965.1	97.3	12.0	10.0	0.4453404482909023	0.43114	180	Firmicutes_A	Faecalibacterium sp900539885 vs Faecalibacterium sp900539885	high_ani
GCF_002157125.1__GCF_002157165.1	97.22	12.0	17.0	0.0492970508270629	0.05685	5	Proteobacteria	Acidovorax carolinensis vs Acidovorax carolinensis	high_ani
GCF_002157165.1__GCF_002157185.1	97.21	12.0	17.0	0.969348146885128	0.97014	4	Proteobacteria	Acidovorax carolinensis vs Acidovorax carolinensis	high_ani
GCA_017438915.1__GCA_902777295.1	97.21	12.0	4.0	0.5092152099810161	0.50822	56	Bacteroidota	Cryptobacteroides sp902801885 vs Cryptobacteroides sp902801885	high_ani
GCF_002561515.1__GCF_009911775.1	97.1	12.0	7.0	0.610119830933654	0.63556	124	Firmicutes	Priestia megaterium vs Priestia megaterium	high_ani
GCF_000092965.1__GCF_018588165.1	97.09	12.0	11.0	0.5185209366333573	0.49543	142	Firmicutes_A	Thermoanaerobacter thermocopriae vs Thermoanaerobacter thermocopriae	high_ani
GCA_007845325.1__GCA_007845345.1	99.92	11.0	4.0	0.567364097959877	0.56151	56	Patescibacteria	Nanosynbacter sp007845355 vs Nanosynbacter sp007845355	high_ani
GCA_001317315.1__GCA_008933945.1	99.79	11.0	5.0	0.4551206206977731	0.45729	514	Halobacteriota	Methanoperedens sp002487355 vs Methanoperedens sp002487355	high_ani
GCF_001702175.1__GCF_001702195.1	99.75	11.0	17.0	0.5100970572335662	0.50295	9	Firmicutes	Secundilactobacillus paracollinoides vs Secundilactobacillus paracollinoides	high_ani
GCA_009922485.1__GCA_010028745.1	99.58	11.0	2.0	0.4338364581359369	0.42167	464	Bacteroidota	Sediminibacterium sp009928005 vs Sediminibacterium sp009928005	high_ani
GCF_001895305.1__GCF_019037715.1	99.58	11.0	7.0	0.3345044404638403	0.32629	65	Firmicutes	Virgibacillus pantothenticus vs Virgibacillus pantothenticus	high_ani
GCF_000744755.1__GCF_001587475.1	99.19	11.0	4.0	0.463460776903856	0.45234	229	Firmicutes	Geobacillus icigianus vs Geobacillus icigianus	high_ani
GCF_001560855.1__GCF_009834045.1	99.16	11.0	7.0	0.2153490284268164	0.20898	34	Firmicutes	Anoxybacillus_A rupiensis vs Anoxybacillus_A rupiensis	high_ani
GCF_000010605.1__GCF_000717795.1	99.1	11.0	7.0	0.4143469998930351	0.42214	166	Actinobacteriota	Streptomyces griseus vs Streptomyces griseus	high_ani
GCF_000010605.1__GCF_009862415.1	99.09	11.0	15.0	0.5332932802856314	0.54272	55	Actinobacteriota	Streptomyces griseus vs Streptomyces griseus	high_ani
GCF_003431765.1__GCF_016745295.1	98.97	11.0	17.0	0.4708851104106911	0.47052	412	Actinobacteriota	Mycobacterium marinum vs Mycobacterium marinum	high_ani
GCF_000179515.1__GCF_000567925.1	98.95	11.0	18.0	0.5574140955964276	0.55929	521	Proteobacteria	Burkholderia thailandensis vs Burkholderia thailandensis	high_ani
GCF_002813835.1__GCF_008107465.1	98.91	11.0	11.0	0.5380190639038255	0.54256	124	Proteobacteria	Vibrio anguillarum vs Vibrio anguillarum	high_ani
GCA_018399735.1__GCF_001687065.1	98.69	11.0	15.0	0.8915126967791822	0.89499	8	Bacteroidota	Prosthecochloris vibrioformis vs Prosthecochloris vibrioformis	high_ani
GCA_902760585.1__GCA_902788905.1	98.61	11.0	8.0	0.4516804382112709	0.45331	83	Firmicutes_A	Ruminococcus flavefaciens_N vs Ruminococcus flavefaciens_N	high_ani
GCA_018376195.1__GCF_018785765.1	98.6	11.0	5.0	0.594694379448985	0.58865	35	Bacteroidota	Barnesiella intestinihominis vs Barnesiella intestinihominis	high_ani
GCA_002349805.1__GCA_004563465.1	98.6	11.0	2.0	0.5082924748760584	0.50714	317	Firmicutes_A	Agathobacter sp900317585 vs Agathobacter sp900317585	high_ani
GCF_010858005.1__GCF_015477645.1	98.55	11.0	14.0	0.5299973214285715	0.52431	628	Actinobacteriota	Nocardia cyriacigeorgica_B vs Nocardia cyriacigeorgica_B	high_ani
GCF_004028055.1__GCF_004054135.1	98.42	11.0	27.0	0.4932425006797562	0.49321	226	Proteobacteria	Rhizobium leguminosarum_J vs Rhizobium leguminosarum_J	high_ani
GCF_001636145.1__GCF_009217765.1	98.25	11.0	8.0	0.4125581386224849	0.4065	417	Firmicutes	Schleiferilactobacillus harbinensis vs Schleiferilactobacillus harbinensis	high_ani
GCF_004208915.1__GCF_018141345.1	97.84	11.0	11.0	0.6916240058862485	0.6811	122	Proteobacteria	Pseudoalteromonas elyakovii vs Pseudoalteromonas elyakovii	high_ani
GCA_002371595.1__GCA_002395765.1	97.47	11.0	1.0	0.533330291696435	0.50564	70	Firmicutes_A	RUG191 sp002373675 vs RUG191 sp002373675	high_ani
GCA_000019685.1__GCF_000259345.1	97.41	11.0	1.0	0.090825755120457	0.0291	136	Spirochaetota	Borrelia recurrentis vs Borrelia recurrentis	high_ani
GCF_001405655.1__GCF_019132515.1	97.29	11.0	30.0	0.4571736308310519	0.43305	131	Bacteroidota	Alistipes onderdonkii vs Alistipes onderdonkii	high_ani
GCF_000176415.1__GCF_001767355.1	97.07	11.0	17.0	0.8223652787926341	0.81345	8	Proteobacteria	Vibrio mimicus vs Vibrio mimicus	high_ani
GCF_000383635.1__GCF_006715185.1	97.06	11.0	52.0	0.4912304627769925	0.49416	80	Actinobacteriota	Streptomyces sp001298545 vs Streptomyces sp001298545	high_ani
GCF_002206155.2__GCF_900076365.1	99.92	10.0	13.0	0.2256753510656945	0.21807	69	Proteobacteria	Enterobacter chengduensis vs Enterobacter chengduensis	high_ani
GCF_000261545.1__GCF_018129855.1	99.84	10.0	28.0	0.3563525533974632	0.34792	951	Proteobacteria	Bradyrhizobium japonicum vs Bradyrhizobium japonicum	high_ani
GCF_001955615.1__GCF_001955625.1	99.65	10.0	12.0	0.4413373983490551	0.42571	37	Firmicutes	Viridibacillus arenosi vs Viridibacillus arenosi	high_ani
GCF_000963495.1__GCF_016134935.2	99.48	10.0	6.0	0.9981756939434168	0.99969	1	Proteobacteria	Pseudomonas_E simiae vs Pseudomonas_E simiae	high_ani
GCF_001078435.1__GCF_018785395.1	99.44	10.0	11.0	0.4697307834108612	0.46559	200	Firmicutes_A	Enterocloster citroniae vs Enterocloster citroniae	high_ani
GCF_000510915.2__GCF_900105815.1	99.43	10.0	6.0	0.5194414505795385	0.52426	63	Proteobacteria	Pseudomonas_E brenneri vs Pseudomonas_E brenneri	high_ani
GCA_009917505.1__GCA_910575385.1	99.39	10.0	27.0	0.4366553028492473	0.43431	120	Firmicutes_A	Copromonas sp009917545 vs Copromonas sp009917545	high_ani
GCF_900478395.1__GCF_905188235.1	99.3	10.0	10.0	0.8396005571702008	0.85004	1	Proteobacteria	Serratia_B rhizosphaerae vs Serratia_B rhizosphaerae	high_ani
GCF_001587475.1__GCF_011405175.1	99.29	10.0	8.0	0.531412132475145	0.54169	229	Firmicutes	Geobacillus icigianus vs Geobacillus icigianus	high_ani
GCF_003850465.1__GCF_003850525.1	99.2	10.0	8.0	0.0009223637999055	9e-05	1	Proteobacteria	Pseudomonas_E chlororaphis_F vs Pseudomonas_E chlororaphis_F	high_ani
GCF_003950055.1__GCF_004522685.1	99.12	10.0	5.0	0.5479291906844488	0.54861	63	Actinobacteriota	Streptomyces sp000772045 vs Streptomyces sp000772045	high_ani
GCF_000271825.1__GCF_005862185.2	98.81	10.0	14.0	0.4779373363144149	0.47085	68	Proteobacteria	Rhizobium hidalgonense vs Rhizobium hidalgonense	high_ani
GCF_001043875.1__GCF_001476215.1	98.69	10.0	34.0	0.4872638223303301	0.49155	560	Proteobacteria	Methylobacterium indicum vs Methylobacterium indicum	high_ani
GCF_010858005.1__GCF_015477975.1	98.67	10.0	27.0	0.5620318895421433	0.56807	628	Actinobacteriota	Nocardia cyriacigeorgica_B vs Nocardia cyriacigeorgica_B	high_ani
GCF_000527115.1__GCF_004366495.1	98.64	10.0	12.0	0.5370031783802478	0.54503	52	Proteobacteria	Methylosinus sp000685825 vs Methylosinus sp000685825	high_ani
GCA_002905835.1__GCF_000452525.3	98.61	10.0	18.0	0.4412884203776397	0.4435	75	Proteobacteria	Pseudomonas_E syringae_M vs Pseudomonas_E syringae_M	high_ani
GCF_000185825.1__GCF_014131675.1	98.57	10.0	12.0	0.2292699547991559	0.22068	114	Firmicutes_A	Anaerostipes caccae vs Anaerostipes caccae	high_ani
GCF_010858005.1__GCF_015477225.1	98.47	10.0	19.0	0.4840565821596277	0.4832	628	Actinobacteriota	Nocardia cyriacigeorgica_B vs Nocardia cyriacigeorgica_B	high_ani
GCF_001030225.1__GCF_002197345.1	98.41	10.0	3.0	0.000999300919212	0.0	7	Proteobacteria	Enterobacter sichuanensis vs Enterobacter sichuanensis	high_ani
GCF_014696905.1__GCF_014697485.1	98.4	10.0	34.0	0.5792099775585501	0.57345	116	Cyanobacteria	Nostoc_B sp014698045 vs Nostoc_B sp014698045	high_ani
GCF_011064785.1__GCF_011065325.1	98.36	10.0	9.0	0.0028999472690899	0.00073	3	Firmicutes	Macrococcus_B canis vs Macrococcus_B canis	high_ani
GCA_004006215.1__GCF_004551665.1	98.13	10.0	5.0	0.002483898280441	0.0006	1	Proteobacteria	Kerstersia gyiorum vs Kerstersia gyiorum	high_ani
GCA_902758375.1__GCA_902784495.1	98.13	10.0	7.0	0.5016127959944887	0.5081	209	Bacteroidota	Cryptobacteroides sp900321655 vs Cryptobacteroides sp900321655	high_ani
GCA_900322065.1__GCF_003438725.1	98.07	10.0	8.0	0.5340531681106578	0.53073	323	Firmicutes_A	Ruminococcus_C callidus vs Ruminococcus_C callidus	high_ani
GCA_015669005.1__GCA_902385415.1	98.05	10.0	23.0	0.487237444797654	0.48993	45	Firmicutes_A	Blautia stercoris vs Blautia stercoris	high_ani
GCA_002473225.1__GCF_013267085.1	98.0	10.0	6.0	0.3695858931120607	0.35018	625	Proteobacteria	Pseudomonas_A stutzeri vs Pseudomonas_A stutzeri	high_ani
GCF_002573675.1__GCF_002688545.1	97.86	10.0	26.0	0.235389664463389	0.24564	10	Actinobacteriota	Micromonospora sediminicola vs Micromonospora sediminicola	high_ani
GCF_004524015.1__GCF_019048365.1	97.69	10.0	4.0	0.486379222900391	0.49132	118	Proteobacteria	Aeromonas taiwanensis vs Aeromonas taiwanensis	high_ani
GCF_001294605.1__GCF_017615005.1	97.55	10.0	9.0	0.5278346114228839	0.51925	214	Actinobacteriota	Pseudonocardia alni vs Pseudonocardia alni	high_ani
GCF_000785495.1__GCF_008933125.1	97.51	10.0	18.0	0.5357034313083736	0.53644	22	Actinobacteriota	Nocardioides simplex vs Nocardioides simplex	high_ani
GCA_018381555.1__GCA_905200965.1	97.5	10.0	11.0	0.5463153135288785	0.52788	180	Firmicutes_A	Faecalibacterium sp900539885 vs Faecalibacterium sp900539885	high_ani
GCF_000146525.1__GCF_900109835.1	97.44	10.0	5.0	0.5722136621857402	0.56914	26	Firmicutes	Streptococcus gallolyticus vs Streptococcus gallolyticus	high_ani
GCA_017428825.1__GCA_902790035.1	97.27	10.0	6.0	0.6461313709723576	0.67042	42	Bacteroidota	Cryptobacteroides sp902801885 vs Cryptobacteroides sp902801885	high_ani
GCF_004303535.1__GCF_004304085.1	97.03	10.0	36.0	0.1411847698674307	0.12859	48	Proteobacteria	Rhizobium leguminosarum_E vs Rhizobium leguminosarum_E	high_ani
GCF_000413455.1__GCF_001810675.1	97.03	10.0	6.0	0.6065527070674586	0.63124	73	Firmicutes	Facklamia hominis vs Facklamia hominis	high_ani
GCA_001942245.1__GCF_016889285.1	97.02	10.0	11.0	0.3501578169797316	0.38052	462	Actinobacteriota	Kytococcus sedentarius vs Kytococcus sedentarius	high_ani
GCF_016889285.1__GCF_900452405.1	97.01	10.0	6.0	0.9978313415901912	1.0	2	Actinobacteriota	Kytococcus sedentarius vs Kytococcus sedentarius	high_ani
GCF_910574045.1__GCF_910574975.1	99.96	9.0	5.0	0.5769540819156722	0.59876	130	Firmicutes	Ligilactobacillus murinus vs Ligilactobacillus murinus	high_ani
GCF_002891115.1__GCF_009909265.1	99.82	9.0	11.0	0.4293072711874753	0.4417	91	Proteobacteria	Burkholderia thailandensis vs Burkholderia thailandensis	high_ani
GCF_013294265.1__GCF_014230485.1	99.74	9.0	8.0	0.540164778819795	0.54877	69	Firmicutes_A	Clostridium_AO tetanomorphum vs Clostridium_AO tetanomorphum	high_ani
GCF_010857985.1__GCF_010868115.1	99.72	9.0	6.0	0.5533629516729227	0.55351	273	Actinobacteriota	Nocardia cyriacigeorgica_D vs Nocardia cyriacigeorgica_D	high_ani
GCF_003634815.1__GCF_003814735.1	99.41	9.0	19.0	0.4376420079761119	0.4421	6	Actinobacteriota	Streptomyces katrae_A vs Streptomyces katrae_A	high_ani
GCF_003633525.1__GCF_900115335.1	99.36	9.0	5.0	0.5228365830338385	0.51933	128	Proteobacteria	Paracoccus pantotrophus vs Paracoccus pantotrophus	high_ani
GCF_001854285.1__GCF_001854305.1	99.26	9.0	23.0	0.997870553726228	0.99954	3	Proteobacteria	Cupriavidus malaysiensis vs Cupriavidus malaysiensis	high_ani
GCF_003855255.1__GCF_016919325.1	99.08	9.0	17.0	0.4160722126271198	0.3994	20	Actinobacteriota	Mycobacterium septicum vs Mycobacterium septicum	high_ani
GCF_000503935.1__GCF_009720185.1	99.0	9.0	6.0	0.5928553136142349	0.6042	74	Actinobacteriota	Gordonia alkanivorans vs Gordonia alkanivorans	high_ani
GCA_013284015.1__GCF_015672965.1	98.99	9.0	8.0	0.6606864554584154	0.65926	89	Proteobacteria	Serratia_A fonticola vs Serratia_A fonticola	high_ani
GCF_006540325.2__GCF_009738555.1	98.95	9.0	5.0	0.4231402519702532	0.43657	48	Firmicutes	Streptococcus canis vs Streptococcus canis	high_ani
GCF_900608515.1__GCF_902832745.1	98.91	9.0	20.0	0.3760065253894463	0.37156	162	Proteobacteria	Burkholderia gladioli vs Burkholderia gladioli	high_ani
GCF_002252745.1__GCF_002252965.1	98.84	9.0	11.0	0.4535579829955682	0.46132	175	Halobacteriota	Halorubrum sp002252755 vs Halorubrum sp002252755	high_ani
GCF_000477935.1__GCF_003989495.1	98.44	9.0	11.0	0.6605274849737757	0.6622	29	Actinobacteriota	Corynebacterium pseudodiphtheriticum vs Corynebacterium pseudodiphtheriticum	high_ani
GCA_017476685.1__GCA_902786935.1	98.24	9.0	8.0	0.5105509541290387	0.5078	101	Bacteroidota	Cryptobacteroides sp902794005 vs Cryptobacteroides sp902794005	high_ani
GCF_001758545.1__GCF_001758795.1	98.2	9.0	16.0	0.701086271883425	0.70793	89	Proteobacteria	Duganella sp000335815 vs Duganella sp000335815	high_ani
GCA_900066385.1__GCA_900066575.1	98.18	9.0	20.0	0.387767509151137	0.36828	97	Firmicutes_A	Merdisoma sp900066385 vs Merdisoma sp900066385	high_ani
GCF_000719915.1__GCF_016605905.1	98.05	9.0	7.0	0.6625203545712179	0.66191	55	Actinobacteriota	Streptomyces xiamenensis vs Streptomyces xiamenensis	high_ani
GCA_017509645.1__GCA_902786445.1	97.88	9.0	11.0	0.5707459961263205	0.57831	79	Bacteroidota	UBA3839 sp900321835 vs UBA3839 sp900321835	high_ani
GCA_018382335.1__GCF_015235045.1	97.78	9.0	5.0	0.538356800399934	0.50999	169	Bacteroidota	Dysgonomonas sp900079735 vs Dysgonomonas sp900079735	high_ani
GCA_002387765.1__GCF_000255315.1	97.77	9.0	24.0	0.5115566415480495	0.51777	590	Proteobacteria	Pantoea anthophila vs Pantoea anthophila	high_ani
GCF_000807975.1__GCF_001010995.1	97.65	9.0	4.0	0.4118541019278204	0.41586	138	Firmicutes	Levilactobacillus brevis vs Levilactobacillus brevis	high_ani
GCF_002088585.1__GCF_016100575.1	97.54	9.0	10.0	0.5458283094829626	0.53807	75	Proteobacteria	Snodgrassella alvi vs Snodgrassella alvi	high_ani
GCF_004330745.1__GCF_014196235.1	97.52	9.0	25.0	0.3942574615273985	0.34815	88	Proteobacteria	Rhizobium pisi vs Rhizobium pisi	high_ani
GCF_011065955.1__GCF_011065975.1	97.17	9.0	30.0	0.5477106658545126	0.54972	209	Firmicutes_A	Clostridium_AD tagluense vs Clostridium_AD tagluense	high_ani
GCF_001467645.1__GCF_900452375.1	99.95	8.0	25.0	0.4949959670156699	0.4944	113	Proteobacteria	Legionella_B geestiana vs Legionella_B geestiana	high_ani
GCF_000958465.1__GCF_003076355.1	99.88	8.0	11.0	0.0387466611013209	0.04013	4	Actinobacteriota	Clavibacter insidiosus vs Clavibacter insidiosus	high_ani
GCF_001555555.1__GCF_002888235.1	99.81	8.0	12.0	0.4319666905982017	0.43124	239	Proteobacteria	Burkholderia thailandensis vs Burkholderia thailandensis	high_ani
GCF_000972245.3__GCF_002237735.1	99.79	8.0	3.0	0.4591846285500348	0.49408	32	Firmicutes	Bacillus_I filamentosa vs Bacillus_I filamentosa	high_ani
GCF_000163595.1__GCF_016404565.1	99.72	8.0	10.0	0.355385596226383	0.36051	91	Proteobacteria	Serratia_F odorifera vs Serratia_F odorifera	high_ani
GCF_000518005.1__GCF_001955625.1	99.62	8.0	7.0	0.6664462436392492	0.6812	47	Firmicutes	Viridibacillus arenosi vs Viridibacillus arenosi	high_ani
GCA_004213395.1__GCA_902572725.1	99.5	8.0	4.0	0.4911762561664142	0.48951	83	Proteobacteria	UBA4421 sp002470275 vs UBA4421 sp002470275	high_ani
GCF_004120665.1__GCF_016406205.1	99.44	8.0	11.0	0.252025644915874	0.25743	30	Proteobacteria	Providencia rettgeri_A vs Providencia rettgeri_A	high_ani
GCF_000621365.1__GCF_004766445.2	99.42	8.0	4.0	0.4670719573743904	0.46626	65	Proteobacteria	Legionella_B geestiana vs Legionella_B geestiana	high_ani
GCF_003855255.1__GCF_017052695.1	99.34	8.0	11.0	0.4171363348534772	0.40418	20	Actinobacteriota	Mycobacterium septicum vs Mycobacterium septicum	high_ani
GCF_001755835.1__GCF_902832905.1	99.24	8.0	39.0	0.5804891856171884	0.58033	150	Proteobacteria	Burkholderia plantarii vs Burkholderia plantarii	high_ani
GCF_001637525.1__GCF_018729275.1	99.17	8.0	5.0	0.2767124336635518	0.28174	5	Firmicutes	Bacillus halotolerans vs Bacillus halotolerans	high_ani
GCF_000750195.1__GCF_007827205.1	99.16	8.0	2.0	0.9991995492838044	1.0	1	Bacteroidota	Cellulophaga lytica vs Cellulophaga lytica	high_ani
GCA_018374675.1__GCF_900169665.1	99.15	8.0	3.0	0.5056777256586489	0.51127	405	Firmicutes_A	Anaeromassilibacillus sp001305115 vs Anaeromassilibacillus sp001305115	high_ani
GCF_000261705.1__GCF_009176665.1	99.07	8.0	13.0	0.4443793147870728	0.44184	612	Proteobacteria	Bradyrhizobium ottawaense vs Bradyrhizobium ottawaense	high_ani
GCF_000342325.1__GCF_013085885.1	99.01	8.0	15.0	0.4320999293483397	0.42689	31	Proteobacteria	Citrobacter freundii vs Citrobacter freundii	high_ani
GCF_000750195.1__GCF_001941605.1	98.93	8.0	3.0	0.0001705538252238	0.0	1	Bacteroidota	Cellulophaga lytica vs Cellulophaga lytica	high_ani
GCF_002252925.1__GCF_002252965.1	98.91	8.0	7.0	0.3560455369506385	0.379	175	Halobacteriota	Halorubrum sp002252755 vs Halorubrum sp002252755	high_ani
GCF_000493735.1__GCF_014518445.1	98.78	8.0	6.0	0.433521182092808	0.41272	38	Firmicutes	Carnobacterium_A inhibens vs Carnobacterium_A inhibens	high_ani
GCF_001026985.1__GCF_004959795.1	98.73	8.0	1.0	0.4247510909721052	0.40701	32	Proteobacteria	Pragia fontium vs Pragia fontium	high_ani
GCF_003797085.1__GCF_013277795.1	98.68	8.0	18.0	0.4243351822236719	0.41936	40	Actinobacteriota	Rhodococcus globerulus vs Rhodococcus globerulus	high_ani
GCF_003475245.1__GCF_004167745.1	98.63	8.0	23.0	0.5938039191853051	0.59278	95	Bacteroidota	Bacteroides intestinalis vs Bacteroides intestinalis	high_ani
GCF_002160465.1__GCF_015550635.1	98.62	8.0	8.0	0.5632100004405238	0.54685	105	Firmicutes_A	Anaerotruncus colihominis vs Anaerotruncus colihominis	high_ani
GCA_014846275.1__GCA_900759975.1	98.58	8.0	1.0	0.5894088048474565	0.5962	61	Firmicutes	Scybalousia sp900542735 vs Scybalousia sp900542735	high_ani
GCF_001556235.1__GCF_003815635.1	98.54	8.0	4.0	0.4472906137903174	0.44798	383	Bacteroidota	Chryseobacterium shandongense vs Chryseobacterium shandongense	high_ani
GCF_001636145.1__GCF_009295865.1	98.54	8.0	12.0	0.3996268157740122	0.38743	417	Firmicutes	Schleiferilactobacillus harbinensis vs Schleiferilactobacillus harbinensis	high_ani
GCA_000508445.1__GCA_900066685.1	98.53	8.0	4.0	0.6285433020003824	0.64208	480	Firmicutes_A	Intestinibacter bartlettii vs Intestinibacter bartlettii	high_ani
GCA_014868985.1__GCA_018367795.1	98.5	8.0	8.0	0.6063591419423436	0.60479	68	Firmicutes_A	Faecalibacterium prausnitzii_D vs Faecalibacterium prausnitzii_D	high_ani
GCF_003208415.1__GCF_017848355.1	98.43	8.0	6.0	0.4930900880606804	0.50183	77	Proteobacteria	Pantoea endophytica vs Pantoea endophytica	high_ani
GCF_000186145.1__GCF_019037115.1	98.36	8.0	9.0	0.7492366154271575	0.737	114	Firmicutes	Cytobacillus oceanisediminis_B vs Cytobacillus oceanisediminis_B	high_ani
GCF_004303945.1__GCF_004304385.1	98.35	8.0	20.0	0.1503912418666282	0.15021	31	Proteobacteria	Rhizobium leguminosarum_E vs Rhizobium leguminosarum_E	high_ani
GCF_002799025.1__GCF_900116025.1	98.34	8.0	4.0	0.928573451382113	0.93356	19	Proteobacteria	Stenotrophomonas indicatrix vs Stenotrophomonas indicatrix	high_ani
GCA_910573765.1__GCF_014192485.1	98.33	8.0	11.0	0.5984400248823807	0.61925	14	Actinobacteriota	Parvibacter caecicola vs Parvibacter caecicola	high_ani
GCA_910576135.1__GCF_014192485.1	98.33	8.0	9.0	0.4804336643141805	0.49756	12	Actinobacteriota	Parvibacter caecicola vs Parvibacter caecicola	high_ani
GCF_002736285.1__GCF_900660505.1	98.2	8.0	16.0	0.0148961889893755	0.00878	1	Firmicutes	Mesomycoplasma dispar vs Mesomycoplasma dispar	high_ani
GCA_902784495.1__GCA_902798945.1	98.15	8.0	4.0	0.5670882571379603	0.56369	209	Bacteroidota	Cryptobacteroides sp900321655 vs Cryptobacteroides sp900321655	high_ani
GCF_003789135.1__GCF_015099135.1	98.06	8.0	4.0	0.6267482960288974	0.64325	227	Proteobacteria	Kluyvera ascorbata vs Kluyvera ascorbata	high_ani
GCA_900551685.1__GCA_905212685.1	98.04	8.0	6.0	0.577879542840614	0.59189	130	Bacteroidota	Prevotella sp000436595 vs Prevotella sp000436595	high_ani
GCA_004006215.1__GCF_008801725.1	98.01	8.0	0.0	0.7621256683657163	0.75548	22	Proteobacteria	Kerstersia gyiorum vs Kerstersia gyiorum	high_ani
GCF_000377165.1__GCF_000701285.1	97.89	8.0	22.0	0.5715963431570464	0.57942	88	Actinobacteriota	Streptomyces sp002797655 vs Streptomyces sp002797655	high_ani
GCF_001476855.1__GCF_005250605.1	97.89	8.0	7.0	0.5660030726255257	0.57828	232	Proteobacteria	Pseudomonas_B rhizoryzae vs Pseudomonas_B rhizoryzae	high_ani
GCA_900538625.1__GCA_905210015.1	97.88	8.0	0.0	0.45441009672674	0.47208	28	Firmicutes_A	Coprococcus sp000433075 vs Coprococcus sp000433075	high_ani
GCA_015228835.1__GCA_015231655.1	97.86	8.0	8.0	0.4773991008340437	0.4885	456	Desulfobacterota	Desulfamplus sp015232465 vs Desulfamplus sp015232465	high_ani
GCF_007676615.1__GCF_007676685.1	97.81	8.0	9.0	0.447435059803029	0.45319	165	Firmicutes	Paenibacillus polysaccharolyticus vs Paenibacillus polysaccharolyticus	high_ani
GCF_000381685.1__GCF_012396345.1	97.8	8.0	18.0	0.5129552252200364	0.50254	215	Actinobacteriota	Nocardiopsis dassonvillei vs Nocardiopsis dassonvillei	high_ani
GCA_017634735.1__GCA_902785505.1	97.73	8.0	0.0	0.4937293420658917	0.48406	98	Bacteroidota	Cryptobacteroides sp902801885 vs Cryptobacteroides sp902801885	high_ani
GCA_017850955.1__GCA_900545695.1	97.73	8.0	0.0	0.556468796552458	0.57159	463	Firmicutes_A	UBA3402 sp003478355 vs UBA3402 sp003478355	high_ani
GCA_016280495.1__GCA_905234115.1	97.73	8.0	7.0	0.4320586014934929	0.41489	485	Bacteroidota	Prevotella sp905236755 vs Prevotella sp905236755	high_ani
GCA_002373475.1__GCA_002396275.1	97.71	8.0	5.0	0.5145214131342836	0.49272	144	Firmicutes_A	RUG191 sp002373675 vs RUG191 sp002373675	high_ani
GCF_001278535.1__GCF_001988975.1	97.69	8.0	54.0	0.2151270846413231	0.20883	94	Proteobacteria	Caballeronia cordobensis vs Caballeronia cordobensis	high_ani
GCA_002689785.1__GCA_003211155.1	97.65	8.0	4.0	0.6180480908095312	0.62945	94	Cyanobacteria	Prochlorococcus_B marinus_B vs Prochlorococcus_B marinus_B	high_ani
GCA_015260075.1__GCA_015260255.1	97.54	8.0	8.0	0.5793839998053493	0.57633	288	Bacteroidota	Prevotella sp000257925 vs Prevotella sp000257925	high_ani
GCF_001656335.1__GCF_900453075.1	97.48	8.0	4.0	0.3398108401122779	0.3117	45	Proteobacteria	Moraxella catarrhalis_C vs Moraxella catarrhalis_C	high_ani
GCF_002442575.1__GCF_014651795.1	97.44	8.0	7.0	0.6734994315332479	0.65626	41	Proteobacteria	Halomonas hamiltonii vs Halomonas hamiltonii	high_ani
GCA_905372455.1__GCF_900167385.1	97.34	8.0	39.0	0.5522394326687191	0.55742	142	Bacteroidota	Prevotella oulorum vs Prevotella oulorum	high_ani
GCA_017471305.1__GCA_017627155.1	97.31	8.0	6.0	0.4975540036231287	0.49639	345	Bacteroidota	Cryptobacteroides sp017477245 vs Cryptobacteroides sp017477245	high_ani
GCF_000529675.1__GCF_004011905.1	97.19	8.0	10.0	0.5304781253341448	0.52255	434	Actinobacteriota	Gordonia alkanivorans vs Gordonia alkanivorans	high_ani
GCF_001663585.1__GCF_007858415.1	97.1	8.0	14.0	0.7772349370807192	0.76591	75	Firmicutes	Paenibacillus ottowii vs Paenibacillus ottowii	high_ani
GCF_000404105.1__GCF_017897245.1	97.09	8.0	23.0	0.4838632792133658	0.47896	97	Proteobacteria	Dickeya oryzae vs Dickeya oryzae	high_ani
GCF_001905025.1__GCF_018555775.1	97.08	8.0	38.0	0.5244773631921297	0.5304	731	Actinobacteriota	Streptomyces goshikiensis vs Streptomyces goshikiensis	high_ani
GCF_013034525.1__GCF_013110875.1	97.07	8.0	41.0	0.5812212352864583	0.57583	28	Proteobacteria	Ruegeria sp013112245 vs Ruegeria sp013112245	high_ani
GCA_905208915.1__GCF_003428235.1	97.07	8.0	14.0	0.5431756885090219	0.53906	327	Actinobacteriota	Adlercreutzia equolifaciens vs Adlercreutzia equolifaciens	high_ani
GCF_003206515.1__GCF_014647995.1	99.86	7.0	1.0	0.5844961300742023	0.59417	63	Deinococcota	Deinococcus actinosclerus vs Deinococcus actinosclerus	high_ani
GCA_012964395.1__GCA_015664595.1	99.69	7.0	4.0	0.4995680232230715	0.50064	347	Planctomycetota	GCA-002718515 sp012965315 vs GCA-002718515 sp012965315	high_ani
GCA_012966235.1__GCA_015663465.1	99.56	7.0	0.0	0.4871477729156168	0.47623	315	Marinisomatota	UBA2125 sp002311275 vs UBA2125 sp002311275	high_ani
GCA_012964315.1__GCA_015663335.1	99.54	7.0	2.0	0.5123614005090514	0.49394	247	Thermoplasmatota	UBA60 sp002503395 vs UBA60 sp002503395	high_ani
GCF_001280945.1__GCF_008370335.1	99.45	7.0	18.0	0.5833146563922305	0.59159	262	Proteobacteria	Photorhabdus heterorhabditis vs Photorhabdus heterorhabditis	high_ani
GCA_000435895.1__GCF_015097275.1	99.4	7.0	9.0	0.6868504613909862	0.69012	266	Bacteroidota	Coprobacter secundus vs Coprobacter secundus	high_ani
GCA_002338485.1__GCA_902572725.1	99.4	7.0	3.0	0.4996811235850972	0.51784	404	Proteobacteria	UBA4421 sp002470275 vs UBA4421 sp002470275	high_ani
GCF_003358435.1__GCF_014331035.1	99.35	7.0	3.0	0.5927055961626146	0.59366	223	Proteobacteria	Escherichia marmotae vs Escherichia marmotae	high_ani
GCF_000485945.1__GCF_001063355.1	99.25	7.0	1.0	0.5270495912984935	0.53421	377	Proteobacteria	Franconibacter helveticus vs Franconibacter helveticus	high_ani
GCF_008802135.1__GCF_902832755.1	99.2	7.0	12.0	0.5181265250975499	0.52968	291	Proteobacteria	Burkholderia latens vs Burkholderia latens	high_ani
GCF_000472845.1__GCF_902833725.1	99.18	7.0	39.0	0.3603835716997184	0.34582	270	Proteobacteria	Paraburkholderia mimosarum vs Paraburkholderia mimosarum	high_ani
GCF_001856025.1__GCF_019036895.1	99.12	7.0	18.0	0.4601701713702283	0.45951	79	Firmicutes	Cytobacillus oceanisediminis_B vs Cytobacillus oceanisediminis_B	high_ani
GCF_010548115.1__GCF_018310575.1	99.04	7.0	10.0	0.5194095939983632	0.52266	812	Actinobacteriota	Streptomyces sp000772045 vs Streptomyces sp000772045	high_ani
GCA_019042235.1__GCA_900066755.1	98.93	7.0	11.0	0.5656805317047583	0.56475	173	Firmicutes_A	GCA-900066755 sp900066755 vs GCA-900066755 sp900066755	high_ani
GCF_000597945.1__GCF_902170435.1	98.92	7.0	5.0	0.4695613202560091	0.4686	134	Proteobacteria	Yersinia hibernica vs Yersinia hibernica	high_ani
GCA_018375635.1__GCF_003477535.1	98.89	7.0	4.0	0.4341671801858415	0.43886	248	Firmicutes_A	Eubacterium maltosivorans vs Eubacterium maltosivorans	high_ani
GCF_000282675.1__GCF_013450275.1	98.79	7.0	16.0	0.5473078354785436	0.55071	102	Proteobacteria	Pantoea sp001187905 vs Pantoea sp001187905	high_ani
GCF_008016805.1__GCF_009862035.1	98.78	7.0	12.0	0.4860054940043808	0.48004	100	Actinobacteriota	Streptomyces sp003259585 vs Streptomyces sp003259585	high_ani
GCF_001427925.1__GCF_001429525.1	98.77	7.0	14.0	0.2704659637790755	0.24784	77	Actinobacteriota	Nocardioides sp001426745 vs Nocardioides sp001426745	high_ani
GCF_002412145.1__GCF_003594765.1	98.66	7.0	14.0	0.446723490785779	0.43288	83	Firmicutes	Brevibacillus_B halotolerans vs Brevibacillus_B halotolerans	high_ani
GCA_900548035.1__GCA_905207335.1	98.54	7.0	6.0	0.4061727776030421	0.40609	15	Cyanobacteria	Limenecus avicola vs Limenecus avicola	high_ani
GCA_001188635.1__GCA_905205815.1	98.48	7.0	9.0	0.6129675532377857	0.60849	67	Firmicutes	Companilactobacillus pabuli vs Companilactobacillus pabuli	high_ani
GCA_017389045.1__GCA_017444765.1	98.39	7.0	6.0	0.4561936842920389	0.45584	113	Bacteroidota	Cryptobacteroides sp900316675 vs Cryptobacteroides sp900316675	high_ani
GCA_014841995.1__GCA_014842315.1	98.35	7.0	6.0	0.5209567503105651	0.52077	35	Proteobacteria	Massilia sp014841595 vs Massilia sp014841595	high_ani
GCF_014269235.1__GCF_900177505.1	98.08	7.0	42.0	0.5135749731805057	0.51533	90	Proteobacteria	Pseudomonas_E putida_M vs Pseudomonas_E putida_M	high_ani
GCF_000967825.1__GCF_015390265.1	98.07	7.0	17.0	0.4601032203629182	0.47073	39	Proteobacteria	Paracoccus marcusii vs Paracoccus marcusii	high_ani
GCA_900319555.1__GCA_902756015.1	98.03	7.0	0.0	0.5196186536515384	0.51445	296	Bacteroidota	UBA3839 sp900321835 vs UBA3839 sp900321835	high_ani
GCA_002295765.1__GCF_900457115.1	98.01	7.0	19.0	0.433098717172184	0.44583	44	Bacteroidota	Sphingobacterium multivorum vs Sphingobacterium multivorum	high_ani
GCF_001643095.1__GCF_009193375.1	97.92	7.0	17.0	0.3558839424611593	0.34875	130	Proteobacteria	Methylobacterium thiocyanatum vs Methylobacterium thiocyanatum	high_ani
GCF_009687825.1__GCF_014647995.1	97.9	7.0	10.0	0.3173898374029851	0.32132	63	Deinococcota	Deinococcus actinosclerus vs Deinococcus actinosclerus	high_ani
GCF_007676615.1__GCF_007680665.1	97.88	7.0	7.0	0.4289824514904955	0.4289	297	Firmicutes	Paenibacillus polysaccharolyticus vs Paenibacillus polysaccharolyticus	high_ani
GCA_016720765.1__GCA_016721225.1	97.83	7.0	11.0	0.6013273665392866	0.60024	41	Cyanobacteria	Obscuribacter sp016718315 vs Obscuribacter sp016718315	high_ani
GCA_002325035.1__GCF_900105545.1	97.75	7.0	4.0	0.5062837698612573	0.50762	325	Bacteroidota	Maribacter dokdonensis vs Maribacter dokdonensis	high_ani
GCA_002316475.1__GCA_002388155.1	97.63	7.0	17.0	0.5274930230761129	0.53345	518	Proteobacteria	Stenotrophomonas sp003086775 vs Stenotrophomonas sp003086775	high_ani
GCA_015260165.1__GCF_009728485.1	97.52	7.0	8.0	0.524664028682856	0.52613	129	Bacteroidota	Prevotella sp000257925 vs Prevotella sp000257925	high_ani
GCF_011463375.1__GCF_013184245.1	97.5	7.0	9.0	0.3919584378927093	0.37783	65	Proteobacteria	Bordetella trematum vs Bordetella trematum	high_ani
GCF_015669895.1__GCF_019132395.1	97.31	7.0	19.0	0.4694970782832552	0.45984	68	Bacteroidota	Alistipes onderdonkii vs Alistipes onderdonkii	high_ani
GCF_014299995.1__GCF_014696195.1	97.3	7.0	37.0	0.4909971138627688	0.49563	221	Cyanobacteria	Sphaerospermopsis kisseleviana_A vs Sphaerospermopsis kisseleviana_A	high_ani
GCF_000757905.1__GCF_004118055.1	97.28	7.0	9.0	0.5325899544124538	0.56533	368	Proteobacteria	Arsenophonus sp000757905 vs Arsenophonus sp902713415	high_ani
GCF_000523535.1__GCF_000568715.1	97.2	7.0	1.0	0.2294666349437384	0.14043	136	Spirochaetota	Borrelia recurrentis vs Borrelia recurrentis	high_ani
GCF_001476215.1__GCF_001477085.1	99.99	6.0	3.0	0.5543357640261224	0.55905	443	Proteobacteria	Methylobacterium indicum vs Methylobacterium indicum	high_ani
GCF_002027585.1__GCF_900453305.1	99.97	6.0	2.0	0.5058901710431426	0.48772	165	Proteobacteria	Moraxella_A atlantae vs Moraxella_A atlantae	high_ani
GCF_000162935.1__GCF_018127765.1	99.96	6.0	20.0	0.4179524340381401	0.42021	98	Bacteroidota	Prevotella veroralis vs Prevotella veroralis	high_ani
GCA_013285725.1__GCA_013286175.1	99.91	6.0	0.0	0.7279175660621273	0.71728	75	Proteobacteria	JABCZS01 sp013289605 vs JABCZS01 sp013289605	high_ani
GCF_009728815.1__GCF_009728855.1	99.89	6.0	5.0	0.007505882887041	0.0045	10	Proteobacteria	Ehrlichia ruminantium_B vs Ehrlichia ruminantium_B	high_ani
GCA_001724385.1__GCA_017306495.1	99.84	6.0	0.0	0.4978134139019619	0.50169	555	Actinobacteriota	Microbacterium chocolatum vs Microbacterium chocolatum	high_ani
GCF_013414285.1__GCF_900115335.1	99.76	6.0	12.0	0.4744647602923065	0.48968	128	Proteobacteria	Paracoccus pantotrophus vs Paracoccus pantotrophus	high_ani
GCA_903853235.1__GCA_903994335.1	99.7	6.0	1.0	0.6560289530685005	0.65552	205	Bacteroidota	Chlorobium sp903994635 vs Chlorobium sp903994635	high_ani
GCA_903994335.1__GCA_903994355.1	99.7	6.0	3.0	0.4809670221176458	0.46192	47	Bacteroidota	Chlorobium sp903994635 vs Chlorobium sp903994635	high_ani
GCA_002398185.1__GCA_002424445.1	99.54	6.0	10.0	0.4967098582945634	0.50624	750	Firmicutes_B	UBA4844 sp002424365 vs UBA4844 sp002424365	high_ani
GCF_018068205.1__GCF_018771265.1	99.51	6.0	0.0	0.672735939951892	0.66802	50	Proteobacteria	Providencia rettgeri_A vs Providencia rettgeri_A	high_ani
GCF_000719785.1__GCF_016834575.1	99.31	6.0	65.0	0.4656030303769898	0.46892	279	Actinobacteriota	Streptomyces pseudogriseolus vs Streptomyces pseudogriseolus	high_ani
GCA_000485775.1__GCF_000496855.1	99.31	6.0	0.0	0.2990329567215726	0.29328	401	Firmicutes	Sediminibacillus terrae vs Sediminibacillus terrae	high_ani
GCA_003979385.1__GCF_004803935.1	99.29	6.0	0.0	0.4872358861238735	0.4953	137	Bacteroidota	Duncaniella muris vs Duncaniella muris	high_ani
GCA_017655215.1__GCF_016583515.1	99.23	6.0	11.0	0.5022660178825042	0.49063	446	Proteobacteria	Marichromatium gracile vs Marichromatium gracile	high_ani
GCF_902832755.1__GCF_902832795.1	99.2	6.0	15.0	0.4658794604160232	0.45785	46	Proteobacteria	Burkholderia latens vs Burkholderia latens	high_ani
GCF_009665395.1__GCF_009763705.1	99.18	6.0	11.0	0.0006175062439805	0.00034	2	Proteobacteria	Vibrio cincinnatiensis vs Vibrio cincinnatiensis	high_ani
GCF_002013545.1__GCF_002013745.1	99.16	6.0	3.0	0.5659523335618609	0.58315	37	Actinobacteriota	Mycobacterium sp002013375 vs Mycobacterium sp002013375	high_ani
GCF_000346125.2__GCF_000785645.1	99.07	6.0	9.0	0.9904776857639784	0.9958	64	Deinococcota	Meiothermus ruber vs Meiothermus ruber	high_ani
GCF_002562195.1__GCF_002566035.1	99.02	6.0	14.0	0.4805977191296404	0.47879	261	Firmicutes	Priestia megaterium vs Priestia megaterium	high_ani
GCF_003971115.1__GCF_011008805.1	98.93	6.0	9.0	0.4781708679115428	0.47619	224	Firmicutes	Margalitia shackletonii vs Margalitia shackletonii	high_ani
GCF_011008805.1__GCF_014174455.1	98.93	6.0	10.0	0.4783189433999761	0.4676	197	Firmicutes	Margalitia shackletonii vs Margalitia shackletonii	high_ani
GCF_018618605.1__GCF_018618725.1	98.85	6.0	4.0	0.6244597174948171	0.62256	38	Firmicutes	Exiguobacterium_A oxidotolerans vs Exiguobacterium_A oxidotolerans	high_ani
GCF_001573875.1__GCF_010692705.1	98.84	6.0	15.0	0.5994657063438814	0.62298	241	Firmicutes_A	Clostridium_J senegalense vs Clostridium_J senegalense	high_ani
GCF_002266475.1__GCF_003176815.1	98.82	6.0	5.0	0.8267650384837696	0.83201	4	Firmicutes	Streptococcus sobrinus vs Streptococcus sobrinus	high_ani
GCF_008016805.1__GCF_009862625.1	98.81	6.0	13.0	0.5045795149246844	0.4918	731	Actinobacteriota	Streptomyces sp003259585 vs Streptomyces sp003259585	high_ani
GCA_001314745.1__GCF_900215475.1	98.78	6.0	5.0	0.583076994780015	0.59186	260	Proteobacteria	Halomonas sp900086985 vs Halomonas sp900086985	high_ani
GCF_006229085.1__GCF_900446405.1	98.76	6.0	4.0	0.3837409762195118	0.35938	155	Campylobacterota	Campylobacter_D helveticus vs Campylobacter_D helveticus	high_ani
GCF_000756045.1__GCF_013177705.1	98.74	6.0	11.0	0.4950337421414058	0.50212	155	Proteobacteria	Paraburkholderia xenovorans vs Paraburkholderia xenovorans	high_ani
GCF_003433795.1__GCF_015550205.1	98.74	6.0	18.0	0.5880412853425339	0.58716	156	Firmicutes_A	Harryflintia acetispora vs Harryflintia acetispora	high_ani
GCA_002255865.1__GCA_004000515.1	98.74	6.0	15.0	0.3619858346230301	0.35929	124	Proteobacteria	Pseudomonas_E cremoris vs Pseudomonas_E cremoris	high_ani
GCA_001918505.1__GCA_005877605.1	98.73	6.0	1.0	0.5732325063152031	0.57019	283	Nitrospirota	40CM-3-62-11 sp001914955 vs 40CM-3-62-11 sp001914955	high_ani
GCA_017449865.1__GCA_017468765.1	98.72	6.0	1.0	0.4962338359646315	0.51779	153	Bacteroidota	UBA2918 sp017471185 vs UBA2918 sp017471185	high_ani
GCA_900553745.1__GCA_905212685.1	98.71	6.0	5.0	0.499831936101324	0.52854	235	Bacteroidota	Prevotella sp000436595 vs Prevotella sp000436595	high_ani
GCF_001869395.1__GCF_900518835.1	98.7	6.0	0.0	0.4770354241174638	0.48444	182	Firmicutes	Oenococcus oeni vs Oenococcus oeni	high_ani
GCF_003182235.1__GCF_004216655.1	98.63	6.0	10.0	0.3809212355614759	0.38835	37	Proteobacteria	Phyllobacterium myrsinacearum vs Phyllobacterium myrsinacearum	high_ani
GCA_905205595.1__GCF_014385405.1	98.61	6.0	24.0	0.5159203843658463	0.51555	52	Firmicutes_A	Blautia stercoris vs Blautia stercoris	high_ani
GCA_010022085.1__GCA_010029675.1	98.6	6.0	2.0	0.4420364494796894	0.43425	390	Actinobacteriota	MAG-120802 sp010032085 vs MAG-120802 sp010032085	high_ani
GCF_009805855.1__GCF_009805885.1	98.59	6.0	0.0	0.5807450239721051	0.58915	117	Proteobacteria	Spiribacter roseus vs Spiribacter roseus	high_ani
GCA_900540415.1__GCA_905209495.1	98.59	6.0	5.0	0.5491967900453322	0.54494	113	Bacteroidota	Prevotella sp900540415 vs Prevotella sp900540415	high_ani
GCF_004769265.1__GCF_004769805.1	98.58	6.0	0.0	0.4587617145702816	0.46111	188	Spirochaetota	Leptospira_A levettii vs Leptospira_A levettii	high_ani
GCA_018375095.1__GCF_014131675.1	98.58	6.0	3.0	0.7436753109390748	0.76426	45	Firmicutes_A	Anaerostipes caccae vs Anaerostipes caccae	high_ani
GCF_006459165.1__GCF_011604645.1	98.58	6.0	9.0	0.0005811627254104	0.00017	1	Proteobacteria	Bradyrhizobium symbiodeficiens vs Bradyrhizobium symbiodeficiens	high_ani
GCF_001665445.1__GCF_900236745.1	98.55	6.0	30.0	0.5715695495386487	0.57571	100	Actinobacteriota	Mycobacterium setense vs Mycobacterium setense	high_ani
GCF_003459765.1__GCF_008569025.1	98.47	6.0	23.0	0.527502826516234	0.53196	743	Bacteroidota	Bacteroides intestinalis vs Bacteroides intestinalis	high_ani
GCF_003815615.1__GCF_003815635.1	98.45	6.0	9.0	0.004334585379347	0.00255	2	Bacteroidota	Chryseobacterium shandongense vs Chryseobacterium shandongense	high_ani
GCA_902758475.1__GCA_902773745.1	98.42	6.0	3.0	0.3674823360236997	0.36735	175	Bacteroidota	Prevotella sp900315035 vs Prevotella sp900315035	high_ani
GCA_018380225.1__GCA_900759405.1	98.39	6.0	6.0	0.4997296944425177	0.4955	56	Firmicutes_A	UBA1417 sp003531055 vs UBA1417 sp003531055	high_ani
GCA_902757055.1__GCA_902775225.1	98.38	6.0	15.0	0.4654461850778393	0.45488	75	Bacteroidota	Prevotella sp900320255 vs Prevotella sp900320255	high_ani
GCF_001601275.1__GCF_018972165.1	98.38	6.0	10.0	0.9900572195215894	0.9898	965	Proteobacteria	Marinobacter adhaerens vs Marinobacter adhaerens	high_ani
GCF_005860925.2__GCF_013087615.1	98.36	6.0	30.0	0.4158697782879888	0.40484	43	Proteobacteria	Rhizobium indicum vs Rhizobium indicum	high_ani
GCF_000372105.1__GCF_004028055.1	98.35	6.0	15.0	0.5119994527058738	0.50953	226	Proteobacteria	Rhizobium leguminosarum_J vs Rhizobium leguminosarum_J	high_ani
GCF_001499925.1__GCF_001500105.1	98.33	6.0	2.0	0.4379825077052212	0.44176	69	Actinobacteriota	Mycobacterium lehmannii vs Mycobacterium lehmannii	high_ani
GCF_000424485.1__GCF_900109475.1	98.32	6.0	13.0	0.5545306559412545	0.55309	86	Firmicutes_A	Butyrivibrio sp900104155 vs Butyrivibrio sp900104155	high_ani
GCF_000725365.1__GCF_002884435.1	98.31	6.0	4.0	0.3632803586680364	0.36443	5	Firmicutes	Terribacillus saccharophilus vs Terribacillus saccharophilus	high_ani
GCF_000008225.1__GCF_000008405.1	98.31	6.0	2.0	0.2879950325234827	0.31696	1	Firmicutes	Mesomycoplasma hyopneumoniae vs Mesomycoplasma hyopneumoniae	high_ani
GCA_900319115.1__GCA_902776465.1	98.3	6.0	7.0	0.4429551297886299	0.43663	95	Bacteroidota	Prevotella sp900317305 vs Prevotella sp900317305	high_ani
GCA_902789405.1__GCA_902790165.1	98.29	6.0	4.0	0.5000749107782321	0.48929	329	Firmicutes_A	GCA-900199385 sp902764875 vs GCA-900199385 sp902764875	high_ani
GCF_009295545.1__GCF_018861855.1	98.27	6.0	9.0	0.491261989994898	0.49952	96	Firmicutes_A	Clostridium_AD estertheticum vs Clostridium_AD estertheticum	high_ani
GCA_902765375.1__GCA_902789945.1	98.27	6.0	6.0	0.4607166688316951	0.46837	89	Bacteroidota	Prevotella sp900317305 vs Prevotella sp900317305	high_ani
GCF_001685165.1__GCF_900618115.1	98.22	6.0	2.0	0.4161718287260922	0.4139	51	Actinobacteriota	Actinobaculum suis vs Actinobaculum suis	high_ani
GCA_003241185.1__GCF_005885755.1	98.21	6.0	17.0	0.4223544239854993	0.41764	99	Proteobacteria	Pseudoxanthomonas_A spadix_A vs Pseudoxanthomonas_A spadix_A	high_ani
GCF_002310455.2__GCF_003856435.1	98.21	6.0	6.0	0.0001072078405167	0.00024	1	Proteobacteria	Caulobacter vibrioides vs Caulobacter vibrioides	high_ani
GCF_000022005.1__GCF_003856435.1	98.21	6.0	6.0	0.0001072241321781	0.00024	1	Proteobacteria	Caulobacter vibrioides vs Caulobacter vibrioides	high_ani
GCF_000466825.2__GCF_000477955.1	98.2	6.0	8.0	0.665698654470798	0.66065	48	Actinobacteriota	Corynebacterium pseudodiphtheriticum vs Corynebacterium pseudodiphtheriticum	high_ani
GCA_018382175.1__GCA_905204885.1	98.18	6.0	2.0	0.4230212729404494	0.42949	138	Firmicutes_A	Faecalibacterium sp900758465 vs Faecalibacterium sp900758465	high_ani
GCF_001499915.1__GCF_001499925.1	98.17	6.0	8.0	0.4995931578975388	0.49322	69	Actinobacteriota	Mycobacterium lehmannii vs Mycobacterium lehmannii	high_ani
GCF_011090225.1__GCF_012689305.1	98.16	6.0	13.0	0.4977342102874589	0.50792	219	Proteobacteria	Vibrio aestuarianus vs Vibrio aestuarianus	high_ani
GCA_014869165.1__GCA_905204885.1	98.13	6.0	8.0	0.2934769934735269	0.30368	138	Firmicutes_A	Faecalibacterium sp900758465 vs Faecalibacterium sp900758465	high_ani
GCA_017540525.1__GCA_902800875.1	98.1	6.0	2.0	0.4980786533852487	0.50751	55	Bacteroidota	Cryptobacteroides sp900167895 vs Cryptobacteroides sp900167895	high_ani
GCF_014195735.1__GCF_905367735.1	98.05	6.0	9.0	0.4984783789971971	0.50303	12	Proteobacteria	Xanthomonas euroxanthea vs Xanthomonas euroxanthea	high_ani
GCA_002396275.1__GCA_003477385.1	97.97	6.0	1.0	0.4226366491445697	0.43129	320	Firmicutes_A	RUG191 sp002373675 vs RUG191 sp002373675	high_ani
GCA_902780875.1__GCA_902799165.1	97.93	6.0	14.0	0.491067931704873	0.50247	84	Bacteroidota	Prevotella sp002350805 vs Prevotella sp002350805	high_ani
GCF_004684865.1__GCF_004745855.1	97.9	6.0	6.0	0.4738332280686423	0.47871	63	Firmicutes	Staphylococcus petrasii vs Staphylococcus petrasii	high_ani
GCF_000403375.2__GCF_900177265.1	97.84	6.0	3.0	0.4840856563831436	0.49058	101	Firmicutes	Paenibacillus_A barengoltzii vs Paenibacillus_A barengoltzii	high_ani
GCA_002439445.1__GCF_006351725.1	97.78	6.0	11.0	0.4348698205876196	0.42221	104	Firmicutes	Lysinibacillus sp002340205 vs Lysinibacillus sp002340205	high_ani
GCA_000433075.1__GCA_905210015.1	97.76	6.0	4.0	0.5256652882052055	0.53968	131	Firmicutes_A	Coprococcus sp000433075 vs Coprococcus sp000433075	high_ani
GCA_008668375.1__GCA_014866525.1	97.72	6.0	22.0	0.5796369007524576	0.57206	178	Firmicutes_A	UBA11524 sp000437595 vs UBA11524 sp000437595	high_ani
GCA_017850955.1__GCA_905205525.1	97.63	6.0	0.0	0.5276479137544096	0.55019	463	Firmicutes_A	UBA3402 sp003478355 vs UBA3402 sp003478355	high_ani
GCA_016280495.1__GCA_017450625.1	97.6	6.0	5.0	0.3873352457871328	0.39654	485	Bacteroidota	Prevotella sp905236755 vs Prevotella sp905236755	high_ani
GCA_003585625.1__GCF_000263655.1	97.55	6.0	5.0	0.615588017131707	0.60928	466	Actinobacteriota	Bifidobacterium vaginale_E vs Bifidobacterium vaginale_E	high_ani
GCA_902556005.1__GCA_902592035.1	97.51	6.0	0.0	0.4672831726229218	0.49886	90	Proteobacteria	UBA3439 sp003212345 vs UBA3439 sp003212345	high_ani
GCF_001656355.1__GCF_900453075.1	97.47	6.0	2.0	0.6274706010155144	0.63387	29	Proteobacteria	Moraxella catarrhalis_C vs Moraxella catarrhalis_C	high_ani
GCA_002380835.1__GCF_001534765.1	97.46	6.0	0.0	0.5111726131541964	0.51613	696	Firmicutes	Kurthia gibsonii vs Kurthia gibsonii	high_ani
GCF_008370335.1__GCF_013277735.1	97.43	6.0	14.0	0.5178381568454301	0.49008	268	Proteobacteria	Photorhabdus heterorhabditis vs Photorhabdus heterorhabditis	high_ani
GCA_009808535.1__GCF_009913895.1	97.4	6.0	3.0	0.4352992343640084	0.38243	58	Firmicutes	Pediococcus acidilactici vs Pediococcus acidilactici	high_ani
GCA_902385565.1__GCA_905213495.1	97.4	6.0	9.0	0.4812918243261966	0.52027	70	Firmicutes_A	Ruminococcus_E sp003438075 vs Ruminococcus_E sp003438075	high_ani
GCA_900541165.1__GCA_905195025.1	97.27	6.0	9.0	0.4930036946448378	0.48799	49	Bacteroidota	Cryptobacteroides sp000434935 vs Cryptobacteroides sp000434935	high_ani
GCA_008667845.1__GCA_008667945.1	97.13	6.0	12.0	0.4796865864604692	0.4766	333	Firmicutes_A	UBA11524 sp000437595 vs UBA11524 sp000437595	high_ani
GCA_017563205.1__GCA_017964845.1	97.1	6.0	7.0	0.4497146024336761	0.45207	390	Bacteroidota	UBA1715 sp002371705 vs UBA1715 sp002371705	high_ani
GCA_016284375.1__GCF_000424405.1	97.09	6.0	18.0	0.4578105030788892	0.45395	260	Firmicutes_A	Butyrivibrio fibrisolvens_C vs Butyrivibrio fibrisolvens_C	high_ani
GCF_001044155.1__GCF_900447205.1	99.96	5.0	22.0	0.4505556626895753	0.44365	19	Actinobacteriota	Corynebacterium pilosum vs Corynebacterium pilosum	high_ani
GCF_000022805.1__GCF_010974845.1	99.94	5.0	2.0	0.5979974947011629	0.5946	248	Proteobacteria	Yersinia pestis vs Yersinia pestis	high_ani
GCA_018675555.1__GCA_018703045.1	99.91	5.0	1.0	0.4614765828142032	0.46789	758	Proteobacteria	SP197 sp018700655 vs SP197 sp018700655	high_ani
GCF_000022645.2__GCF_902832765.1	99.91	5.0	24.0	0.6559411857551573	0.66578	142	Proteobacteria	Burkholderia glumae vs Burkholderia glumae	high_ani
GCA_015490915.1__GCA_015492595.1	99.7	5.0	2.0	0.5062375697475278	0.49913	350	Proteobacteria	WFVA01 sp015491895 vs WFVA01 sp015491895	high_ani
GCF_001047325.1__GCF_001270485.1	99.68	5.0	13.0	0.2721895976769901	0.27518	329	Actinobacteriota	Streptomyces viridochromogenes_A vs Streptomyces viridochromogenes_A	high_ani
GCA_903903105.1__GCA_903994335.1	99.67	5.0	0.0	0.6362400161830055	0.65989	267	Bacteroidota	Chlorobium sp903994635 vs Chlorobium sp903994635	high_ani
GCF_001435115.1__GCF_001702175.1	99.63	5.0	12.0	0.6088213410717824	0.60953	273	Firmicutes	Secundilactobacillus paracollinoides vs Secundilactobacillus paracollinoides	high_ani
GCA_900066415.1__GCF_900115855.1	99.6	5.0	2.0	0.4429380208254019	0.4405	47	Firmicutes_A	Enterocloster citroniae vs Enterocloster citroniae	high_ani
GCF_017368655.1__GCF_900458695.1	99.58	5.0	1.0	0.7701723212160464	0.77742	29	Firmicutes	Staphylococcus nepalensis vs Staphylococcus nepalensis	high_ani
GCA_900066415.1__GCF_015548445.1	99.57	5.0	4.0	0.4359861598146191	0.43971	66	Firmicutes_A	Enterocloster citroniae vs Enterocloster citroniae	high_ani
GCA_905210685.1__GCF_003358645.1	99.56	5.0	7.0	0.5682132294560297	0.55813	211	Proteobacteria	Escherichia marmotae vs Escherichia marmotae	high_ani
GCA_001508815.1__GCF_000734035.1	99.5	5.0	5.0	0.3648039047171533	0.36203	153	Halobacteriota	Archaeoglobus fulgidus vs Archaeoglobus fulgidus	high_ani
GCA_012965105.1__GCA_012965585.1	99.47	5.0	1.0	0.5173181715164116	0.51886	370	Thermoplasmatota	UBA60 sp002503395 vs UBA60 sp002503395	high_ani
GCF_001655905.1__GCF_002983685.1	99.45	5.0	0.0	0.493740010655301	0.48702	197	Fusobacteriota	Streptobacillus moniliformis vs Streptobacillus moniliformis	high_ani
GCA_003225115.1__GCA_003225155.1	99.31	5.0	2.0	0.4851600508256572	0.50156	624	Acidobacteriota	Gp1-AA112 sp003225175 vs Gp1-AA112 sp003225175	high_ani
GCF_000091985.1__GCF_900451085.1	99.31	5.0	7.0	0.0145309557248658	0.00203	8	Campylobacterota	Helicobacter_H mustelae vs Helicobacter_H mustelae	high_ani
GCA_018377655.1__GCA_905213635.1	99.28	5.0	0.0	0.474977300646264	0.49413	433	Firmicutes_A	QALW01 sp003150515 vs QALW01 sp003150515	high_ani
GCF_000835205.1__GCF_902832905.1	99.25	5.0	52.0	0.5171859501378091	0.52119	72	Proteobacteria	Burkholderia plantarii vs Burkholderia plantarii	high_ani
GCF_001142745.1__GCF_002591195.1	99.24	5.0	10.0	0.4247145701950868	0.42716	73	Proteobacteria	Yersinia frederiksenii vs Yersinia frederiksenii	high_ani
GCA_002404975.1__GCA_002437545.1	99.18	5.0	4.0	0.5401808288890088	0.53769	352	Bacteroidota	Cryptobacteroides sp002439805 vs Cryptobacteroides sp002439805	high_ani
GCF_000472825.1__GCF_000472845.1	99.18	5.0	27.0	0.3874028457161119	0.38122	270	Proteobacteria	Paraburkholderia mimosarum vs Paraburkholderia mimosarum	high_ani
GCA_910575905.1__GCA_910584755.1	99.18	5.0	7.0	0.6201651210133454	0.63829	195	Firmicutes_A	UBA7109 sp910576335 vs UBA7109 sp910576335	high_ani
GCF_018618605.1__GCF_018618655.1	99.13	5.0	6.0	0.5305855696087503	0.53074	34	Firmicutes	Exiguobacterium_A oxidotolerans vs Exiguobacterium_A oxidotolerans	high_ani
GCF_001280885.1__GCF_004794975.1	99.11	5.0	24.0	0.4714036751615259	0.4711	243	Actinobacteriota	Streptomyces katrae_B vs Streptomyces katrae_B	high_ani
GCF_001466915.1__GCF_013392005.1	99.06	5.0	5.0	0.5569353245498376	0.56036	520	Proteobacteria	Pseudomonas_E azotoformans vs Pseudomonas_E azotoformans	high_ani
GCA_017482695.1__GCA_905213855.1	99.05	5.0	7.0	0.5567503788335767	0.56964	34	Bacteroidota	Merdimorpha sp003150615 vs Merdimorpha sp003150615	high_ani
GCF_000798615.1__GCF_016313165.1	99.03	5.0	2.0	0.6012761207598827	0.60397	40	Firmicutes	Bacillus siamensis vs Bacillus siamensis	high_ani
GCF_002037625.1__GCF_009648775.1	99.03	5.0	15.0	0.6796127090738601	0.67765	36	Proteobacteria	Salmonella bongori vs Salmonella bongori	high_ani
GCF_002112925.1__GCF_900102735.1	98.98	5.0	2.0	0.342436673396277	0.34443	24	Proteobacteria	Pseudomonas_E sp001655595 vs Pseudomonas_E sp001655595	high_ani
GCF_900099475.1__GCF_902386265.1	98.97	5.0	8.0	0.4988453365079718	0.49739	147	Proteobacteria	Pelistega indica vs Pelistega indica	high_ani
GCF_002204815.1__GCF_004010215.1	98.94	5.0	2.0	0.5001350013500135	0.48405	376	Bacteroidota	Flavobacterium columnare_D vs Flavobacterium columnare_D	high_ani
GCF_003950455.1__GCF_003951845.1	98.94	5.0	18.0	0.4072883450840634	0.41661	124	Proteobacteria	Sphingomonas trueperi vs Sphingomonas trueperi	high_ani
GCF_001989795.2__GCF_003390655.1	98.94	5.0	10.0	0.6062785083740968	0.61784	189	Proteobacteria	Vibrio anguillarum vs Vibrio anguillarum	high_ani
GCF_004153645.1__GCF_900455725.1	98.94	5.0	9.0	0.4922275314568625	0.48865	32	Actinobacteriota	Rhodococcus gordoniae vs Rhodococcus gordoniae	high_ani
GCA_017467645.1__GCA_017470285.1	98.92	5.0	2.0	0.474236545852679	0.48105	570	Firmicutes_C	Succiniclasticum sp900315345 vs Succiniclasticum sp900315345	high_ani
GCF_002752195.1__GCF_014304635.1	98.79	5.0	2.0	0.5521838694090212	0.54179	95	Proteobacteria	Serratia ureilytica vs Serratia ureilytica	high_ani
GCF_003477535.1__GCF_900103155.1	98.78	5.0	9.0	0.4664787988249154	0.47359	87	Firmicutes_A	Eubacterium maltosivorans vs Eubacterium maltosivorans	high_ani
GCA_900759975.1__GCA_905213695.1	98.64	5.0	0.0	0.3575632536571881	0.34061	60	Firmicutes	Scybalousia sp900542735 vs Scybalousia sp900542735	high_ani
GCF_014897385.1__GCF_018333195.1	98.58	5.0	9.0	0.5192529297561329	0.50324	100	Firmicutes	Oceanobacillus oncorhynchi vs Oceanobacillus oncorhynchi	high_ani
GCA_018375095.1__GCF_000154305.1	98.58	5.0	3.0	0.7095718679500495	0.73316	45	Firmicutes_A	Anaerostipes caccae vs Anaerostipes caccae	high_ani
GCA_018368125.1__GCF_000224655.1	98.55	5.0	45.0	0.5211875280152689	0.51904	418	Desulfobacterota_I	Bilophila wadsworthia vs Bilophila wadsworthia	high_ani
GCA_902387225.1__GCA_905194855.1	98.49	5.0	7.0	0.4640372928093532	0.46763	314	Actinobacteriota	Paraeggerthella hongkongensis_A vs Paraeggerthella hongkongensis_A	high_ani
GCF_003208415.1__GCF_005281435.1	98.43	5.0	17.0	0.2890297367244004	0.27793	25	Proteobacteria	Pantoea endophytica vs Pantoea endophytica	high_ani
GCF_000337435.1__GCF_009856205.1	98.4	5.0	11.0	0.539435993721294	0.54346	79	Halobacteriota	Halorubrum distributum vs Halorubrum distributum	high_ani
GCF_019052335.1__GCF_019127335.1	98.35	5.0	17.0	0.4566954289981387	0.44244	242	Bacteroidota	Prevotella sp900551275 vs Prevotella sp900551275	high_ani
GCA_014847525.1__GCA_900086605.1	98.33	5.0	8.0	0.5064070803649644	0.49123	279	Firmicutes_A	Blautia_A faecis vs Blautia_A faecis	high_ani
GCA_002362475.1__GCA_905207575.1	98.33	5.0	1.0	0.5661297012169754	0.58456	103	Firmicutes_A	Faeciplasma sp002491605 vs Faeciplasma sp002491605	high_ani
GCA_002490805.1__GCA_905207575.1	98.33	5.0	1.0	0.4582574565185699	0.4401	87	Firmicutes_A	Faeciplasma sp002491605 vs Faeciplasma sp002491605	high_ani
GCF_003665885.1__GCF_003666065.1	98.32	5.0	24.0	0.6274833322493447	0.64288	136	Halobacteriota	Haloarcula taiwanensis vs Haloarcula taiwanensis	high_ani
GCA_018716545.1__GCA_900753255.1	98.32	5.0	8.0	0.4790868215742795	0.45748	361	Firmicutes_A	Scatomorpha pullicola vs Scatomorpha pullicola	high_ani
GCA_902760585.1__GCA_902786025.1	98.32	5.0	15.0	0.4415150459940222	0.44135	301	Firmicutes_A	Ruminococcus flavefaciens_N vs Ruminococcus flavefaciens_N	high_ani
GCA_003526955.1__GCF_015553695.1	98.3	5.0	7.0	0.489911741952334	0.47055	113	Firmicutes_A	Ruminococcus_E sp003526955 vs Ruminococcus_E sp003526955	high_ani
GCA_016705185.1__GCA_016708405.1	98.24	5.0	28.0	0.1508254518151429	0.13681	14	Bacteroidota	UBA10438 sp002426145 vs UBA10438 sp002426145	high_ani
GCA_017634995.1__GCF_900618225.1	98.15	5.0	13.0	0.4747007232786776	0.46777	205	Bacteroidota	Algoriella xinjiangensis vs Algoriella xinjiangensis	high_ani
GCA_002396305.1__GCA_902757055.1	98.14	5.0	14.0	0.5011416864115857	0.49515	71	Bacteroidota	Prevotella sp900320255 vs Prevotella sp900320255	high_ani
GCA_905373525.1__GCF_000468635.1	98.13	5.0	9.0	0.4856752984862621	0.4972	402	Bacteroidota	Prevotella baroniae vs Prevotella baroniae	high_ani
GCA_005881635.1__GCA_005881745.1	98.12	5.0	5.0	0.4968041590389263	0.50041	680	Proteobacteria	PALSA-1003 sp005888955 vs PALSA-1003 sp005888955	high_ani
GCF_003435225.1__GCF_003435535.1	98.1	5.0	26.0	0.4610029499344459	0.48939	117	Firmicutes_A	Copromonas sp900066535 vs Copromonas sp900066535	high_ani
GCA_017464185.1__GCA_017476505.1	98.07	5.0	17.0	0.526705245783603	0.52687	712	Bacteroidota	Sodaliphilus sp017477555 vs Sodaliphilus sp017477555	high_ani
GCA_019118615.1__GCA_904385455.1	98.05	5.0	5.0	0.4996950036614977	0.49732	250	Firmicutes_A	Evtepia excrementipullorum vs Evtepia excrementipullorum	high_ani
GCA_000383155.1__GCA_018696355.1	97.92	5.0	6.0	0.4246747335875825	0.44315	294	Proteobacteria	Amylibacter sp000153745 vs Amylibacter sp000153745	high_ani
GCA_000431935.1__GCA_001915685.1	97.91	5.0	42.0	0.5120209615666632	0.50551	438	Bacteroidota	Prevotella lascolaii vs Prevotella lascolaii	high_ani
GCF_002902105.1__GCF_004684865.1	97.91	5.0	4.0	0.4833886757317883	0.47921	270	Firmicutes	Staphylococcus petrasii vs Staphylococcus petrasii	high_ani
GCF_016902055.1__GCF_904390235.1	97.85	5.0	12.0	0.5440712633211049	0.55648	633	Firmicutes_A	Flavonifractor sp002159455 vs Flavonifractor sp002159455	high_ani
GCF_011090235.1__GCF_012689315.1	97.85	5.0	13.0	0.6256206441745288	0.6399	111	Proteobacteria	Vibrio aestuarianus vs Vibrio aestuarianus	high_ani
GCF_003244795.1__GCF_017581785.1	97.84	5.0	7.0	0.4407655174342685	0.45474	119	Proteobacteria	Stenotrophomonas maltophilia_AK vs Stenotrophomonas maltophilia_AK	high_ani
GCA_002362375.1__GCF_002700155.1	97.83	5.0	3.0	0.5407510891587325	0.53943	49	Bacteroidota	Maribacter dokdonensis vs Maribacter dokdonensis	high_ani
GCA_902771375.1__GCA_902775215.1	97.81	5.0	4.0	0.4440630209379193	0.43783	386	Bacteroidota	Cryptobacteroides sp900319685 vs Cryptobacteroides sp900319685	high_ani
GCF_001423605.1__GCF_002931035.1	97.76	5.0	5.0	0.5459070121206794	0.5655	34	Actinobacteriota	Agreia sp001421485 vs Agreia sp001421485	high_ani
GCA_900764985.1__GCA_905211565.1	97.68	5.0	13.0	0.561372069012065	0.55933	394	Bacteroidota	Prevotella sp900553965 vs Prevotella sp900553965	high_ani
GCA_000219475.3__GCA_002311195.1	97.67	5.0	4.0	0.3849293219428011	0.38454	42	Firmicutes	Lactobacillus johnsonii vs Lactobacillus johnsonii	high_ani
GCA_902760875.1__GCA_902800605.1	97.65	5.0	49.0	0.492590324998855	0.4982	124	Bacteroidota	UBA4334 sp902801475 vs UBA4334 sp902801475	high_ani
GCA_014465835.1__GCA_015655785.1	97.58	5.0	5.0	0.3041219100533089	0.28037	25	Firmicutes_A	Fimenecus sp004556705 vs Fimenecus sp004556705	high_ani
GCF_001280945.1__GCF_013277735.1	97.58	5.0	17.0	0.4753507539552363	0.48849	268	Proteobacteria	Photorhabdus heterorhabditis vs Photorhabdus heterorhabditis	high_ani
GCF_000403375.2__GCF_900177285.1	97.58	5.0	0.0	0.5225114276329431	0.53181	108	Firmicutes	Paenibacillus_A barengoltzii vs Paenibacillus_A barengoltzii	high_ani
GCA_017444725.1__GCA_017960495.1	97.5	5.0	1.0	0.5889790603175911	0.5847	274	Firmicutes_A	Pseudobutyrivibrio sp017557435 vs Pseudobutyrivibrio sp017557435	high_ani
GCF_002587065.1__GCF_002906925.1	97.5	5.0	6.0	0.2542896891080388	0.26146	26	Proteobacteria	Aeromonas bestiarum vs Aeromonas bestiarum	high_ani
GCF_001650975.1__GCF_900112725.1	97.49	5.0	15.0	0.3807332681630582	0.37631	170	Proteobacteria	Roseovarius indicus vs Roseovarius indicus	high_ani
GCF_014191925.1__GCF_014196235.1	97.48	5.0	29.0	0.550013694788272	0.5284	72	Proteobacteria	Rhizobium pisi vs Rhizobium pisi	high_ani
GCF_001656375.1__GCF_900453075.1	97.48	5.0	7.0	0.4518990226508085	0.46459	148	Proteobacteria	Moraxella catarrhalis_C vs Moraxella catarrhalis_C	high_ani
GCA_003709175.1__GCA_004124375.1	97.42	5.0	0.0	0.4404818860126833	0.41667	148	Marinisomatota	D37C17 sp004124405 vs D37C17 sp004124405	high_ani
GCA_015260225.1__GCA_015260255.1	97.41	5.0	1.0	0.4546130193975196	0.45305	426	Bacteroidota	Prevotella sp000257925 vs Prevotella sp000257925	high_ani
GCF_000519065.1__GCF_003315425.1	97.41	5.0	25.0	0.5309540287471327	0.52905	349	Proteobacteria	Shewanella sp002966515 vs Shewanella sp002966515	high_ani
GCF_014646715.1__GCF_018732265.1	97.36	5.0	12.0	0.4904196539809098	0.48857	109	Proteobacteria	Pseudomonas_E brenneri vs Pseudomonas_E brenneri	high_ani
GCA_014801695.1__GCA_014801805.1	97.15	5.0	0.0	0.5293999825667979	0.52785	43	Bacteroidota	CAG-485 sp014802335 vs CAG-485 sp014802335	high_ani
GCF_002743135.1__GCF_002743425.1	97.11	5.0	15.0	0.4424618397799958	0.45588	38	Firmicutes	Sporosarcina sp002743255 vs Sporosarcina sp002743255	high_ani
GCA_900755365.1__GCA_910583595.1	97.07	5.0	0.0	0.4829193844878406	0.49215	316	Bacteroidota	UBA7173 sp900555165 vs UBA7173 sp900555165	high_ani
GCA_004801705.1__GCF_004793735.1	99.99	4.0	2.0	0.7503337950389225	0.75727	31	Bacteroidota	Muribaculum gordoncarteri vs Muribaculum gordoncarteri	high_ani
GCF_003111765.1__GCF_003287775.1	99.99	4.0	3.0	0.4884838620766279	0.49117	87	Actinobacteriota	Actinomyces glycerinitolerans vs Actinomyces glycerinitolerans	high_ani
GCF_900452715.1__GCF_900640165.1	99.97	4.0	7.0	0.6418919189110581	0.64985	119	Proteobacteria	Legionella moravica vs Legionella moravica	high_ani
GCF_009931375.1__GCF_013307145.1	99.96	4.0	5.0	0.0005673319303577	0.00015	4	Proteobacteria	Burkholderia glumae vs Burkholderia glumae	high_ani
GCF_013347125.1__GCF_014805345.1	99.96	4.0	10.0	0.7160437875130217	0.73066	17	Proteobacteria	Ascidiaceihabitans pseudonitzschiae vs Ascidiaceihabitans pseudonitzschiae	high_ani
GCF_002327205.1__GCF_004328885.1	99.96	4.0	4.0	0.087312471846126	0.07158	2	Firmicutes_A	Clostridium chauvoei vs Clostridium chauvoei	high_ani
GCA_902550265.1__GCA_902620315.1	99.94	4.0	4.0	0.5015953092242674	0.45706	57	Proteobacteria	Pelagibacter_A sp902538445 vs Pelagibacter_A sp902538445	high_ani
GCF_000741885.1__GCF_002759215.2	99.93	4.0	6.0	0.5100360567312254	0.50647	203	Proteobacteria	Xanthomonas cissicola vs Xanthomonas cissicola	high_ani
GCF_018613105.1__GCF_018613245.1	99.92	4.0	3.0	0.6125173445042303	0.6232	131	Firmicutes	Neobacillus sp018613065 vs Neobacillus sp018613065	high_ani
GCA_001487915.2__GCF_000825205.2	99.91	4.0	7.0	0.0104810578373434	0.00725	323	Proteobacteria	Xanthomonas cissicola vs Xanthomonas cissicola	high_ani
GCA_003343635.1__GCF_902386815.1	99.9	4.0	4.0	0.4671428825004627	0.46844	189	Firmicutes_A	Harryflintia acetispora vs Harryflintia acetispora	high_ani
GCF_900445015.1__GCF_900445035.1	99.9	4.0	4.0	0.0778866190097465	0.07553	3	Proteobacteria	Actinobacillus ureae vs Actinobacillus ureae	high_ani
GCF_002095655.1__GCF_005864155.1	99.84	4.0	7.0	0.5038628317241167	0.48028	134	Firmicutes	Lentilactobacillus parabuchneri vs Lentilactobacillus parabuchneri	high_ani
GCF_002196895.1__GCF_002196905.1	99.82	4.0	18.0	0.5583668564298832	0.56099	129	Proteobacteria	Haematobacter missouriensis vs Haematobacter missouriensis	high_ani
GCA_013152425.1__GCF_014141945.1	99.82	4.0	3.0	0.5245534591286024	0.52703	337	Proteobacteria	Ralstonia sp001078575 vs Ralstonia sp001078575	high_ani
GCA_019263625.1__GCA_019263685.1	99.81	4.0	2.0	0.471336292312675	0.47178	735	Actinobacteriota	Pseudonocardia sp019263585 vs Pseudonocardia sp019263585	high_ani
GCA_902538015.1__GCA_902615335.1	99.73	4.0	0.0	0.5155209534061789	0.4728	50	Proteobacteria	GCA-2691145 sp002691145 vs GCA-2691145 sp002691145	high_ani
GCF_003576035.1__GCF_016404565.1	99.72	4.0	6.0	0.3546373815657409	0.36041	143	Proteobacteria	Serratia_F odorifera vs Serratia_F odorifera	high_ani
GCA_001769435.1__GCA_001769695.1	99.71	4.0	0.0	0.3729785144325033	0.38352	599	Bacteroidota	GWF2-33-38 sp001769505 vs GWF2-33-38 sp001769505	high_ani
GCF_000261765.1__GCF_014163435.1	99.67	4.0	9.0	0.5142970746378709	0.51734	563	Proteobacteria	Bradyrhizobium diazoefficiens vs Bradyrhizobium diazoefficiens	high_ani
GCA_009927605.1__GCA_010030285.1	99.67	4.0	0.0	0.5312493785737658	0.5364	227	Actinobacteriota	UBA7398 sp002470135 vs UBA7398 sp002470135	high_ani
GCA_905213855.1__GCA_910588275.1	99.65	4.0	3.0	0.4174777809409618	0.40407	43	Bacteroidota	Merdimorpha sp003150615 vs Merdimorpha sp003150615	high_ani
GCF_001465255.1__GCF_005403365.1	99.64	4.0	0.0	0.2665863714447717	0.2664	57	Firmicutes	Paenibacillus_G naphthalenovorans vs Paenibacillus_G naphthalenovorans	high_ani
GCF_002632445.1__GCF_014467265.1	99.63	4.0	8.0	0.4182183290528853	0.41688	152	Proteobacteria	Xenorhabdus ehlersii vs Xenorhabdus ehlersii	high_ani
GCF_002965105.1__GCF_900637015.1	99.61	4.0	5.0	0.5977853989746026	0.58752	170	Proteobacteria	Escherichia marmotae vs Escherichia marmotae	high_ani
GCA_001188635.1__GCF_001485255.1	99.58	4.0	0.0	0.3772660105167391	0.3731	58	Firmicutes	Companilactobacillus pabuli vs Companilactobacillus pabuli	high_ani
GCA_003529475.1__GCA_018379325.1	99.58	4.0	2.0	0.5800887385706135	0.56714	117	Firmicutes_A	Butyribacter sp003529475 vs Butyribacter sp003529475	high_ani
GCF_018613105.1__GCF_018613205.1	99.55	4.0	11.0	0.535279534841474	0.54289	125	Firmicutes	Neobacillus sp018613065 vs Neobacillus sp018613065	high_ani
GCF_000308175.1__GCF_900005935.1	99.53	4.0	2.0	0.4208582256353819	0.41382	122	Proteobacteria	Pseudomonas_E sp900005815 vs Pseudomonas_E sp900005815	high_ani
GCF_000379745.1__GCF_900447715.1	99.49	4.0	10.0	0.4533878503604543	0.45077	50	Firmicutes	Enterococcus_E cecorum vs Enterococcus_E cecorum	high_ani
GCF_012395955.1__GCF_014050135.1	99.46	4.0	6.0	0.5830058383569365	0.58991	97	Actinobacteriota	Gordonia amicalis vs Gordonia amicalis	high_ani
GCA_002410745.1__GCA_002424445.1	99.41	4.0	6.0	0.4813666764476733	0.47881	706	Firmicutes_B	UBA4844 sp002424365 vs UBA4844 sp002424365	high_ani
GCA_013360885.1__GCA_900696475.1	99.41	4.0	6.0	0.5129488196771034	0.51426	380	Planctomycetota	Jettenia caeni vs Jettenia caeni	high_ani
GCA_001312585.1__GCF_001465255.1	99.4	4.0	3.0	0.455640225108376	0.44357	182	Firmicutes	Paenibacillus_G naphthalenovorans vs Paenibacillus_G naphthalenovorans	high_ani
GCF_001660045.1__GCF_009870095.1	99.34	4.0	7.0	0.4677290419743071	0.46435	620	Actinobacteriota	Streptomyces parvulus vs Streptomyces parvulus	high_ani
GCA_015228685.1__GCA_015232515.1	99.3	4.0	3.0	0.4876061082106888	0.47975	459	Desulfobacterota	YD0425bin51 sp002753225 vs YD0425bin51 sp002753225	high_ani
GCA_902519685.1__GCA_902522335.1	99.3	4.0	0.0	0.6121895547861125	0.64583	78	Proteobacteria	Luminiphilus sp002862405 vs Luminiphilus sp002862405	high_ani
GCA_002398185.1__GCA_002410745.1	99.29	4.0	11.0	0.515259612185855	0.52877	750	Firmicutes_B	UBA4844 sp002424365 vs UBA4844 sp002424365	high_ani
GCF_000170355.1__GCF_000170375.1	99.28	4.0	8.0	0.0915599937951058	0.09185	886	Proteobacteria	Burkholderia oklahomensis vs Burkholderia oklahomensis	high_ani
GCA_018384355.1__GCF_002251535.1	99.28	4.0	11.0	0.5546545347123883	0.54568	120	Bacteroidota	Prevotella sp002251295 vs Prevotella sp002251295	high_ani
GCA_016702615.1__GCA_016709945.1	99.27	4.0	20.0	0.551189293222511	0.54424	17	Actinobacteriota	JADJPO01 sp016713225 vs JADJPO01 sp016713225	high_ani
GCF_004024155.1__GCF_018443145.1	99.26	4.0	9.0	0.5833941011796677	0.60356	153	Proteobacteria	Klebsiella planticola vs Klebsiella planticola	high_ani
GCA_003202275.1__GCF_003311655.1	99.26	4.0	15.0	0.5555095247781311	0.54584	113	Actinobacteriota	Saccharomonospora endophytica vs Saccharomonospora endophytica	high_ani
GCF_001298125.1__GCF_013002825.1	99.24	4.0	3.0	0.6880871021729819	0.68109	111	Proteobacteria	Pseudoalteromonas neustonica vs Pseudoalteromonas neustonica	high_ani
GCF_004362605.1__GCF_902705945.1	99.22	4.0	3.0	0.5190711585886378	0.51308	74	Proteobacteria	Klebsiella terrigena vs Klebsiella terrigena	high_ani
GCF_001597315.1__GCF_001597325.1	99.22	4.0	0.0	0.409310923526186	0.40948	83	Fusobacteriota	Fusobacterium_C necrophorum vs Fusobacterium_C necrophorum	high_ani
GCF_001658075.1__GCF_013267695.1	99.21	4.0	8.0	0.0028163961503743	0.0	32	Firmicutes	Streptococcus gallolyticus vs Streptococcus gallolyticus	high_ani
GCA_000431435.1__GCA_900538395.1	99.12	4.0	6.0	0.5243797470794618	0.52832	244	Firmicutes_C	Veillonella_A sp000431435 vs Veillonella_A sp000431435	high_ani
GCF_002813655.1__GCF_002813675.1	99.1	4.0	5.0	0.928304036600658	0.93003	1	Methanobacteriota	Methanobacterium subterraneum vs Methanobacterium subterraneum	high_ani
GCF_004209905.1__GCF_016889965.1	99.09	4.0	9.0	0.4654560741365328	0.48151	867	Firmicutes	Staphylococcus condimenti vs Staphylococcus condimenti	high_ani
GCA_003023685.1__GCF_002903155.1	99.05	4.0	6.0	0.5042354198725711	0.48979	535	Firmicutes_E	Sulfobacillus thermotolerans vs Sulfobacillus thermotolerans	high_ani
GCF_001534765.1__GCF_003660425.1	99.03	4.0	0.0	0.2873118296767327	0.27987	41	Firmicutes	Kurthia gibsonii vs Kurthia gibsonii	high_ani
GCA_003452005.1__GCA_003455255.1	99.03	4.0	10.0	0.500589532079189	0.50686	910	Bacteroidota	Runella defluvii vs Runella defluvii	high_ani
GCA_015134625.1__GCF_016893705.1	99.03	4.0	3.0	0.978357342222339	0.97742	191	Proteobacteria	Citrobacter werkmanii vs Citrobacter werkmanii	high_ani
GCF_000968715.2__GCF_003030865.2	99.02	4.0	13.0	0.4098275599331429	0.412	45	Proteobacteria	Halomonas halophila vs Halomonas halophila	high_ani
GCA_018000275.1__GCA_018434105.1	98.99	4.0	2.0	0.5327656058951821	0.51761	104	Desulfobacterota	UBA8904 sp002304995 vs UBA8904 sp002304995	high_ani
GCA_017387765.1__GCA_017389205.1	98.97	4.0	0.0	0.5603518484424331	0.54593	259	Bacteroidota	Enterocola sp900316125 vs Enterocola sp900316125	high_ani
GCA_018369095.1__GCA_900759635.1	98.97	4.0	1.0	0.5155308686111876	0.49448	228	Firmicutes_A	Enterocloster excrementigallinarum vs Enterocloster excrementigallinarum	high_ani
GCF_000317975.2__GCF_900005785.1	98.93	4.0	7.0	0.5528375992772278	0.55411	160	Firmicutes	Carnobacterium maltaromaticum vs Carnobacterium maltaromaticum	high_ani
GCF_012952265.1__GCF_013002825.1	98.9	4.0	13.0	0.4598883110112298	0.46131	103	Proteobacteria	Pseudoalteromonas neustonica vs Pseudoalteromonas neustonica	high_ani
GCA_902555615.1__GCA_902559475.1	98.89	4.0	0.0	0.3271147616461494	0.29845	38	Proteobacteria	MED-G78 sp902558645 vs MED-G78 sp902558645	high_ani
GCF_001874085.1__GCF_008121895.1	98.89	4.0	4.0	0.4707063877700813	0.48107	59	Firmicutes_B	Moorella thermoacetica vs Moorella thermoacetica	high_ani
GCA_900546205.1__GCF_015552275.1	98.87	4.0	0.0	0.5532379673036464	0.56502	88	Firmicutes	Holdemania sp900120005 vs Holdemania sp900120005	high_ani
GCA_019113095.1__GCA_900540415.1	98.86	4.0	4.0	0.5241485696419743	0.5132	383	Bacteroidota	Prevotella sp900540415 vs Prevotella sp900540415	high_ani
GCF_000805375.1__GCF_900236745.1	98.86	4.0	31.0	0.8445793149318257	0.84195	63	Actinobacteriota	Mycobacterium setense vs Mycobacterium setense	high_ani
GCF_002777325.1__GCF_002777705.1	98.82	4.0	8.0	0.3637954422733319	0.37748	132	Proteobacteria	Snodgrassella alvi_D vs Snodgrassella alvi_D	high_ani
GCF_013299545.1__GCF_013300465.1	98.82	4.0	18.0	0.4583327431988758	0.45938	94	Firmicutes_A	Bariatricus comes vs Bariatricus comes	high_ani
GCF_014226885.1__GCF_900638015.1	98.82	4.0	6.0	0.1082541029207792	0.11529	20	Firmicutes	Listeria grayi vs Listeria grayi	high_ani
GCF_007954545.1__GCF_012396465.1	98.82	4.0	0.0	0.8514620301804664	0.8647	9	Firmicutes	Weissella soli vs Weissella soli	high_ani
GCF_003353445.1__GCF_007954545.1	98.82	4.0	0.0	0.6886681753147196	0.66537	8	Firmicutes	Weissella soli vs Weissella soli	high_ani
GCF_002777705.1__GCF_002777795.1	98.81	4.0	8.0	0.4722611470088166	0.45022	110	Proteobacteria	Snodgrassella alvi_D vs Snodgrassella alvi_D	high_ani
GCA_016710535.1__GCA_016710825.1	98.8	4.0	52.0	0.6428072987095375	0.64829	56	Proteobacteria	Contendobacter odensis_A vs Contendobacter odensis_A	high_ani
GCF_001499915.1__GCF_001500105.1	98.79	4.0	1.0	0.3112278482077646	0.31284	57	Actinobacteriota	Mycobacterium lehmannii vs Mycobacterium lehmannii	high_ani
GCA_007833955.1__GCF_000513535.1	98.78	4.0	5.0	0.5476913122631983	0.54928	103	Firmicutes	Planococcus glaciei vs Planococcus glaciei	high_ani
GCA_900765695.1__GCA_902406395.1	98.77	4.0	2.0	0.4849217882778843	0.47305	419	Firmicutes_A	Metalachnospira sp900546215 vs Metalachnospira sp900546215	high_ani
GCF_005886885.1__GCF_014925335.1	98.74	4.0	6.0	0.3010966483917812	0.29901	184	Proteobacteria	Pseudoalteromonas phenolica vs Pseudoalteromonas phenolica	high_ani
GCF_011319455.1__GCF_019048945.1	98.74	4.0	34.0	0.7199052036787715	0.73894	82	Proteobacteria	Agrobacterium salinitolerans vs Agrobacterium salinitolerans	high_ani
GCA_004801705.1__GCA_905200985.1	98.69	4.0	4.0	0.4304255257899616	0.42519	65	Bacteroidota	Muribaculum gordoncarteri vs Muribaculum gordoncarteri	high_ani
GCA_014869165.1__GCA_018382175.1	98.67	4.0	5.0	0.3960982147843407	0.38982	114	Firmicutes_A	Faecalibacterium sp900758465 vs Faecalibacterium sp900758465	high_ani
GCA_002692635.1__GCA_002729675.1	98.66	4.0	0.0	0.4978280486503103	0.47178	232	Proteobacteria	Idiomarina sp002729675 vs Idiomarina sp002729675	high_ani
GCF_006385265.1__GCF_011800325.1	98.65	4.0	3.0	0.6119580143785073	0.61761	62	Proteobacteria	Pantoea anthophila vs Pantoea anthophila	high_ani
GCF_000346445.1__GCF_014581725.1	98.63	4.0	13.0	0.4533908144324549	0.45463	125	Proteobacteria	Stenotrophomonas maltophilia_AK vs Stenotrophomonas maltophilia_AK	high_ani
GCF_001483765.1__GCF_014138825.1	98.63	4.0	3.0	0.7042482527695703	0.72764	8	Actinobacteriota	Nesterenkonia sandarakina vs Nesterenkonia sandarakina	high_ani
GCF_004216655.1__GCF_004217385.1	98.63	4.0	9.0	0.7458623726077939	0.74169	19	Proteobacteria	Phyllobacterium myrsinacearum vs Phyllobacterium myrsinacearum	high_ani
GCF_017498775.1__GCF_900107445.1	98.59	4.0	14.0	0.5862613934303016	0.59685	98	Firmicutes	Bacillus_A cereus_AW vs Bacillus_A cereus_AW	high_ani
GCA_002362895.1__GCA_002363375.1	98.57	4.0	7.0	0.3585542572798298	0.35552	28	Proteobacteria	Stenotrophomonas acidaminiphila_A vs Stenotrophomonas acidaminiphila_A	high_ani
GCF_900101205.1__GCF_900107875.1	98.57	4.0	2.0	0.2172219557305136	0.23483	30	Firmicutes	Paenibacillus sp900109515 vs Paenibacillus sp900109515	high_ani
GCF_006459165.1__GCF_011604665.1	98.55	4.0	18.0	0.9999668561797572	0.99982	1	Proteobacteria	Bradyrhizobium symbiodeficiens vs Bradyrhizobium symbiodeficiens	high_ani
GCA_900470265.1__GCA_900470635.1	98.55	4.0	14.0	0.5503350739483818	0.55736	141	Proteobacteria	Rhizobium sp900468625 vs Rhizobium sp900468625	high_ani
GCA_001683555.1__GCA_001726015.1	98.55	4.0	11.0	0.5457157606025362	0.56006	58	Halobacteriota	Methanohalophilus euhalobius vs Methanohalophilus euhalobius	high_ani
GCF_002560575.1__GCF_017498775.1	98.53	4.0	10.0	0.4055654043578587	0.38549	194	Firmicutes	Bacillus_A cereus_AW vs Bacillus_A cereus_AW	high_ani
GCF_011604645.1__GCF_011604665.1	98.53	4.0	14.0	0.9996016414529592	0.99973	1	Proteobacteria	Bradyrhizobium symbiodeficiens vs Bradyrhizobium symbiodeficiens	high_ani
GCF_001404595.1__GCF_015554215.1	98.52	4.0	13.0	0.4784310213755904	0.48132	185	Firmicutes_A	Bariatricus comes vs Bariatricus comes	high_ani
GCA_002331405.1__GCF_009996725.1	98.51	4.0	6.0	0.4738377570560124	0.48491	98	Proteobacteria	Stenotrophomonas acidaminiphila_A vs Stenotrophomonas acidaminiphila_A	high_ani
GCF_001058675.1__GCF_009664065.1	98.5	4.0	5.0	0.5466325098734002	0.54632	255	Proteobacteria	Citrobacter freundii vs Citrobacter freundii	high_ani
GCA_017416305.1__GCA_017507185.1	98.49	4.0	0.0	0.2432530858279235	0.25387	74	Bacteroidota	HGM04593 sp017442185 vs HGM04593 sp017442185	high_ani
GCF_003665985.1__GCF_003666065.1	98.47	4.0	17.0	0.4721493763072508	0.47978	136	Halobacteriota	Haloarcula taiwanensis vs Haloarcula taiwanensis	high_ani
GCA_017524765.1__GCA_902760585.1	98.47	4.0	14.0	0.5437191088687796	0.54268	234	Firmicutes_A	Ruminococcus flavefaciens_N vs Ruminococcus flavefaciens_N	high_ani
GCA_902624155.1__GCA_902629655.1	98.45	4.0	0.0	0.6425594131368108	0.61905	26	Marinisomatota	Marinisoma sp902629855 vs Marinisoma sp902629855	high_ani
GCF_001270075.1__GCF_013368775.1	98.41	4.0	0.0	0.552523291248733	0.55099	106	Firmicutes	Planococcus glaciei vs Planococcus glaciei	high_ani
GCA_017475025.1__GCA_017475225.1	98.41	4.0	7.0	0.5328429534292837	0.54592	108	Bacteroidota	Prevotella sp902776545 vs Prevotella sp902776545	high_ani
GCF_007625215.1__GCF_009805855.1	98.4	4.0	0.0	0.36849405957236	0.35729	117	Proteobacteria	Spiribacter roseus vs Spiribacter roseus	high_ani
GCA_015051955.1__GCA_900755765.1	98.4	4.0	7.0	0.4787868559655155	0.44957	322	Proteobacteria	Sutterella faecalis vs Sutterella faecalis	high_ani
GCA_018054245.1__GCA_902387235.1	98.39	4.0	6.0	0.4916995598433307	0.491	241	Firmicutes_A	Clostridium_Q fessum vs Clostridium_Q fessum	high_ani
GCF_003289585.1__GCF_008802075.1	98.37	4.0	6.0	0.3944989380325473	0.37721	54	Campylobacterota	Campylobacter lawsonii vs Campylobacter lawsonii	high_ani
GCA_902624155.1__GCA_902630085.1	98.37	4.0	1.0	0.503227270648689	0.5193	32	Marinisomatota	Marinisoma sp902629855 vs Marinisoma sp902629855	high_ani
GCF_019036895.1__GCF_019037115.1	98.36	4.0	23.0	0.6124573444621685	0.60542	58	Firmicutes	Cytobacillus oceanisediminis_B vs Cytobacillus oceanisediminis_B	high_ani
GCA_019118785.1__GCA_902386885.1	98.36	4.0	2.0	0.6409196956974271	0.6804	44	Actinobacteriota	Thermophilibacter timonensis vs Thermophilibacter timonensis	high_ani
GCF_002531885.1__GCF_014193135.1	98.34	4.0	39.0	0.4656397305333072	0.46789	123	Proteobacteria	Rhizobium sp002117485 vs Rhizobium sp002117485	high_ani
GCA_003538965.1__GCA_902791515.1	98.28	4.0	1.0	0.4356622917935749	0.4099	617	Firmicutes_A	Ruminococcus_C callidus vs Ruminococcus_C callidus	high_ani
GCA_000437815.1__GCA_905204845.1	98.27	4.0	7.0	0.4575230705535462	0.44515	244	Firmicutes_C	Acidaminococcus sp000437815 vs Acidaminococcus sp000437815	high_ani
GCF_009832085.1__GCF_013402755.1	98.27	4.0	6.0	0.4458507935309467	0.46105	72	Firmicutes	Mesomycoplasma hyopneumoniae vs Mesomycoplasma hyopneumoniae	high_ani
GCF_000468635.1__GCF_000613565.1	98.22	4.0	19.0	0.4473870589589547	0.45593	94	Bacteroidota	Prevotella baroniae vs Prevotella baroniae	high_ani
GCF_000475275.1__GCF_012273635.1	98.21	4.0	5.0	0.3298861988232767	0.33145	70	Proteobacteria	Roseibium aggregatum_A vs Roseibium aggregatum_A	high_ani
GCA_002349035.1__GCA_902791655.1	98.19	4.0	5.0	0.5381784773438147	0.52469	379	Bacteroidota	Prevotella sp002350805 vs Prevotella sp002350805	high_ani
GCA_000436595.1__GCA_900551685.1	98.17	4.0	14.0	0.4794334698948695	0.48451	336	Bacteroidota	Prevotella sp000436595 vs Prevotella sp000436595	high_ani
GCA_905182205.1__GCA_905478585.1	98.17	4.0	0.0	0.2130355981420254	0.21329	84	Bacteroidota	Hel1-33-131 sp018608625 vs Hel1-33-131 sp018608625	high_ani
GCF_003789015.1__GCF_016925655.1	98.17	4.0	10.0	0.2139235415914949	0.21583	7	Proteobacteria	Tsuneonella flava vs Tsuneonella flava	high_ani
GCA_012842385.1__GCF_900102395.1	98.16	4.0	6.0	0.5598749330020987	0.58078	317	Firmicutes_A	Thermoanaerobacter ethanolicus vs Thermoanaerobacter ethanolicus	high_ani
GCA_016719695.1__GCA_016788365.1	98.16	4.0	32.0	0.5234230975200188	0.5329	535	Cyanobacteria	Obscuribacter sp016712465 vs Obscuribacter sp016712465	high_ani
GCF_000293015.1__GCF_900450505.1	98.14	4.0	4.0	0.6906170906433434	0.69398	25	Actinobacteriota	Slackia exigua vs Slackia exigua	high_ani
GCF_900447255.1__GCF_900478035.1	98.13	4.0	2.0	0.0024786961587451	0.00205	3	Actinobacteriota	Corynebacterium renale vs Corynebacterium renale	high_ani
GCF_001044175.1__GCF_900475655.1	98.11	4.0	9.0	0.284020316273892	0.26618	11	Actinobacteriota	Corynebacterium renale vs Corynebacterium renale	high_ani
GCA_902522335.1__GCA_902594775.1	98.1	4.0	11.0	0.4004092495286291	0.39888	78	Proteobacteria	Luminiphilus sp002862405 vs Luminiphilus sp002862405	high_ani
GCF_003789135.1__GCF_900452265.1	98.08	4.0	5.0	0.5381983118585586	0.55391	227	Proteobacteria	Kluyvera ascorbata vs Kluyvera ascorbata	high_ani
GCA_014868905.1__GCF_009679695.1	98.08	4.0	11.0	0.6398824085283172	0.64242	119	Firmicutes_A	Faecalibacterium prausnitzii_D vs Faecalibacterium prausnitzii_D	high_ani
GCA_017444765.1__GCA_902799505.1	98.07	4.0	2.0	0.5221278107473778	0.53491	301	Bacteroidota	Cryptobacteroides sp900316675 vs Cryptobacteroides sp900316675	high_ani
GCA_905373525.1__GCF_000613565.1	98.07	4.0	9.0	0.4667419841989298	0.47375	402	Bacteroidota	Prevotella baroniae vs Prevotella baroniae	high_ani
GCF_014199815.1__GCF_903970605.1	98.04	4.0	20.0	0.7158009963844512	0.71414	11	Proteobacteria	Xanthomonas euroxanthea vs Xanthomonas euroxanthea	high_ani
GCA_017518495.1__GCA_902803045.1	98.01	4.0	1.0	0.4795047687143571	0.49532	401	Firmicutes_A	UBA1255 sp902782885 vs UBA1255 sp902782885	high_ani
GCA_905618875.1__GCA_905620435.1	98.01	4.0	1.0	0.3759041717285423	0.32121	54	Proteobacteria	Pelagibacter sp905620495 vs Pelagibacter sp905620495	high_ani
GCA_902775235.1__GCA_902785255.1	98.0	4.0	6.0	0.4459865987609683	0.46085	124	Bacteroidota	Sodaliphilus sp900318255 vs Sodaliphilus sp900318255	high_ani
GCF_002151115.1__GCF_011801245.1	97.95	4.0	12.0	0.553453402878854	0.54996	374	Actinobacteriota	Clavibacter capsici vs Clavibacter capsici	high_ani
GCA_015272425.1__GCF_000317265.1	97.95	4.0	18.0	0.4686231704268672	0.44545	241	Cyanobacteria	Chlorogloeopsis fritschii vs Chlorogloeopsis fritschii	high_ani
GCA_015272425.1__GCF_003990575.1	97.94	4.0	40.0	0.5012053436308103	0.51717	241	Cyanobacteria	Chlorogloeopsis fritschii vs Chlorogloeopsis fritschii	high_ani
GCA_003963195.1__GCF_001051035.1	97.92	4.0	6.0	0.4900184016506757	0.48164	319	Proteobacteria	Afipia sp000178995 vs Afipia sp000178995	high_ani
GCA_002702005.1__GCA_003209665.1	97.9	4.0	2.0	0.5027528166003022	0.49399	147	Proteobacteria	UBA7326 sp003212315 vs UBA7326 sp003212315	high_ani
GCF_003264385.1__GCF_003264445.1	97.88	4.0	8.0	0.5291577113791223	0.54204	60	Actinobacteriota	Micromonospora saelicesensis vs Micromonospora saelicesensis	high_ani
GCF_000204215.1__GCF_001428965.1	97.79	4.0	27.0	0.6879259472224755	0.69893	53	Proteobacteria	Acidovorax radicis vs Acidovorax radicis	high_ani
GCF_002735565.1__GCF_900101325.1	97.79	4.0	8.0	0.4707226485507757	0.45471	107	Firmicutes_A	Pseudobutyrivibrio sp900112855 vs Pseudobutyrivibrio sp900112855	high_ani
GCA_902777795.1__GCA_902789235.1	97.76	4.0	13.0	0.4102483363533228	0.42189	98	Bacteroidota	Prevotella sp900316475 vs Prevotella sp900316475	high_ani
GCA_000437815.1__GCA_900542455.1	97.73	4.0	11.0	0.5245762198944278	0.5165	244	Firmicutes_C	Acidaminococcus sp000437815 vs Acidaminococcus sp000437815	high_ani
GCF_000238895.1__GCF_002836155.1	97.69	4.0	1.0	0.4313590959175141	0.42263	121	Proteobacteria	Pseudoalteromonas arctica vs Pseudoalteromonas arctica	high_ani
GCA_014868885.1__GCA_014869095.1	97.68	4.0	15.0	0.3738408457552926	0.34631	173	Firmicutes_A	Faecalibacterium prausnitzii_D vs Faecalibacterium prausnitzii_D	high_ani
GCA_002353445.1__GCA_017471485.1	97.67	4.0	15.0	0.435721289343503	0.4269	71	Bacteroidota	Prevotella sp002353225 vs Prevotella sp002353225	high_ani
GCA_003709175.1__GCA_004124485.1	97.65	4.0	0.0	0.6102411951468555	0.6045	156	Marinisomatota	D37C17 sp004124405 vs D37C17 sp004124405	high_ani
GCA_002353445.1__GCA_017940645.1	97.63	4.0	11.0	0.4958423766317639	0.49418	79	Bacteroidota	Prevotella sp002353225 vs Prevotella sp002353225	high_ani
GCA_900754975.1__GCA_905193055.1	97.63	4.0	3.0	0.5093136390525813	0.51435	283	Firmicutes_A	CAG-238 sp900542245 vs CAG-238 sp900542245	high_ani
GCF_000721515.1__GCF_014905535.1	97.59	4.0	42.0	0.5472317287072321	0.57331	231	Actinobacteriota	Streptomyces hydrogenans vs Streptomyces hydrogenans	high_ani
GCF_017104825.1__GCF_902499205.1	97.55	4.0	50.0	0.4659149916791951	0.46192	584	Proteobacteria	Burkholderia lata_B vs Burkholderia lata_B	high_ani
GCF_012843815.1__GCF_016902075.1	97.52	4.0	10.0	0.4922441999886443	0.49068	154	Firmicutes	Enterococcus_E cecorum vs Enterococcus_E cecorum	high_ani
GCF_011386965.1__GCF_900445905.1	97.48	4.0	6.0	0.802873368982117	0.8069	11	Proteobacteria	Bordetella trematum vs Bordetella trematum	high_ani
GCF_000381465.1__GCF_000428605.1	97.44	4.0	10.0	0.7037603994983288	0.69963	69	Proteobacteria	Thioalkalivibrio halophilus vs Thioalkalivibrio halophilus	high_ani
GCF_000381385.1__GCF_000428605.1	97.44	4.0	6.0	0.7249043419712944	0.71444	69	Proteobacteria	Thioalkalivibrio halophilus vs Thioalkalivibrio halophilus	high_ani
GCA_016281705.1__GCA_017652045.1	97.4	4.0	0.0	0.4214167809981135	0.42032	57	Proteobacteria	Enterousia sp902784285 vs Enterousia sp902784285	high_ani
GCA_001705955.1__GCF_003864275.1	97.4	4.0	7.0	0.2692917751641911	0.27175	117	Proteobacteria	Pseudomonas_A stutzeri_AE vs Pseudomonas_A stutzeri_AE	high_ani
GCF_000214115.1__GCF_004563775.1	97.37	4.0	3.0	0.6178323498642632	0.61718	122	Actinobacteriota	Kocuria rhizophila vs Kocuria rhizophila	high_ani
GCA_902406215.1__GCA_905196885.1	97.35	4.0	7.0	0.5525582471943324	0.54689	56	Firmicutes_A	Roseburia sp900542495 vs Roseburia sp900542495	high_ani
GCF_001653935.1__GCF_002939035.1	97.33	4.0	5.0	0.1318423935627668	0.12848	39	Proteobacteria	Ralstonia insidiosa vs Ralstonia insidiosa	high_ani
GCA_905192665.1__GCF_001437235.1	97.31	4.0	7.0	0.44085023658217	0.46496	192	Firmicutes	Limosilactobacillus ingluviei vs Limosilactobacillus ingluviei	high_ani
GCF_000312405.1__GCF_001437235.1	97.26	4.0	10.0	0.5910968009946049	0.59927	192	Firmicutes	Limosilactobacillus ingluviei vs Limosilactobacillus ingluviei	high_ani
GCA_017543205.1__GCA_902759795.1	97.23	4.0	2.0	0.5484635317763071	0.56279	219	Proteobacteria	UBA1254 sp900313355 vs UBA1254 sp900313355	high_ani
GCA_017652045.1__GCA_902776865.1	97.2	4.0	2.0	0.5184463646822683	0.4617	100	Proteobacteria	Enterousia sp902784285 vs Enterousia sp902784285	high_ani
GCA_003585625.1__GCA_015700695.1	97.19	4.0	8.0	0.2456745998612325	0.25706	466	Actinobacteriota	Bifidobacterium vaginale_E vs Bifidobacterium vaginale_E	high_ani
GCF_002743065.1__GCF_002743135.1	97.17	4.0	7.0	0.5995257847490146	0.60528	44	Firmicutes	Sporosarcina sp002743255 vs Sporosarcina sp002743255	high_ani
GCA_902590175.1__GCA_902601145.1	97.15	4.0	2.0	0.3833281403665337	0.37456	39	Bacteroidota	MED-G11 sp902586435 vs MED-G11 sp902586435	high_ani
GCA_015485095.1__GCF_007991015.1	97.15	4.0	0.0	0.4599603915407446	0.46364	242	Deinococcota	Oceanithermus desulfurans vs Oceanithermus desulfurans	high_ani
GCA_017450625.1__GCA_905234115.1	97.13	4.0	4.0	0.4695533561782226	0.46244	153	Bacteroidota	Prevotella sp905236755 vs Prevotella sp905236755	high_ani
GCA_902773985.1__GCA_902790755.1	97.13	4.0	0.0	0.3917776548882193	0.39767	135	Firmicutes_A	Weimeria sp900316165 vs Weimeria sp900316165	high_ani
GCA_004552785.1__GCA_905195025.1	97.08	4.0	4.0	0.5036013254477976	0.49291	168	Bacteroidota	Cryptobacteroides sp000434935 vs Cryptobacteroides sp000434935	high_ani
GCF_000568735.2__GCF_003568645.1	97.06	4.0	0.0	0.0217319175469106	0.0	74	Spirochaetota	Borrelia turicatae vs Borrelia turicatae	high_ani
GCA_017306495.1__GCF_001278365.1	97.04	4.0	8.0	0.5215306217843477	0.49885	555	Actinobacteriota	Microbacterium chocolatum vs Microbacterium chocolatum	high_ani
GCA_019263625.1__GCA_019263645.1	99.99	3.0	4.0	0.4911085545342306	0.49322	735	Actinobacteriota	Pseudonocardia sp019263585 vs Pseudonocardia sp019263585	high_ani
GCF_000478015.1__GCF_000478075.1	99.98	3.0	7.0	0.8272183276296166	0.83333	37	Actinobacteriota	Corynebacterium sp000478175 vs Corynebacterium sp000478175	high_ani
GCA_900754325.1__GCA_905203665.1	99.98	3.0	0.0	0.4923129606285376	0.4936	324	Bacteroidota	Parabacteroides sp900541965 vs Parabacteroides sp900541965	high_ani
GCA_002343245.1__GCA_002344465.1	99.96	3.0	8.0	0.4630641711507681	0.46154	391	Bacteroidota	UBA2353 sp002344005 vs UBA2353 sp002344005	high_ani
GCA_900755765.1__GCF_009183845.1	99.96	3.0	1.0	0.500694551510243	0.49486	163	Proteobacteria	Sutterella faecalis vs Sutterella faecalis	high_ani
GCA_018898795.1__GCA_018903105.1	99.95	3.0	2.0	0.5189965101731744	0.52584	361	Desulfobacterota_I	Pseudodesulfovibrio aespoeensis vs Pseudodesulfovibrio aespoeensis	high_ani
GCF_001297785.1__GCF_001297855.1	99.93	3.0	1.0	0.5159591024449226	0.51854	142	Proteobacteria	Trabulsiella odontotermitis vs Trabulsiella odontotermitis	high_ani
GCA_902523575.1__GCA_902561065.1	99.92	3.0	1.0	0.4224767019777604	0.43643	39	Proteobacteria	HIMB59 sp902617465 vs HIMB59 sp902617465	high_ani
GCA_015663735.1__GCA_015664595.1	99.83	3.0	0.0	0.5031880597691285	0.49768	203	Planctomycetota	GCA-002718515 sp012965315 vs GCA-002718515 sp012965315	high_ani
GCA_002497045.1__GCA_003584605.1	99.83	3.0	6.0	0.5111013080226049	0.52428	285	Halobacteriota	Methanosarcina thermophila vs Methanosarcina thermophila	high_ani
GCA_018619875.1__GCA_018619955.1	99.77	3.0	0.0	0.4291217713435766	0.43088	168	Proteobacteria	Thiodiazotropha sp003058495 vs Thiodiazotropha sp003058495	high_ani
GCA_900548065.1__GCA_900761455.1	99.75	3.0	1.0	0.4181615569576815	0.41858	232	Firmicutes_A	Anaerotruncus massiliensis vs Anaerotruncus massiliensis	high_ani
GCF_014141905.1__GCF_014141945.1	99.65	3.0	3.0	0.4008164012863295	0.40162	47	Proteobacteria	Ralstonia sp001078575 vs Ralstonia sp001078575	high_ani
GCF_000773675.1__GCF_900445945.1	99.65	3.0	4.0	0.5772808654107533	0.57982	23	Proteobacteria	Bordetella trematum vs Bordetella trematum	high_ani
GCF_004346445.1__GCF_900460335.1	99.49	3.0	6.0	0.310853876846026	0.31717	32	Firmicutes_A	Tissierella praeacuta vs Tissierella praeacuta	high_ani
GCA_018365975.1__GCA_905211855.1	99.49	3.0	7.0	0.3873788353104932	0.38151	136	Firmicutes_A	Oliverpabstia sp000432335 vs Oliverpabstia sp000432335	high_ani
GCA_905214355.1__GCA_905373145.1	99.48	3.0	1.0	0.5309801958034436	0.5389	246	Actinobacteriota	Actinomyces sp000220835 vs Actinomyces sp000220835	high_ani
GCA_003561545.1__GCA_003564695.1	99.45	3.0	2.0	0.5332298423169247	0.53858	478	Deinococcota	CSSed10-48 sp003556805 vs CSSed10-48 sp003556805	high_ani
GCA_018052765.1__GCA_019136315.1	99.44	3.0	0.0	0.4845003147702177	0.49668	76	Bacteroidota	UBA1179 sp002340405 vs UBA1179 sp002340405	high_ani
GCA_019249625.1__GCF_900089575.1	99.43	3.0	3.0	0.4966821335722176	0.48226	131	Bacteroidota	Hydrotalea flava vs Hydrotalea flava	high_ani
GCF_002591805.1__GCF_009792915.1	99.4	3.0	2.0	0.8125882585311196	0.82353	9	Firmicutes	Leuconostoc citreum vs Leuconostoc citreum	high_ani
GCA_003516345.1__GCA_902526635.1	99.34	3.0	1.0	0.529047782161721	0.53879	772	Proteobacteria	UBA8309 sp016780765 vs UBA8309 sp016780765	high_ani
GCA_002355235.1__GCA_902756235.1	99.34	3.0	3.0	0.4624462666937356	0.46313	89	Firmicutes	UBA2730 sp900320505 vs UBA2730 sp900320505	high_ani
GCF_000723565.1__GCF_002079945.1	99.33	3.0	6.0	0.5760491364376082	0.56166	9	Proteobacteria	Bombella apis vs Bombella apis	high_ani
GCA_018384355.1__GCF_002251205.1	99.27	3.0	10.0	0.5216058400021053	0.54062	120	Bacteroidota	Prevotella sp002251295 vs Prevotella sp002251295	high_ani
GCF_002578475.1__GCF_002582955.1	99.24	3.0	8.0	0.4497185219219564	0.41942	148	Firmicutes	Bacillus_A nitratireducens vs Bacillus_A nitratireducens	high_ani
GCF_001077855.1__GCF_014644275.1	99.2	3.0	2.0	0.6106538417319228	0.61595	30	Proteobacteria	Franconibacter pulveris vs Franconibacter pulveris	high_ani
GCA_900538315.1__GCF_004405045.1	99.18	3.0	16.0	0.2114271749327327	0.20229	31	Bacteroidota	Dysgonomonas capnocytophagoides vs Dysgonomonas capnocytophagoides	high_ani
GCA_905202305.1__GCF_004405045.1	99.18	3.0	16.0	0.2114607645718533	0.20229	144	Bacteroidota	Dysgonomonas capnocytophagoides vs Dysgonomonas capnocytophagoides	high_ani
GCA_019235005.1__GCA_019236125.1	99.17	3.0	5.0	0.4879243984901528	0.49181	919	Proteobacteria	VAZQ01 sp019237215 vs VAZQ01 sp019237215	high_ani
GCA_018369195.1__GCA_900755655.1	99.15	3.0	1.0	0.3913734735904123	0.36565	195	Bacteroidota	Phocaeicola sp900546645 vs Phocaeicola sp900546645	high_ani
GCA_903905175.1__GCA_903908075.1	99.14	3.0	11.0	0.4781636512547134	0.47917	812	Chloroflexota	Oscillochloris sp903877945 vs Oscillochloris sp903877945	high_ani
GCA_905200605.1__GCF_007833235.1	99.13	3.0	8.0	0.368060318605652	0.35226	48	Proteobacteria	Oxalobacter formigenes vs Oxalobacter formigenes	high_ani
GCF_000293155.1__GCF_013394805.1	99.12	3.0	4.0	0.3826219974316968	0.36	44	Firmicutes_A	Mogibacterium timidum vs Mogibacterium timidum	high_ani
GCA_015904085.1__GCA_015904125.1	99.12	3.0	272.0	0.5802342268178861	0.5805	514	Nitrospirota	Nitrospira_F sp015904055 vs Nitrospira_F sp015904055	high_ani
GCF_003467365.1__GCF_015548795.1	99.11	3.0	5.0	0.5428351304007583	0.54655	184	Bacteroidota	Bacteroides nordii vs Bacteroides nordii	high_ani
GCF_016918045.1__GCF_018362795.1	99.1	3.0	16.0	0.4979594737048443	0.50201	37	Actinobacteriota	Nocardioides sp018388425 vs Nocardioides sp018388425	high_ani
GCF_003287775.1__GCF_003287795.1	99.08	3.0	13.0	0.5369070147153261	0.54127	226	Actinobacteriota	Actinomyces glycerinitolerans vs Actinomyces glycerinitolerans	high_ani
GCF_000568425.1__GCF_001941605.1	99.06	3.0	5.0	0.6614211596230747	0.6475	109	Bacteroidota	Cellulophaga lytica vs Cellulophaga lytica	high_ani
GCA_014872345.1__GCA_905193295.1	99.04	3.0	2.0	0.4472520371709211	0.42521	326	Proteobacteria	51-20 sp001917175 vs 51-20 sp001917175	high_ani
GCF_001747885.1__GCF_001747995.1	98.97	3.0	1.0	0.5514629351220076	0.55774	90	Firmicutes	Staphylococcus equorum_A vs Staphylococcus equorum_A	high_ani
GCF_018861305.1__GCF_018861855.1	98.96	3.0	3.0	0.3891923157853146	0.38796	96	Firmicutes_A	Clostridium_AD estertheticum vs Clostridium_AD estertheticum	high_ani
GCF_018861665.1__GCF_018861855.1	98.96	3.0	3.0	0.546606699471133	0.54204	96	Firmicutes_A	Clostridium_AD estertheticum vs Clostridium_AD estertheticum	high_ani
GCF_002937035.1__GCF_014199715.1	98.96	3.0	29.0	0.8142574249085509	0.83298	104	Proteobacteria	Paracoccus denitrificans vs Paracoccus denitrificans	high_ani
GCA_017549625.1__GCA_017561385.1	98.92	3.0	1.0	0.4826686916229242	0.46836	252	Halobacteriota	Methanocorpusculum sp017387505 vs Methanocorpusculum sp017387505	high_ani
GCA_017432125.1__GCA_017445735.1	98.91	3.0	0.0	0.4824374769948445	0.47584	350	Firmicutes_A	RUG472 sp902801845 vs RUG472 sp902801845	high_ani
GCA_902561375.1__GCA_902623925.1	98.89	3.0	1.0	0.5716636399483161	0.60286	43	Proteobacteria	HIMB59 sp902621205 vs HIMB59 sp902621205	high_ani
GCA_003343635.1__GCF_015550205.1	98.87	3.0	3.0	0.4831881404695858	0.49667	189	Firmicutes_A	Harryflintia acetispora vs Harryflintia acetispora	high_ani
GCA_013390495.1__GCA_013390875.1	98.87	3.0	1.0	0.5337351509278452	0.53606	46	Thermoproteota	Nitrosopumilus sp013390905 vs Nitrosopumilus sp013390905	high_ani
GCA_900315655.1__GCA_902768855.1	98.87	3.0	3.0	0.39215996452078	0.37861	165	Methanobacteriota	Methanobrevibacter_B sp900314605 vs Methanobrevibacter_B sp900314605	high_ani
GCF_003947175.1__GCF_015356275.1	98.86	3.0	1.0	0.5003573982709455	0.50253	122	Proteobacteria	Pseudoalteromonas rubra_D vs Pseudoalteromonas rubra_D	high_ani
GCA_002437545.1__GCA_002449415.1	98.81	3.0	16.0	0.4970499090131379	0.48908	444	Bacteroidota	Cryptobacteroides sp002439805 vs Cryptobacteroides sp002439805	high_ani
GCF_002213225.1__GCF_002213235.1	98.8	3.0	8.0	0.5411466950780728	0.54361	33	Proteobacteria	Thioclava nitratireducens vs Thioclava nitratireducens	high_ani
GCF_002900225.1__GCF_017872935.1	98.8	3.0	1.0	0.2876528494447751	0.26756	124	Bacteroidota	Formosa algae vs Formosa algae	high_ani
GCA_016703055.1__GCA_017994455.1	98.77	3.0	2.0	0.4570106740069872	0.46013	200	Bacteroidota	UBA10438 sp002426145 vs UBA10438 sp002426145	high_ani
GCA_904394205.1__GCA_904419795.1	98.77	3.0	2.0	0.4554010043986814	0.47668	203	Firmicutes_A	Egerieicola pullicola vs Egerieicola pullicola	high_ani
GCF_001422775.1__GCF_001424745.1	98.76	3.0	30.0	0.3699639709238387	0.37868	64	Proteobacteria	Methylobacterium sp001423295 vs Methylobacterium sp001423295	high_ani
GCF_002213185.1__GCF_002213225.1	98.75	3.0	14.0	0.6518211899377818	0.64771	42	Proteobacteria	Thioclava nitratireducens vs Thioclava nitratireducens	high_ani
GCA_003537025.1__GCF_900156585.1	98.73	3.0	10.0	0.4582554944429232	0.5052	40	Bacteroidota	Chryseobacterium joostei vs Chryseobacterium joostei	high_ani
GCF_000219805.1__GCF_014672875.1	98.73	3.0	0.0	0.0122774382141908	0.0	2	Firmicutes	Weissella koreensis vs Weissella koreensis	high_ani
GCF_000219805.1__GCF_002950695.1	98.73	3.0	0.0	0.0122556894046352	0.0	3	Firmicutes	Weissella koreensis vs Weissella koreensis	high_ani
GCF_005402885.1__GCF_014696195.1	98.72	3.0	17.0	0.5283217056717908	0.50724	680	Cyanobacteria	Sphaerospermopsis kisseleviana_A vs Sphaerospermopsis kisseleviana_A	high_ani
GCF_000219805.1__GCF_009697245.1	98.72	3.0	0.0	0.0151110052955433	0.00132	2	Firmicutes	Weissella koreensis vs Weissella koreensis	high_ani
GCF_004769515.1__GCF_004769795.1	98.67	3.0	0.0	0.4106841042239297	0.41133	58	Spirochaetota	Leptospira_A levettii vs Leptospira_A levettii	high_ani
GCA_002050315.1__GCA_003577195.1	98.67	3.0	18.0	0.5264050633408597	0.52906	255	Planctomycetota	Brocadia fulgida vs Brocadia fulgida	high_ani
GCA_016705525.1__GCA_016708795.1	98.66	3.0	47.0	0.4512031769544731	0.45401	27	Actinobacteriota	Microthrix sp002473265 vs Microthrix sp002473265	high_ani
GCF_000420905.1__GCF_000424485.1	98.65	3.0	7.0	0.5342397115373472	0.52104	73	Firmicutes_A	Butyrivibrio sp900104155 vs Butyrivibrio sp900104155	high_ani
GCA_002349415.1__GCA_902782135.1	98.64	3.0	4.0	0.5404196596678014	0.52852	134	Bacteroidota	Sodaliphilus sp900320055 vs Sodaliphilus sp900320055	high_ani
GCF_002160465.1__GCF_015558205.1	98.61	3.0	5.0	0.4142633040954919	0.41753	105	Firmicutes_A	Anaerotruncus colihominis vs Anaerotruncus colihominis	high_ani
GCA_002729675.1__GCA_016764375.1	98.61	3.0	0.0	0.5308371645598943	0.52663	179	Proteobacteria	Idiomarina sp002729675 vs Idiomarina sp002729675	high_ani
GCA_900465865.1__GCA_900467085.1	98.61	3.0	13.0	0.5649896443747342	0.55895	136	Proteobacteria	Rhizobium sp900468625 vs Rhizobium sp900468625	high_ani
GCA_016708405.1__GCA_016719845.1	98.57	3.0	54.0	0.3542168523180194	0.33868	22	Bacteroidota	UBA10438 sp002426145 vs UBA10438 sp002426145	high_ani
GCF_018916835.1__GCF_900460335.1	98.56	3.0	5.0	0.3384732311469334	0.35702	45	Firmicutes_A	Tissierella praeacuta vs Tissierella praeacuta	high_ani
GCA_900549785.1__GCA_910584855.1	98.56	3.0	7.0	0.5594710118773831	0.54362	256	Bacteroidota	CAG-485 sp001701295 vs CAG-485 sp001701295	high_ani
GCA_902624155.1__GCA_902625925.1	98.55	3.0	0.0	0.682373116012712	0.70803	26	Marinisomatota	Marinisoma sp902629855 vs Marinisoma sp902629855	high_ani
GCA_900759065.1__GCA_905207215.1	98.54	3.0	10.0	0.5062796484519226	0.5131	189	Firmicutes_A	Limiplasma merdipullorum vs Limiplasma merdipullorum	high_ani
GCA_005882515.1__GCA_005885585.1	98.54	3.0	2.0	0.5017270955533686	0.4919	313	Actinobacteriota	AC-51 sp005885035 vs AC-51 sp005885035	high_ani
GCA_016463945.1__GCF_002007905.1	98.53	3.0	3.0	0.8368441591503898	0.83171	20	Chloroflexota	Dehalococcoides mccartyi vs Dehalococcoides mccartyi	high_ani
GCF_902167775.1__GCF_902505515.1	98.53	3.0	21.0	0.541198083678637	0.5401	40	Actinobacteriota	Bifidobacterium infantis vs Bifidobacterium infantis	high_ani
GCA_002332595.1__GCF_006385505.1	98.51	3.0	12.0	0.5735104762241254	0.57208	312	Proteobacteria	Stenotrophomonas indicatrix vs Stenotrophomonas indicatrix	high_ani
GCA_902756615.1__GCA_902793825.1	98.5	3.0	3.0	0.4306901746489489	0.42432	336	Firmicutes_A	Ruminococcus sp900315755 vs Ruminococcus sp900315755	high_ani
GCA_902529525.1__GCA_902587425.1	98.48	3.0	0.0	0.5553631949128645	0.55465	90	Actinobacteriota	UBA8592 sp002703045 vs UBA8592 sp002703045	high_ani
GCA_900549165.1__GCA_905207875.1	98.47	3.0	0.0	0.5189163124925324	0.57062	166	Firmicutes	CAG-605 sp000433475 vs CAG-605 sp000433475	high_ani
GCF_004028055.1__GCF_004054165.1	98.45	3.0	11.0	0.4578561858974032	0.4593	226	Proteobacteria	Rhizobium leguminosarum_J vs Rhizobium leguminosarum_J	high_ani
GCF_001635445.1__GCF_002869505.1	98.44	3.0	15.0	0.6535387988440858	0.64657	415	Proteobacteria	Halioglobus japonicus vs Halioglobus japonicus	high_ani
GCA_900319115.1__GCA_902772275.1	98.42	3.0	10.0	0.3457507458105144	0.34013	78	Bacteroidota	Prevotella sp900317305 vs Prevotella sp900317305	high_ani
GCF_000337435.1__GCF_009856455.1	98.41	3.0	12.0	0.5169097645451902	0.51699	79	Halobacteriota	Halorubrum distributum vs Halorubrum distributum	high_ani
GCA_902756615.1__GCA_902794885.1	98.41	3.0	10.0	0.4881492206114045	0.49106	393	Firmicutes_A	Ruminococcus sp900315755 vs Ruminococcus sp900315755	high_ani
GCA_017420335.1__GCA_902790165.1	98.4	3.0	4.0	0.5359374098744183	0.5518	237	Firmicutes_A	GCA-900199385 sp902764875 vs GCA-900199385 sp902764875	high_ani
GCF_009805845.1__GCF_009805855.1	98.4	3.0	0.0	0.5019034503908635	0.49615	117	Proteobacteria	Spiribacter roseus vs Spiribacter roseus	high_ani
GCA_002250645.1__GCA_002563805.1	98.4	3.0	13.0	0.5107460623625895	0.49703	19	Actinobacteriota	Enemella evansiae vs Enemella evansiae	high_ani
GCA_004553685.1__GCA_004558215.1	98.39	3.0	3.0	0.4986918796057294	0.5051	310	Firmicutes_A	SFEL01 sp004557245 vs SFEL01 sp004557245	high_ani
GCF_000371465.1__GCF_015670125.1	98.39	3.0	12.0	0.1803198584107115	0.15701	46	Firmicutes_A	Clostridium thermobutyricum vs Clostridium thermobutyricum	high_ani
GCA_902789235.1__GCA_902795505.1	98.38	3.0	9.0	0.2918417555166322	0.28709	176	Bacteroidota	Prevotella sp900316475 vs Prevotella sp900316475	high_ani
GCA_014841765.1__GCA_014842315.1	98.37	3.0	9.0	0.6632252815742786	0.66054	35	Proteobacteria	Massilia sp014841595 vs Massilia sp014841595	high_ani
GCA_905612255.1__GCA_905618875.1	98.35	3.0	5.0	0.5552048537876849	0.58091	60	Proteobacteria	Pelagibacter sp905620495 vs Pelagibacter sp905620495	high_ani
GCF_000367445.1__GCF_003208575.1	98.33	3.0	5.0	0.6718308305809829	0.65827	31	Firmicutes	Metamycoplasma alkalescens vs Metamycoplasma alkalescens	high_ani
GCA_014866735.1__GCA_900762975.1	98.32	3.0	9.0	0.4981802494198831	0.49017	373	Firmicutes_A	Ventricola sp900542395 vs Ventricola sp900542395	high_ani
GCA_900771565.1__GCA_905200675.1	98.32	3.0	4.0	0.3975075280066081	0.38607	94	Firmicutes_C	Mitsuokella sp900552565 vs Mitsuokella sp900552565	high_ani
GCF_003480955.1__GCF_003481065.1	98.29	3.0	15.0	0.3023576957722537	0.30347	62	Firmicutes_A	Clostridium_Q fessum vs Clostridium_Q fessum	high_ani
GCA_014865825.1__GCA_018368435.1	98.29	3.0	5.0	0.6173860003888643	0.62437	83	Firmicutes_A	Acetatifactor sp900066565 vs Acetatifactor sp900066565	high_ani
GCF_003289865.1__GCF_008000555.1	98.29	3.0	6.0	0.3698139685393025	0.3873	68	Campylobacterota	Campylobacter lawsonii vs Campylobacter lawsonii	high_ani
GCF_001655035.1__GCF_004308085.1	98.27	3.0	3.0	0.3913355614463235	0.39342	238	Proteobacteria	Hafnia proteus vs Hafnia proteus	high_ani
GCA_900765435.1__GCA_902385565.1	98.25	3.0	5.0	0.7167779356108442	0.70878	49	Firmicutes_A	Ruminococcus_E sp003438075 vs Ruminococcus_E sp003438075	high_ani
GCA_018716545.1__GCA_904419555.1	98.21	3.0	12.0	0.5184324781865028	0.5042	239	Firmicutes_A	Scatomorpha pullicola vs Scatomorpha pullicola	high_ani
GCA_900546405.1__GCA_905192675.1	98.21	3.0	6.0	0.5452511345154855	0.54093	123	Firmicutes_A	UMGS902 sp003343845 vs UMGS902 sp003343845	high_ani
GCA_900761585.1__GCA_905187465.1	98.19	3.0	4.0	0.6127445042588414	0.57041	37	Firmicutes	CAG-605 sp900545005 vs CAG-605 sp900545005	high_ani
GCA_016280785.1__GCA_902759985.1	98.18	3.0	1.0	0.4932507655811526	0.4532	401	Firmicutes_A	NK4A136 sp000421045 vs NK4A136 sp000421045	high_ani
GCA_005885195.1__GCA_005885225.1	98.16	3.0	1.0	0.4873449110528379	0.48603	373	Actinobacteriota	13-2-20CM-68-14 sp005888315 vs 13-2-20CM-68-14 sp005888315	high_ani
GCA_002692375.1__GCA_902594495.1	98.14	3.0	1.0	0.5841634478552551	0.56436	108	Proteobacteria	UBA7326 sp003212315 vs UBA7326 sp003212315	high_ani
GCF_001404815.1__GCF_015556185.1	98.13	3.0	23.0	0.6576393373564601	0.67442	75	Firmicutes_A	Bariatricus comes vs Bariatricus comes	high_ani
GCA_002693245.1__GCA_015664645.1	98.13	3.0	0.0	0.4406088478647818	0.42879	384	Proteobacteria	UBA11791 sp002714255 vs UBA11791 sp002714255	high_ani
GCA_015062785.1__GCF_900103565.1	98.11	3.0	3.0	0.5043905893550057	0.50787	89	Actinobacteriota	Actinomyces ruminicola vs Actinomyces ruminicola	high_ani
GCA_016712215.1__GCA_016722365.1	98.1	3.0	65.0	0.630860834765105	0.61922	30	Proteobacteria	Chakrabartia sp016704425 vs Chakrabartia sp016704425	high_ani
GCF_000754115.1__GCF_003947475.1	98.07	3.0	26.0	0.6885522262567568	0.68012	42	Actinobacteriota	Amycolatopsis japonica vs Amycolatopsis japonica	high_ani
GCA_900542455.1__GCA_905204845.1	98.07	3.0	18.0	0.4467529901316937	0.43867	65	Firmicutes_C	Acidaminococcus sp000437815 vs Acidaminococcus sp000437815	high_ani
GCF_003950435.1__GCF_004801655.1	98.06	3.0	8.0	0.5024476646115659	0.50577	48	Proteobacteria	Sphingomonas olei vs Sphingomonas olei	high_ani
GCF_011378705.1__GCF_015864705.1	98.03	3.0	13.0	0.514974919323252	0.5323	70	Proteobacteria	Pseudoalteromonas arctica vs Pseudoalteromonas arctica	high_ani
GCF_003999335.1__GCF_008868375.1	98.0	3.0	3.0	0.4904801618204744	0.51759	103	Actinobacteriota	Brevibacterium linens vs Brevibacterium linens	high_ani
GCF_007676685.1__GCF_007680665.1	98.0	3.0	3.0	0.41444676088074	0.4224	297	Firmicutes	Paenibacillus polysaccharolyticus vs Paenibacillus polysaccharolyticus	high_ani
GCA_000468855.1__GCA_018371925.1	97.99	3.0	0.0	0.3408118704861739	0.31448	30	Actinobacteriota	Olegusella massiliensis vs Olegusella massiliensis	high_ani
GCA_902406175.1__GCF_000183605.1	97.99	3.0	8.0	0.5341161666104768	0.51947	74	Bacteroidota	Porphyromonas asaccharolytica vs Porphyromonas asaccharolytica	high_ani
GCF_000292285.1__GCF_004345845.1	97.95	3.0	38.0	0.4748810610979265	0.47646	337	Proteobacteria	Pseudomonas_E putida_Q vs Pseudomonas_E putida_Q	high_ani
GCF_000337015.1__GCF_009856205.1	97.93	3.0	3.0	0.612103073605916	0.60791	110	Halobacteriota	Halorubrum distributum vs Halorubrum distributum	high_ani
GCF_014200515.1__GCF_014200545.1	97.9	3.0	18.0	0.5698555216169914	0.56324	54	Bacteroidota	Mucilaginibacter lappiensis vs Mucilaginibacter lappiensis	high_ani
GCA_902559275.1__GCA_902596095.1	97.89	3.0	1.0	0.4145739467951893	0.40657	45	Proteobacteria	D2472 sp902595065 vs D2472 sp902595065	high_ani
GCF_000526895.1__GCF_902728075.1	97.89	3.0	4.0	0.6702073791055769	0.68075	65	Proteobacteria	Bartonella doshiae vs Bartonella doshiae	high_ani
GCF_014201435.1__GCF_902728055.1	97.88	3.0	5.0	0.1650614008878909	0.14722	44	Proteobacteria	Bartonella doshiae vs Bartonella doshiae	high_ani
GCF_002088815.1__GCF_003202815.1	97.83	3.0	3.0	0.49455642156324	0.49541	529	Proteobacteria	Gilliamella apicola vs Gilliamella apicola	high_ani
GCA_017851495.1__GCA_018378145.1	97.81	3.0	4.0	0.5164558296327911	0.53343	472	Firmicutes_A	Blautia_A faecis vs Blautia_A faecis	high_ani
GCF_001608445.1__GCF_016604405.1	97.78	3.0	2.0	0.3811926679816615	0.38284	95	Proteobacteria	Francisella hispaniensis vs Francisella hispaniensis	high_ani
GCA_015228835.1__GCA_015231415.1	97.77	3.0	7.0	0.4661264357358831	0.45381	456	Desulfobacterota	Desulfamplus sp015232465 vs Desulfamplus sp015232465	high_ani
GCA_017435285.1__GCA_017625895.1	97.74	3.0	2.0	0.5143154372686158	0.51386	347	Firmicutes_A	DTU089 sp017937865 vs DTU089 sp017937865	high_ani
GCA_900550435.1__GCF_018917285.1	97.73	3.0	10.0	0.5307114039626395	0.52937	86	Firmicutes_A	Tissierella carlieri vs Tissierella carlieri	high_ani
GCF_001932055.1__GCF_017303085.1	97.7	3.0	1.0	0.5339803911271532	0.53343	181	Proteobacteria	Roseibium aggregatum_A vs Roseibium aggregatum_A	high_ani
GCA_900322065.1__GCA_905205725.1	97.68	3.0	9.0	0.475268014003411	0.48107	323	Firmicutes_A	Ruminococcus_C callidus vs Ruminococcus_C callidus	high_ani
GCA_902772145.1__GCA_902784875.1	97.67	3.0	18.0	0.4896462357003858	0.49913	225	Bacteroidota	UBA4334 sp902801475 vs UBA4334 sp902801475	high_ani
GCA_002353355.1__GCA_017460725.1	97.63	3.0	10.0	0.5606848174708143	0.56852	126	Bacteroidota	Prevotella sp002353225 vs Prevotella sp002353225	high_ani
GCA_002316375.1__GCA_002439445.1	97.6	3.0	7.0	0.4928896454788279	0.50563	388	Firmicutes	Lysinibacillus sp002340205 vs Lysinibacillus sp002340205	high_ani
GCF_005888195.1__GCF_900407605.1	97.55	3.0	7.0	0.3857797445312745	0.36067	96	Proteobacteria	Haemophilus aegyptius vs Haemophilus aegyptius	high_ani
GCA_015656005.1__GCA_904374815.1	97.55	3.0	13.0	0.4819437628548376	0.46147	48	Firmicutes_A	Scybalenecus merdavium vs Scybalenecus merdavium	high_ani
GCF_002285075.1__GCF_002285155.1	97.48	3.0	7.0	0.4015238739116548	0.39971	20	Actinobacteriota	Corynebacterium gottingense vs Corynebacterium gottingense	high_ani
GCA_014848025.1__GCA_905213865.1	97.47	3.0	13.0	0.5266771923223847	0.53166	119	Bacteroidota	Alloprevotella sp900539625 vs Alloprevotella sp900539625	high_ani
GCA_014848065.1__GCF_019127335.1	97.47	3.0	9.0	0.5035674341658155	0.48165	242	Bacteroidota	Prevotella sp900551275 vs Prevotella sp900551275	high_ani
GCF_001541605.1__GCF_001953605.1	97.46	3.0	10.0	0.5816802731910493	0.575	123	Firmicutes	Levilactobacillus brevis vs Levilactobacillus brevis	high_ani
GCA_002428535.1__GCA_018433905.1	97.45	3.0	3.0	0.4946710105909343	0.495	313	Spirochaetota	Sphaerochaeta sp002432715 vs Sphaerochaeta sp002432715	high_ani
GCA_014866525.1__GCA_014866585.1	97.41	3.0	10.0	0.5309883571166865	0.51982	92	Firmicutes_A	UBA11524 sp000437595 vs UBA11524 sp000437595	high_ani
GCF_000424565.1__GCF_900111185.1	97.39	3.0	20.0	0.4532146800486237	0.44312	81	Firmicutes_A	Butyrivibrio fibrisolvens_C vs Butyrivibrio fibrisolvens_C	high_ani
GCA_002287155.1__GCF_000757905.1	97.39	3.0	15.0	0.5059532264800026	0.52862	818	Proteobacteria	Arsenophonus sp000757905 vs Arsenophonus sp000757905	high_ani
GCA_002380835.1__GCF_003660425.1	97.35	3.0	1.0	0.5034335678292792	0.5	696	Firmicutes	Kurthia gibsonii vs Kurthia gibsonii	high_ani
GCA_900551275.1__GCF_019127395.1	97.34	3.0	15.0	0.4800685492096723	0.46412	361	Bacteroidota	Prevotella sp900551275 vs Prevotella sp900551275	high_ani
GCF_001485395.1__GCF_002939035.1	97.32	3.0	2.0	0.6912379639716804	0.70021	176	Proteobacteria	Ralstonia insidiosa vs Ralstonia insidiosa	high_ani
GCA_900469835.1__GCA_900472805.1	97.31	3.0	28.0	0.57471954723608	0.56661	91	Proteobacteria	Neorhizobium sp900469445 vs Neorhizobium sp900469445	high_ani
GCA_016869095.1__GCA_017302665.1	97.3	3.0	8.0	0.5788855458416391	0.55415	74	Proteobacteria	SXXS01 sp903828265 vs SXXS01 sp903828265	high_ani
GCA_018370255.1__GCA_900554245.1	97.29	3.0	5.0	0.4934524884576875	0.49793	88	Firmicutes_A	CAG-245 sp000435175 vs CAG-245 sp000435175	high_ani
GCA_900468955.1__GCA_900469835.1	97.28	3.0	23.0	0.4396887784740504	0.44143	126	Proteobacteria	Neorhizobium sp900469445 vs Neorhizobium sp900469445	high_ani
GCA_001626545.1__GCF_017744235.1	97.26	3.0	6.0	0.5980414973802421	0.60088	14	Proteobacteria	Qipengyuania sp001635685 vs Qipengyuania sp001635685	high_ani
GCF_000706685.1__GCF_002836825.1	97.25	3.0	0.0	0.6742859220685176	0.6642	30	Firmicutes	Staphylococcus xylosus vs Staphylococcus xylosus	high_ani
GCA_015059695.1__GCA_017531965.1	97.24	3.0	14.0	0.5240304310598936	0.52843	361	Bacteroidota	Alistipes sp017437045 vs Alistipes sp017437045	high_ani
GCA_001898665.1__GCA_017307555.1	97.2	3.0	46.0	0.5089051510475385	0.51618	314	Proteobacteria	Acidovorax_C sp001725235 vs Acidovorax_C sp001725235	high_ani
GCF_006505855.1__GCF_016937555.1	97.16	3.0	11.0	0.4848782651349146	0.48986	223	Proteobacteria	Pseudomonas_E fluorescens_C vs Pseudomonas_E fluorescens_C	high_ani
GCA_902759795.1__GCA_902780085.1	97.14	3.0	1.0	0.5413893459870983	0.52984	224	Proteobacteria	UBA1254 sp900313355 vs UBA1254 sp900313355	high_ani
GCA_014869765.1__GCA_905209055.1	97.13	3.0	2.0	0.5435050641906409	0.53789	155	Firmicutes_A	CAG-103 sp900757655 vs CAG-103 sp900757655	high_ani
GCF_004209115.1__GCF_004209125.1	97.08	3.0	7.0	0.4673263659980204	0.46272	242	Proteobacteria	Acinetobacter wuhouensis vs Acinetobacter wuhouensis	high_ani
GCA_014869875.1__GCA_905209055.1	97.07	3.0	7.0	0.5737560594760883	0.57924	123	Firmicutes_A	CAG-103 sp900757655 vs CAG-103 sp900757655	high_ani
GCA_902762175.1__GCA_902779515.1	97.05	3.0	7.0	0.5572440276707818	0.55823	177	Bacteroidota	Prevotella sp900316265 vs Prevotella sp900316265	high_ani
GCA_015232635.1__GCA_015233945.1	97.04	3.0	7.0	0.4077236020594965	0.42048	365	Proteobacteria	HCHbin5 sp002753505 vs HCHbin5 sp002753505	high_ani
GCF_001074295.1__GCF_015551785.1	97.0	3.0	2.0	0.5109958399457732	0.48752	173	Firmicutes	Streptococcus parasanguinis vs Streptococcus parasanguinis	high_ani
GCF_001672365.1__GCF_013170725.1	100.0	2.0	4.0	0.5492517360929093	0.54451	26	Proteobacteria	Mesorhizobium erdmanii vs Mesorhizobium erdmanii	high_ani
GCF_910574985.1__GCF_910576365.1	100.0	2.0	3.0	0.7228883416167613	0.72935	52	Firmicutes_A	Acutalibacter muris vs Acutalibacter muris	high_ani
GCA_902520675.1__GCA_902542605.1	99.99	2.0	0.0	0.4591981829807132	0.46604	19	Proteobacteria	Pelagibacter sp902524345 vs Pelagibacter sp902524345	high_ani
GCF_004524015.1__GCF_004524045.1	99.99	2.0	1.0	0.455044955884962	0.43867	130	Proteobacteria	Aeromonas taiwanensis vs Aeromonas taiwanensis	high_ani
GCF_000237145.1__GCF_002717025.1	99.99	2.0	2.0	0.0584885234898036	0.05776	1	Actinobacteriota	Actinoplanes sp900119315 vs Actinoplanes sp900119315	high_ani
GCA_903837745.1__GCA_903896815.1	99.99	2.0	0.0	0.2971984022155458	0.26761	49	Patescibacteria	C7867-002 sp903842025 vs C7867-002 sp903842025	high_ani
GCA_018381625.1__GCF_017566165.1	99.99	2.0	1.0	0.4972848544994191	0.50123	840	Bacteroidota	CABJAA01 sp003150885 vs CABJAA01 sp003150885	high_ani
GCF_014697245.1__GCF_014697285.1	99.99	2.0	2.0	0.0514436128919781	0.05226	87	Cyanobacteria	Leptolyngbya boryana vs Leptolyngbya boryana	high_ani
GCA_901457695.2__GCA_901457725.1	99.99	2.0	0.0	1.8171982437477896e-05	0.0	53	Proteobacteria	RH-AL1 sp901457705 vs RH-AL1 sp901457705	high_ani
GCA_902530005.1__GCA_902561375.1	99.99	2.0	2.0	0.5122519045936715	0.55696	65	Proteobacteria	HIMB59 sp902621205 vs HIMB59 sp902621205	high_ani
GCA_903820925.1__GCA_903860705.1	99.99	2.0	4.0	0.4175177368148244	0.41924	382	Margulisbacteria	CAIWAN01 sp903910705 vs CAIWAN01 sp903910705	high_ani
GCF_000012525.1__GCF_000817325.1	99.99	2.0	2.0	0.9309953978424396	0.93325	3	Cyanobacteria	Synechococcus elongatus vs Synechococcus elongatus	high_ani
GCA_000953195.1__GCF_900444665.1	99.99	2.0	0.0	0.0006212307172757	0.0	2	Firmicutes	Acholeplasma oculi vs Acholeplasma oculi	high_ani
GCF_014697225.1__GCF_014697285.1	99.99	2.0	2.0	0.5727257229650738	0.58388	87	Cyanobacteria	Leptolyngbya boryana vs Leptolyngbya boryana	high_ani
GCA_902591435.1__GCA_902596395.1	99.98	2.0	0.0	0.3970301108499761	0.37784	37	Proteobacteria	Pelagibacter sp902526645 vs Pelagibacter sp902526645	high_ani
GCF_000163875.1__GCF_015767855.1	99.98	2.0	1.0	0.9492308262944044	0.95095	279	Actinobacteriota	Streptomyces clavuligerus vs Streptomyces clavuligerus	high_ani
GCF_000175995.1__GCF_001471395.2	99.97	2.0	25.0	0.6161021096023223	0.63636	74	Proteobacteria	Vibrio mimicus vs Vibrio mimicus	high_ani
GCF_900197835.1__GCF_900450885.1	99.97	2.0	8.0	0.3705799583309193	0.36881	85	Campylobacterota	Helicobacter_A muridarum vs Helicobacter_A muridarum	high_ani
GCA_019120015.1__GCA_904419565.1	99.97	2.0	2.0	0.6283827318916726	0.62958	34	Firmicutes_A	Anaerostipes butyraticus vs Anaerostipes butyraticus	high_ani
GCA_903874165.1__GCA_903896955.1	99.97	2.0	0.0	0.5137202902611351	0.50326	172	Patescibacteria	C7867-002 sp903872035 vs C7867-002 sp903872035	high_ani
GCF_902170705.1__GCF_902170775.1	99.97	2.0	3.0	0.5523831928516968	0.54849	149	Proteobacteria	Yersinia canariae vs Yersinia canariae	high_ani
GCF_000275605.1__GCF_008245085.1	99.97	2.0	2.0	0.3162566313613916	0.3141	1	Methanobacteriota_B	Pyrococcus furiosus vs Pyrococcus furiosus	high_ani
GCF_900706845.1__GCF_902385615.1	99.97	2.0	6.0	0.70139140399843	0.69062	39	Proteobacteria	Leminorella grimontii vs Leminorella grimontii	high_ani
GCF_014875845.1__GCF_014875965.1	99.96	2.0	5.0	0.5311455509747371	0.53793	206	Deinococcota	Deinococcus wulumuqiensis vs Deinococcus wulumuqiensis	high_ani
GCF_000093065.1__GCF_014879315.1	99.96	2.0	0.0	0.02833886090188	0.00261	2	Proteobacteria	Riesia pediculicola vs Riesia pediculicola	high_ani
GCA_903829055.1__GCA_903874865.1	99.96	2.0	1.0	0.4253712697547964	0.41613	145	Proteobacteria	CAIVHB01 sp903893215 vs CAIVHB01 sp903893215	high_ani
GCA_902406395.1__GCA_905208225.1	99.95	2.0	0.0	0.4583509658454194	0.45316	169	Firmicutes_A	Metalachnospira sp900546215 vs Metalachnospira sp900546215	high_ani
GCA_016717845.1__GCA_018002605.1	99.94	2.0	1.0	0.4664110680522457	0.48005	132	Proteobacteria	JAGNKE01 sp018000295 vs JAGNKE01 sp018000295	high_ani
GCF_000317265.1__GCF_003990575.1	99.94	2.0	16.0	0.5169128088890111	0.52111	188	Cyanobacteria	Chlorogloeopsis fritschii vs Chlorogloeopsis fritschii	high_ani
GCF_003086195.1__GCF_900076365.1	99.94	2.0	18.0	0.6139898132280036	0.61896	104	Proteobacteria	Enterobacter chengduensis vs Enterobacter chengduensis	high_ani
GCA_001556165.1__GCF_001556735.1	99.93	2.0	8.0	0.4714478368210612	0.46376	719	Proteobacteria	Sphingomonas ginsenosidimutans vs Sphingomonas ginsenosidimutans	high_ani
GCA_016717845.1__GCA_018000175.1	99.93	2.0	8.0	0.5502226133654787	0.5518	45	Proteobacteria	JAGNKE01 sp018000295 vs JAGNKE01 sp018000295	high_ani
GCA_018895545.1__GCA_018898375.1	99.93	2.0	1.0	0.3440914386690131	0.35032	203	Actinobacteriota	JAHIPE01 sp018896525 vs JAHIPE01 sp018896525	high_ani
GCA_018665205.1__GCA_018703045.1	99.92	2.0	1.0	0.4514116597604684	0.45438	720	Proteobacteria	SP197 sp018700655 vs SP197 sp018700655	high_ani
GCA_002350285.1__GCA_002481225.1	99.92	2.0	3.0	0.4863092796258809	0.48248	60	Cyanobacteria	UBA2813 sp900319365 vs UBA2813 sp900319365	high_ani
GCA_000998355.1__GCA_001780935.1	99.92	2.0	0.0	0.4565445975513897	0.46037	93	Patescibacteria	GWA2-43-14 sp001779315 vs GWA2-43-14 sp001779315	high_ani
GCF_001702155.1__GCF_001702195.1	99.92	2.0	3.0	0.0490409019914096	0.03942	9	Firmicutes	Secundilactobacillus paracollinoides vs Secundilactobacillus paracollinoides	high_ani
GCF_001014685.1__GCF_001922405.1	99.91	2.0	0.0	0.4815880069093881	0.47809	80	Firmicutes	Staphylococcus condimenti vs Staphylococcus condimenti	high_ani
GCA_903835625.1__GCF_001556735.1	99.9	2.0	10.0	0.5096631441368037	0.50798	719	Proteobacteria	Sphingomonas ginsenosidimutans vs Sphingomonas ginsenosidimutans	high_ani
GCA_002373315.1__GCA_002394445.1	99.88	2.0	2.0	0.496290074686425	0.50824	179	Bacteroidota	RF16 sp002449665 vs RF16 sp002449665	high_ani
GCA_902614175.1__GCA_902617085.1	99.88	2.0	1.0	0.4941509994073772	0.53448	42	Proteobacteria	HIMB59 sp902546975 vs HIMB59 sp902546975	high_ani
GCF_001481595.1__GCF_001560755.1	99.88	2.0	0.0	0.9998887872246852	1.0	6	Thermoproteota	Sulfolobus acidocaldarius vs Sulfolobus acidocaldarius	high_ani
GCF_016837165.1__GCF_016837225.1	99.86	2.0	1.0	0.4190080527097807	0.41981	133	Proteobacteria	Cysteiniphilum marinum vs Cysteiniphilum marinum	high_ani
GCF_016837205.1__GCF_016837235.1	99.86	2.0	2.0	0.4595231440192819	0.45579	139	Proteobacteria	Cysteiniphilum marinum vs Cysteiniphilum marinum	high_ani
GCF_001438685.1__GCF_002907065.1	99.85	2.0	0.0	0.5114272040761149	0.48163	40	Firmicutes	Fructilactobacillus lindneri vs Fructilactobacillus lindneri	high_ani
GCF_000364325.1__GCF_900105895.1	99.85	2.0	2.0	0.9202496448233848	0.93158	3	Actinobacteriota	Atopobium minutum vs Atopobium minutum	high_ani
GCF_002162115.1__GCF_016019785.1	99.84	2.0	3.0	0.1405291243726307	0.13915	8	Actinobacteriota	Corynebacterium silvaticum vs Corynebacterium silvaticum	high_ani
GCA_900468955.1__GCA_900472805.1	99.83	2.0	7.0	0.4505510356880365	0.46414	126	Proteobacteria	Neorhizobium sp900469445 vs Neorhizobium sp900469445	high_ani
GCF_002095765.1__GCF_002095895.1	99.83	2.0	4.0	0.0123910725297893	0.00704	85	Firmicutes	Lentilactobacillus parabuchneri vs Lentilactobacillus parabuchneri	high_ani
GCA_910575925.1__GCF_000701605.1	99.82	2.0	1.0	0.4583508729133633	0.44852	194	Firmicutes	Niallia sp001076885 vs Niallia sp001076885	high_ani
GCF_000046685.1__GCF_000708945.1	99.82	2.0	2.0	0.4868083961111999	0.508	27	Proteobacteria	Bartonella quintana vs Bartonella quintana	high_ani
GCF_000046685.1__GCF_000708905.1	99.81	2.0	2.0	0.5217400491236877	0.52803	23	Proteobacteria	Bartonella quintana vs Bartonella quintana	high_ani
GCA_019263645.1__GCA_019263685.1	99.81	2.0	3.0	0.5222924012083737	0.52757	655	Actinobacteriota	Pseudonocardia sp019263585 vs Pseudonocardia sp019263585	high_ani
GCA_015490595.1__GCA_015492235.1	99.79	2.0	0.0	0.485538412537032	0.4778	287	Desulfobacterota	Thermosulfuriphilus ammonigenes vs Thermosulfuriphilus ammonigenes	high_ani
GCF_016649265.1__GCF_905220755.1	99.78	2.0	1.0	0.4264524128270568	0.41902	129	Proteobacteria	Paraburkholderia sp905220835 vs Paraburkholderia sp905220835	high_ani
GCF_002923025.1__GCF_013337655.1	99.78	2.0	9.0	0.4804628227535543	0.49225	44	Proteobacteria	Lelliottia jeotgali vs Lelliottia jeotgali	high_ani
GCA_018692235.1__GCA_018696855.1	99.78	2.0	0.0	0.4684137870954555	0.47878	332	Planctomycetota	QNYK01 sp018694835 vs QNYK01 sp018694835	high_ani
GCA_002350285.1__GCA_002472355.1	99.77	2.0	6.0	0.3785760600201923	0.38486	151	Cyanobacteria	UBA2813 sp900319365 vs UBA2813 sp900319365	high_ani
GCA_019239615.1__GCA_019244155.1	99.76	2.0	2.0	0.4511133674498537	0.44519	98	Proteobacteria	Allosphingosinicella sp019232625 vs Allosphingosinicella sp019232625	high_ani
GCA_001769435.1__GCA_003499665.1	99.76	2.0	3.0	0.4599040654127373	0.44296	599	Bacteroidota	GWF2-33-38 sp001769505 vs GWF2-33-38 sp001769505	high_ani
GCF_000526615.1__GCF_003722135.1	99.75	2.0	11.0	0.6625521840686854	0.66127	119	Proteobacteria	Paracoccus pantotrophus vs Paracoccus pantotrophus	high_ani
GCA_002170155.1__GCA_902538015.1	99.75	2.0	0.0	0.4445388525030475	0.48394	50	Proteobacteria	GCA-2691145 sp002691145 vs GCA-2691145 sp002691145	high_ani
GCA_900066495.1__GCF_900604535.1	99.75	2.0	4.0	0.320140883482511	0.30603	43	Firmicutes_A	GCA-900066495 sp900066495 vs GCA-900066495 sp900066495	high_ani
GCF_014230485.1__GCF_900461245.1	99.74	2.0	12.0	0.4861187313255072	0.47759	69	Firmicutes_A	Clostridium_AO tetanomorphum vs Clostridium_AO tetanomorphum	high_ani
GCA_001769395.1__GCA_001769745.1	99.73	2.0	3.0	0.4221935193172271	0.40641	750	Bacteroidota	GWF2-35-48 sp001769125 vs GWF2-35-48 sp001769125	high_ani
GCF_005233685.1__GCF_900005935.1	99.72	2.0	1.0	0.3842300080367922	0.37995	58	Proteobacteria	Pseudomonas_E sp900005815 vs Pseudomonas_E sp900005815	high_ani
GCA_018374675.1__GCA_905212535.1	99.72	2.0	4.0	0.524919601110845	0.51997	405	Firmicutes_A	Anaeromassilibacillus sp001305115 vs Anaeromassilibacillus sp001305115	high_ani
GCA_903863355.1__GCA_903889345.1	99.72	2.0	5.0	0.4717722576412518	0.4692	541	Verrucomicrobiota	CAIMTB01 sp903844265 vs CAIMTB01 sp903844265	high_ani
GCF_013034445.1__GCF_013110875.1	99.72	2.0	22.0	0.3740524314251263	0.36742	28	Proteobacteria	Ruegeria sp013112245 vs Ruegeria sp013112245	high_ani
GCA_910575925.1__GCA_910576265.1	99.69	2.0	3.0	0.4246644723887626	0.41859	194	Firmicutes	Niallia sp001076885 vs Niallia sp001076885	high_ani
GCA_018054145.1__GCA_018058725.1	99.67	2.0	0.0	0.4815700821763596	0.4855	323	Bacteroidota	Alistipes onderdonkii vs Alistipes onderdonkii	high_ani
GCA_001805735.1__GCA_003508135.1	99.66	2.0	0.0	0.5335155764174082	0.55456	390	Omnitrophota	UBA9649 sp001804415 vs UBA9649 sp001804415	high_ani
GCA_004115465.1__GCA_905212415.1	99.66	2.0	3.0	0.5148944194830697	0.50666	157	Bacteroidota	Amulumruptor caecigallinarius vs Amulumruptor caecigallinarius	high_ani
GCF_011759615.1__GCF_012932485.1	99.65	2.0	0.0	0.3954658773900141	0.39891	9	Bacteroidota	Pedobacter sp011759615 vs Pedobacter sp011759615	high_ani
GCF_000518005.1__GCF_001955615.1	99.64	2.0	1.0	0.5917206613785941	0.56987	47	Firmicutes	Viridibacillus arenosi vs Viridibacillus arenosi	high_ani
GCF_002902745.1__GCF_017368615.1	99.58	2.0	0.0	0.4347147885208456	0.40656	436	Firmicutes	Staphylococcus nepalensis vs Staphylococcus nepalensis	high_ani
GCF_003260285.1__GCF_012999505.1	99.57	2.0	6.0	0.9434278715054358	0.94236	447	Proteobacteria	Salifodinibacter halophilus vs Salifodinibacter halophilus	high_ani
GCF_002095695.1__GCF_002095895.1	99.56	2.0	8.0	0.0145316457186539	0.00549	85	Firmicutes	Lentilactobacillus parabuchneri vs Lentilactobacillus parabuchneri	high_ani
GCA_910575785.1__GCA_910585185.1	99.56	2.0	5.0	0.4565448958248153	0.46643	482	Firmicutes_A	1XD42-69 sp009911505 vs 1XD42-69 sp009911505	high_ani
GCA_017886625.1__GCA_019117385.1	99.54	2.0	3.0	0.5197163700614558	0.51129	173	Firmicutes_A	Eisenbergiella pullicola vs Eisenbergiella pullicola	high_ani
GCF_002860245.1__GCF_003944805.1	99.5	2.0	2.0	0.6108971389168396	0.61618	133	Firmicutes	Bacillus_BJ canaveralius vs Bacillus_BJ canaveralius	high_ani
GCA_013001175.1__GCA_018677255.1	99.5	2.0	0.0	0.4774800873173329	0.47809	407	Proteobacteria	UBA7434 sp004283095 vs UBA7434 sp004283095	high_ani
GCF_002076915.1__GCF_014646495.1	99.49	2.0	2.0	0.9860253483555026	0.9886	14	Actinobacteriota	Actinomyces gaoshouyii vs Actinomyces gaoshouyii	high_ani
GCA_004283095.1__GCA_018677255.1	99.49	2.0	0.0	0.5023285122136127	0.49545	511	Proteobacteria	UBA7434 sp004283095 vs UBA7434 sp004283095	high_ani
GCF_001838545.1__GCF_904423875.1	99.49	2.0	10.0	0.532960429297345	0.51804	228	Firmicutes	Bacillus_P idriensis vs Bacillus_P idriensis	high_ani
GCF_011682035.1__GCF_018067475.1	99.48	2.0	2.0	0.4172226628027344	0.42192	163	Proteobacteria	Providencia rettgeri_A vs Providencia rettgeri_A	high_ani
GCA_018696255.1__GCA_018700315.1	99.48	2.0	3.0	0.4844595579243356	0.48885	609	Proteobacteria	PTKB01 sp018666805 vs PTKB01 sp018666805	high_ani
GCF_015732255.1__GCF_015732325.1	99.47	2.0	13.0	0.5615481444409057	0.56206	163	Firmicutes_C	Pectinatus frisingensis vs Pectinatus frisingensis	high_ani
GCA_018372155.1__GCF_018403165.1	99.46	2.0	1.0	0.4957630679280164	0.49399	210	Firmicutes	Paenibacillus_A macerans vs Paenibacillus_A macerans	high_ani
GCA_003553145.1__GCA_003557985.1	99.45	2.0	2.0	0.4715139768611465	0.45914	464	Actinobacteriota	T1Sed10-7 sp003554005 vs T1Sed10-7 sp003554005	high_ani
GCF_000482345.1__GCF_002560575.1	99.45	2.0	7.0	0.4585537448317584	0.46023	194	Firmicutes	Bacillus_A cereus_AW vs Bacillus_A cereus_AW	high_ani
GCA_018372155.1__GCF_003864435.1	99.44	2.0	0.0	0.4846386011348448	0.48933	210	Firmicutes	Paenibacillus_A macerans vs Paenibacillus_A macerans	high_ani
GCA_018814905.1__GCA_018824685.1	99.43	2.0	2.0	0.4836955910137255	0.4739	677	Desulfobacterota	Desulfacyla sp014382905 vs Desulfacyla sp014382905	high_ani
GCA_002343245.1__GCA_016713455.1	99.43	2.0	21.0	0.5189670909899484	0.51223	391	Bacteroidota	UBA2353 sp002344005 vs UBA2353 sp002344005	high_ani
GCF_002915765.1__GCF_005154665.1	99.42	2.0	7.0	0.2169334151030797	0.21845	18	Firmicutes	Listeria monocytogenes_B vs Listeria monocytogenes_B	high_ani
GCF_001901345.1__GCF_001901355.1	99.42	2.0	5.0	0.3986929029445162	0.39587	101	Proteobacteria	Pseudomonas_E versuta vs Pseudomonas_E versuta	high_ani
GCF_000407525.1__GCF_001544115.1	99.4	2.0	0.0	0.5941026753372755	0.58578	144	Firmicutes	Enterococcus_A raffinosus vs Enterococcus_A raffinosus	high_ani
GCA_013316485.1__GCA_910585675.1	99.36	2.0	6.0	0.4739560857297361	0.47142	104	Desulfobacterota_I	Desulfovibrio sp009773975 vs Desulfovibrio sp009773975	high_ani
GCA_013360885.1__GCA_014338295.1	99.35	2.0	2.0	0.4587844290530466	0.45798	380	Planctomycetota	Jettenia caeni vs Jettenia caeni	high_ani
GCA_910577625.1__GCF_900157005.1	99.34	2.0	11.0	0.5075782040204387	0.50383	64	Deferribacterota	Mucispirillum schaedleri vs Mucispirillum schaedleri	high_ani
GCA_900540355.1__GCA_900759275.1	99.32	2.0	7.0	0.4933110232183079	0.48224	179	Firmicutes_A	Intestinibacter sp900540355 vs Intestinibacter sp900540355	high_ani
GCF_002931955.1__GCF_002932675.1	99.32	2.0	7.0	0.43172868566468	0.43113	101	Actinobacteriota	Rathayibacter rathayi vs Rathayibacter rathayi	high_ani
GCA_008363445.1__GCA_013360885.1	99.3	2.0	5.0	0.4851180825248313	0.49507	380	Planctomycetota	Jettenia caeni vs Jettenia caeni	high_ani
GCA_004562585.1__GCA_905206095.1	99.28	2.0	0.0	0.4732111175225746	0.47318	115	Firmicutes_A	Limivicinus sp900549645 vs Limivicinus sp900549645	high_ani
GCF_002860225.1__GCF_002860245.1	99.26	2.0	4.0	0.5309604633153993	0.51868	117	Firmicutes	Bacillus_BJ canaveralius vs Bacillus_BJ canaveralius	high_ani
GCA_903933865.1__GCA_903952425.1	99.24	2.0	1.0	0.5171263698131826	0.51241	385	Bacteroidota	CAIKLP01 sp903951325 vs CAIKLP01 sp903951325	high_ani
GCF_001460955.1__GCF_002007845.1	99.23	2.0	3.0	0.1264832950786587	0.11432	6	Chloroflexota	Dehalococcoides mccartyi_B vs Dehalococcoides mccartyi_B	high_ani
GCF_017052095.1__GCF_017052135.1	99.23	2.0	8.0	0.0021944620903045	0.00113	37	Proteobacteria	Pantoea stewartii vs Pantoea stewartii	high_ani
GCA_016706525.1__GCA_016712915.1	99.22	2.0	46.0	0.6172730666232428	0.629	30	Proteobacteria	Rubrivivax sp016709385 vs Rubrivivax sp016709385	high_ani
GCA_018380915.1__GCF_001005065.1	99.2	2.0	3.0	0.4728992905437457	0.48454	101	Actinobacteriota	Bifidobacterium scardovii vs Bifidobacterium scardovii	high_ani
GCA_900752915.1__GCA_905208865.1	99.19	2.0	0.0	0.489069517043363	0.47892	290	Proteobacteria	Parasutterella sp009767915 vs Parasutterella sp009767915	high_ani
GCA_001305095.1__GCA_905207965.1	99.19	2.0	9.0	0.4426363210678248	0.43548	429	Firmicutes_A	Phocea massiliensis vs Phocea massiliensis	high_ani
GCA_903905525.1__GCA_903921315.1	99.18	2.0	3.0	0.5039607185618304	0.50923	371	Campylobacterota	CAITKP01 sp903892995 vs CAITKP01 sp903892995	high_ani
GCA_905373865.1__GCF_000293155.1	99.17	2.0	0.0	0.5187421545977466	0.50242	44	Firmicutes_A	Mogibacterium timidum vs Mogibacterium timidum	high_ani
GCF_001887285.1__GCF_005491085.2	99.17	2.0	6.0	0.9999162135240716	0.99982	2	Actinobacteriota	Microbacterium arborescens vs Microbacterium arborescens	high_ani
GCF_001476355.1__GCF_017051945.1	99.16	2.0	6.0	0.6437647898918893	0.64481	51	Proteobacteria	Pantoea stewartii vs Pantoea stewartii	high_ani
GCA_902581555.1__GCA_902636175.1	99.16	2.0	0.0	0.4234407203141012	0.36791	42	Proteobacteria	CACNYO01 sp902596665 vs CACNYO01 sp902596665	high_ani
GCA_900752915.1__GCA_910585975.1	99.15	2.0	1.0	0.555103220915678	0.55556	290	Proteobacteria	Parasutterella sp009767915 vs Parasutterella sp009767915	high_ani
GCF_018618505.1__GCF_018618595.1	99.15	2.0	0.0	0.4231194521189071	0.42601	42	Firmicutes	Exiguobacterium_A oxidotolerans vs Exiguobacterium_A oxidotolerans	high_ani
GCF_001685035.1__GCF_006408365.1	99.15	2.0	0.0	0.8195980938125582	0.79528	20	Firmicutes	Pradoshia sp001685035 vs Pradoshia sp001685035	high_ani
GCA_900759585.1__GCA_905209645.1	99.15	2.0	2.0	0.5832087109122444	0.58198	52	Firmicutes_A	UMGS1370 sp900542035 vs UMGS1370 sp900542035	high_ani
GCA_900763455.1__GCA_905211365.1	99.14	2.0	15.0	0.4218180964169374	0.42155	123	Bacteroidota	Egerieousia sp900544815 vs Egerieousia sp900544815	high_ani
GCA_905373865.1__GCF_013394805.1	99.13	2.0	5.0	0.3451483984366398	0.32759	21	Firmicutes_A	Mogibacterium timidum vs Mogibacterium timidum	high_ani
GCA_903945695.1__GCA_903958905.1	99.11	2.0	15.0	0.5013798074199073	0.49692	563	Actinobacteriota	F1-60-MAGs149 sp903960645 vs F1-60-MAGs149 sp903960645	high_ani
GCA_018362815.1__GCF_010892375.1	99.11	2.0	7.0	0.5111210882961936	0.51975	68	Firmicutes	WM01 sp013874835 vs WM01 sp013874835	high_ani
GCA_014237205.1__GCA_016841465.1	99.09	2.0	7.0	0.5204546945669921	0.50616	702	Desulfobacterota	JABZFP01 sp014237395 vs JABZFP01 sp014237395	high_ani
GCA_012839985.1__GCA_018433175.1	99.09	2.0	0.0	0.4674929298861054	0.44603	365	Bacteroidota	Petrimonas sp001898165 vs Petrimonas sp001898165	high_ani
GCA_002386485.1__GCA_002437745.1	99.09	2.0	6.0	0.3858030257104818	0.35514	112	Proteobacteria	Enterousia sp002437665 vs Enterousia sp002437665	high_ani
GCA_015659065.1__GCA_015664875.1	99.09	2.0	0.0	0.4921641582904614	0.49714	459	Proteobacteria	Casp-alpha2 sp002938075 vs Casp-alpha2 sp002938075	high_ani
GCA_001918475.1__GCA_005877475.1	99.09	2.0	0.0	0.471153873900217	0.43657	134	Thermoproteota	Nitrosotalea sp001917995 vs Nitrosotalea sp001917995	high_ani
GCF_001526385.1__GCF_001532725.1	99.08	2.0	7.0	0.4692494222696108	0.4709	85	Proteobacteria	Burkholderia territorii vs Burkholderia territorii	high_ani
GCA_009808295.1__GCF_001436795.1	99.06	2.0	9.0	0.4412813625353307	0.45718	18	Firmicutes	Pediococcus acidilactici vs Pediococcus acidilactici	high_ani
GCF_001715725.1__GCF_001715775.1	99.05	2.0	0.0	0.3961360077611737	0.40454	130	Firmicutes	Brochothrix thermosphacta vs Brochothrix thermosphacta	high_ani
GCA_905233155.1__GCA_905234335.1	99.05	2.0	14.0	0.4238829648272722	0.40238	440	Firmicutes_C	UBA9786 sp902785705 vs UBA9786 sp902785705	high_ani
GCA_017888015.1__GCA_019120015.1	99.05	2.0	3.0	0.6563129557934742	0.63277	95	Firmicutes_A	Anaerostipes butyraticus vs Anaerostipes butyraticus	high_ani
GCA_902787535.1__GCA_902790225.1	99.04	2.0	3.0	0.3943435150244632	0.40227	270	Bacteroidota	RF16 sp902785805 vs RF16 sp902785805	high_ani
GCA_003510855.1__GCA_014764115.1	99.02	2.0	31.0	0.4671192067507598	0.46714	841	Proteobacteria	Stenotrophomonas maltophilia_AO vs Stenotrophomonas maltophilia_AO	high_ani
GCA_016710025.1__GCA_017988555.1	99.02	2.0	10.0	0.492413598564946	0.48494	317	Bacteroidota	OLB9 sp016718205 vs OLB9 sp016718205	high_ani
GCA_018362875.1__GCA_905193895.1	99.0	2.0	7.0	0.5380542835371078	0.55607	78	Proteobacteria	Turicimonas muris vs Turicimonas muris	high_ani
GCF_002075365.1__GCF_018274665.1	98.99	2.0	18.0	0.5639002858885872	0.56061	107	Firmicutes	Anoxybacillus_A rupiensis vs Anoxybacillus_A rupiensis	high_ani
GCF_000733145.1__GCF_002892425.1	98.99	2.0	4.0	0.6333494935461658	0.63445	31	Firmicutes_A	Mageeibacillus indolicus vs Mageeibacillus indolicus	high_ani
GCA_003762805.1__GCA_009775475.1	98.98	2.0	9.0	0.4568715395649831	0.46194	142	Bacteroidota	Duncaniella muris vs Duncaniella muris	high_ani
GCA_003762755.1__GCA_009775475.1	98.97	2.0	9.0	0.4732591240031983	0.47757	117	Bacteroidota	Duncaniella muris vs Duncaniella muris	high_ani
GCF_002937035.1__GCF_007989485.1	98.96	2.0	22.0	0.3959736963706103	0.40059	161	Proteobacteria	Paracoccus denitrificans vs Paracoccus denitrificans	high_ani
GCF_006149135.1__GCF_013693595.1	98.96	2.0	9.0	0.6949565975607918	0.69682	83	Proteobacteria	Salmonella bongori vs Salmonella bongori	high_ani
GCA_003516525.1__GCF_001598955.1	98.95	2.0	9.0	0.5360645325290292	0.5406	267	Actinobacteriota	Janibacter terrae vs Janibacter terrae	high_ani
GCA_002839685.1__GCF_012933645.1	98.95	2.0	0.0	0.5202248733692088	0.50146	534	Methanobacteriota	Methanobacterium subterraneum vs Methanobacterium subterraneum	high_ani
GCA_018713965.1__GCA_905213845.1	98.95	2.0	3.0	0.5437737714417332	0.53224	255	Firmicutes_A	Aphodomorpha intestinavium vs Aphodomorpha intestinavium	high_ani
GCA_902770155.1__GCA_902798345.1	98.93	2.0	2.0	0.5753847582227628	0.54784	66	Bacteroidota	RF16 sp902778935 vs RF16 sp902778935	high_ani
GCA_902530005.1__GCA_902623925.1	98.93	2.0	2.0	0.4894841203040027	0.46792	65	Proteobacteria	HIMB59 sp902621205 vs HIMB59 sp902621205	high_ani
GCA_019234735.1__GCA_019236045.1	98.92	2.0	0.0	0.4958630829075418	0.48311	447	Eremiobacterota	JAFAHZ01 sp019236975 vs JAFAHZ01 sp019236975	high_ani
GCA_003497385.1__GCA_902802235.1	98.9	2.0	0.0	0.4825543116014674	0.48131	257	Spirochaetota	Treponema_D sp003455655 vs Treponema_D sp003455655	high_ani
GCA_902756215.1__GCA_902779585.1	98.89	2.0	0.0	0.342121242147401	0.34939	53	Firmicutes_A	RUG115 sp900315735 vs RUG115 sp900315735	high_ani
GCA_018222465.1__GCF_008274645.2	98.89	2.0	1.0	0.4910113914820529	0.48311	809	Bacteroidota	Cyclobacterium marinum vs Cyclobacterium marinum	high_ani
GCF_015552165.1__GCF_016899655.1	98.88	2.0	6.0	0.3973162961509906	0.39103	59	Firmicutes	Faecalitalea cylindroides vs Faecalitalea cylindroides	high_ani
GCF_002252865.1__GCF_005435235.1	98.87	2.0	12.0	0.4867137180150238	0.49508	86	Halobacteriota	Halorubrum ezzemoulense vs Halorubrum ezzemoulense	high_ani
GCF_900101275.1__GCF_900110905.1	98.87	2.0	0.0	0.4691115613546759	0.46414	59	Proteobacteria	Basfia succiniciproducens vs Basfia succiniciproducens	high_ani
GCA_004768385.1__GCA_004768435.1	98.86	2.0	0.0	0.5306868290596956	0.52183	789	Cyanobacteria	Aphanocapsa_A feldmannii vs Aphanocapsa_A feldmannii	high_ani
GCA_000436935.1__GCA_900538615.1	98.85	2.0	9.0	0.4925018035190305	0.49565	264	Firmicutes_A	Blautia stercoris vs Blautia stercoris	high_ani
GCA_016702775.1__GCA_016708545.1	98.85	2.0	11.0	0.5719353018187107	0.56772	34	Bacteroidota	OLB11 sp016711825 vs OLB11 sp016711825	high_ani
GCF_001422425.1__GCF_001424745.1	98.84	2.0	17.0	0.2119600039644262	0.20998	46	Proteobacteria	Methylobacterium sp001423295 vs Methylobacterium sp001423295	high_ani
GCF_900108885.1__GCF_900108965.1	98.84	2.0	30.0	0.4873951629403563	0.48451	249	Proteobacteria	Azotobacter beijerinckii vs Azotobacter beijerinckii	high_ani
GCA_019115885.1__GCA_904376945.1	98.84	2.0	9.0	0.4994170254428432	0.51932	82	Firmicutes_A	Borkfalkia excrementigallinarum vs Borkfalkia excrementigallinarum	high_ani
GCA_900758175.1__GCA_905204825.1	98.83	2.0	6.0	0.4451886791419023	0.44266	128	Firmicutes_A	SFHK01 sp004556395 vs SFHK01 sp004556395	high_ani
GCF_012396205.1__GCF_018917805.1	98.82	2.0	18.0	0.5458711433369567	0.54167	335	Actinobacteriota	Cellulomonas hominis vs Cellulomonas hominis	high_ani
GCA_016405405.1__GCA_905213015.1	98.81	2.0	2.0	0.5635537435964186	0.58718	220	Bacteroidota	Duncaniella dubosii vs Duncaniella dubosii	high_ani
GCA_900548825.1__GCA_905206125.1	98.81	2.0	1.0	0.420889998176932	0.4354	168	Firmicutes_A	Coprococcus_A sp900548825 vs Coprococcus_A sp900548825	high_ani
GCF_003382585.2__GCF_003382625.2	98.8	2.0	10.0	0.6075965887104883	0.6021	167	Proteobacteria	Pectobacterium aquaticum vs Pectobacterium aquaticum	high_ani
GCA_002753595.1__GCA_015232685.1	98.8	2.0	4.0	0.5095019437232371	0.51994	262	Proteobacteria	UBA8363 sp015228975 vs UBA8363 sp002753515	high_ani
GCA_012843125.1__GCF_002300185.1	98.78	2.0	8.0	0.1872795518573533	0.18619	18	Actinobacteriota	Rhodococcus globerulus vs Rhodococcus globerulus	high_ani
GCA_900765695.1__GCA_905208225.1	98.77	2.0	1.0	0.4962040189484073	0.50382	419	Firmicutes_A	Metalachnospira sp900546215 vs Metalachnospira sp900546215	high_ani
GCA_900768155.1__GCA_905188115.1	98.76	2.0	6.0	0.5863821589797478	0.59347	121	Firmicutes_A	UMGS692 sp900544545 vs UMGS692 sp900544545	high_ani
GCA_900317145.1__GCA_902762965.1	98.76	2.0	1.0	0.4653004822889759	0.47921	156	Firmicutes_A	RUG306 sp900316075 vs RUG306 sp900316075	high_ani
GCA_008011925.1__GCA_017997765.1	98.76	2.0	5.0	0.4722516538825581	0.46618	372	Proteobacteria	Zoogloea sp008011925 vs Zoogloea sp008011925	high_ani
GCA_900761175.1__GCA_905213195.1	98.75	2.0	2.0	0.4325426325870153	0.42044	159	Firmicutes_A	Borkfalkia ceftriaxoniphila vs Borkfalkia ceftriaxoniphila	high_ani
GCA_016707695.1__GCA_016717775.1	98.75	2.0	13.0	0.3235555409148884	0.31104	20	Bacteroidota	UBA3362 sp016710265 vs UBA3362 sp016710265	high_ani
GCA_017608225.1__GCA_017609005.1	98.75	2.0	0.0	0.3930459844142461	0.3944	151	Nanoarchaeota	CG1-02-33-12 sp017609385 vs CG1-02-33-12 sp017609385	high_ani
GCF_000798615.1__GCF_014534735.1	98.74	2.0	5.0	0.7178701763885608	0.72029	40	Firmicutes	Bacillus siamensis vs Bacillus siamensis	high_ani
GCA_904374775.1__GCA_904420475.1	98.74	2.0	1.0	0.4712916239301823	0.47084	278	Firmicutes_A	CAJFPI01 sp904419145 vs CAJFPI01 sp904419145	high_ani
GCA_000434715.1__GCF_015552165.1	98.74	2.0	7.0	0.5575808619734811	0.54189	92	Firmicutes	Faecalitalea cylindroides vs Faecalitalea cylindroides	high_ani
GCA_018374995.1__GCA_018380555.1	98.73	2.0	6.0	0.3956692890085354	0.39488	129	Firmicutes_A	Clostridium_Q sp000435655 vs Clostridium_Q sp000435655	high_ani
GCF_007989225.1__GCF_018917805.1	98.73	2.0	11.0	0.5831751509232174	0.58073	161	Actinobacteriota	Cellulomonas hominis vs Cellulomonas hominis	high_ani
GCA_017474185.1__GCF_003364175.1	98.72	2.0	2.0	0.557777169025911	0.54795	345	Campylobacterota	Helicobacter_F sp002287135 vs Helicobacter_F sp002287135	high_ani
GCA_902767505.1__GCA_902798315.1	98.71	2.0	1.0	0.4302793008802754	0.42563	288	Firmicutes_A	CAG-964 sp900316025 vs CAG-964 sp900316025	high_ani
GCA_016887665.1__GCF_002276415.1	98.71	2.0	8.0	0.491313534092579	0.48405	225	Firmicutes	Paenibacillus illinoisensis vs Paenibacillus illinoisensis	high_ani
GCF_018500425.1__GCF_018500505.1	98.69	2.0	3.0	0.5483349241172809	0.53445	124	Campylobacterota	Campylobacter_D jejuni_C vs Campylobacter_D jejuni_C	high_ani
GCA_902770705.1__GCA_902778615.1	98.68	2.0	0.0	0.3893255578595072	0.37275	280	Bacteroidota	Sodaliphilus sp902800715 vs Sodaliphilus sp902800715	high_ani
GCF_014841915.1__GCF_014842235.1	98.67	2.0	11.0	0.6459518081073199	0.64461	35	Proteobacteria	Pseudomonas_E baltica vs Pseudomonas_E baltica	high_ani
GCA_005881505.1__GCA_005889115.1	98.67	2.0	1.0	0.4486673820913047	0.44736	366	Dormibacterota	CF-118 sp005880525 vs CF-118 sp005880525	high_ani
GCA_008925805.1__GCF_001903595.4	98.66	2.0	0.0	0.7151709273085624	0.71731	55	Proteobacteria	Klebsiella planticola vs Klebsiella planticola	high_ani
GCA_018265885.1__GCF_015551465.1	98.65	2.0	8.0	0.5437474982290987	0.51876	285	Bacteroidota	Barnesiella intestinihominis vs Barnesiella intestinihominis	high_ani
GCA_017889445.1__GCA_900759635.1	98.65	2.0	2.0	0.5826208862154441	0.60232	228	Firmicutes_A	Enterocloster excrementigallinarum vs Enterocloster excrementigallinarum	high_ani
GCA_900768895.1__GCA_905199185.1	98.64	2.0	4.0	0.4427436411140592	0.43845	65	Firmicutes_A	Merdivicinus sp900555435 vs Merdivicinus sp900555435	high_ani
GCA_900471165.1__GCA_900472825.1	98.64	2.0	10.0	0.4849447517417624	0.4727	47	Proteobacteria	Allorhizobium sp900473245 vs Allorhizobium sp900473245	high_ani
GCA_902796015.1__GCA_902802235.1	98.63	2.0	0.0	0.5616810293191822	0.55561	354	Spirochaetota	Treponema_D sp003455655 vs Treponema_D sp003455655	high_ani
GCF_002750995.1__GCF_002799025.1	98.63	2.0	2.0	8.127756074967596e-05	0.0	9	Proteobacteria	Stenotrophomonas indicatrix vs Stenotrophomonas indicatrix	high_ani
GCA_019120195.1__GCA_905207605.1	98.62	2.0	7.0	0.4234702449997406	0.42463	143	Bacteroidota	Phocaeicola merdavium vs Phocaeicola merdavium	high_ani
GCA_902569235.1__GCA_902613625.1	98.62	2.0	0.0	0.2717258994496407	0.30724	55	Bacteroidota	UBA1275 sp902529365 vs UBA1275 sp902529365	high_ani
GCA_900471565.1__GCA_900471965.1	98.61	2.0	13.0	0.5104701972719407	0.50969	46	Proteobacteria	Allorhizobium sp900473245 vs Allorhizobium sp900473245	high_ani
GCA_004553695.1__GCA_905210495.1	98.6	2.0	4.0	0.3172108933766652	0.31873	52	Firmicutes_A	CAG-1024 sp000432015 vs CAG-1024 sp000432015	high_ani
GCA_902780715.1__GCA_902802785.1	98.59	2.0	4.0	0.4198738950952477	0.41857	21	Bacteroidota	UBA4293 sp900316585 vs UBA4293 sp900316585	high_ani
GCA_900549785.1__GCA_905213285.1	98.56	2.0	2.0	0.4859284657378547	0.49269	292	Bacteroidota	CAG-485 sp001701295 vs CAG-485 sp001701295	high_ani
GCA_902785015.1__GCA_902795405.1	98.56	2.0	6.0	0.4269645840934117	0.42975	281	Firmicutes	Bulleidia sp000701725 vs Bulleidia sp000701725	high_ani
GCA_015262605.1__GCA_905371525.1	98.55	2.0	1.0	0.5528501348918804	0.54442	238	Bacteroidota	Prevotella aurantiaca vs Prevotella aurantiaca	high_ani
GCA_002816355.1__GCA_009392645.1	98.53	2.0	0.0	0.5483253229197957	0.55226	318	Chloroflexota	UBA9611 sp009391975 vs UBA9611 sp009391975	high_ani
GCF_900177895.1__GCF_900182485.2	98.52	2.0	2.0	0.5535013690921686	0.54686	108	Proteobacteria	Kingella negevensis vs Kingella negevensis	high_ani
GCA_900549145.1__GCA_905210275.1	98.51	2.0	4.0	0.4440261420110286	0.45131	332	Bacteroidota	Prevotella sp000436695 vs Prevotella sp000436695	high_ani
GCA_016180385.1__GCA_016181505.1	98.5	2.0	0.0	0.4973206069420374	0.50898	168	Thermoproteota	Nitrosarchaeum sp004297665 vs Nitrosarchaeum sp004297665	high_ani
GCA_018822025.1__GCA_903929545.1	98.48	2.0	1.0	0.4875415751343772	0.4917	488	Actinobacteriota	Rhodoglobus sp903920435 vs Rhodoglobus sp903920435	high_ani
GCA_014846275.1__GCA_905213695.1	98.47	2.0	2.0	0.6545066404527043	0.64988	61	Firmicutes	Scybalousia sp900542735 vs Scybalousia sp900542735	high_ani
GCA_017995395.1__GCF_003480225.1	98.47	2.0	2.0	0.537577924994252	0.54593	234	Firmicutes_A	Acetatifactor sp900066565 vs Acetatifactor sp900066565	high_ani
GCA_017455865.1__GCA_017505365.1	98.47	2.0	0.0	0.5439039221239793	0.58784	53	Proteobacteria	Enterousia sp015062495 vs Enterousia sp015062495	high_ani
GCF_004565215.1__GCF_904820355.1	98.44	2.0	7.0	0.683856815367184	0.67909	134	Firmicutes	Carnobacterium maltaromaticum vs Carnobacterium maltaromaticum	high_ani
GCA_016181505.1__GCA_016203595.1	98.44	2.0	0.0	0.4676598519979253	0.49012	174	Thermoproteota	Nitrosarchaeum sp004297665 vs Nitrosarchaeum sp004297665	high_ani
GCA_019119285.1__GCF_016902035.1	98.43	2.0	1.0	0.5038631854439443	0.48022	439	Firmicutes_A	Merdimonas massiliensis vs Merdimonas massiliensis	high_ani
GCA_000745515.1__GCF_017309995.1	98.42	2.0	16.0	0.3445564434131691	0.33863	20	Actinobacteriota	Nocardioides aromaticivorans vs Nocardioides aromaticivorans	high_ani
GCA_015688895.1__GCA_017390755.1	98.42	2.0	0.0	0.5844048677706476	0.59773	259	Firmicutes	CAJGDV01 sp904502155 vs CAJGDV01 sp904502155	high_ani
GCF_015477305.1__GCF_015478245.1	98.42	2.0	10.0	0.5872502883943059	0.58589	145	Actinobacteriota	Nocardia abscessus vs Nocardia abscessus	high_ani
GCA_018371775.1__GCA_900762625.1	98.42	2.0	5.0	0.3946164986409042	0.3844	62	Firmicutes_A	UBA7597 sp900542935 vs UBA7597 sp900542935	high_ani
GCA_002349445.1__GCA_002472185.1	98.41	2.0	0.0	0.5684213494982473	0.56342	795	Bacteroidota	Cryptobacteroides sp002472565 vs Cryptobacteroides sp002472565	high_ani
GCF_001756795.1__GCF_005924235.1	98.41	2.0	11.0	0.5012315448465828	0.51693	187	Actinobacteriota	Mycobacterium syngnathidarum vs Mycobacterium syngnathidarum	high_ani
GCA_014841765.1__GCA_014841995.1	98.41	2.0	13.0	0.1924415171162604	0.19099	22	Proteobacteria	Massilia sp014841595 vs Massilia sp014841595	high_ani
GCF_002258645.1__GCF_002259335.1	98.41	2.0	10.0	0.002774506936364	0.00078	54	Actinobacteriota	Rhodococcus_B sp002259335 vs Rhodococcus_B sp002259335	high_ani
GCF_014841695.1__GCF_014841725.1	98.4	2.0	18.0	0.7061609139731662	0.71055	33	Proteobacteria	Pseudomonas_E baltica vs Pseudomonas_E baltica	high_ani
GCA_002396305.1__GCA_902770955.1	98.4	2.0	6.0	0.4399888663958344	0.45152	188	Bacteroidota	Prevotella sp900320255 vs Prevotella sp900320255	high_ani
GCF_000278445.1__GCF_900455725.1	98.39	2.0	7.0	0.5002675807904002	0.5029	990	Actinobacteriota	Rhodococcus gordoniae vs Rhodococcus gordoniae	high_ani
GCF_000825045.1__GCF_009696495.1	98.38	2.0	24.0	0.5778153883830001	0.58859	60	Actinobacteriota	Bifidobacterium infantis vs Bifidobacterium infantis	high_ani
GCA_016181505.1__GCA_016186075.1	98.38	2.0	0.0	0.4771709396416169	0.46831	173	Thermoproteota	Nitrosarchaeum sp004297665 vs Nitrosarchaeum sp004297665	high_ani
GCA_003539535.1__GCA_018370305.1	98.37	2.0	0.0	0.6041149975716296	0.58743	89	Firmicutes_A	Ruminococcus_E sp003526955 vs Ruminococcus_E sp003526955	high_ani
GCA_002394115.1__GCA_002394445.1	98.36	2.0	2.0	0.5884444744978268	0.59579	179	Bacteroidota	RF16 sp002449665 vs RF16 sp002449665	high_ani
GCA_018822025.1__GCA_903886575.1	98.36	2.0	2.0	0.4604318714857985	0.4577	444	Actinobacteriota	Rhodoglobus sp903920435 vs Rhodoglobus sp903920435	high_ani
GCF_000420905.1__GCF_900109475.1	98.36	2.0	3.0	0.3805872178349773	0.36724	86	Firmicutes_A	Butyrivibrio sp900104155 vs Butyrivibrio sp900104155	high_ani
GCA_000980475.1__GCA_003512465.1	98.36	2.0	4.0	0.4816347694224807	0.47133	83	Bacteroidota	Barnesiella intestinihominis vs Barnesiella intestinihominis	high_ani
GCA_002693265.1__GCA_002710305.1	98.35	2.0	9.0	0.5991656205272543	0.58676	188	Proteobacteria	Alterinioella nitratireducens vs Alterinioella nitratireducens	high_ani
GCA_900542415.1__GCA_900752575.1	98.35	2.0	2.0	0.6618261899496848	0.6712	33	Firmicutes_A	Ruminococcus_E bromii vs Ruminococcus_E bromii	high_ani
GCF_014223925.1__GCF_014322845.1	98.34	2.0	9.0	0.4958031164439342	0.50717	44	Firmicutes	Listeria immobilis vs Listeria immobilis	high_ani
GCA_905192665.1__GCF_000312405.1	98.31	2.0	7.0	0.6425268669636636	0.58732	57	Firmicutes	Limosilactobacillus ingluviei vs Limosilactobacillus ingluviei	high_ani
GCF_000294715.1__GCF_900475345.1	98.31	2.0	2.0	0.434435468541498	0.46114	1	Proteobacteria	Bartonella quintana vs Bartonella quintana	high_ani
GCA_018377575.1__GCA_018713865.1	98.3	2.0	2.0	0.4948981314315938	0.50108	201	Cyanobacteria	Limenecus avicola vs Limenecus avicola	high_ani
GCA_002372295.1__GCA_002394115.1	98.29	2.0	3.0	0.4772812193096066	0.49068	163	Bacteroidota	RF16 sp002449665 vs RF16 sp002449665	high_ani
GCF_015698085.1__GCF_018967085.1	98.28	2.0	3.0	0.5115339682238372	0.5075	360	Firmicutes	Lactobacillus helveticus vs Lactobacillus helveticus	high_ani
GCA_900761095.1__GCA_905188095.1	98.27	2.0	0.0	0.6029148743602177	0.60054	70	Firmicutes	UMGS995 sp900547465 vs UMGS995 sp900547465	high_ani
GCA_014848515.1__GCA_905202465.1	98.27	2.0	1.0	0.4582128759688977	0.47264	88	Firmicutes_A	Coprococcus_A catus vs Coprococcus_A catus	high_ani
GCA_016706435.1__GCA_016718415.1	98.26	2.0	34.0	0.3158365302183982	0.3094	56	Bacteroidota	PHOS-HE28 sp016703005 vs PHOS-HE28 sp016703005	high_ani
GCA_004556815.1__GCA_004562555.1	98.26	2.0	5.0	0.504712130659753	0.50175	250	Firmicutes_A	SFEL01 sp004557245 vs SFEL01 sp004557245	high_ani
GCA_004213355.1__GCA_902604955.1	98.26	2.0	0.0	0.3164681569240256	0.28382	33	Desulfobacterota_D	TMED58 sp002167555 vs TMED58 sp002167555	high_ani
GCF_902831645.1__GCF_902831665.1	98.25	2.0	47.0	0.4447273592807073	0.44573	65	Proteobacteria	Burkholderia gladioli vs Burkholderia gladioli	high_ani
GCF_000830905.1__GCF_002007905.1	98.24	2.0	0.0	0.000270304717245	0.0	1	Chloroflexota	Dehalococcoides mccartyi vs Dehalococcoides mccartyi	high_ani
GCF_001238805.1__GCF_001764275.1	98.24	2.0	6.0	0.6254354412207133	0.63378	36	Campylobacterota	Campylobacter_D jejuni vs Campylobacter_D jejuni	high_ani
GCA_003451515.1__GCA_018368715.1	98.24	2.0	0.0	0.5192528645283578	0.50713	87	Firmicutes_A	Lachnospira sp003451515 vs Lachnospira sp003451515	high_ani
GCF_001282985.1__GCF_900197695.1	98.22	2.0	3.0	0.4598136998639896	0.47039	79	Campylobacterota	Helicobacter_E ailurogastricus vs Helicobacter_E ailurogastricus	high_ani
GCA_005880425.1__GCA_005880595.1	98.21	2.0	2.0	0.4609272853824737	0.42864	632	Chloroflexota	UBA11361 sp005881295 vs UBA11361 sp005881295	high_ani
GCA_016756895.1__GCA_016756955.1	98.19	2.0	10.0	0.4531857618372844	0.43855	219	Proteobacteria	QGON01 sp016756855 vs QGON01 sp016756855	high_ani
GCA_014863965.1__GCA_900542415.1	98.18	2.0	4.0	0.5424950226254825	0.53677	41	Firmicutes_A	Ruminococcus_E bromii vs Ruminococcus_E bromii	high_ani
GCF_002916915.1__GCF_003515855.1	98.18	2.0	0.0	0.6714084594363209	0.70686	29	Firmicutes	Lactobacillus bombicola vs Lactobacillus bombicola	high_ani
GCA_017302695.1__GCF_014695405.1	98.18	2.0	9.0	0.4856479916784724	0.48926	99	Cyanobacteria	Leptolyngbya boryana vs Leptolyngbya boryana	high_ani
GCA_002687285.1__GCF_017309175.1	98.18	2.0	21.0	0.4406038688671809	0.43305	325	Proteobacteria	Salipiger bermudensis vs Salipiger bermudensis	high_ani
GCF_004368175.1__GCF_017350015.1	98.17	2.0	7.0	0.5851919090379417	0.58803	78	Proteobacteria	Pseudomonas_E sp002112885 vs Pseudomonas_E sp002112885	high_ani
GCA_900771865.1__GCA_905209415.1	98.17	2.0	2.0	0.5313075054826273	0.5133	166	Firmicutes_A	Faecousia sp900546415 vs Faecousia sp900546415	high_ani
GCA_017406625.1__GCA_017509525.1	98.17	2.0	0.0	0.4483322146281136	0.43318	247	Firmicutes_A	RGIG7114 sp017542425 vs RGIG7114 sp017542425	high_ani
GCF_900197675.1__GCF_900197695.1	98.15	2.0	2.0	0.5042434596426435	0.49467	79	Campylobacterota	Helicobacter_E ailurogastricus vs Helicobacter_E ailurogastricus	high_ani
GCA_000431615.1__GCA_905203815.1	98.15	2.0	9.0	0.6085304297344128	0.61785	263	Firmicutes_A	CAG-41 sp900066215 vs CAG-41 sp900066215	high_ani
GCA_902557815.1__GCA_902559275.1	98.14	2.0	0.0	0.3287738827357042	0.31267	30	Proteobacteria	D2472 sp902595065 vs D2472 sp902595065	high_ani
GCA_016778775.1__GCA_902526635.1	98.14	2.0	1.0	0.3706110254310105	0.38434	164	Proteobacteria	UBA8309 sp016780765 vs UBA8309 sp016780765	high_ani
GCA_017886505.1__GCA_904418875.1	98.14	2.0	2.0	0.5261961692821298	0.54455	58	Firmicutes_A	Onthovicinus excrementipullorum vs Onthovicinus excrementipullorum	high_ani
GCA_905198065.1__GCF_003665055.1	98.13	2.0	18.0	0.5250767385374642	0.52828	543	Firmicutes_A	Anaerotruncus massiliensis vs Anaerotruncus massiliensis	high_ani
GCF_001515365.1__GCF_003431565.1	98.13	2.0	3.0	0.5685637694050528	0.56983	320	Actinobacteriota	Mycobacterium marinum vs Mycobacterium marinum	high_ani
GCA_900765825.1__GCA_905203385.1	98.13	2.0	5.0	0.3795307202759769	0.38357	131	Bacteroidota	Alistipes sp902388705 vs Alistipes sp902388705	high_ani
GCF_001853525.1__GCF_005924235.1	98.11	2.0	25.0	0.5229906200257303	0.52486	300	Actinobacteriota	Mycobacterium syngnathidarum vs Mycobacterium syngnathidarum	high_ani
GCA_014796655.1__GCF_014145545.1	98.11	2.0	8.0	0.6499765390244585	0.67053	70	Firmicutes	Limosilactobacillus agrestis vs Limosilactobacillus agrestis	high_ani
GCA_003478565.1__GCA_905196385.1	98.11	2.0	19.0	0.4361980545354235	0.42655	152	Firmicutes_A	Oliverpabstia intestinalis vs Oliverpabstia intestinalis	high_ani
GCA_018712515.1__GCA_905192975.1	98.1	2.0	1.0	0.4661696350242992	0.47908	279	Actinobacteriota	Aphodovivens avicola vs Aphodovivens avicola	high_ani
GCA_001915685.1__GCA_900552505.1	98.09	2.0	17.0	0.5193615699946519	0.52126	183	Bacteroidota	Prevotella lascolaii vs Prevotella lascolaii	high_ani
GCA_002377845.1__GCF_004794385.1	98.08	2.0	2.0	0.6350542056775955	0.63422	179	Actinobacteriota	Microbacterium maritypicum_A vs Microbacterium maritypicum_A	high_ani
GCF_017815105.1__GCF_019048705.1	98.08	2.0	9.0	0.3266146544799244	0.32981	68	Proteobacteria	Aeromonas sanarellii vs Aeromonas sanarellii	high_ani
GCA_900759135.1__GCA_904385455.1	98.03	2.0	0.0	0.4758307711199588	0.49066	248	Firmicutes_A	Evtepia excrementipullorum vs Evtepia excrementipullorum	high_ani
GCA_014869255.1__GCA_018379115.1	98.02	2.0	8.0	0.5848785100735409	0.59541	98	Firmicutes_A	UBA738 sp003522945 vs UBA738 sp003522945	high_ani
GCF_016899785.1__GCF_904390235.1	97.97	2.0	9.0	0.498991965623511	0.5013	231	Firmicutes_A	Flavonifractor sp002159455 vs Flavonifractor sp002159455	high_ani
GCF_000771125.1__GCF_016102205.1	97.97	2.0	5.0	0.4998835265146091	0.48584	115	Actinobacteriota	Bifidobacterium asteroides vs Bifidobacterium asteroides	high_ani
GCF_000292285.1__GCF_005930545.1	97.97	2.0	28.0	0.5096285893436576	0.51072	337	Proteobacteria	Pseudomonas_E putida_Q vs Pseudomonas_E putida_Q	high_ani
GCF_001815025.1__GCF_019175485.1	97.96	2.0	6.0	0.598813941274131	0.56865	165	Firmicutes	Enterococcus_A raffinosus vs Enterococcus_A raffinosus	high_ani
GCF_002078255.1__GCF_003041555.1	97.95	2.0	0.0	0.5529243900625797	0.54782	142	Firmicutes	Staphylococcus xylosus vs Staphylococcus xylosus	high_ani
GCF_006239215.1__GCF_015390265.1	97.94	2.0	10.0	0.4978853346523259	0.49224	127	Proteobacteria	Paracoccus marcusii vs Paracoccus marcusii	high_ani
GCA_904385455.1__GCA_905209125.1	97.93	2.0	1.0	0.5272940149981126	0.51524	319	Firmicutes_A	Evtepia excrementipullorum vs Evtepia excrementipullorum	high_ani
GCA_001603365.1__GCA_002482475.1	97.93	2.0	1.0	0.5333581188094966	0.52844	158	Bacteroidota	Macellibacteroides fermentans vs Macellibacteroides fermentans	high_ani
GCF_000377125.1__GCF_000701285.1	97.9	2.0	33.0	0.4204623005559352	0.41943	100	Actinobacteriota	Streptomyces sp002797655 vs Streptomyces sp002797655	high_ani
GCF_010721695.1__GCF_900576535.1	97.9	2.0	4.0	0.4587918403439126	0.44248	159	Firmicutes	Streptococcus canis vs Streptococcus canis	high_ani
GCA_002297245.1__GCA_002405075.1	97.89	2.0	5.0	0.5237167554036367	0.52924	298	Spirochaetota	Treponema_D sp002449305 vs Treponema_D sp002449305	high_ani
GCA_016290275.1__GCA_902771375.1	97.88	2.0	3.0	0.5648506047912195	0.55198	386	Bacteroidota	Cryptobacteroides sp900319685 vs Cryptobacteroides sp900319685	high_ani
GCA_002295505.1__GCF_018860675.1	97.88	2.0	2.0	0.6425971267744094	0.65429	157	Bacteroidota	Maribacter dokdonensis vs Maribacter dokdonensis	high_ani
GCA_017632215.1__GCA_017647375.1	97.88	2.0	0.0	0.5598674922462955	0.56869	101	Bacteroidota	Alistipes sp017629985 vs Alistipes sp017629985	high_ani
GCF_003336925.1__GCF_011770055.1	97.88	2.0	5.0	0.4556050171874193	0.45402	156	Actinobacteriota	Rhodococcus_B kyotonensis_B vs Rhodococcus_B kyotonensis_B	high_ani
GCA_016283315.1__GCA_902767165.1	97.86	2.0	0.0	0.5369970178752129	0.54393	372	Bacteroidota	Sodaliphilus sp902776835 vs Sodaliphilus sp902776835	high_ani
GCF_018500245.1__GCF_018500355.1	97.84	2.0	8.0	0.4935372264927228	0.48336	82	Campylobacterota	Campylobacter_D upsaliensis vs Campylobacter_D upsaliensis	high_ani
GCF_012396345.1__GCF_902825375.1	97.83	2.0	18.0	0.4964706762404996	0.4856	697	Actinobacteriota	Nocardiopsis dassonvillei vs Nocardiopsis dassonvillei	high_ani
GCF_013839485.1__GCF_015477305.1	97.83	2.0	19.0	0.4684788112255274	0.4636	208	Actinobacteriota	Nocardia abscessus vs Nocardia abscessus	high_ani
GCA_017539435.1__GCA_017616335.1	97.83	2.0	7.0	0.4886061805311018	0.50563	278	Bacteroidota	UBA1205 sp002309475 vs UBA1205 sp002309475	high_ani
GCF_000771125.1__GCF_016102215.1	97.77	2.0	8.0	0.4525851384261418	0.45985	115	Actinobacteriota	Bifidobacterium asteroides vs Bifidobacterium asteroides	high_ani
GCA_902785255.1__GCA_905234415.1	97.76	2.0	16.0	0.4301427508403397	0.43783	259	Bacteroidota	Sodaliphilus sp900318255 vs Sodaliphilus sp900318255	high_ani
GCA_902775235.1__GCA_905234415.1	97.76	2.0	20.0	0.5016762594856802	0.50052	259	Bacteroidota	Sodaliphilus sp900318255 vs Sodaliphilus sp900318255	high_ani
GCA_900470005.1__GCA_900470955.1	97.75	2.0	12.0	0.6146137449170556	0.60571	41	Proteobacteria	Agrobacterium sp900468285 vs Agrobacterium sp900468285	high_ani
GCA_017847795.1__GCA_902782365.1	97.75	2.0	3.0	0.5245684706901068	0.5139	209	Firmicutes_A	Ruminococcus_D sp902786965 vs Ruminococcus_D sp902786965	high_ani
GCA_005883535.1__GCA_005889125.1	97.74	2.0	2.0	0.5010532458738399	0.51403	367	Dormibacterota	40CM-4-65-16 sp005881335 vs 40CM-4-65-16 sp005881335	high_ani
GCA_017545885.1__GCA_017624615.1	97.73	2.0	3.0	0.5169759236747073	0.50673	87	Firmicutes_A	UBA1740 sp017621415 vs UBA1740 sp017621415	high_ani
GCF_002877195.1__GCF_002877345.1	97.73	2.0	15.0	0.4567453503796119	0.43475	566	Proteobacteria	Vibrio splendidus_J vs Vibrio splendidus_J	high_ani
GCA_902788065.1__GCA_902794915.1	97.71	2.0	3.0	0.5068895604473804	0.50927	95	Bacteroidota	Prevotella sp900316265 vs Prevotella sp900316265	high_ani
GCA_017743455.1__GCA_017743535.1	97.69	2.0	5.0	0.451048143185328	0.46352	618	Chloroflexota	Chloroflexus sp000735195 vs Chloroflexus sp000735195	high_ani
GCA_017383565.1__GCA_017391745.1	97.68	2.0	4.0	0.5270746972480858	0.53111	278	Bacteroidota	Alistipes sp900770585 vs Alistipes sp900770585	high_ani
GCA_002297325.1__GCA_003543735.1	97.66	2.0	9.0	0.4704553495304987	0.48082	542	Spirochaetota	Treponema_D sp002449305 vs Treponema_D sp002449305	high_ani
GCA_005880595.1__GCA_005881015.1	97.65	2.0	2.0	0.4858921442310253	0.47548	717	Chloroflexota	UBA11361 sp005881295 vs UBA11361 sp005881295	high_ani
GCA_017543205.1__GCA_902780085.1	97.65	2.0	4.0	0.4936858969758333	0.47507	224	Proteobacteria	UBA1254 sp900313355 vs UBA1254 sp900313355	high_ani
GCA_017434165.1__GCA_902801745.1	97.64	2.0	2.0	0.4643578189059983	0.46423	366	Firmicutes_A	UBA3766 sp900313265 vs UBA3766 sp900313265	high_ani
GCA_900540725.1__GCA_900765435.1	97.62	2.0	7.0	0.3500288522110935	0.35205	58	Firmicutes_A	Ruminococcus_E sp003438075 vs Ruminococcus_E sp003438075	high_ani
GCA_016281705.1__GCA_902776865.1	97.61	2.0	0.0	0.4961006389458389	0.49245	100	Proteobacteria	Enterousia sp902784285 vs Enterousia sp902784285	high_ani
GCF_000195555.1__GCF_016604405.1	97.61	2.0	0.0	0.4854801274168591	0.48921	71	Proteobacteria	Francisella hispaniensis vs Francisella hispaniensis	high_ani
GCA_002472155.1__GCA_902790945.1	97.61	2.0	22.0	0.5168489584607848	0.52849	171	Firmicutes_C	Selenomonas_C sp900318215 vs Selenomonas_C sp900318215	high_ani
GCA_018378215.1__GCA_018714405.1	97.59	2.0	10.0	0.6351493925523396	0.65234	47	Firmicutes_A	Scybalenecus merdavium vs Scybalenecus merdavium	high_ani
GCF_000758175.1__GCF_003030865.2	97.58	2.0	7.0	0.5471527951115829	0.53096	86	Proteobacteria	Halomonas halophila vs Halomonas halophila	high_ani
GCF_003985135.1__GCF_014191925.1	97.57	2.0	23.0	0.2922048355251103	0.27461	72	Proteobacteria	Rhizobium pisi vs Rhizobium pisi	high_ani
GCF_002285155.1__GCF_007786415.1	97.57	2.0	12.0	0.4030189348319174	0.40036	30	Actinobacteriota	Corynebacterium gottingense vs Corynebacterium gottingense	high_ani
GCA_002361395.1__GCA_017627425.1	97.56	2.0	1.0	0.504713228177341	0.49188	161	Firmicutes_A	Ruminococcus_D sp002371625 vs Ruminococcus_D sp002371625	high_ani
GCA_002352305.1__GCA_902799595.1	97.55	2.0	2.0	0.5920000779078812	0.6008	624	Bacteroidota	Bact-11 sp002361615 vs Bact-11 sp002361615	high_ani
GCF_012584455.1__GCF_018224605.1	97.54	2.0	15.0	0.5190740275541492	0.52244	180	Proteobacteria	Shewanella sp002966515 vs Shewanella sp002966515	high_ani
GCA_000414345.1__GCA_001512275.1	97.52	2.0	6.0	0.5376579790439538	0.54692	43	Actinobacteriota	Glutamicibacter mishrai vs Glutamicibacter mishrai	high_ani
GCF_006538965.1__GCF_008933125.1	97.52	2.0	11.0	0.6184194303551287	0.62685	35	Actinobacteriota	Nocardioides simplex vs Nocardioides simplex	high_ani
GCF_001441635.1__GCF_001650975.1	97.49	2.0	10.0	0.4756317814096459	0.47351	170	Proteobacteria	Roseovarius indicus vs Roseovarius indicus	high_ani
GCF_001262035.1__GCF_003130125.1	97.48	2.0	0.0	0.5622921457482526	0.52897	36	Proteobacteria	Aggregatibacter aphrophilus vs Aggregatibacter aphrophilus	high_ani
GCA_900638075.1__GCF_000801145.1	97.45	2.0	3.0	0.001211879779348	0.00141	1	Proteobacteria	Actinobacillus equuli vs Actinobacillus equuli	high_ani
GCA_002306565.1__GCA_002342765.1	97.45	2.0	7.0	0.4584027802690872	0.48166	204	Firmicutes_A	UBA1351 sp002342805 vs UBA1351 sp002342805	high_ani
GCA_013530545.1__GCF_001878775.1	97.45	2.0	4.0	0.5109845728964053	0.49285	128	Proteobacteria	Acinetobacter lwoffii_D vs Acinetobacter lwoffii_D	high_ani
GCF_004365765.1__GCF_902498215.1	97.44	2.0	21.0	0.5058599935579806	0.51085	43	Proteobacteria	Pseudomonas_E helmanticensis vs Pseudomonas_E helmanticensis	high_ani
GCA_018372255.1__GCA_018372705.1	97.42	2.0	3.0	0.5063708239598989	0.51023	502	Bacteroidota	Dysgonomonas sp900079735 vs Dysgonomonas sp900079735	high_ani
GCA_902784395.1__GCA_902798995.1	97.41	2.0	7.0	0.542761243844381	0.53962	186	Bacteroidota	Sodaliphilus sp902785925 vs Sodaliphilus sp902785925	high_ani
GCA_005881375.1__GCA_005889125.1	97.41	2.0	2.0	0.4575485054630806	0.46024	367	Dormibacterota	40CM-4-65-16 sp005881335 vs 40CM-4-65-16 sp005881335	high_ani
GCA_017397255.1__GCA_017415205.1	97.39	2.0	9.0	0.5129438372285035	0.52894	262	Bacteroidota	HGM04593 sp015060835 vs HGM04593 sp015060835	high_ani
GCF_005890265.1__GCF_015700305.1	97.35	2.0	14.0	0.4591610752227943	0.45138	280	Firmicutes	Streptococcus pseudopneumoniae vs Streptococcus pseudopneumoniae	high_ani
GCA_018666415.1__GCA_905480455.1	97.3	2.0	1.0	0.4608881506864541	0.4352	222	Actinobacteriota	Pontimonas sp017852615 vs Pontimonas sp017852615	high_ani
GCA_902755745.1__GCA_902779515.1	97.3	2.0	10.0	0.4927906479538775	0.471	292	Bacteroidota	Prevotella sp900316265 vs Prevotella sp900316265	high_ani
GCA_017934655.1__GCA_902795245.1	97.28	2.0	3.0	0.4081234596053578	0.39282	284	Firmicutes_C	Succiniclasticum sp900315345 vs Succiniclasticum sp900315345	high_ani
GCA_900102445.1__GCF_007678025.1	97.27	2.0	7.0	0.5080386793092189	0.49122	85	Actinobacteriota	Cellulosimicrobium cinnabarinum vs Cellulosimicrobium cinnabarinum	high_ani
GCA_902535095.1__GCA_902546325.1	97.25	2.0	1.0	0.5646102461563808	0.56342	60	Proteobacteria	AAA300-D14 sp002715065 vs AAA300-D14 sp002715065	high_ani
GCF_015560245.1__GCF_016642415.1	97.24	2.0	4.0	0.3765932895623318	0.3709	48	Firmicutes	Streptococcus rubneri vs Streptococcus rubneri	high_ani
GCA_001626955.1__GCA_002380095.1	97.21	2.0	10.0	0.4504313821273072	0.45791	621	Proteobacteria	Marinobacter salsuginis vs Marinobacter salsuginis	high_ani
GCA_002361395.1__GCA_017519245.1	97.2	2.0	0.0	0.458278000794259	0.45523	161	Firmicutes_A	Ruminococcus_D sp002371625 vs Ruminococcus_D sp002371625	high_ani
GCF_001184645.1__GCF_003414885.1	97.2	2.0	7.0	0.4788833297379981	0.47203	46	Proteobacteria	Haemophilus influenzae vs Haemophilus influenzae	high_ani
GCA_018380565.1__GCF_015549525.1	97.17	2.0	5.0	0.4585899837008623	0.45702	52	Firmicutes_A	Anaerococcus obesiensis vs Anaerococcus obesiensis	high_ani
GCA_902773775.1__GCA_902778155.1	97.14	2.0	4.0	0.5613651746394074	0.56427	268	Firmicutes_A	Limivicinus sp902778665 vs Limivicinus sp902778665	high_ani
GCA_902776485.1__GCA_902798175.1	97.13	2.0	4.0	0.3351180228212921	0.33094	47	Bacteroidota	RF16 sp902785605 vs RF16 sp902785605	high_ani
GCA_004552785.1__GCA_900541165.1	97.11	2.0	3.0	0.4880603960969793	0.49478	168	Bacteroidota	Cryptobacteroides sp000434935 vs Cryptobacteroides sp000434935	high_ani
GCA_902385665.1__GCF_015549525.1	97.11	2.0	6.0	0.2261606513268884	0.25035	41	Firmicutes_A	Anaerococcus obesiensis vs Anaerococcus obesiensis	high_ani
GCF_013031175.1__GCF_013110885.1	97.11	2.0	47.0	0.3776534219426249	0.38076	28	Proteobacteria	Ruegeria sp013112245 vs Ruegeria sp013112245	high_ani
GCF_000833915.1__GCF_002989205.1	97.1	2.0	8.0	0.3815006291697334	0.37225	77	Proteobacteria	Haemophilus influenzae vs Haemophilus influenzae	high_ani
GCF_000272205.2__GCF_002876665.1	97.08	2.0	14.0	0.4753420442966807	0.47565	212	Proteobacteria	Vibrio crassostreae_C vs Vibrio crassostreae_C	high_ani
GCF_001807345.1__GCF_001807585.1	97.05	2.0	0.0	0.7255298955719887	0.72693	31	Actinobacteriota	Dermabacter hominis vs Dermabacter hominis	high_ani
GCA_014800465.1__GCA_014801805.1	97.05	2.0	1.0	0.5657224782614586	0.57469	36	Bacteroidota	CAG-485 sp014802335 vs CAG-485 sp014802335	high_ani
GCA_001724385.1__GCF_001278365.1	97.02	2.0	10.0	0.5474850959607171	0.55661	93	Actinobacteriota	Microbacterium chocolatum vs Microbacterium chocolatum	high_ani
GCF_013409135.1__GCF_900114065.1	97.0	2.0	5.0	0.5570667444857564	0.55023	34	Proteobacteria	Pseudomonas_A kunmingensis_A vs Pseudomonas_A kunmingensis	held_out
