cluster	effective_genomes	effective_pairs	rows	pct_ge2	median_breakpoints
0-14-0-80-42-15 sp002780005	2	1	1	0.0	0.0
0-14-0-80-60-11 sp018897875	2	1	1	100.0	2.0
0-14-3-00-41-53 sp002780895	7	21	21	0.0	0.0
01-FULL-36-15b sp001782035	2	1	1	0.0	0.0
01-FULL-44-24b sp001793235	2	1	1	0.0	0.0
01-FULL-45-10b sp001804205	2	1	1	0.0	0.0
01-FULL-45-34b sp001822675	3	3	3	0.0	0.0
01-FULL-48-32b sp001773725	2	1	1	0.0	0.0
01-FULL-54-110 sp001789045	6	15	15	6.666666666666667	0.0
02-FULL-45-11b sp001817615	3	3	3	33.333333333333336	1.0
1-14-0-10-31-34 sp018829335	2	1	1	0.0	1.0
1-14-0-10-32-24 sp018655525	4	6	6	0.0	0.0
1-14-0-10-37-14 sp002778705	2	1	1	0.0	0.0
1-14-0-10-45-20 sp007378985	3	3	3	0.0	0.0
1-14-0-10-47-16 sp002773395	2	1	1	0.0	0.0
1-14-0-20-42-23 sp002796345	3	3	3	0.0	0.0
1-14-0-20-45-26 sp002787155	2	1	1	0.0	0.0
1-14-0-20-46-22 sp002796245	2	1	1	0.0	1.0
1-14-2-50-31-20 sp018818165	3	3	3	0.0	0.0
1109 sp001028815	2	1	1	0.0	1.0
12-FULL-43-12b sp001823875	3	3	3	0.0	0.0
12-FULL-44-12b sp001823695	2	1	1	0.0	1.0
12-FULL-67-14b sp002737365	6	15	15	26.666666666666668	1.0
13-1-40CM-70-15 sp003223415	2	1	1	0.0	0.0
13-2-20CM-66-19 sp001914695	19	171	171	64.32748538011695	3.0
13-2-20CM-66-19 sp003136935	2	1	1	100.0	11.0
13-2-20CM-66-19 sp005877705	2	1	1	100.0	4.0
13-2-20CM-66-19 sp005878095	2	1	1	100.0	2.0
13-2-20CM-66-19 sp005878835	6	15	15	93.33333333333333	5.0
13-2-20CM-66-19 sp019247195	2	1	1	0.0	0.0
13-2-20CM-68-14 sp005884005	2	1	1	100.0	3.0
13-2-20CM-68-14 sp005888315	3	3	3	0.0	0.0
14-2 sp000403255	2	1	1	100.0	2.0
14-2 sp000403315	3	3	3	66.66666666666667	5.0
14-2 sp009774455	2	1	1	0.0	0.0
14-2 sp011960065	7	21	21	76.19047619047619	3.0
14-2 sp012519695	2	1	1	0.0	0.0
14-2 sp910575005	4	6	6	66.66666666666667	2.5
14-2 sp910575035	3	3	3	100.0	2.0
14-2 sp910575075	4	6	6	83.33333333333333	3.0
14-2 sp910576385	2	1	1	100.0	4.0
16-39-46 sp002257235	2	1	1	0.0	0.0
1XD42-69 sp003612565	2	1	1	0.0	0.0
1XD42-69 sp009911505	3	3	3	100.0	5.0
1XD42-69 sp011959925	2	1	1	0.0	1.0
1XD42-69 sp014287635	2	1	1	0.0	1.0
1XD8-76 sp910573755	5	10	10	100.0	6.5
2-01-FULL-33-17 sp001786995	2	1	1	0.0	0.0
2-01-FULL-37-20 sp001784115	5	10	10	0.0	0.0
2-01-FULL-38-13 sp001782165	2	1	1	0.0	0.0
2-01-FULL-38-21 sp001782085	2	1	1	0.0	0.0
2-01-FULL-39-21 sp001792305	2	1	1	0.0	0.0
2-01-FULL-39-21 sp001792535	6	15	15	33.333333333333336	1.0
2-01-FULL-39-24 sp001789445	4	6	6	0.0	0.0
2-01-FULL-39-28 sp001794635	3	3	3	0.0	0.0
2-01-FULL-39-28 sp001795735	5	10	10	0.0	0.0
2-01-FULL-39-33 sp001817505	2	1	1	0.0	0.0
2-01-FULL-39-33 sp002773855	2	1	1	0.0	0.0
2-01-FULL-40-13 sp001788015	2	1	1	0.0	1.0
2-01-FULL-40-13 sp001789635	2	1	1	0.0	0.0
2-01-FULL-40-13 sp001789645	2	1	1	0.0	0.0
2-01-FULL-40-13 sp001789695	5	10	10	0.0	0.0
2-01-FULL-40-13 sp001789745	2	1	1	0.0	0.0
2-01-FULL-40-24 sp001776975	2	1	1	0.0	0.0
2-01-FULL-40-39 sp001820095	3	3	3	0.0	0.0
2-01-FULL-40-42 sp001789965	7	21	21	0.0	0.0
2-01-FULL-41-14 sp001767855	5	10	10	0.0	0.0
2-01-FULL-41-18 sp001772615	2	1	1	0.0	0.0
2-01-FULL-41-21 sp903830625	2	1	1	0.0	0.0
2-01-FULL-41-22 sp001789805	2	1	1	0.0	0.0
2-01-FULL-41-26 sp001794125	6	15	15	0.0	0.0
2-01-FULL-42-15 sp001784055	2	1	1	0.0	1.0
2-01-FULL-42-20 sp001785965	2	1	1	0.0	0.0
2-01-FULL-43-14 sp001816835	2	1	1	0.0	0.0
2-01-FULL-43-22 sp001794435	2	1	1	0.0	1.0
2-01-FULL-43-22 sp001795615	2	1	1	0.0	0.0
2-01-FULL-43-38 sp000997105	3	3	3	0.0	1.0
2-01-FULL-44-21 sp001777655	2	1	1	0.0	0.0
2-01-FULL-44-22 sp001795975	3	3	3	0.0	0.0
2-01-FULL-45-10 sp001804065	4	6	6	0.0	0.0
2-01-FULL-45-33 sp001778595	2	1	1	0.0	0.0
2-01-FULL-45-33 sp001778875	4	6	6	0.0	0.0
2-01-FULL-46-13 sp001778545	4	6	6	0.0	0.0
2-01-FULL-46-13 sp001778905	4	6	6	0.0	0.0
2-01-FULL-46-13 sp001780775	6	15	15	20.0	0.0
2-01-FULL-46-14 sp001777515	7	21	21	0.0	0.0
2-01-FULL-48-14 sp001822835	2	1	1	0.0	0.0
2-01-FULL-48-16 sp001823155	2	1	1	0.0	0.0
2-01-FULL-49-10 sp001771275	2	1	1	0.0	0.0
2-01-FULL-49-22 sp001788565	2	1	1	0.0	0.0
2-01-FULL-50-23 sp001774555	2	1	1	0.0	0.0
2-01-FULL-50-28 sp001816585	2	1	1	0.0	0.0
2-01-FULL-51-10 sp001823605	2	1	1	0.0	0.0
2-01-FULL-51-21 sp001781435	2	1	1	0.0	0.0
2-01-FULL-51-34 sp001820785	4	6	6	0.0	0.0
2-01-FULL-52-15 sp001818365	2	1	1	0.0	0.0
2-01-FULL-53-15 sp001772335	2	1	1	0.0	0.0
2-01-FULL-58-14 sp001824745	2	1	1	0.0	0.0
2-01-FULL-64-13 sp001800095	2	1	1	0.0	0.0
2-02-FULL-35-15 sp001784585	2	1	1	0.0	0.0
2-02-FULL-37-13 sp001782195	3	3	3	0.0	0.0
2-02-FULL-38-14 sp001772865	4	6	6	0.0	0.0
2-02-FULL-38-14-A sp001790855	4	6	6	0.0	0.5
2-02-FULL-38-15 sp001777055	2	1	1	0.0	0.0
2-02-FULL-38-15-A sp001797335	5	10	10	0.0	0.0
2-02-FULL-39-13 sp002782365	5	10	10	0.0	0.0
2-02-FULL-39-32 sp001800135	4	6	6	0.0	0.0
2-02-FULL-40-10 sp001779115	5	10	10	0.0	0.0
2-02-FULL-40-12 sp001824375	5	10	10	10.0	0.5
2-02-FULL-42-43 sp001801425	5	10	10	40.0	0.0
2-02-FULL-42-43 sp001802455	2	1	1	0.0	0.0
2-02-FULL-42-43 sp002793195	3	3	3	0.0	0.0
2-02-FULL-43-11 sp001820955	4	6	6	0.0	0.0
2-02-FULL-43-11-A sp001789515	2	1	1	0.0	0.0
2-02-FULL-43-16 sp001821935	3	3	3	0.0	0.0
2-02-FULL-44-16 sp001798185	2	1	1	0.0	0.0
2-02-FULL-44-35 sp001822695	2	1	1	0.0	0.0
2-02-FULL-45-10 sp001783035	2	1	1	0.0	0.0
2-02-FULL-45-11 sp001817685	2	1	1	0.0	0.0
2-02-FULL-45-18 sp001774075	5	10	10	0.0	0.0
2-02-FULL-45-21 sp001805845	3	3	3	0.0	0.0
2-02-FULL-45-22 sp001796285	6	15	15	0.0	0.0
2-02-FULL-46-19 sp001795795	3	3	3	0.0	0.0
2-02-FULL-47-50 sp001801885	4	6	6	0.0	0.0
2-02-FULL-48-11 sp001805615	2	1	1	0.0	0.0
2-02-FULL-48-14 sp001787475	2	1	1	0.0	0.0
2-02-FULL-48-16 sp001821135	5	10	10	0.0	0.0
2-02-FULL-49-12 sp001796315	10	45	45	60.0	2.0
2-02-FULL-49-16 sp001788955	2	1	1	0.0	0.0
2-02-FULL-49-16 sp002772605	2	1	1	0.0	0.0
2-02-FULL-50-16 sp001798715	4	6	6	16.666666666666668	0.5
2-02-FULL-50-16-A sp001828605	5	10	10	0.0	0.0
2-02-FULL-50-19 sp001805885	3	3	3	0.0	0.0
2-02-FULL-50-19 sp903889135	2	1	1	0.0	0.0
2-02-FULL-50-9b sp001782975	2	1	1	0.0	0.0
2-02-FULL-50-9b sp903893485	3	3	3	0.0	0.0
2-02-FULL-51-10 sp001788965	3	3	3	66.66666666666667	2.0
2-02-FULL-52-16 sp001787535	2	1	1	0.0	0.0
2-02-FULL-53-10 sp001791035	2	1	1	0.0	0.0
2-02-FULL-55-14 sp001802945	6	15	15	20.0	1.0
2-02-FULL-58-16 sp001830425	2	1	1	0.0	1.0
2-02-FULL-62-14 sp001805245	2	1	1	0.0	1.0
2-02-FULL-62-14 sp009692155	2	1	1	0.0	0.0
2-02-FULL-63-19 sp001770415	2	1	1	0.0	1.0
2-02-FULL-63-19 sp001770425	3	3	3	66.66666666666667	2.0
2-02-FULL-66-14 sp001771975	2	1	1	0.0	0.0
2-02-FULL-66-14 sp004298295	2	1	1	0.0	1.0
2-02-FULL-66-22 sp001771285	2	1	1	0.0	0.0
2-02-FULL-66-22 sp016180655	5	10	10	10.0	1.0
2-02-FULL-66-22 sp016208645	2	1	1	100.0	3.0
2-02-FULL-67-57 sp001766965	3	3	3	0.0	0.0
2-12-FULL-35-15 sp005772895	2	1	1	0.0	0.0
2-12-FULL-35-15 sp903847205	2	1	1	0.0	0.0
2-12-FULL-35-15 sp903870175	6	15	15	46.666666666666664	1.0
2-12-FULL-35-15 sp903911435	8	28	28	64.28571428571429	2.0
2-12-FULL-35-15 sp903919535	2	1	1	100.0	2.0
2-12-FULL-35-15 sp903926385	5	10	10	60.0	2.0
2-12-FULL-36-22 sp018660415	2	1	1	0.0	0.0
2-12-FULL-37-11 sp001776865	3	3	3	0.0	0.0
2-12-FULL-37-12 sp001769655	2	1	1	0.0	0.0
2-12-FULL-37-7b sp001788095	6	15	15	0.0	0.0
2-12-FULL-39-13 sp001824485	4	6	6	0.0	0.0
2-12-FULL-40-10 sp001784725	2	1	1	0.0	0.0
2-12-FULL-40-28 sp001798135	4	6	6	0.0	0.0
2-12-FULL-41-16 sp001782805	3	3	3	0.0	0.0
2-12-FULL-41-17 sp001774945	3	3	3	0.0	0.0
2-12-FULL-43-12 sp001783065	4	6	6	0.0	0.0
2-12-FULL-44-17 sp001804285	4	6	6	0.0	0.0
2-12-FULL-45-10 sp001777995	3	3	3	0.0	0.0
2-12-FULL-50-11 sp001774395	3	3	3	0.0	0.0
2-12-FULL-52-36 sp001828545	2	1	1	0.0	0.0
2-12-FULL-55-11 sp001787585	3	3	3	0.0	0.0
2-12-FULL-55-11 sp001788925	2	1	1	0.0	0.0
2-12-FULL-55-11 sp007376635	2	1	1	0.0	0.0
2-12-FULL-57-11 sp001791115	2	1	1	0.0	0.0
2-12-FULL-57-22 sp001798455	2	1	1	0.0	1.0
2-12-FULL-60-25 sp001791275	2	1	1	0.0	0.0
2-12-FULL-62-27 sp001784175	2	1	1	100.0	3.0
2-12-FULL-65-11 sp001767495	2	1	1	0.0	0.0
2-12-FULL-66-21 sp001767455	2	1	1	0.0	0.0
2-12-FULL-67-15 sp009693905	2	1	1	0.0	0.0
2-12-FULL-67-15 sp016872535	2	1	1	100.0	2.0
2-12-FULL-68-20 sp001770655	2	1	1	0.0	1.0
2-12-FULL-69-37 sp001790955	2	1	1	0.0	0.0
2-12-FULL-69-37 sp016184445	2	1	1	0.0	0.0
20-14-all-54-14 sp002772205	2	1	1	0.0	0.0
2011-GWA2-47-8b sp001003205	2	1	1	0.0	0.0
2011-GWC2-44-17 sp001029695	7	21	21	4.761904761904762	0.0
2011-GWC2-44-17 sp001790515	3	3	3	0.0	0.0
2013Ark19i sp001460935	2	1	1	100.0	16.0
2013Ark19i sp900078745	5	10	10	100.0	4.0
20CM-2-55-15 sp001920875	2	1	1	0.0	1.0
20CM-2-55-15 sp003223875	2	1	1	100.0	4.0
20CM-2-65-7 sp003222195	3	3	3	33.333333333333336	0.0
20CM-2-70-11 sp001914535	3	3	3	33.333333333333336	1.0
20CM-2-70-11 sp003220315	7	21	21	0.0	0.0
20CM-2-70-11 sp003221695	2	1	1	0.0	0.0
20CM-4-69-16 sp001919865	4	6	6	0.0	0.0
20CM-4-69-16 sp003220795	2	1	1	0.0	1.0
20CM-4-69-16 sp003220935	2	1	1	100.0	6.0
21-14-all-37-9 sp002772495	2	1	1	0.0	0.0
21-14-all-39-27 sp002786715	4	6	6	0.0	0.0
28-YEA-48 sp001898965	2	1	1	0.0	1.0
28-YEA-48 sp903825465	6	15	15	60.0	3.0
28-YEA-48 sp903851305	3	3	3	0.0	0.0
28-YEA-48 sp903861645	5	10	10	0.0	0.0
28-YEA-48 sp903889985	2	1	1	100.0	8.0
28-YEA-48 sp903902915	5	10	10	50.0	1.5
28-YEA-48 sp903916165	4	6	6	83.33333333333333	4.0
28-YEA-48 sp903931945	2	1	1	100.0	2.0
3-1-20CM-2-70-9 sp001919195	6	15	15	26.666666666666668	0.0
3-1-20CM-2-70-9 sp005882765	3	3	3	0.0	0.0
3-1-20CM-2-70-9 sp005883775	3	3	3	0.0	0.0
3-1-20CM-2-70-9 sp005889075	2	1	1	100.0	3.0
3-1-20CM-2-70-9 sp005889275	2	1	1	100.0	3.0
3-1-20CM-3-53-8 sp001920415	2	1	1	100.0	25.0
3-1-20CM-4-69-9 sp005883355	2	1	1	100.0	3.0
32-111 sp001508335	4	6	6	0.0	0.0
32-111 sp002441125	0	0	0	0	
33-17 sp001897445	2	1	1	100.0	3.0
34-128 sp018819665	3	3	3	0.0	0.0
38-11 sp001509345	2	1	1	0.0	0.0
39-52-133 sp002278935	3	3	3	0.0	0.0
40-80 sp001899145	2	1	1	0.0	0.0
40CM-2-53-6 sp001915065	4	6	6	33.333333333333336	0.0
40CM-2-53-6 sp001918745	2	1	1	0.0	0.0
40CM-2-53-6 sp001919285	2	1	1	0.0	1.0
40CM-2-53-6 sp005882895	2	1	1	0.0	0.0
40CM-2-53-6 sp005882905	3	3	3	33.333333333333336	1.0
40CM-2-53-6 sp005883075	2	1	1	100.0	2.0
40CM-2-70-7 sp003222205	8	28	28	14.285714285714286	0.0
40CM-3-55-5 sp001918935	4	6	6	100.0	2.5
40CM-3-62-11 sp001914955	7	21	21	23.80952380952381	0.0
40CM-4-65-16 sp001917775	7	21	21	33.333333333333336	1.0
40CM-4-65-16 sp005880795	4	6	6	66.66666666666667	2.5
40CM-4-65-16 sp005881275	4	6	6	16.666666666666668	0.0
40CM-4-65-16 sp005881335	5	10	10	10.0	0.0
40CM-4-65-16 sp005882135	5	10	10	40.0	0.5
40CM-4-65-16 sp005883575	2	1	1	100.0	2.0
40CM-4-65-16 sp005887685	2	1	1	0.0	1.0
40CM-4-65-16 sp005889135	3	3	3	0.0	0.0
40CM-4-68-19 sp001918155	5	10	10	40.0	0.5
40CM-4-68-19 sp005879505	2	1	1	100.0	3.0
40CM-4-68-19 sp005879535	3	3	3	0.0	1.0
40CM-4-68-19 sp005879805	2	1	1	100.0	2.0
40CM-4-69-5 sp001917535	2	1	1	0.0	0.0
40CM-68-15 sp003220615	5	10	10	50.0	1.5
41-269 sp001508005	2	1	1	0.0	0.0
42-11 sp001508835	2	1	1	0.0	0.0
43-108 sp001915545	3	3	3	100.0	7.0
43-37 sp001897475	2	1	1	0.0	0.0
4484-219 sp002085035	5	10	10	0.0	0.0
4484-232 sp002084985	2	1	1	0.0	0.0
4484-276 sp002254335	2	1	1	0.0	0.0
4572-104 sp016935815	2	1	1	0.0	0.0
4572-112 sp015493685	4	6	6	83.33333333333333	3.5
46-32 sp001898405	4	6	6	83.33333333333333	5.0
46-32 sp001898485	3	3	3	66.66666666666667	3.0
46-47 sp001509335	3	3	3	0.0	0.0
46-80 sp002382755	4	6	6	16.666666666666668	0.5
46-80 sp002418775	2	1	1	0.0	0.0
46-80 sp003513005	4	6	6	0.0	0.0
49-20 sp002436085	2	1	1	100.0	7.0
49-20 sp012517865	2	1	1	0.0	0.0
49-20 sp012797215	2	1	1	0.0	0.0
50-218 sp001508855	2	1	1	0.0	0.0
50-400-T64 sp002162825	2	1	1	0.0	0.0
50-400-T64 sp018069465	2	1	1	0.0	0.0
51-20 sp001917175	4	6	6	66.66666666666667	4.0
51-20 sp900542055	3	3	3	0.0	0.0
54-19 sp001898225	2	1	1	0.0	0.0
55-13 sp001898035	2	1	1	0.0	0.0
58-81 sp001509095	4	6	6	0.0	0.0
58-81 sp002070395	4	6	6	0.0	0.0
58-81 sp012729145	2	1	1	0.0	0.0
62-47 sp001899255	2	1	1	0.0	0.0
63-22 sp001898995	2	1	1	0.0	0.0
63-22 sp900465915	2	1	1	0.0	0.0
64-32 sp001508155	3	3	3	66.66666666666667	15.0
65-79 sp001896885	2	1	1	0.0	0.0
65-9 sp001899525	2	1	1	0.0	0.0
66-26 sp001897745	3	3	3	66.66666666666667	9.0
66-474 sp001899805	3	3	3	0.0	0.0
67-14 sp001897355	2	1	1	0.0	0.0
67-14 sp903891285	2	1	1	0.0	1.0
67-14 sp903933815	5	10	10	0.0	0.0
67-14 sp903939845	7	21	21	0.0	0.0
69-11 sp001898425	2	1	1	100.0	2.0
6H3-1 sp019058015	3	3	3	0.0	1.0
70-18 sp001899585	2	1	1	100.0	3.0
79-D21 sp000402835	2	1	1	100.0	13.0
79-D21 sp002432945	3	3	3	33.333333333333336	1.0
AAA044-D11 sp002367715	2	1	1	0.0	0.0
AAA044-D11 sp009698045	7	21	21	4.761904761904762	0.0
AAA044-D11 sp009705075	2	1	1	0.0	0.0
AAA044-D11 sp009726125	6	15	15	0.0	0.0
AAA044-D11 sp903836945	11	55	55	1.8181818181818181	0.0
AAA044-D11 sp903838035	8	28	28	3.5714285714285716	0.0
AAA044-D11 sp903842675	19	171	171	4.093567251461988	0.0
AAA044-D11 sp903871555	22	231	231	0.4329004329004329	0.0
AAA044-D11 sp903919375	4	6	6	0.0	1.0
AAA044-D11 sp903938735	5	10	10	10.0	0.0
AAA164-E04 sp000383715	9	36	36	27.77777777777778	0.0
AAA164-E04 sp002690655	9	36	36	36.111111111111114	1.0
AAA240-E13 sp003209225	2	1	1	0.0	0.0
AAA240-E13 sp003211695	2	1	1	0.0	0.0
AAA261-N23 sp000375685	2	1	1	100.0	14.0
AAA300-D14 sp002711285	4	6	6	0.0	0.0
AAA300-D14 sp002715065	14	91	91	25.274725274725274	0.0
AAA536-G10 sp003278095	3	3	3	66.66666666666667	2.0
AAA536-G10 sp003282145	2	1	1	0.0	0.0
AAA536-G10 sp003282885	3	3	3	0.0	0.0
AAA536-G10 sp003283875	3	3	3	0.0	1.0
AAA536-G10 sp016777705	3	3	3	0.0	0.0
AAA536-G10 sp902528415	2	1	1	100.0	2.0
AAA536-G10 sp902529515	2	1	1	0.0	0.0
AAA536-G10 sp902543145	2	1	1	0.0	0.0
AAA536-G10 sp902623995	2	1	1	0.0	0.0
AB-629-J13 sp002346675	2	1	1	0.0	0.0
AC-37 sp005885165	2	1	1	0.0	0.0
AC-51 sp005883885	2	1	1	0.0	1.0
AC-51 sp005885035	4	6	6	66.66666666666667	2.0
AC-67 sp005883175	2	1	1	0.0	0.0
AC-69 sp005885325	2	1	1	0.0	0.0
AC2028 sp016285265	2	1	1	100.0	4.0
AC2028 sp017469945	3	3	3	0.0	0.0
AC2028 sp017940415	2	1	1	0.0	0.0
AC2028 sp017964745	5	10	10	20.0	0.5
AC2028 sp900320825	2	1	1	0.0	0.0
AC2028 sp902761225	6	15	15	20.0	0.0
AC2028 sp902790935	3	3	3	0.0	0.0
AEGEAN-183 sp001628005	3	3	3	0.0	0.0
AEGEAN-183 sp012965075	2	1	1	0.0	0.0
AER2-1 sp016000045	2	1	1	0.0	0.0
AF33-28 sp003477885	3	3	3	66.66666666666667	2.0
AG-337-I02 sp002938205	2	1	1	0.0	0.0
AG-337-I02 sp003282155	2	1	1	0.0	0.0
AG-337-I02 sp018657885	3	3	3	0.0	0.0
AG-337-I02 sp902518705	2	1	1	0.0	0.0
AG-337-I02 sp902554185	4	6	6	0.0	0.5
AG-337-I02 sp902569865	2	1	1	0.0	0.0
AG-337-I02 sp902570155	2	1	1	0.0	0.0
AG-337-I02 sp902580765	2	1	1	100.0	3.0
AG-337-I02 sp902582755	2	1	1	0.0	0.0
AG-337-I02 sp902584805	3	3	3	66.66666666666667	2.0
AG-337-I02 sp902591485	2	1	1	0.0	0.0
AG-337-I02 sp902593125	2	1	1	0.0	0.0
AG-337-I02 sp902602515	2	1	1	0.0	0.0
AG-337-I02 sp902603095	2	1	1	0.0	1.0
AG-337-I02 sp902615745	2	1	1	0.0	0.0
AG-337-I02 sp902616075	3	3	3	33.333333333333336	1.0
AG-337-I02 sp902620425	2	1	1	0.0	0.0
AG-337-I02 sp902621165	2	1	1	0.0	1.0
AG-337-I02 sp902621305	2	1	1	0.0	0.0
AG-337-I02 sp902623545	2	1	1	0.0	0.0
AG-339-G14 sp003282105	11	55	55	20.0	0.0
AG-339-G14 sp902525735	2	1	1	0.0	0.0
AG-339-G14 sp902536295	3	3	3	33.333333333333336	0.0
AG-339-G14 sp902562135	2	1	1	0.0	0.0
AG-339-G14 sp902613455	20	190	190	4.7368421052631575	0.0
AG-339-G14 sp902614235	7	21	21	4.761904761904762	0.0
AG-339-G14 sp902616715	8	28	28	0.0	0.0
AG-339-G14 sp902635045	4	6	6	0.0	0.0
AG-343-D04 sp003265885	2	1	1	0.0	0.0
AG-410-N11 sp003265895	2	1	1	0.0	0.0
AG-414-E02 sp003214615	2	1	1	0.0	0.0
AG-422-B15 sp003211835	2	1	1	0.0	0.0
AG-422-B15 sp003213515	2	1	1	0.0	0.0
AG-422-B15 sp003213715	2	1	1	0.0	0.0
AG-422-B15 sp003282175	2	1	1	0.0	0.0
AG-422-B15 sp003282485	2	1	1	0.0	0.0
AG-422-B15 sp902517885	2	1	1	0.0	0.0
AG-422-B15 sp902519835	6	15	15	26.666666666666668	0.0
AG-422-B15 sp902521655	2	1	1	100.0	2.0
AG-422-B15 sp902523455	2	1	1	0.0	0.0
AG-422-B15 sp902526005	8	28	28	0.0	0.0
AG-422-B15 sp902546615	3	3	3	0.0	0.0
AG-422-B15 sp902547315	2	1	1	0.0	0.0
AG-422-B15 sp902570675	2	1	1	0.0	0.0
AG-422-B15 sp902589175	3	3	3	0.0	0.0
AG-422-B15 sp902610585	2	1	1	0.0	0.0
AG-422-B15 sp902614655	2	1	1	0.0	1.0
AG-422-B15 sp902619105	2	1	1	0.0	0.0
AG-426-I14 sp003210055	2	1	1	0.0	0.0
AG-426-I14 sp003213175	3	3	3	0.0	0.0
AG-426-M11 sp003213095	9	36	36	0.0	0.0
AG-430-B22 sp002726005	2	1	1	0.0	0.0
AG-430-B22 sp002728335	4	6	6	16.666666666666668	0.5
AG-430-B22 sp003209955	2	1	1	0.0	0.0
AG-430-B22 sp003212795	7	21	21	9.523809523809524	0.0
AG-430-B22 sp902533755	3	3	3	0.0	0.0
AG1 sp003116855	3	3	3	0.0	0.0
AG11 sp013361335	7	21	21	0.0	0.0
AG25 sp003221005	2	1	1	0.0	0.0
AG41 sp003221045	2	1	1	100.0	2.0
AG41 sp003222035	2	1	1	0.0	0.0
AG41 sp003222085	4	6	6	33.333333333333336	1.0
AK92 sp003399765	2	1	1	100.0	3.0
AL-N1 sp013122435	4	6	6	0.0	1.0
ALPHA2B sp901875635	2	1	1	100.0	4.0
AM51-8 sp003478275	7	21	21	28.571428571428573	0.0
AM51-8 sp017634455	4	6	6	0.0	0.0
AM51-8 sp900546435	3	3	3	33.333333333333336	0.0
AM51-8 sp900761925	6	15	15	20.0	0.0
ANME1a sp003194425	2	1	1	100.0	5.0
AP-15 sp005888425	3	3	3	0.0	0.0
AP-16 sp005884745	2	1	1	100.0	4.0
AP-16 sp019243195	3	3	3	100.0	2.0
AR12 sp003220225	2	1	1	100.0	2.0
AR12 sp003220475	2	1	1	100.0	2.0
AR19 sp003220595	2	1	1	0.0	1.0
AR31 sp003221515	3	3	3	100.0	3.0
AR37 sp003220345	2	1	1	100.0	9.0
ARK-14 sp002899805	2	1	1	0.0	1.0
ARK-14 sp011333245	2	1	1	0.0	0.0
ARK-15 sp002878135	2	1	1	0.0	0.0
ARK-15 sp009758405	3	3	3	0.0	0.0
ARS1285 sp002688165	2	1	1	0.0	0.0
ARS1301 sp017609205	2	1	1	0.0	0.0
ASMP01 sp018821425	3	3	3	0.0	0.0
ASP10-02a sp002312935	2	1	1	100.0	3.0
ASP10-02a sp002335115	13	78	78	1.2820512820512822	0.0
ASP10-02a sp002470565	2	1	1	0.0	0.0
ASP10-02a sp002686055	2	1	1	100.0	2.0
ASP10-02a sp018647765	3	3	3	0.0	0.0
ASP10-05a sp000981645	4	6	6	0.0	0.5
ASP10-05a sp002336675	2	1	1	0.0	0.0
ATCC-39006 sp002847015	2	1	1	0.0	0.0
ATM1 sp003577165	6	15	15	40.0	0.0
ATN2 sp003577145	3	3	3	0.0	1.0
ATZT02 sp005789325	2	1	1	0.0	0.0
ATZT02 sp016463095	2	1	1	0.0	0.0
AU392 sp003443635	2	1	1	0.0	0.0
AV133 sp003219265	3	3	3	0.0	1.0
AV40 sp003218705	2	1	1	0.0	1.0
AV40 sp003219215	4	6	6	16.666666666666668	1.0
AV40 sp003220055	2	1	1	0.0	0.0
AV69 sp003219125	2	1	1	0.0	0.0
AV69 sp003219175	2	1	1	100.0	3.0
AV69 sp003219925	2	1	1	0.0	0.0
AV69 sp003220155	2	1	1	100.0	2.0
AV80 sp003134765	5	10	10	70.0	2.0
AV80 sp003134785	3	3	3	0.0	0.0
AV80 sp003167555	7	21	21	100.0	10.0
AV80 sp003169695	4	6	6	33.333333333333336	0.5
AWOC01 sp000494185	2	1	1	0.0	0.0
AWRV01 sp000504185	2	1	1	0.0	
AWTP1-30 sp016699125	3	3	3	0.0	0.0
AWTP1-31 sp903946795	3	3	3	0.0	0.0
AWTP1-9 sp016200915	2	1	1	0.0	0.0
Abiotrophia defectiva	4	6	6	33.333333333333336	1.0
Abiotrophia sp001815865	4	6	6	33.333333333333336	1.0
Absicoccus porci	14	91	91	24.175824175824175	0.0
Absicoccus sp000434355	4	6	6	0.0	0.0
Abyssibacter profundi	2	1	1	100.0	2.0
Abyssicoccus albus	2	1	1	0.0	0.0
AcAMD-2 sp000754455	2	1	1	0.0	0.0
AcAMD-2 sp903920865	5	10	10	0.0	0.0
AcAMD-5 sp002293025	3	3	3	0.0	0.0
Acaryochloris sp012034865	3	3	3	100.0	21.0
Accumulibacter phosphatis_B	2	1	1	0.0	0.0
Accumulibacter phosphatis_C	4	6	6	100.0	10.5
Accumulibacter phosphatis_E	2	1	1	100.0	31.0
Accumulibacter phosphatis_F	2	1	1	100.0	16.0
Accumulibacter phosphatis_G	2	1	1	100.0	30.0
Accumulibacter phosphatis_H	2	1	1	100.0	6.0
Accumulibacter sp000584975	7	21	21	90.47619047619048	5.0
Accumulibacter sp000585015	3	3	3	100.0	6.0
Accumulibacter sp000585055	2	1	1	100.0	2.0
Accumulibacter sp000585075	8	28	28	78.57142857142857	7.0
Accumulibacter sp005524045	2	1	1	100.0	5.0
Accumulibacter sp016709675	2	1	1	100.0	18.0
Accumulibacter sp016713625	2	1	1	100.0	2.0
Accumulibacter sp016714935	4	6	6	100.0	23.5
Accumulibacter sp017592775	2	1	1	100.0	8.0
Acd1 sp000389735	2	1	1	0.0	0.0
Acerihabitans sp004346745	2	1	1	100.0	3.0
Acetatifactor intestinalis	17	136	136	50.73529411764706	2.0
Acetatifactor sp003447295	4	6	6	83.33333333333333	3.0
Acetatifactor sp003612485	2	1	1	100.0	6.0
Acetatifactor sp011959105	2	1	1	100.0	6.0
Acetatifactor sp016290775	5	10	10	40.0	1.0
Acetatifactor sp017400965	3	3	3	0.0	1.0
Acetatifactor sp017527205	5	10	10	70.0	2.0
Acetatifactor sp018385425	2	1	1	0.0	0.0
Acetatifactor sp900066565	21	210	210	44.285714285714285	1.0
Acetatifactor sp900320485	3	3	3	66.66666666666667	2.0
Acetatifactor sp900554205	2	1	1	0.0	1.0
Acetatifactor sp900755865	2	1	1	0.0	0.0
Acetatifactor sp900760705	2	1	1	100.0	5.0
Acetatifactor sp900772845	2	1	1	100.0	7.0
Acetatifactor sp902796105	3	3	3	33.333333333333336	0.0
Acetatifactor sp904501885	2	1	1	0.0	0.0
Acetatifactor sp910576125	2	1	1	0.0	1.0
Acetatifactor stercoripullorum	2	1	1	0.0	0.0
Acetivibrio clariflavus	3	3	3	66.66666666666667	3.0
Acetoanaerobium noterae	5	10	10	10.0	0.0
Acetobacter aceti	7	21	21	38.095238095238095	2.0
Acetobacter ascendens	4	6	6	100.0	9.0
Acetobacter cerevisiae	4	6	6	83.33333333333333	4.0
Acetobacter cibinongensis	3	3	3	0.0	0.0
Acetobacter fabarum	4	6	6	50.0	1.5
Acetobacter fallax	2	1	1	0.0	1.0
Acetobacter ghanensis	2	1	1	0.0	0.0
Acetobacter indonesiensis	4	6	6	66.66666666666667	3.0
Acetobacter lovaniensis	2	1	1	0.0	0.0
Acetobacter malorum	4	6	6	50.0	1.5
Acetobacter malorum_A	0	0	0	0	
Acetobacter nitrogenifigens	2	1	1	0.0	0.0
Acetobacter oeni	3	3	3	0.0	0.0
Acetobacter okinawensis	3	3	3	100.0	7.0
Acetobacter orientalis	6	15	15	60.0	2.0
Acetobacter orleanensis	4	6	6	0.0	0.0
Acetobacter oryzifermentans	24	276	276	65.57971014492753	3.0
Acetobacter oryzoeni	4	6	6	66.66666666666667	5.5
Acetobacter pasteurianus	24	276	276	73.18840579710145	3.0
Acetobacter peroxydans	3	3	3	0.0	0.0
Acetobacter persici	8	28	28	85.71428571428571	3.0
Acetobacter pomorum	2	1	1	100.0	11.0
Acetobacter senegalensis	6	15	15	86.66666666666667	4.0
Acetobacter sp017413025	8	28	28	3.5714285714285716	0.0
Acetobacter sp017474285	2	1	1	100.0	3.0
Acetobacter syzygii	7	21	21	33.333333333333336	1.0
Acetobacter thailandicus	7	21	21	57.142857142857146	2.0
Acetobacter tropicalis	9	36	36	33.333333333333336	1.0
Acetobacterium bakii	2	1	1	0.0	0.0
Acetobacterium dehalogenans	2	1	1	100.0	5.0
Acetobacterium paludosum	2	1	1	0.0	0.0
Acetobacterium sp003260995	2	1	1	100.0	2.0
Acetobacterium tundrae	2	1	1	0.0	0.0
Acetobacterium wieringae	5	10	10	100.0	6.0
Acetomicrobium flavidum	2	1	1	0.0	1.0
Acetomicrobium hydrogeniformans	0	0	0	0	
Acetomicrobium sp002385485	3	3	3	0.0	1.0
Acetomicrobium thermoterrenum	2	1	1	100.0	3.0
Acholeplasma hippikon	2	1	1	0.0	0.0
Acholeplasma laidlawii	15	105	105	0.0	0.0
Acholeplasma oculi	3	3	3	0.0	0.0
Acholeplasma_A axanthum	2	1	1	0.0	0.0
Acholeplasma_C brassicae	2	1	1	0.0	0.0
Achromobacter aegrifaciens	10	45	45	64.44444444444444	3.0
Achromobacter animicus	8	28	28	85.71428571428571	5.0
Achromobacter anxifer	2	1	1	0.0	1.0
Achromobacter bronchisepticus_A	5	10	10	40.0	0.0
Achromobacter deleyi	5	10	10	70.0	3.0
Achromobacter denitrificans	13	78	78	84.61538461538461	6.0
Achromobacter dolens	7	21	21	76.19047619047619	3.0
Achromobacter insolitus	17	136	136	78.67647058823529	4.0
Achromobacter insuavis	7	21	21	100.0	9.0
Achromobacter insuavis_A	4	6	6	100.0	9.0
Achromobacter kerstersii	2	1	1	100.0	13.0
Achromobacter marplatensis	4	6	6	50.0	6.5
Achromobacter mucicolens	8	28	28	85.71428571428571	6.0
Achromobacter piechaudii	8	28	28	50.0	3.0
Achromobacter pulmonis	2	1	1	100.0	5.0
Achromobacter pulmonis_A	2	1	1	100.0	5.0
Achromobacter ruhlandii	15	105	105	97.14285714285714	7.0
Achromobacter sp002902905	2	1	1	100.0	23.0
Achromobacter sp900156745	2	1	1	100.0	6.0
Achromobacter spanius	4	6	6	0.0	0.0
Achromobacter spanius_B	5	10	10	100.0	19.5
Achromobacter spanius_C	2	1	1	100.0	8.0
Achromobacter spanius_D	2	1	1	100.0	2.0
Achromobacter xylosoxidans	74	2701	2701	73.86153276564235	5.0
Achromobacter xylosoxidans_B	2	1	1	100.0	14.0
Achromobacter xylosoxidans_C	2	1	1	100.0	13.0
Acidaminococcus fermentans	11	55	55	52.72727272727273	2.0
Acidaminococcus fermentans_A	2	1	1	0.0	0.0
Acidaminococcus intestini	13	78	78	38.46153846153846	2.0
Acidaminococcus massiliensis	2	1	1	100.0	9.0
Acidaminococcus provencensis	5	10	10	50.0	2.5
Acidaminococcus sp000437815	4	6	6	33.333333333333336	7.0
Acidaminococcus sp900314165	2	1	1	0.0	0.0
Acidaminococcus sp900315205	6	15	15	26.666666666666668	0.0
Acidaminococcus sp900538365	4	6	6	83.33333333333333	3.0
Acidaminococcus sp900770265	2	1	1	100.0	4.0
Acidaminococcus timonensis	3	3	3	100.0	4.0
Acidianus ambivalens	2	1	1	0.0	0.0
Acidianus copahuensis	2	1	1	0.0	0.0
Acidianus hospitalis	2	1	1	0.0	0.0
Acidibacillus ferrooxidans	3	3	3	100.0	43.0
Acidiferrobacter thiooxydans	0	0	0	0	
Acidilobus sp000495735	5	10	10	100.0	4.5
Acidiluteibacter ferrifornacis	2	1	1	100.0	2.0
Acidimangrovimonas indica	3	3	3	0.0	1.0
Acidiphilium multivorum	6	15	15	100.0	7.0
Acidiphilium rubrum	4	6	6	83.33333333333333	33.5
Acidiphilium sp002255515	3	3	3	66.66666666666667	2.0
Acidiphilium sp002279355	3	3	3	0.0	0.0
Acidiplasma aeolicum	5	10	10	40.0	1.0
Acidipropionibacterium acidipropionici	8	28	28	85.71428571428571	4.0
Acidipropionibacterium jensenii	5	10	10	70.0	6.5
Acidisoma sp009765865	2	1	1	100.0	57.0
Acidithiobacillus ferridurans	7	21	21	90.47619047619048	6.0
Acidithiobacillus ferriphilus	8	28	28	89.28571428571429	3.5
Acidithiobacillus ferrivorans	8	28	28	100.0	18.5
Acidithiobacillus ferrooxidans	15	105	105	95.23809523809524	9.0
Acidithiobacillus sp015100155	2	1	1	100.0	30.0
Acidithiobacillus sp018853465	2	1	1	0.0	0.0
Acidithiobacillus thiooxidans	22	231	231	98.7012987012987	19.0
Acidithiobacillus_A caldus	17	136	136	77.94117647058823	5.0
Acidithrix ferrooxidans	2	1	1	100.0	5.0
Acidobacterium capsulatum	2	1	1	0.0	0.0
Acidocella aminolytica	2	1	1	0.0	1.0
Acidocella facilis	2	1	1	0.0	
Acidocella sp002255575	2	1	1	100.0	2.0
Acidocella sp002281005	2	1	1	0.0	0.0
Acidocella sp003137135	2	1	1	100.0	14.0
Acidocella sp003164135	5	10	10	100.0	9.5
Acidoferrum sp001917435	4	6	6	50.0	1.5
Acidoferrum sp001919715	2	1	1	0.0	1.0
Acidoferrum sp003154775	6	15	15	80.0	4.0
Acidoferrum sp003223215	3	3	3	100.0	17.0
Acidoferrum sp003225295	4	6	6	100.0	25.0
Acidoferrum sp018268785	2	1	1	0.0	0.0
Acidomonas methanolica	4	6	6	50.0	2.0
Acidothermus cellulolyticus	0	0	0	0	
Acidovorax carolinensis	4	6	6	83.33333333333333	6.0
Acidovorax defluvii	12	66	66	40.90909090909091	1.0
Acidovorax delafieldii	8	28	28	89.28571428571429	6.0
Acidovorax delafieldii_C	2	1	1	100.0	2.0
Acidovorax facilis	0	0	0	0	
Acidovorax radicis	5	10	10	80.0	9.5
Acidovorax soli	2	1	1	100.0	11.0
Acidovorax sp000302535	4	6	6	66.66666666666667	3.0
Acidovorax sp001411535	16	120	120	87.5	5.0
Acidovorax sp001424425	3	3	3	100.0	8.0
Acidovorax sp001428665	2	1	1	100.0	10.0
Acidovorax sp002176815	4	6	6	100.0	4.5
Acidovorax sp002754495	3	3	3	66.66666666666667	8.0
Acidovorax sp003053545	2	1	1	100.0	2.0
Acidovorax sp003058055	2	1	1	100.0	5.0
Acidovorax sp018828125	11	55	55	69.0909090909091	3.0
Acidovorax sp019218755	3	3	3	0.0	0.0
Acidovorax temperans	7	21	21	80.95238095238095	3.0
Acidovorax_A avenae	17	136	136	97.05882352941177	16.5
Acidovorax_A cattleyae	2	1	1	100.0	22.0
Acidovorax_A citrulli	11	55	55	92.72727272727273	9.0
Acidovorax_A oryzae	2	1	1	100.0	165.0
Acidovorax_C caeni	2	1	1	100.0	3.0
Acidovorax_C sp001725235	3	3	3	100.0	29.0
Acidovorax_F monticola	2	1	1	100.0	7.0
Aciduliprofundum boonei	6	15	15	0.0	0.0
Acidulodesulfobacterium sp003232385	2	1	1	0.0	0.0
Acinetobacter albensis	4	6	6	50.0	1.5
Acinetobacter baretiae	2	1	1	100.0	2.0
Acinetobacter baumannii	5206	13548615	13548615	71.87608475109818	3.0
Acinetobacter baumannii_B	14	91	91	17.582417582417584	0.0
Acinetobacter baylyi	13	78	78	26.923076923076923	1.0
Acinetobacter beijerinckii	4	6	6	50.0	10.0
Acinetobacter bereziniae	51	1275	1275	89.25490196078431	6.0
Acinetobacter bohemicus	4	6	6	83.33333333333333	13.0
Acinetobacter bouvetii	6	15	15	53.333333333333336	4.0
Acinetobacter brisouii	4	6	6	0.0	1.0
Acinetobacter brisouii_A	2	1	1	100.0	5.0
Acinetobacter calcoaceticus	23	253	253	41.89723320158103	2.0
Acinetobacter calcoaceticus_C	3	3	3	66.66666666666667	3.0
Acinetobacter chengduensis	3	3	3	66.66666666666667	2.0
Acinetobacter chinensis	2	1	1	100.0	9.0
Acinetobacter colistiniresistens	10	45	45	68.88888888888889	5.0
Acinetobacter courvalinii	10	45	45	37.77777777777778	2.5
Acinetobacter cumulans	9	36	36	94.44444444444444	5.0
Acinetobacter defluvii	2	1	1	100.0	16.0
Acinetobacter dispersus	4	6	6	16.666666666666668	2.0
Acinetobacter fasciculus	16	120	120	35.833333333333336	4.0
Acinetobacter gandensis	6	15	15	80.0	5.0
Acinetobacter gerneri	3	3	3	33.333333333333336	0.0
Acinetobacter guerrae	3	3	3	0.0	0.0
Acinetobacter guillouiae	14	91	91	53.84615384615385	2.0
Acinetobacter gyllenbergii	6	15	15	0.0	0.0
Acinetobacter haemolyticus	55	1485	1485	75.82491582491582	4.0
Acinetobacter halotolerans	2	1	1	100.0	4.0
Acinetobacter harbinensis	2	1	1	100.0	2.0
Acinetobacter idrijaensis	5	10	10	30.0	1.0
Acinetobacter indicus	129	8256	8256	81.68604651162791	4.0
Acinetobacter johnsonii	52	1326	1326	69.07993966817496	4.0
Acinetobacter junii	72	2556	2556	70.30516431924883	3.0
Acinetobacter kanungonis	3	3	3	100.0	8.0
Acinetobacter kookii	2	1	1	100.0	10.0
Acinetobacter kyonggiensis	3	3	3	100.0	9.0
Acinetobacter lactucae	16	120	120	45.833333333333336	2.0
Acinetobacter lactucae_A	4	6	6	0.0	0.0
Acinetobacter lanii	2	1	1	100.0	4.0
Acinetobacter lwoffii	9	36	36	19.444444444444443	0.0
Acinetobacter lwoffii_C	5	10	10	60.0	3.0
Acinetobacter lwoffii_D	7	21	21	61.904761904761905	2.0
Acinetobacter lwoffii_E	2	1	1	0.0	0.0
Acinetobacter modestus	4	6	6	16.666666666666668	17.0
Acinetobacter nosocomialis	246	30135	30135	61.58619545379127	2.0
Acinetobacter oleivorans	39	741	741	26.450742240215924	1.0
Acinetobacter parvus	11	55	55	5.454545454545454	1.0
Acinetobacter piscicola_A	7	21	21	28.571428571428573	0.0
Acinetobacter pittii	321	51360	51360	56.44665109034268	2.0
Acinetobacter pittii_H	8	28	28	75.0	2.5
Acinetobacter pollinis	4	6	6	0.0	0.0
Acinetobacter portensis	2	1	1	100.0	3.0
Acinetobacter proteolyticus	4	6	6	33.333333333333336	3.0
Acinetobacter pseudolwoffii	24	276	276	77.17391304347827	5.0
Acinetobacter qingfengensis	2	1	1	0.0	1.0
Acinetobacter radioresistens	73	2628	2628	48.858447488584474	2.0
Acinetobacter rathckeae	2	1	1	100.0	2.0
Acinetobacter rudis	2	1	1	0.0	
Acinetobacter schindleri	24	276	276	56.52173913043478	2.0
Acinetobacter seifertii	80	3160	3160	55.09493670886076	2.0
Acinetobacter shaoyimingii	2	1	1	100.0	3.0
Acinetobacter soli	38	703	703	38.83357041251778	1.0
Acinetobacter sp000313935	2	1	1	0.0	0.0
Acinetobacter sp000368265	3	3	3	100.0	9.0
Acinetobacter sp000369505	2	1	1	0.0	
Acinetobacter sp000369525	7	21	21	28.571428571428573	3.0
Acinetobacter sp000369645	8	28	28	92.85714285714286	4.0
Acinetobacter sp000632455	4	6	6	66.66666666666667	2.5
Acinetobacter sp001626925	7	21	21	23.80952380952381	1.0
Acinetobacter sp001647535	3	3	3	66.66666666666667	3.0
Acinetobacter sp001647545	2	1	1	100.0	8.0
Acinetobacter sp002018365	71	2485	2485	87.12273641851107	6.0
Acinetobacter sp002135205	5	10	10	60.0	6.0
Acinetobacter sp002135245	8	28	28	85.71428571428571	5.0
Acinetobacter sp002165255	5	10	10	50.0	5.0
Acinetobacter sp002296655	2	1	1	0.0	0.0
Acinetobacter sp002365595	3	3	3	33.333333333333336	0.0
Acinetobacter sp002367455	3	3	3	0.0	0.0
Acinetobacter sp002455755	2	1	1	100.0	4.0
Acinetobacter sp003711395	0	0	0	0	
Acinetobacter sp003987695	2	1	1	0.0	1.0
Acinetobacter sp004331075	2	1	1	100.0	8.0
Acinetobacter sp004336635	3	3	3	100.0	13.0
Acinetobacter sp008017255	2	1	1	0.0	0.0
Acinetobacter sp012371325	6	15	15	73.33333333333333	3.0
Acinetobacter sp013009345	5	10	10	20.0	0.5
Acinetobacter sp016624945	3	3	3	0.0	1.0
Acinetobacter sp019038395	2	1	1	0.0	1.0
Acinetobacter stercoris	0	0	0	0	
Acinetobacter tandoii	5	10	10	70.0	2.5
Acinetobacter terrae	8	28	28	100.0	7.0
Acinetobacter terrestris	5	10	10	100.0	8.5
Acinetobacter tjernbergiae	5	10	10	0.0	0.0
Acinetobacter towneri	47	1081	1081	85.2913968547641	4.0
Acinetobacter towneri_A	0	0	0	0	
Acinetobacter ursingii	69	2346	2346	74.04092071611254	4.0
Acinetobacter variabilis	45	990	990	64.44444444444444	2.0
Acinetobacter venetianus	21	210	210	29.523809523809526	1.0
Acinetobacter vivianii	8	28	28	39.285714285714285	2.0
Acinetobacter wanghuae	2	1	1	0.0	1.0
Acinetobacter wuhouensis	6	15	15	100.0	8.0
Actibacterium pelagium	2	1	1	0.0	0.0
Actibacterium_A naphthalenivorans	3	3	3	0.0	0.0
Actinoalloteichus cyanogriseus	3	3	3	100.0	49.0
Actinoalloteichus fjordicus	2	1	1	100.0	5.0
Actinoalloteichus hoggarensis	2	1	1	0.0	0.0
Actinoalloteichus hymeniacidonis	2	1	1	0.0	0.0
Actinobacillus equuli	3	3	3	66.66666666666667	3.0
Actinobacillus lignieresii	29	406	406	64.03940886699507	2.0
Actinobacillus suis	7	21	21	61.904761904761905	2.0
Actinobacillus ureae	3	3	3	100.0	7.0
Actinobacillus_A porcitonsillarum	2	1	1	100.0	13.0
Actinobacillus_B seminis	2	1	1	0.0	1.0
Actinobaculum massiliense	2	1	1	0.0	
Actinobaculum suis	5	10	10	20.0	0.5
Actinocatenispora sera	2	1	1	0.0	1.0
Actinokineospora alba	3	3	3	33.333333333333336	1.0
Actinokineospora mzabensis	2	1	1	0.0	0.0
Actinokineospora terrae	2	1	1	100.0	32.0
Actinomadura_B viridilutea	2	1	1	0.0	0.0
Actinomarina sp000384495	3	3	3	0.0	0.0
Actinomarina sp002169115	2	1	1	0.0	0.0
Actinomarina sp002683085	3	3	3	0.0	0.0
Actinomarina sp002724835	4	6	6	0.0	0.0
Actinomarina sp003213165	10	45	45	8.88888888888889	0.0
Actinomarina sp003213625	29	406	406	3.2019704433497536	0.0
Actinomarina sp003281085	10	45	45	0.0	0.0
Actinomarina sp003282445	11	55	55	36.36363636363637	1.0
Actinomarina sp014384285	4	6	6	50.0	1.0
Actinomarina sp902510995	2	1	1	0.0	0.0
Actinomarina sp902519215	2	1	1	0.0	0.0
Actinomarina sp902519845	2	1	1	0.0	0.0
Actinomarina sp902533795	2	1	1	0.0	0.0
Actinomarina sp902555985	4	6	6	0.0	0.0
Actinomarina sp902571385	4	6	6	0.0	0.0
Actinomarina sp902580215	5	10	10	0.0	0.0
Actinomarina sp902587025	5	10	10	0.0	0.0
Actinomarina sp902593795	3	3	3	0.0	0.0
Actinomarina sp902595195	2	1	1	100.0	2.0
Actinomarina sp902596545	2	1	1	0.0	0.0
Actinomarina sp902604835	2	1	1	0.0	0.0
Actinomarina sp902619825	2	1	1	0.0	0.0
Actinomarina sp902625455	4	6	6	0.0	0.0
Actinomarina sp902626065	2	1	1	0.0	0.0
Actinomyces bovis	0	0	0	0	
Actinomyces bowdenii	2	1	1	100.0	7.0
Actinomyces bowdenii_B	2	1	1	0.0	0.0
Actinomyces dentalis	2	1	1	100.0	2.0
Actinomyces denticolens	5	10	10	10.0	0.5
Actinomyces gaoshouyii	3	3	3	66.66666666666667	2.0
Actinomyces gerencseriae	2	1	1	0.0	1.0
Actinomyces glycerinitolerans	4	6	6	100.0	8.0
Actinomyces graevenitzii	9	36	36	13.88888888888889	1.0
Actinomyces howellii	2	1	1	0.0	0.0
Actinomyces israelii	2	1	1	100.0	3.0
Actinomyces johnsonii	6	15	15	0.0	0.0
Actinomyces lilanjuaniae	2	1	1	0.0	0.0
Actinomyces marmotae	5	10	10	70.0	2.0
Actinomyces massiliensis	3	3	3	66.66666666666667	3.0
Actinomyces naeslundii	23	253	253	61.6600790513834	2.0
Actinomyces oris	15	105	105	34.285714285714285	1.0
Actinomyces oris_A	3	3	3	33.333333333333336	0.0
Actinomyces oris_B	2	1	1	100.0	2.0
Actinomyces oris_C	9	36	36	63.888888888888886	4.0
Actinomyces oris_E	3	3	3	33.333333333333336	2.5
Actinomyces procaprae	2	1	1	100.0	14.0
Actinomyces qiguomingii	2	1	1	100.0	16.0
Actinomyces ruminicola	3	3	3	66.66666666666667	2.0
Actinomyces slackii	2	1	1	0.0	1.0
Actinomyces sp000220835	3	3	3	100.0	8.0
Actinomyces sp002999235	2	1	1	100.0	2.0
Actinomyces sp009930875	2	1	1	100.0	9.0
Actinomyces sp011751985	3	3	3	0.0	0.0
Actinomyces sp013185035	2	1	1	100.0	4.0
Actinomyces sp015711475	2	1	1	0.0	0.0
Actinomyces sp900323545	0	0	0	0	
Actinomyces succiniciruminis	3	3	3	66.66666666666667	4.0
Actinomyces urogenitalis	7	21	21	47.61904761904762	1.0
Actinomyces viscosus	2	1	1	0.0	0.0
Actinomyces wuliandei	2	1	1	100.0	11.0
Actinophytocola algeriensis	2	1	1	0.0	0.0
Actinoplanes abujensis	2	1	1	0.0	0.0
Actinoplanes brasiliensis	2	1	1	0.0	1.0
Actinoplanes caeruleus	2	1	1	100.0	7.0
Actinoplanes campanulatus	4	6	6	50.0	9.5
Actinoplanes derwentensis	2	1	1	0.0	0.0
Actinoplanes digitatis	2	1	1	100.0	2.0
Actinoplanes ferrugineus_A	2	1	1	100.0	6.0
Actinoplanes ianthinogenes	2	1	1	0.0	0.0
Actinoplanes italicus	2	1	1	100.0	2.0
Actinoplanes lobatus	2	1	1	0.0	0.0
Actinoplanes lutulentus	2	1	1	0.0	0.0
Actinoplanes octamycinicus	2	1	1	0.0	0.0
Actinoplanes palleronii	2	1	1	100.0	16.0
Actinoplanes philippinensis	2	1	1	0.0	0.0
Actinoplanes regularis	2	1	1	0.0	0.0
Actinoplanes sp900119315	3	3	3	66.66666666666667	2.0
Actinoplanes teichomyceticus	4	6	6	50.0	1.0
Actinoplanes utahensis	2	1	1	0.0	0.0
Actinoplanes xinjiangensis	2	1	1	0.0	0.0
Actinopolymorpha cephalotaxi	2	1	1	100.0	15.0
Actinopolyspora erythraea	2	1	1	0.0	
Actinopolyspora mortivallis	2	1	1	100.0	7.0
Actinopolyspora righensis	0	0	0	0	
Actinopolyspora saharensis	3	3	3	66.66666666666667	2.0
Actinosynnema auranticum	2	1	1	0.0	0.0
Actinosynnema carneum	2	1	1	100.0	19.0
Actinosynnema coeruleofuscum	2	1	1	100.0	9.0
Actinosynnema mirum	2	1	1	100.0	2.0
Actinosynnema syringae	2	1	1	0.0	1.0
Actinosynnema texasense	2	1	1	100.0	4.0
Actinotalea carbonis	2	1	1	0.0	0.0
Actinotalea fermentans	2	1	1	0.0	0.0
Actinotalea sp014042015	2	1	1	0.0	0.0
Actinotignum schaalii	2	1	1	0.0	0.0
Actinotignum timonense	3	3	3	66.66666666666667	13.0
Actinotignum urinale	0	0	0	0	
Acutalibacter muris	6	15	15	80.0	4.0
Acutalibacter ornithocaccae	5	10	10	40.0	1.0
Acutalibacter sp000432995	3	3	3	33.333333333333336	1.0
Acutalibacter sp009936035	5	10	10	90.0	52.5
Acutalibacter sp009936055	2	1	1	100.0	6.0
Acutalibacter sp900548545	2	1	1	100.0	4.0
Acutalibacter sp900755895	2	1	1	0.0	0.0
Acutalibacter sp904374805	5	10	10	20.0	0.5
Acutalibacter sp910574935	7	21	21	90.47619047619048	2.0
Acutalibacter sp910574995	2	1	1	0.0	1.0
Acutalibacter stercoravium	11	55	55	43.63636363636363	1.0
Acutalibacter stercorigallinarum	4	6	6	83.33333333333333	3.5
Acutalibacter timonensis	2	1	1	100.0	6.0
Acuticoccus yangtzensis	3	3	3	66.66666666666667	3.0
Adamsella avium	3	3	3	0.0	1.0
Adiutrix intracellularis	2	1	1	0.0	1.0
Adlercreutzia caecimuris	4	6	6	83.33333333333333	3.5
Adlercreutzia celatus_A	15	105	105	44.76190476190476	1.0
Adlercreutzia equolifaciens	7	21	21	9.523809523809524	0.0
Adlercreutzia mucosicola	2	1	1	100.0	7.0
Adlercreutzia muris	7	21	21	80.95238095238095	5.0
Advenella alkanexedens	3	3	3	33.333333333333336	0.0
Advenella faeciporci	3	3	3	0.0	0.0
Advenella incenata	2	1	1	0.0	0.0
Advenella kashmirensis	2	1	1	0.0	1.0
Advenella sp003533245	2	1	1	100.0	6.0
Aegiribacteria sp016936235	2	1	1	0.0	0.0
Aequoribacter fuscus	2	1	1	0.0	0.0
Aequoribacter sp003520285	5	10	10	0.0	1.0
Aequorivita antarctica	2	1	1	100.0	4.0
Aequorivita lipolytica	2	1	1	0.0	0.0
Aequorivita sinensis	3	3	3	33.333333333333336	0.0
Aequorivita soesokkakensis	2	1	1	0.0	0.0
Aequorivita sp002364215	12	66	66	43.93939393939394	1.0
Aequorivita sp002375695	2	1	1	0.0	0.0
Aequorivita sp002715485	2	1	1	0.0	0.0
Aequorivita viscosa	2	1	1	0.0	1.0
Aequorivita vladivostokensis	7	21	21	28.571428571428573	1.0
Aeribacillus composti	10	45	45	95.55555555555556	7.0
Aeriscardovia aeriphila	2	1	1	0.0	0.0
Aerococcus christensenii	4	6	6	33.333333333333336	2.0
Aerococcus sanguinicola	11	55	55	16.363636363636363	0.0
Aerococcus sp001809535	2	1	1	0.0	
Aerococcus sp001813115	4	6	6	0.0	
Aerococcus urinae	25	300	300	42.666666666666664	1.0
Aerococcus urinae_B	9	36	36	36.111111111111114	1.0
Aerococcus urinae_C	11	55	55	43.63636363636363	1.0
Aerococcus urinae_D	24	276	276	45.289855072463766	1.0
Aerococcus urinaeequi	13	78	78	46.15384615384615	1.0
Aerococcus urinaehominis	2	1	1	0.0	0.0
Aerococcus viridans	3	3	3	0.0	0.0
Aerococcus viridans_B	2	1	1	0.0	
Aeromicrobium chenweiae	2	1	1	0.0	0.0
Aeromicrobium erythreum	6	15	15	66.66666666666667	3.0
Aeromicrobium fastidiosum	2	1	1	0.0	0.0
Aeromicrobium massiliense	0	0	0	0	
Aeromicrobium phoceense	2	1	1	100.0	3.0
Aeromicrobium piscarium	2	1	1	100.0	3.0
Aeromicrobium sp001423335	5	10	10	10.0	0.0
Aeromicrobium sp001426485	2	1	1	0.0	1.0
Aeromicrobium sp014334735	3	3	3	66.66666666666667	3.0
Aeromicrobium tamlense	2	1	1	0.0	0.0
Aeromicrobium yanjiei	3	3	3	33.333333333333336	1.0
Aeromonas allosaccharophila	12	66	66	98.48484848484848	30.0
Aeromonas bestiarum	4	6	6	83.33333333333333	6.0
Aeromonas bivalvium	5	10	10	40.0	0.0
Aeromonas caviae	111	6105	6105	91.1056511056511	6.0
Aeromonas dhakensis	45	990	990	82.62626262626263	4.0
Aeromonas diversa	2	1	1	0.0	0.0
Aeromonas encheleia	5	10	10	90.0	3.5
Aeromonas enteropelogenes	7	21	21	90.47619047619048	4.0
Aeromonas hydrophila	119	7021	7021	82.49537102976784	5.0
Aeromonas jandaei	25	300	300	77.0	4.0
Aeromonas lacus	2	1	1	100.0	2.0
Aeromonas media	16	120	120	93.33333333333333	8.0
Aeromonas piscicola	2	1	1	100.0	5.0
Aeromonas popoffii	4	6	6	83.33333333333333	7.5
Aeromonas rivipollensis	13	78	78	78.2051282051282	4.0
Aeromonas salmonicida	73	2628	2628	75.91324200913242	6.0
Aeromonas sanarellii	3	3	3	100.0	3.0
Aeromonas schubertii	4	6	6	50.0	3.5
Aeromonas simiae	2	1	1	100.0	3.0
Aeromonas sobria	13	78	78	80.76923076923077	5.5
Aeromonas taiwanensis	7	21	21	71.42857142857143	2.0
Aeromonas veronii	155	11935	11935	92.23292836196062	16.0
Aeromonas veronii_A	3	3	3	33.333333333333336	14.0
Aerophototrophica crusticola	2	1	1	0.0	0.0
Aeropyrum camini	2	1	1	0.0	0.0
Aeropyrum pernix	2	1	1	100.0	6.0
Aeropyrum sp015521685	2	1	1	0.0	0.0
Aestuariirhabdus litorea	2	1	1	0.0	0.0
Aestuariivirga sp016185245	2	1	1	0.0	1.0
Aestuariivirga sp902826365	3	3	3	0.0	0.0
Aetokthonos hydrillicola	0	0	0	0	
Afifella marina	5	10	10	0.0	0.0
Afipia birgiae	0	0	0	0	
Afipia broomeae	9	36	36	94.44444444444444	8.0
Afipia carboxidovorans	3	3	3	66.66666666666667	3.0
Afipia clevelandensis	2	1	1	0.0	
Afipia felis	4	6	6	83.33333333333333	6.5
Afipia sp000178995	3	3	3	100.0	2.0
Afipia sp000497575	8	28	28	14.285714285714286	0.0
Afipia sp001897755	2	1	1	0.0	0.0
Afipia sp001897905	2	1	1	0.0	0.0
Agarivorans albus	2	1	1	100.0	6.0
Agarivorans gilvus	2	1	1	0.0	1.0
Agathobacter faecis	42	861	861	40.30197444831591	1.0
Agathobacter rectalis	151	11325	11325	69.94260485651215	4.0
Agathobacter ruminis	3	3	3	66.66666666666667	2.0
Agathobacter sp000434275	5	10	10	20.0	0.5
Agathobacter sp017409825	2	1	1	100.0	3.0
Agathobacter sp017623935	2	1	1	0.0	0.0
Agathobacter sp900316805	3	3	3	0.0	1.0
Agathobacter sp900317585	5	10	10	30.0	1.0
Agathobacter sp900543445	3	3	3	66.66666666666667	2.0
Agathobacter sp900546625	2	1	1	0.0	0.0
Agathobacter sp900548765	2	1	1	0.0	0.0
Agathobacter sp900552085	7	21	21	47.61904761904762	1.0
Agathobacter sp905209075	5	10	10	70.0	2.0
Agathobaculum butyriciproducens	19	171	171	94.73684210526316	12.0
Agathobaculum desmolans	2	1	1	100.0	10.0
Agathobaculum intestinigallinarum	2	1	1	100.0	3.0
Agathobaculum pullistercoris	4	6	6	50.0	1.0
Agathobaculum sp003481705	6	15	15	86.66666666666667	9.0
Agathobaculum sp900291975	6	15	15	93.33333333333333	6.0
Agathobaculum sp900544475	3	3	3	100.0	11.0
Agathobaculum sp900557315	2	1	1	0.0	0.0
Agathobaculum stercoravium	2	1	1	100.0	4.0
Aggregatibacter actinomycetemcomitans	80	3160	3160	75.44303797468355	12.0
Aggregatibacter actinomycetemcomitans_A	15	105	105	82.85714285714286	30.0
Aggregatibacter aphrophilus	19	171	171	51.461988304093566	2.0
Aggregatibacter kilianii	10	45	45	40.0	1.0
Aggregatibacter segnis	6	15	15	53.333333333333336	3.0
Aggregatibacter segnis_A	6	15	15	80.0	2.0
Aggregatibacter sp000466335	4	6	6	16.666666666666668	1.0
Aggregicoccus sp009659535	2	1	1	0.0	0.0
Agitococcus sp002333125	6	15	15	93.33333333333333	6.0
Agitococcus sp006546595	2	1	1	0.0	0.0
Agreia bicolorata	2	1	1	100.0	3.0
Agreia pratensis	2	1	1	100.0	3.0
Agreia sp001421485	2	1	1	100.0	3.0
Agreia sp001422485	2	1	1	100.0	6.0
Agrilactobacillus composti	2	1	1	100.0	3.0
Agriterribacter sp001899685	2	1	1	0.0	0.0
Agriterribacter sp003075435	3	3	3	100.0	3.0
Agrobacterium bohemicum	2	1	1	0.0	
Agrobacterium cavarae	22	231	231	90.04329004329004	8.0
Agrobacterium deltaense	52	1326	1326	59.35143288084465	3.0
Agrobacterium fabacearum	231	26565	26565	81.77677395068699	5.0
Agrobacterium fabrum	20	190	190	60.0	3.0
Agrobacterium larrymoorei	2	1	1	100.0	3.0
Agrobacterium oryzihabitans	7	21	21	100.0	13.0
Agrobacterium pusense	70	2415	2415	73.04347826086956	4.0
Agrobacterium rhizogenes_A	9	36	36	61.111111111111114	2.0
Agrobacterium rosae	8	28	28	89.28571428571429	7.0
Agrobacterium rubi	8	28	28	75.0	5.5
Agrobacterium salinitolerans	8	28	28	57.142857142857146	4.0
Agrobacterium skierniewicense	2	1	1	100.0	3.0
Agrobacterium sp005938205	2	1	1	0.0	1.0
Agrobacterium sp900012615	2	1	1	0.0	1.0
Agrobacterium sp900012625	3	3	3	0.0	0.0
Agrobacterium sp900013535	7	21	21	47.61904761904762	4.5
Agrobacterium sp900468015	2	1	1	100.0	9.0
Agrobacterium sp900468285	14	91	91	83.51648351648352	4.0
Agrobacterium sp900473205	2	1	1	0.0	0.0
Agrobacterium tumefaciens	242	29161	29161	82.94297177737388	4.0
Agrobacterium tumefaciens_B	6	15	15	93.33333333333333	6.0
Agrobacterium tumefaciens_C	3	3	3	66.66666666666667	15.0
Agrobacterium tumefaciens_H	3	3	3	66.66666666666667	2.0
Agrococcus pavilionensis	2	1	1	0.0	0.0
Agrococcus sediminis	0	0	0	0	
Agromyces aureus	2	1	1	0.0	0.0
Agromyces badenianii	2	1	1	0.0	0.0
Agromyces flavus	2	1	1	0.0	0.0
Agromyces fucosus	2	1	1	0.0	0.0
Agromyces italicus	2	1	1	0.0	0.0
Agromyces laixinhei	3	3	3	66.66666666666667	3.0
Agromyces sp018613935	0	0	0	0	
Agromyces_B atrinae	2	1	1	0.0	0.0
Ahrensia kielensis	2	1	1	100.0	6.0
Aidingimonas halophila	2	1	1	100.0	2.0
Akkermansia glycaniphila	3	3	3	100.0	12.0
Akkermansia intestinavium	5	10	10	80.0	2.0
Akkermansia muciniphila	195	18915	18915	74.24266455194291	5.0
Akkermansia muciniphila_A	10	45	45	84.44444444444444	4.0
Akkermansia muciniphila_B	26	325	325	30.76923076923077	1.0
Akkermansia muciniphila_C	5	10	10	70.0	3.5
Akkermansia muciniphila_D	3	3	3	100.0	8.0
Akkermansia sp001580195	13	78	78	46.15384615384615	4.0
Akkermansia sp004167605	68	2278	2278	59.701492537313435	2.0
Akkermansia sp015061985	2	1	1	0.0	1.0
Akkermansia sp017399165	3	3	3	100.0	31.0
Akkermansia sp017415555	2	1	1	100.0	4.0
Akkermansia sp017435505	2	1	1	100.0	3.0
Akkermansia sp017504805	2	1	1	100.0	3.0
Akkermansia sp017549485	2	1	1	0.0	1.0
Akkermansia sp017937215	3	3	3	100.0	5.0
Akkermansia sp900545155	3	3	3	33.333333333333336	1.0
Akkermansia sp904501915	2	1	1	0.0	0.0
Akkermansia sp904501955	2	1	1	0.0	0.0
Akkermansia sp904501975	2	1	1	0.0	0.0
Akkermansia sp904502165	2	1	1	0.0	0.0
Albimonas donghaensis	3	3	3	100.0	5.0
Albitalea sp005882155	2	1	1	100.0	9.0
Alcaligenes aquatilis	7	21	21	66.66666666666667	3.0
Alcaligenes faecalis	22	231	231	57.57575757575758	2.0
Alcaligenes faecalis_C	2	1	1	100.0	3.0
Alcaligenes pakistanensis	3	3	3	33.333333333333336	0.0
Alcaligenes phenolicus	9	36	36	83.33333333333333	4.0
Alcanivorax borkumensis	6	15	15	6.666666666666667	0.0
Alcanivorax dieselolei	2	1	1	100.0	2.0
Alcanivorax gelatiniphagus	3	3	3	66.66666666666667	2.0
Alcanivorax jadensis	7	21	21	52.38095238095238	2.0
Alcanivorax jadensis_A	2	1	1	100.0	3.0
Alcanivorax mobilis	0	0	0	0	
Alcanivorax profundi	2	1	1	0.0	1.0
Alcanivorax profundimaris	10	45	45	71.11111111111111	3.0
Alcanivorax sp000155615	4	6	6	83.33333333333333	9.5
Alcanivorax sp002389055	3	3	3	66.66666666666667	2.0
Alcanivorax sp002706085	2	1	1	100.0	10.0
Alcanivorax sp004360225	2	1	1	0.0	0.0
Alcanivorax sp009711585	2	1	1	0.0	1.0
Alcanivorax sp900107995	9	36	36	58.333333333333336	2.0
Alcanivorax venustensis	45	990	990	73.73737373737374	3.0
Alcanivorax xenomutans	5	10	10	80.0	5.5
Alectryocaccobium sp017433825	2	1	1	100.0	2.0
Alectryocaccomicrobium faecavium	8	28	28	82.14285714285714	4.0
Algibacter lectus	6	15	15	20.0	0.0
Algibacter_B amylolyticus	3	3	3	0.0	0.0
Algoriella xinjiangensis	3	3	3	100.0	7.0
Algorimicrobium algoritergicola	2	1	1	0.0	0.0
Algorimicrobium echini	2	1	1	0.0	0.0
Algoriphagus alkaliphilus	2	1	1	0.0	1.0
Algoriphagus antarcticus	2	1	1	0.0	0.0
Algoriphagus boritolerans	2	1	1	0.0	0.0
Algoriphagus faecimaris	2	1	1	0.0	1.0
Algoriphagus formosus	2	1	1	100.0	2.0
Algoriphagus marincola	0	0	0	0	
Algoriphagus marincola_A	2	1	1	100.0	2.0
Algoriphagus ornithinivorans	7	21	21	80.95238095238095	4.0
Algoriphagus ratkowskyi	3	3	3	0.0	0.0
Algoriphagus sp903952135	2	1	1	0.0	1.0
Algoriphagus zhangzhouensis	2	1	1	0.0	0.0
Aliarcobacter aquimarinus	2	1	1	0.0	0.0
Aliarcobacter butzleri	50	1225	1225	27.102040816326532	0.0
Aliarcobacter cibarius	6	15	15	73.33333333333333	2.0
Aliarcobacter cloacae	3	3	3	66.66666666666667	2.0
Aliarcobacter cryaerophilus	3	3	3	33.333333333333336	0.0
Aliarcobacter cryaerophilus_A	23	253	253	65.21739130434783	3.0
Aliarcobacter cryaerophilus_B	2	1	1	0.0	0.0
Aliarcobacter defluvii	4	6	6	0.0	0.0
Aliarcobacter ellisii	3	3	3	66.66666666666667	2.0
Aliarcobacter faecis	3	3	3	66.66666666666667	2.0
Aliarcobacter lanthieri	6	15	15	53.333333333333336	2.0
Aliarcobacter pacificus	2	1	1	0.0	0.0
Aliarcobacter porcinus	6	15	15	93.33333333333333	5.0
Aliarcobacter skirrowii	16	120	120	21.666666666666668	1.0
Aliarcobacter sp003316695	2	1	1	100.0	3.0
Aliarcobacter sp017995775	2	1	1	0.0	0.0
Aliarcobacter sp017996075	6	15	15	46.666666666666664	1.0
Aliarcobacter suis	2	1	1	0.0	0.0
Aliarcobacter thereius	8	28	28	35.714285714285715	1.0
Aliarcobacter trophiarum	3	3	3	0.0	0.0
Aliarcobacter venerupis	2	1	1	0.0	0.0
Alicycliphilus denitrificans	8	28	28	100.0	11.0
Alicycliphilus sp018054745	3	3	3	0.0	0.0
Alicycliphilus sp018240985	2	1	1	100.0	2.0
Alicycliphilus sp018241405	2	1	1	100.0	4.0
Alicyclobacillus acidoterrestris_A	3	3	3	100.0	5.0
Alicyclobacillus hesperidum	2	1	1	100.0	2.0
Alicyclobacillus mali	4	6	6	50.0	1.5
Alicyclobacillus sp017329635	2	1	1	0.0	0.0
Alicyclobacillus_I montanus	2	1	1	100.0	9.0
Aliidiomarina maris	3	3	3	0.0	0.0
Aliidiomarina shirensis	2	1	1	0.0	1.0
Aliidiomarina sp001458075	2	1	1	0.0	0.0
Aliikangiella sp016743995	2	1	1	0.0	0.0
Aliiroseovarius crassostreae	18	153	153	60.78431372549019	2.0
Aliivibrio finisterrensis	11	55	55	50.90909090909091	2.0
Aliivibrio fischeri	59	1711	1711	35.300993571011105	1.0
Aliivibrio fischeri_A	6	15	15	46.666666666666664	1.0
Aliivibrio salmonicida_A	5	10	10	100.0	58.0
Aliivibrio sifiae	7	21	21	47.61904761904762	1.0
Aliivibrio sp001690985	3	3	3	66.66666666666667	2.0
Alishewanella aestuarii	2	1	1	100.0	13.0
Alishewanella agri	3	3	3	100.0	4.0
Alistipes avicola	2	1	1	0.0	0.0
Alistipes avistercoris	7	21	21	33.333333333333336	1.0
Alistipes communis	9	36	36	47.22222222222222	2.0
Alistipes cottocaccae	2	1	1	100.0	5.0
Alistipes dispar	7	21	21	38.095238095238095	0.0
Alistipes excrementavium	7	21	21	61.904761904761905	3.0
Alistipes excrementigallinarum	6	15	15	93.33333333333333	5.0
Alistipes finegoldii	15	105	105	84.76190476190476	9.0
Alistipes megaguti	3	3	3	100.0	8.0
Alistipes merdavium	5	10	10	50.0	1.5
Alistipes merdipullorum	3	3	3	66.66666666666667	2.0
Alistipes onderdonkii	41	820	820	74.8780487804878	8.0
Alistipes provencensis	0	0	0	0	
Alistipes putredinis	27	351	351	58.40455840455841	3.0
Alistipes senegalensis	9	36	36	91.66666666666667	6.5
Alistipes shahii	19	171	171	88.88888888888889	14.0
Alistipes sp002358415	7	21	21	100.0	5.0
Alistipes sp002362235	5	10	10	10.0	0.0
Alistipes sp002428825	4	6	6	100.0	3.0
Alistipes sp003979135	3	3	3	100.0	5.0
Alistipes sp009774895	2	1	1	0.0	1.0
Alistipes sp015059785	2	1	1	100.0	33.0
Alistipes sp015059805	2	1	1	0.0	1.0
Alistipes sp015059845	7	21	21	76.19047619047619	4.0
Alistipes sp015059875	2	1	1	100.0	3.0
Alistipes sp015059905	3	3	3	100.0	25.0
Alistipes sp015059925	5	10	10	90.0	6.0
Alistipes sp015060005	2	1	1	100.0	10.0
Alistipes sp015060065	3	3	3	100.0	4.0
Alistipes sp015060115	9	36	36	83.33333333333333	8.5
Alistipes sp015060165	3	3	3	66.66666666666667	2.0
Alistipes sp017383345	2	1	1	0.0	0.0
Alistipes sp017391185	6	15	15	0.0	0.0
Alistipes sp017391665	2	1	1	100.0	5.0
Alistipes sp017398045	2	1	1	100.0	4.0
Alistipes sp017398555	4	6	6	66.66666666666667	2.0
Alistipes sp017398695	3	3	3	66.66666666666667	3.0
Alistipes sp017399485	5	10	10	50.0	1.5
Alistipes sp017437045	4	6	6	66.66666666666667	3.0
Alistipes sp017442365	8	28	28	71.42857142857143	3.0
Alistipes sp017463585	5	10	10	100.0	10.0
Alistipes sp017465575	2	1	1	0.0	1.0
Alistipes sp017465605	5	10	10	10.0	0.0
Alistipes sp017474235	3	3	3	33.333333333333336	1.0
Alistipes sp017481925	5	10	10	40.0	1.0
Alistipes sp017517705	3	3	3	66.66666666666667	2.0
Alistipes sp017521945	2	1	1	100.0	4.0
Alistipes sp017536555	3	3	3	0.0	1.0
Alistipes sp017559615	3	3	3	0.0	0.0
Alistipes sp017560425	2	1	1	100.0	4.0
Alistipes sp017623115	4	6	6	33.333333333333336	0.5
Alistipes sp017624955	6	15	15	93.33333333333333	4.0
Alistipes sp017628595	2	1	1	0.0	0.0
Alistipes sp017629035	2	1	1	0.0	1.0
Alistipes sp017629985	3	3	3	0.0	0.0
Alistipes sp017631255	4	6	6	66.66666666666667	2.0
Alistipes sp017631275	2	1	1	100.0	11.0
Alistipes sp017647625	2	1	1	100.0	7.0
Alistipes sp017938765	2	1	1	0.0	0.0
Alistipes sp900541585	4	6	6	50.0	2.5
Alistipes sp900548155	5	10	10	80.0	6.5
Alistipes sp900549305	6	15	15	73.33333333333333	2.0
Alistipes sp900550375	2	1	1	0.0	0.0
Alistipes sp900550925	3	3	3	66.66666666666667	2.0
Alistipes sp900768015	2	1	1	100.0	2.0
Alistipes sp900769405	2	1	1	0.0	0.0
Alistipes sp900769745	3	3	3	33.333333333333336	0.0
Alistipes sp900770585	3	3	3	100.0	2.0
Alistipes sp900770635	3	3	3	0.0	0.0
Alistipes sp902363575	3	3	3	100.0	6.0
Alistipes sp902388705	3	3	3	66.66666666666667	5.0
Alistipes sp904502005	2	1	1	0.0	0.0
Alistipes sp904502075	2	1	1	0.0	0.0
Alistipes sp904502285	2	1	1	0.0	0.0
Alistipes sp910575495	3	3	3	100.0	9.0
Alistipes stercoravium	2	1	1	0.0	0.0
Alistipes stercorigallinarum	3	3	3	66.66666666666667	2.0
Alistipes timonensis	6	15	15	46.666666666666664	2.0
Alistipes_A ihumii	5	10	10	100.0	5.0
Alistipes_A indistinctus	6	15	15	33.333333333333336	1.0
Alistipes_A pullicola	3	3	3	33.333333333333336	1.0
Alistipes_A pullistercoris	12	66	66	59.09090909090909	3.0
Alistipes_A sp900539755	3	3	3	0.0	1.0
Alistipes_A sp900545315	3	3	3	0.0	0.0
Alkalibacterium gilvum	2	1	1	100.0	2.0
Alkalibacterium pelagium	2	1	1	0.0	0.0
Alkalibacterium putridalgicola	2	1	1	0.0	0.0
Alkalibacterium sp002500855	2	1	1	100.0	4.0
Alkalibaculum bacchi	2	1	1	0.0	0.0
Alkalicoccus sp003560495	2	1	1	0.0	0.0
Alkalihalobacillus alcalophilus	3	3	3	66.66666666666667	37.0
Alkalihalobacillus trypoxylicola	2	1	1	0.0	1.0
Alkalilimnicola mobilis	3	3	3	0.0	0.0
Alkalispirochaeta alkalica	2	1	1	100.0	3.0
Alkalispirochaeta sp007130865	3	3	3	0.0	0.0
Allisonella histaminiformans	3	3	3	33.333333333333336	0.0
Allisonella pneumosintes	6	15	15	6.666666666666667	0.5
Allobacillus halotolerans	2	1	1	100.0	5.0
Allobranchiibius huperziae	2	1	1	0.0	0.0
Allochromatium vinosum	2	1	1	100.0	6.0
Alloclostridium intestinigallinarum	3	3	3	33.333333333333336	1.0
Allofrancisella frigidaquae	0	0	0	0	
Allofrancisella guangzhouensis	4	6	6	83.33333333333333	2.0
Allofrancisella inopinata	2	1	1	0.0	0.0
Alloiococcus otitis	2	1	1	0.0	0.0
Allokutzneria albata	2	1	1	0.0	1.0
Alloprevotella rava	2	1	1	0.0	
Alloprevotella sp000431275	3	3	3	33.333333333333336	1.0
Alloprevotella sp000437675	3	3	3	100.0	8.0
Alloprevotella sp002933955	4	6	6	83.33333333333333	6.0
Alloprevotella sp003265305	3	3	3	0.0	0.0
Alloprevotella sp003639005	2	1	1	0.0	0.0
Alloprevotella sp004555425	3	3	3	0.0	0.0
Alloprevotella sp004556745	4	6	6	83.33333333333333	3.5
Alloprevotella sp004557035	3	3	3	100.0	5.0
Alloprevotella sp004557185	3	3	3	33.333333333333336	1.0
Alloprevotella sp009775705	2	1	1	0.0	0.0
Alloprevotella sp015257125	2	1	1	100.0	5.0
Alloprevotella sp017477205	2	1	1	100.0	9.0
Alloprevotella sp017543785	2	1	1	100.0	2.0
Alloprevotella sp017547385	3	3	3	0.0	0.0
Alloprevotella sp900095835	0	0	0	0	
Alloprevotella sp900316575	6	15	15	46.666666666666664	1.0
Alloprevotella sp900317635	4	6	6	83.33333333333333	3.0
Alloprevotella sp900321445	5	10	10	20.0	0.5
Alloprevotella sp900539625	5	10	10	90.0	7.5
Alloprevotella sp900540885	3	3	3	66.66666666666667	5.0
Alloprevotella sp900541335	3	3	3	100.0	2.0
Alloprevotella sp900541575	3	3	3	33.333333333333336	1.0
Alloprevotella sp900542795	3	3	3	100.0	19.0
Alloprevotella sp900543155	2	1	1	100.0	2.0
Alloprevotella sp900546605	2	1	1	100.0	3.0
Alloprevotella sp902796835	3	3	3	0.0	0.0
Alloprevotella sp905369775	3	3	3	100.0	2.0
Alloprevotella tannerae	3	3	3	100.0	10.0
Alloprevotella tannerae_A	2	1	1	100.0	2.0
Alloprevotella timonensis	6	15	15	53.333333333333336	3.5
Allopseudarcicella nivalisilvae	2	1	1	0.0	0.0
Allorhizobium daejeonense	3	3	3	33.333333333333336	0.0
Allorhizobium naphthalenivorans_A	2	1	1	100.0	7.0
Allorhizobium rhizophilum	0	0	0	0	
Allorhizobium rosettiformans	7	21	21	90.47619047619048	8.0
Allorhizobium sp001429245	2	1	1	0.0	0.0
Allorhizobium sp001713475	6	15	15	86.66666666666667	5.0
Allorhizobium sp001724035	2	1	1	100.0	3.0
Allorhizobium sp002796995	7	21	21	71.42857142857143	2.0
Allorhizobium sp017599385	2	1	1	100.0	24.0
Allorhizobium sp900465605	5	10	10	70.0	6.5
Allorhizobium sp900466005	3	3	3	100.0	5.0
Allorhizobium sp900466945	2	1	1	0.0	0.0
Allorhizobium sp900473245	20	190	190	75.26315789473684	6.0
Allorhizobium sp900473805	5	10	10	60.0	2.0
Allorhizobium taibaishanense	2	1	1	0.0	0.0
Allorhizobium terrae	0	0	0	0	
Allorhizobium vitis	14	91	91	84.61538461538461	7.0
Allorhizobium vitis_A	24	276	276	92.3913043478261	8.0
Allorhizobium vitis_B	13	78	78	85.8974358974359	5.5
Allorhizobium vitis_D	2	1	1	100.0	4.0
Allorhizobium vitis_F	0	0	0	0	
Allorhizobium wuzhouense	2	1	1	100.0	3.0
Alloscardovia macacae	3	3	3	66.66666666666667	5.0
Alloscardovia omnicolens	12	66	66	9.090909090909092	0.0
Allosediminivita pacifica	2	1	1	0.0	0.0
Allosphingosinicella sp019232625	3	3	3	66.66666666666667	2.0
Alteraurantiacibacter arachoides	2	1	1	0.0	0.0
Alteraurantiacibacter gangjinensis	2	1	1	0.0	0.0
Alteraurantiacibacter marinus	2	1	1	0.0	0.0
Altererythrobacter_D sp004282995	2	1	1	0.0	0.0
Alteribacillus bidgolensis	3	3	3	0.0	0.0
Alteribacter populi	0	0	0	0	
Alteribacter sp003710255	2	1	1	100.0	2.0
Alterinioella nitratireducens	3	3	3	66.66666666666667	2.0
Alteriqipengyuania bathyomarina	3	3	3	66.66666666666667	4.0
Alteriqipengyuania lutimaris	2	1	1	0.0	0.0
Alteriqipengyuania sp002377695	2	1	1	0.0	0.0
Alteriqipengyuania sp002729695	4	6	6	0.0	1.0
Alteriqipengyuania sp009993635	2	1	1	0.0	0.0
Alteriqipengyuania_A marina	2	1	1	100.0	2.0
Alteromonas abrolhosensis	9	36	36	83.33333333333333	3.0
Alteromonas aggregata	11	55	55	50.90909090909091	2.0
Alteromonas australica	28	378	378	16.93121693121693	0.0
Alteromonas genovensis	3	3	3	0.0	1.0
Alteromonas gracilis	3	3	3	66.66666666666667	4.0
Alteromonas hispanica	5	10	10	80.0	5.5
Alteromonas lipolytica	2	1	1	0.0	1.0
Alteromonas lipotrueae	4	6	6	50.0	3.0
Alteromonas macleodii	50	1225	1225	52.6530612244898	2.0
Alteromonas marina	2	1	1	0.0	1.0
Alteromonas mediterranea	24	276	276	64.4927536231884	3.0
Alteromonas naphthalenivorans	6	15	15	40.0	1.0
Alteromonas pelagimontana	2	1	1	0.0	0.0
Alteromonas sediminis	2	1	1	0.0	1.0
Alteromonas sp000597705	2	1	1	100.0	4.0
Alteromonas sp000753865	2	1	1	100.0	4.0
Alteromonas sp002335925	19	171	171	17.54385964912281	0.0
Alteromonas sp002691625	3	3	3	33.333333333333336	0.0
Alteromonas sp002729795	2	1	1	0.0	1.0
Alteromonas sp003443615	2	1	1	0.0	0.0
Alteromonas sp006538325	2	1	1	0.0	0.0
Alteromonas sp006538345	2	1	1	0.0	0.0
Alteromonas sp009811495	3	3	3	0.0	0.0
Alteromonas stellipolaris	8	28	28	92.85714285714286	6.5
Altiarchaeum hamiconexum	9	36	36	2.7777777777777777	0.0
Altiarchaeum sp002083985	2	1	1	0.0	0.0
Altiarchaeum sp002841105	3	3	3	0.0	0.0
Altiarchaeum sp018260755	3	3	3	0.0	0.0
Altibacter sp002696485	2	1	1	0.0	0.0
Alysiella crassa	2	1	1	0.0	1.0
Alysiella filiformis	2	1	1	0.0	0.0
Amedibacillus dolichus	6	15	15	40.0	3.5
Amedibacterium intestinale	13	78	78	60.256410256410255	3.5
Ameyamaea chiangmaiensis	2	1	1	0.0	0.0
Aminicella lysinilytica	2	1	1	100.0	2.0
Aminicenans sakinawicola	4	6	6	66.66666666666667	35.5
Aminidesulfovibrio sp002382645	3	3	3	66.66666666666667	3.0
Aminiphilus sp002425685	3	3	3	100.0	5.0
Aminipila sp002455605	2	1	1	100.0	3.0
Aminivibrio pyruvatiphilus	2	1	1	100.0	2.0
Aminivibrio sp009929115	3	3	3	33.333333333333336	0.0
Aminobacter aganoensis	2	1	1	100.0	8.0
Aminobacter aminovorans	2	1	1	0.0	0.0
Aminobacter carboxidus	2	1	1	100.0	6.0
Aminobacter ciceronei	7	21	21	85.71428571428571	6.0
Aminobacter niigataensis	3	3	3	66.66666666666667	10.0
Aminobacterium colombiense	6	15	15	20.0	0.0
Aminobacterium mobile	16	120	120	9.166666666666666	0.0
Aminobacterium sp002432275	5	10	10	0.0	0.0
Amniculibacterium aquaticum	2	1	1	100.0	2.0
Amphibacillus xylanus	2	1	1	0.0	0.0
Amphiplicatus metriothermophilus	2	1	1	0.0	0.0
Amphritea balenae	2	1	1	0.0	1.0
Amphritea japonica	2	1	1	0.0	
Amphritea sp016924235	2	1	1	100.0	4.0
Amphritea sp018067325	2	1	1	0.0	1.0
Amphritea sp018223185	2	1	1	100.0	2.0
Amulumruptor caecigallinarius	7	21	21	71.42857142857143	3.0
Amulumruptor sp001689515	6	15	15	60.0	2.0
Amulumruptor sp900539915	2	1	1	0.0	0.0
Amulumruptor sp900547825	2	1	1	0.0	1.0
Amycolatopsis acidiphila	2	1	1	0.0	1.0
Amycolatopsis alba	2	1	1	100.0	5.0
Amycolatopsis azurea	2	1	1	100.0	2.0
Amycolatopsis balhimycina	2	1	1	0.0	1.0
Amycolatopsis bartoniae	3	3	3	66.66666666666667	3.0
Amycolatopsis echigonensis	2	1	1	100.0	15.0
Amycolatopsis japonica	4	6	6	100.0	10.5
Amycolatopsis keratiniphila	5	10	10	90.0	9.5
Amycolatopsis lexingtonensis	2	1	1	100.0	3.0
Amycolatopsis lurida	3	3	3	66.66666666666667	3.0
Amycolatopsis mediterranei	7	21	21	38.095238095238095	1.0
Amycolatopsis methanolica	2	1	1	100.0	2.0
Amycolatopsis nivea	4	6	6	100.0	4.5
Amycolatopsis orientalis	2	1	1	100.0	10.0
Amycolatopsis pretoriensis	2	1	1	0.0	1.0
Amycolatopsis regifaucium	3	3	3	66.66666666666667	3.0
Amycolatopsis roodepoortensis	2	1	1	100.0	9.0
Amycolatopsis rubida	4	6	6	83.33333333333333	12.5
Amycolatopsis sp002796545	2	1	1	0.0	
Amycolatopsis sp002849735	2	1	1	0.0	0.0
Amycolatopsis sp003947415	3	3	3	100.0	15.0
Amycolatopsis sulphurea	2	1	1	100.0	33.0
Amycolatopsis thermalba	4	6	6	83.33333333333333	8.0
Amycolatopsis thermoflava	2	1	1	100.0	6.0
Amycolatopsis vancoresmycina	2	1	1	0.0	0.0
Amylibacter sp000153745	11	55	55	9.090909090909092	0.0
Amylibacter sp002387535	2	1	1	0.0	0.0
Amylibacter sp900197625	3	3	3	0.0	0.0
Amylibacter sp905182285	2	1	1	0.0	0.0
Amylolactobacillus amylophilus	5	10	10	0.0	0.0
An181 sp002160325	2	1	1	0.0	1.0
An92 sp002159175	0	0	0	0	
An92 sp016901735	2	1	1	0.0	1.0
An92 sp019114165	2	1	1	100.0	3.0
An92 sp019118925	2	1	1	0.0	0.0
An92 sp900199495	7	21	21	90.47619047619048	4.0
Anabaena cylindrica	2	1	1	100.0	6.0
Anabaena variabilis_A	3	3	3	100.0	27.0
Anabaenopsis sp003990705	2	1	1	0.0	
Anaerobacillus_A sp002563635	2	1	1	100.0	2.0
Anaerobiospirillum sp900543125	2	1	1	100.0	5.0
Anaerobiospirillum_A thomasii	2	1	1	100.0	5.0
Anaerobutyricum faecale	2	1	1	100.0	3.0
Anaerobutyricum hallii	20	190	190	72.63157894736842	6.0
Anaerobutyricum soehngenii	11	55	55	63.63636363636363	4.0
Anaerobutyricum sp002494165	3	3	3	0.0	0.0
Anaerobutyricum sp900754855	2	1	1	0.0	0.0
Anaerobutyricum sp902783205	2	1	1	0.0	0.0
Anaerobutyricum sp904502145	2	1	1	0.0	0.0
Anaerobutyricum stercoripullorum	2	1	1	100.0	6.0
Anaerobutyricum stercoris	6	15	15	53.333333333333336	2.0
Anaerococcus hydrogenalis	4	6	6	66.66666666666667	2.5
Anaerococcus jeddahensis	0	0	0	0	
Anaerococcus lactolyticus	2	1	1	100.0	4.0
Anaerococcus nagyae	5	10	10	40.0	1.0
Anaerococcus obesiensis	6	15	15	53.333333333333336	4.0
Anaerococcus octavius	3	3	3	66.66666666666667	2.0
Anaerococcus pacaensis	2	1	1	0.0	
Anaerococcus porci	2	1	1	100.0	2.0
Anaerococcus prevotii	2	1	1	100.0	2.0
Anaerococcus rubeinfantis	0	0	0	0	
Anaerococcus senegalensis	0	0	0	0	
Anaerococcus sp900232825	2	1	1	100.0	9.0
Anaerococcus sp900258475	2	1	1	100.0	5.0
Anaerococcus sp900541365	3	3	3	0.0	0.0
Anaerococcus tetradius	2	1	1	0.0	
Anaerococcus vaginalis	3	3	3	0.0	0.0
Anaerococcus vaginalis_B	0	0	0	0	
Anaerococcus vaginalis_C	2	1	1	0.0	
Anaerococcus vaginimassiliensis	2	1	1	100.0	6.0
Anaerocolumna aminovalerica	3	3	3	0.0	1.0
Anaerocolumna cellulosilytica	2	1	1	0.0	0.0
Anaerocolumna sp002434335	2	1	1	100.0	11.0
Anaeroferrophillus wilburensis	2	1	1	0.0	0.0
Anaerofilum excrementigallinarum	2	1	1	0.0	0.0
Anaerofilum faecale	3	3	3	0.0	0.0
Anaerofustis sp900549875	2	1	1	0.0	0.0
Anaerofustis stercorihominis	2	1	1	100.0	32.0
Anaerofustis stercorihominis_A	2	1	1	0.0	0.0
Anaeroglobus geminatus	3	3	3	100.0	2.0
Anaeroglobus massiliensis	2	1	1	100.0	3.0
Anaeroglobus micronuciformis	14	91	91	18.681318681318682	0.0
Anaeroglobus vaginalis	2	1	1	0.0	1.0
Anaeromassilibacillus sp001305115	5	10	10	60.0	2.5
Anaeromassilibacillus stercoravium	7	21	21	47.61904761904762	1.0
Anaeromusa acidaminophila	2	1	1	0.0	0.0
Anaeromyxobacter dehalogenans	2	1	1	100.0	4.0
Anaeroplasma sp002449755	2	1	1	0.0	0.0
Anaeroplasma sp016280975	2	1	1	0.0	0.0
Anaeroplasma sp017388605	2	1	1	0.0	0.0
Anaeroplasma sp017449215	2	1	1	0.0	1.0
Anaerosalibacter bizertensis	3	3	3	0.0	0.0
Anaerosalibacter massiliensis	0	0	0	0	
Anaerosphaera mikwangii	2	1	1	0.0	
Anaerospora sp002337925	4	6	6	100.0	17.0
Anaerosporobacter sp018372435	3	3	3	100.0	2.0
Anaerostipes butyraticus	4	6	6	33.333333333333336	0.0
Anaerostipes caccae	10	45	45	33.333333333333336	3.0
Anaerostipes excrementavium	3	3	3	0.0	1.0
Anaerostipes hadrus	76	2850	2850	69.50877192982456	4.0
Anaerostipes hadrus_A	8	28	28	82.14285714285714	2.5
Anaerostipes rhamnosivorans	3	3	3	0.0	1.0
Anaerostipes sp000508985	10	45	45	82.22222222222223	5.0
Anaerostipes sp001940315	2	1	1	100.0	10.0
Anaerostipes sp900066705	3	3	3	66.66666666666667	2.0
Anaerotignum faecicola	11	55	55	74.54545454545455	4.0
Anaerotignum lactatifermentans	7	21	21	57.142857142857146	2.0
Anaerotignum lactatifermentans_A	3	3	3	0.0	0.0
Anaerotignum merdipullorum	3	3	3	0.0	0.0
Anaerotignum propionicum	3	3	3	100.0	2.0
Anaerotignum sp001304995	5	10	10	10.0	1.0
Anaerotignum sp910576545	2	1	1	100.0	13.0
Anaerotruncus colihominis	15	105	105	85.71428571428571	6.0
Anaerotruncus colihominis_A	3	3	3	100.0	17.0
Anaerotruncus excrementipullorum	2	1	1	0.0	0.0
Anaerotruncus massiliensis	6	15	15	80.0	7.0
Anaerotruncus massiliensis_A	2	1	1	100.0	6.0
Anaerotruncus rubiinfantis	4	6	6	100.0	8.0
Anaerotruncus sp000403395	6	15	15	100.0	9.0
Anaerotruncus sp003612625	3	3	3	33.333333333333336	1.0
Anaerovibrio lipolyticus	4	6	6	33.333333333333336	0.5
Anaerovibrio lipolyticus_C	3	3	3	0.0	0.0
Anaerovibrio slackiae	10	45	45	73.33333333333333	3.0
Anaerovibrio sp017475925	2	1	1	0.0	0.0
Anaerovibrio sp900548165	4	6	6	33.333333333333336	1.0
Anaerovibrio sp902786545	3	3	3	33.333333333333336	1.0
Anaplasma marginale	21	210	210	59.523809523809526	2.0
Anaplasma phagocytophilum	24	276	276	85.14492753623189	6.0
Ancrocorticia sp014041995	2	1	1	100.0	2.0
Ancrocorticia sp015679245	3	3	3	0.0	0.0
Ancylobacter rudongensis	0	0	0	0	
Ancylobacter sp000378025	2	1	1	0.0	
Ancylomarina euxinus	2	1	1	100.0	2.0
Aneurinibacillus aneurinilyticus	2	1	1	100.0	5.0
Aneurinibacillus danicus	2	1	1	100.0	6.0
Aneurinibacillus migulanus	8	28	28	78.57142857142857	8.5
Aneurinibacillus soli	2	1	1	0.0	0.0
Aneurinibacillus thermoaerophilus	2	1	1	100.0	9.0
Angelakisella sp004554485	6	15	15	40.0	1.0
Angelakisella sp004557855	7	21	21	85.71428571428571	7.0
Angelakisella sp013316495	2	1	1	100.0	3.0
Angelakisella sp900547385	7	21	21	90.47619047619048	4.0
Angelakisella sp900552845	3	3	3	100.0	4.0
Anoxybacillus ayderensis	7	21	21	90.47619047619048	4.0
Anoxybacillus flavithermus	4	6	6	100.0	6.5
Anoxybacillus flavithermus_E	2	1	1	0.0	0.0
Anoxybacillus flavithermus_G	27	351	351	66.0968660968661	3.0
Anoxybacillus gonensis	4	6	6	50.0	2.0
Anoxybacillus pushchinoensis	2	1	1	100.0	5.0
Anoxybacillus tengchongensis	4	6	6	33.333333333333336	0.0
Anoxybacillus_A rupiensis	7	21	21	95.23809523809524	7.0
Anoxybacillus_A voinovskiensis	2	1	1	0.0	1.0
Anoxybacillus_C caldiproteolyticus	3	3	3	33.333333333333336	1.0
Anseongella ginsenosidimutans	2	1	1	0.0	0.0
Antarctobacter heliothermus_B	3	3	3	66.66666666666667	2.0
Aphanocapsa_A feldmannii	2	1	1	100.0	5.0
Aphanothece_B sacrum	2	1	1	0.0	0.0
Aphodocola excrementigallinarum	2	1	1	0.0	0.0
Aphodocola sp000434835	2	1	1	100.0	4.0
Aphodocola sp900547225	2	1	1	100.0	4.0
Aphodocola sp900766325	2	1	1	0.0	0.0
Aphodomorpha intestinavium	3	3	3	33.333333333333336	0.0
Aphodomorpha sp900540495	3	3	3	100.0	3.0
Aphodomorpha sp900549955	2	1	1	0.0	0.0
Aphodosoma sp016292775	2	1	1	0.0	0.0
Aphodosoma sp017467185	2	1	1	0.0	1.0
Aphodosoma sp900769035	2	1	1	100.0	4.0
Aphodosoma sp900771035	2	1	1	100.0	3.0
Aphodousia faecalis	4	6	6	100.0	4.0
Aphodousia secunda_A	2	1	1	100.0	4.0
Aphodousia sp002329575	3	3	3	66.66666666666667	2.0
Aphodousia sp017383055	2	1	1	0.0	1.0
Aphodousia sp900544345	3	3	3	66.66666666666667	3.0
Aphodousia sp900545335	2	1	1	0.0	0.0
Aphodousia sp900546995	2	1	1	0.0	0.0
Aphodousia sp902388655	3	3	3	0.0	0.0
Aphodovivens avicola	3	3	3	100.0	2.0
Aphodovivens sp900550385	2	1	1	0.0	1.0
Apibacter adventoris	2	1	1	0.0	0.0
Apibacter mensalis	2	1	1	0.0	0.0
Apibacter muscae	3	3	3	100.0	4.0
Apibacter raozihei	2	1	1	100.0	4.0
Apibacter sp002964915	15	105	105	41.904761904761905	1.0
Apilactobacillus kunkeei	8	28	28	7.142857142857143	0.0
Apilactobacillus kunkeei_A	12	66	66	12.121212121212121	0.0
Apilactobacillus kunkeei_C	2	1	1	0.0	1.0
Apilactobacillus kunkeei_D	3	3	3	0.0	0.0
Apilactobacillus micheneri	21	210	210	14.285714285714286	0.0
Apilactobacillus ozensis	2	1	1	0.0	0.0
Apilactobacillus timberlakei	9	36	36	0.0	0.0
AqS2 sp001750625	2	1	1	0.0	0.0
AqS3 sp001750645	2	1	1	100.0	4.0
Aquabacter sp002279855	3	3	3	33.333333333333336	0.0
Aquabacterium commune	2	1	1	0.0	1.0
Aquabacterium parvum	4	6	6	83.33333333333333	5.5
Aquabacterium sp001770775	2	1	1	0.0	0.0
Aquabacterium sp002339015	2	1	1	100.0	5.0
Aquabacterium sp004322345	2	1	1	100.0	5.0
Aquabacterium sp016000265	2	1	1	0.0	1.0
Aquabacterium sp017989885	2	1	1	0.0	0.0
Aquabacterium sp017994835	2	1	1	0.0	0.0
Aquabacterium sp903894125	2	1	1	100.0	2.0
Aquabacterium_A sp016721465	2	1	1	100.0	35.0
Aquamicrobium_A sp000526635	3	3	3	66.66666666666667	6.0
Aquarickettsia rohweri	2	1	1	100.0	2.0
Aquarickettsia sp903887235	8	28	28	21.428571428571427	0.0
Aquicella lusitana	2	1	1	0.0	0.0
Aquicella_A sp013286495	2	1	1	100.0	3.0
Aquicoccus porphyridii	2	1	1	0.0	0.0
Aquicultor primus	2	1	1	100.0	3.0
Aquicultor_A secundus	8	28	28	0.0	0.0
Aquidulcibacter sp001602435	3	3	3	100.0	6.0
Aquiluna sp002333405	8	28	28	0.0	0.0
Aquiluna sp002390305	3	3	3	0.0	0.0
Aquiluna sp009704945	2	1	1	0.0	0.0
Aquimarina aggregata	3	3	3	33.333333333333336	0.0
Aquimarina algiphila	2	1	1	100.0	2.0
Aquimarina latercula	4	6	6	100.0	3.0
Aquimarina megaterium	4	6	6	0.0	0.0
Aquimarina muelleri	2	1	1	100.0	2.0
Aquimarina sp003443675	2	1	1	100.0	7.0
Aquimarina sp900299525	2	1	1	0.0	1.0
Aquimarina sp900299535	2	1	1	100.0	4.0
Aquimarina sp900312745	4	6	6	66.66666666666667	2.0
Aquimonas sp002068275	2	1	1	100.0	8.0
Aquimonas sp002352135	2	1	1	0.0	1.0
Aquirickettsiella gammari	3	3	3	0.0	1.0
Aquirickettsiella grylli	2	1	1	0.0	0.0
Aquirufa antheringensis	2	1	1	0.0	0.0
Aquirufa sp002454335	2	1	1	0.0	0.0
Aquirufa sp002479785	2	1	1	0.0	0.0
Aquirufa sp017984215	2	1	1	0.0	0.0
Aquirufa sp903898715	3	3	3	0.0	1.0
Aquirufa sp903907745	6	15	15	13.333333333333334	0.0
Aquirufa sp903933935	2	1	1	0.0	0.0
Aquisalimonas sp007126095	3	3	3	0.0	0.0
Aquisalimonas sp007127625	2	1	1	0.0	0.0
Aquisalinus flavus	2	1	1	0.0	0.0
Aquisalinus luteolus	2	1	1	0.0	0.0
Aquitalea aquatilis	2	1	1	100.0	2.0
Aquitalea magnusonii	3	3	3	100.0	55.0
Aquitalea pelogenes	3	3	3	100.0	8.0
Arabia massiliensis	2	1	1	0.0	
Arachnia flava	2	1	1	0.0	0.0
Arachnia lapidicapta	4	6	6	83.33333333333333	2.5
Arachnia massiliensis	0	0	0	0	
Arachnia propionica	9	36	36	8.333333333333334	0.0
Arachnia rubra	4	6	6	0.0	0.0
Arachnia sp001956895	4	6	6	0.0	0.5
Arachnia sp014164775	2	1	1	100.0	3.0
Aramenus sulfurataquae	2	1	1	0.0	1.0
Arcanobacterium haemolyticum	4	6	6	33.333333333333336	0.5
Arcanobacterium phocae	5	10	10	0.0	0.0
Arcanobacterium phocae_A	37	666	666	26.726726726726728	0.0
Arcanobacterium_A urinimassiliense	2	1	1	0.0	1.0
Archaeoglobus fulgidus	5	10	10	60.0	2.5
Archaeoglobus fulgidus_A	0	0	0	0	
Archaeoglobus sp002507545	5	10	10	0.0	0.0
Archaeoglobus_A sp002010195	2	1	1	0.0	0.0
Archaeoglobus_A sp002494625	4	6	6	0.0	0.0
Archaeoglobus_C sp015520485	6	15	15	0.0	0.0
Archangium gephyra	2	1	1	100.0	4.0
Archangium violaceum	2	1	1	100.0	45.0
Archangium_A sp903905455	3	3	3	100.0	4.0
Arctic95D-9 sp002323995	3	3	3	33.333333333333336	1.0
Arctic95D-9 sp002726915	2	1	1	0.0	0.0
Arctic95D-9 sp018058245	2	1	1	0.0	0.0
Arctic96AD-7 sp001627865	9	36	36	52.77777777777778	2.0
Arctic96AD-7 sp002082305	13	78	78	33.333333333333336	0.0
Arctic96AD-7 sp002685535	5	10	10	20.0	1.0
Arctic96AD-7 sp002704555	4	6	6	0.0	0.0
Arctic96AD-7 sp012964265	8	28	28	0.0	0.0
Arctic96AD-7 sp014382365	2	1	1	0.0	0.0
Arctic96AD-7 sp902564345	2	1	1	0.0	0.0
Arctic96AD-7 sp905182865	7	21	21	0.0	0.0
Ardenticatena maritima	3	3	3	0.0	0.0
Ardenticatena sp015487975	2	1	1	0.0	1.0
Arenibacter algicola	5	10	10	100.0	6.0
Arenibacter amylolyticus	2	1	1	100.0	5.0
Arenibacter certesii	2	1	1	0.0	1.0
Arenibacter palladensis	2	1	1	0.0	0.0
Arenibacterium halophilum	2	1	1	100.0	5.0
Arenicella sp002470515	4	6	6	0.0	0.0
Arenimonas composti	2	1	1	0.0	0.0
Arenimonas oryziterrae	2	1	1	0.0	0.0
Arenimonas sp003497545	2	1	1	100.0	19.0
Arenimonas sp017987065	2	1	1	0.0	0.0
Arenimonas sp903942465	9	36	36	0.0	0.0
Arenitalea lutea	2	1	1	0.0	0.0
Aromatoleum aromaticum	2	1	1	100.0	12.0
Aromatoleum bremense	2	1	1	0.0	0.0
Aromatoleum petrolei	2	1	1	100.0	2.0
Arsenicicoccus bolidensis	4	6	6	33.333333333333336	1.0
Arsenophonus nasoniae	2	1	1	100.0	4.0
Arsenophonus sp000757905	3	3	3	100.0	7.0
Arsenophonus sp902713415	0	0	0	0	
Arsukibacterium sp002364615	2	1	1	0.0	1.0
Arsukibacterium sp002415085	7	21	21	23.80952380952381	0.0
Arthrobacter sp001969265	2	1	1	100.0	9.0
Arthrobacter_B koreensis	2	1	1	100.0	3.0
Arthrobacter_B luteolus	2	1	1	0.0	0.0
Arthrobacter_B sp001307035	2	1	1	100.0	9.0
Arthrobacter_B sp002929435	8	28	28	28.571428571428573	0.0
Arthrobacter_B sp018622995	3	3	3	66.66666666666667	3.0
Arthrobacter_B yangruifuii	2	1	1	0.0	0.0
Arthrobacter_D agilis	4	6	6	0.0	0.0
Arthrobacter_D sp002929745	2	1	1	0.0	0.0
Arthrobacter_D sp003075455	3	3	3	33.333333333333336	1.0
Arthrobacter_D sp003602285	2	1	1	0.0	1.0
Arthrobacter_D sp013116745	3	3	3	33.333333333333336	1.0
Arthrobacter_D sp017875735	2	1	1	100.0	4.0
Arthrobacter_D subterraneus	2	1	1	0.0	0.0
Arthrobacter_D zhaoguopingii	2	1	1	100.0	2.0
Arthrobacter_E woluwensis	5	10	10	20.0	0.0
Arthrobacter_F crystallopoietes	2	1	1	0.0	0.0
Arthrobacter_F crystallopoietes_B	2	1	1	100.0	5.0
Arthrobacter_G cupressi	2	1	1	100.0	7.0
Arthrobacter_H rhombi	2	1	1	100.0	4.0
Arthrobacter_I sp000196235	3	3	3	0.0	0.0
Arthrobacter_I sp000374925	2	1	1	100.0	5.0
Arthrobacter_I sp002929335	2	1	1	100.0	4.0
Arthrobacter_I sp003097355	2	1	1	100.0	5.0
Arthrobacter_I sp900168135	2	1	1	0.0	0.0
Arthrobacter_K terricola	2	1	1	0.0	0.0
Asaia bogorensis	6	15	15	86.66666666666667	4.0
Asanoa ferruginea	2	1	1	0.0	0.0
Asanoa ishikariensis	2	1	1	0.0	0.0
Ascidiaceihabitans pseudonitzschiae	4	6	6	16.666666666666668	0.0
Ascidiaceihabitans pseudonitzschiae_A	2	1	1	100.0	40.0
Ascidiaceihabitans sp002478745	2	1	1	0.0	0.0
Asp313 sp003073475	2	1	1	0.0	0.0
Asticcacaulis benevestitus	2	1	1	100.0	2.0
Atelocyanobacterium thalassa	2	1	1	0.0	0.0
Athalassotoga sp002878315	3	3	3	0.0	0.0
Atlantibacter hermannii	27	351	351	73.21937321937322	3.0
Atlantibacter sp002345315	4	6	6	83.33333333333333	2.5
Atlantibacter sp002358165	4	6	6	16.666666666666668	0.5
Atlantibacter subterranea	7	21	21	47.61904761904762	1.0
Atopobium minutum	6	15	15	20.0	0.0
Atribacter sp002069605	2	1	1	100.0	6.0
Atribacter sp003542295	2	1	1	0.0	1.0
Aulosira anomala_A	4	6	6	100.0	49.5
Aulosira diplosiphon	3	3	3	33.333333333333336	34.0
Aulosira linckia_A	0	0	0	0	
Aulosira sp002154725	0	0	0	0	
Aulosira tenue	0	0	0	0	
Aurantimonas coralicida	4	6	6	83.33333333333333	9.0
Aurantimonas coralicida_A	2	1	1	0.0	0.0
Aurantimonas manganoxydans	2	1	1	0.0	1.0
Aureibaculum sp003511845	2	1	1	0.0	1.0
Aureimonas altamirensis	2	1	1	0.0	0.0
Aureimonas altamirensis_A	2	1	1	0.0	0.0
Aureimonas jatrophae	2	1	1	100.0	5.0
Aureimonas phyllosphaerae	3	3	3	0.0	0.0
Aureimonas sp001442755	3	3	3	66.66666666666667	3.0
Aureimonas ureilytica	2	1	1	0.0	0.0
Aureimonas ureilytica_A	4	6	6	100.0	8.0
Aureimonas_A sp001425485	2	1	1	100.0	3.0
Auritidibacter ignavus	6	15	15	46.666666666666664	3.0
Aurora vandensis	2	1	1	0.0	0.0
Austwickia chelonae	2	1	1	100.0	2.0
Aved-18 sp016699165	2	1	1	100.0	3.0
Avelusimicrobium sp017546175	2	1	1	0.0	0.0
Avibacterium avium	3	3	3	66.66666666666667	5.0
Avibacterium gallinarum	3	3	3	0.0	0.0
Avibacterium paragallinarum	40	780	780	80.0	7.0
Avibacterium volantium	2	1	1	100.0	19.0
Avidehalobacter sp017397935	2	1	1	100.0	2.0
Avilachnospira sp017388745	2	1	1	0.0	1.0
Avilachnospira sp017446045	2	1	1	0.0	0.0
Avimicrobium caecorum	6	15	15	60.0	2.0
Avimicrobium sp900761965	2	1	1	0.0	0.0
Avimonas caecicola	2	1	1	0.0	0.0
Avimonas faecium	2	1	1	0.0	0.0
Avimonas intestinalis	2	1	1	100.0	2.0
Avimonas sp001513365	2	1	1	0.0	0.0
Avimonas sp900551425	2	1	1	100.0	3.0
Avispirillum sp011957885	2	1	1	100.0	2.0
Avispirillum sp017513325	2	1	1	100.0	2.0
Avoscillospira avicola	2	1	1	100.0	3.0
Avoscillospira stercoripullorum	2	1	1	100.0	2.0
Azo-2 sp018906035	2	1	1	0.0	0.0
Azoarcus indigens	0	0	0	0	
Azoarcus olearius	2	1	1	100.0	4.0
Azoarcus_C communis	3	3	3	66.66666666666667	2.0
Azoarcus_C communis_A	3	3	3	33.333333333333336	1.0
Azoarcus_C communis_B	2	1	1	100.0	2.0
Azoarcus_E halotolerans	2	1	1	0.0	0.0
Azonexus agitatus	2	1	1	100.0	2.0
Azonexus aromaticus_A	2	1	1	0.0	0.0
Azonexus fungiphilus	2	1	1	100.0	4.0
Azonexus hydrophilus	2	1	1	0.0	0.0
Azonexus sp002396525	7	21	21	47.61904761904762	1.0
Azonexus sp004379165	2	1	1	0.0	0.0
Azonexus sp008711155	2	1	1	100.0	2.0
Azonexus sp009779265	2	1	1	0.0	0.0
Azonexus sp012839675	2	1	1	0.0	1.0
Azonexus sp016705475	3	3	3	66.66666666666667	2.0
Azonexus sp016721185	3	3	3	100.0	23.0
Azonexus sp018828385	4	6	6	0.0	0.0
Azonexus sp900549295	2	1	1	0.0	1.0
Azonexus sp903951825	7	21	21	9.523809523809524	1.0
Azorhizobium caulinodans	2	1	1	100.0	6.0
Azospira oryzae	6	15	15	60.0	3.0
Azospira_A sp016710885	2	1	1	100.0	22.0
Azospirillum agricola	0	0	0	0	
Azospirillum baldaniorum	9	36	36	100.0	79.5
Azospirillum brasilense	16	120	120	75.0	16.0
Azospirillum brasilense_A	2	1	1	100.0	5.0
Azospirillum brasilense_B	2	1	1	100.0	36.0
Azospirillum brasilense_C	3	3	3	100.0	20.0
Azospirillum brasilense_E	2	1	1	100.0	12.0
Azospirillum melinis	4	6	6	83.33333333333333	91.5
Azospirillum oleiclasticum	2	1	1	0.0	0.0
Azospirillum oryzae	3	3	3	100.0	13.0
Azospirillum sp003115975	2	1	1	0.0	0.0
Azospirillum sp003116065	4	6	6	83.33333333333333	9.5
Azospirillum sp003119115	3	3	3	66.66666666666667	17.0
Azospirillum sp008364825	2	1	1	100.0	15.0
Azospirillum thiophilum	2	1	1	0.0	0.0
Azotobacter beijerinckii	5	10	10	100.0	13.0
Azotobacter chroococcum	10	45	45	97.77777777777777	16.0
Azotobacter vinelandii	5	10	10	70.0	2.0
B-DKE sp002204705	2	1	1	100.0	6.0
B1 sp903927505	3	3	3	0.0	1.0
B1-Br10-U2g19 sp001563875	2	1	1	0.0	0.0
B10-G16 sp003649185	2	1	1	0.0	0.0
B10-G9 sp018335275	2	1	1	0.0	0.0
B109-G9 sp003661505	3	3	3	0.0	0.0
B111-G9 sp003646865	2	1	1	0.0	0.0
B118-G9 sp018824205	4	6	6	0.0	0.0
B12-G15 sp003646055	2	1	1	0.0	0.0
B12-G16 sp003650925	2	1	1	0.0	0.0
B13-G4 sp013792055	10	45	45	37.77777777777778	1.0
B13-G4 sp014237365	2	1	1	0.0	0.0
B13-G4 sp018897415	2	1	1	0.0	0.0
B14-G1 sp003648675	2	1	1	0.0	0.0
B14-G17 sp003649515	2	1	1	0.0	0.0
B14-G2 sp003661385	2	1	1	0.0	0.0
B14-G9 sp015486075	2	1	1	0.0	0.0
B15-G2 sp003650815	2	1	1	0.0	0.0
B17-G15 sp003649495	2	1	1	0.0	0.0
B1SED10-159 sp003551965	2	1	1	0.0	1.0
B1SED10-16 sp007127175	3	3	3	66.66666666666667	2.0
B1SED10-174 sp003551905	2	1	1	0.0	0.0
B1SED10-225 sp003551405	2	1	1	0.0	0.0
B1SED10-225 sp007135105	3	3	3	0.0	0.0
B1SED10-74M sp003552365	2	1	1	0.0	0.0
B1SED10-74M sp003553895	2	1	1	0.0	0.0
B1SED10-74M sp003567725	4	6	6	0.0	0.5
B1SED10-74M sp007121075	2	1	1	0.0	0.0
B1SED10-74M sp007128625	4	6	6	0.0	0.0
B1SED10-74M sp007130825	3	3	3	0.0	0.0
B1SED10-75 sp003550565	2	1	1	0.0	0.0
B1Sed10-166 sp003556605	4	6	6	50.0	1.5
B1Sed10-166 sp007126415	4	6	6	16.666666666666668	0.0
B23-G16 sp003647435	2	1	1	0.0	0.0
B24 sp001593865	2	1	1	0.0	0.0
B24-2 sp002490245	2	1	1	0.0	0.0
B25 sp003662515	2	1	1	0.0	0.0
B26-1 sp001593925	3	3	3	0.0	0.0
B26-G2 sp003647715	3	3	3	0.0	1.0
B29-G17 sp003649145	2	1	1	0.0	0.0
B3-G16 sp003649665	2	1	1	0.0	0.0
B3-TA06 sp004375895	2	1	1	100.0	4.0
B3-TA06 sp014729665	2	1	1	0.0	0.0
B30-G15 sp003648085	2	1	1	100.0	2.0
B32-G15 sp003644445	4	6	6	0.0	0.0
B33-G16 sp003646875	2	1	1	0.0	0.0
B4-G1 sp003648025	3	3	3	33.333333333333336	1.0
B5-G15 sp003645825	3	3	3	0.0	0.0
B65-G9 sp003662765	2	1	1	0.0	0.0
B68-G9 sp003645885	3	3	3	66.66666666666667	12.0
B7-G16 sp003644405	2	1	1	0.0	0.0
B78-G9 sp003650975	2	1	1	0.0	1.0
B87-G9 sp003649695	2	1	1	0.0	0.0
B9-G15 sp003650185	2	1	1	0.0	0.0
B9-G17 sp003649225	2	1	1	0.0	0.0
BA-19 sp005888735	2	1	1	100.0	4.0
BA2 sp001399795	2	1	1	0.0	0.0
BACL11 sp002693745	2	1	1	0.0	0.0
BACL11 sp002730985	2	1	1	0.0	0.0
BACL14 sp000168995	10	45	45	0.0	0.0
BACL14 sp001044335	3	3	3	0.0	0.0
BACL14 sp002384685	8	28	28	0.0	0.0
BACL14 sp010023085	6	15	15	0.0	0.0
BACL14 sp016778465	4	6	6	0.0	0.0
BACL14 sp017852315	5	10	10	0.0	0.0
BACL14 sp017858095	5	10	10	0.0	0.0
BACL14 sp018607785	5	10	10	0.0	0.0
BACL14 sp018657165	15	105	105	0.0	0.0
BACL21 sp002335345	3	3	3	0.0	0.0
BACL21 sp002384055	4	6	6	0.0	0.0
BACL21 sp009921505	2	1	1	0.0	0.0
BACL24 sp002292345	10	45	45	8.88888888888889	0.0
BACL24 sp002430605	2	1	1	0.0	0.0
BACL24 sp003485085	2	1	1	0.0	0.0
BACL24 sp003503355	2	1	1	0.0	0.0
BACL24 sp017854655	3	3	3	0.0	0.0
BACL24 sp017857255	3	3	3	0.0	0.0
BACL24 sp902728235	8	28	28	60.714285714285715	2.0
BACL27 sp003535455	7	21	21	52.38095238095238	2.0
BACL27 sp005805045	3	3	3	0.0	0.0
BACL27 sp009703975	4	6	6	0.0	0.0
BACL27 sp014190055	8	28	28	0.0	0.0
BACL27 sp016462185	2	1	1	0.0	0.0
BAIKAL-G1 sp903855705	5	10	10	0.0	0.0
BAIKAL-G1-2R sp002737405	3	3	3	33.333333333333336	1.0
BB30 sp016744485	2	1	1	0.0	0.0
BCD18 sp013112545	3	3	3	0.0	0.0
BCD5 sp013112825	5	10	10	80.0	2.0
BD1 sp003569365	2	1	1	0.0	0.0
BD1 sp003670425	3	3	3	0.0	0.0
BD2-11 sp009840525	6	15	15	40.0	1.0
BE-D sp003019595	4	6	6	50.0	1.5
BIGb0383 sp003751845	2	1	1	0.0	0.0
BJ6 sp014584595	7	21	21	71.42857142857143	2.0
BJGN01 sp017858735	2	1	1	0.0	0.0
BJGO01 sp014190535	2	1	1	0.0	1.0
BJGV01 sp014190895	9	36	36	0.0	0.0
BJHM01 sp014192625	2	1	1	0.0	0.0
BM002 sp002899795	3	3	3	100.0	7.0
BM004 sp012974315	2	1	1	0.0	1.0
BM506 sp018822545	2	1	1	0.0	0.0
BM521 sp018646705	2	1	1	0.0	0.0
BM522 sp016931615	2	1	1	0.0	0.0
BMS3ABIN06 sp002897895	3	3	3	0.0	1.0
BMS3ABIN14 sp002897695	2	1	1	0.0	0.0
BMS3ABIN17 sp002897655	2	1	1	0.0	0.0
BMS3Abin05 sp002898015	2	1	1	0.0	1.0
BMS3Abin08 sp002897935	2	1	1	100.0	9.0
BMS3Abin09 sp002897915	2	1	1	0.0	0.0
BMS3Abin12 sp002897735	3	3	3	100.0	4.0
BMS3Abin13 sp002897615	3	3	3	100.0	6.0
BMS3B sp003229935	2	1	1	100.0	6.0
BMS3Bbin01 sp002897675	3	3	3	0.0	1.0
BMS3Bbin05 sp002897855	4	6	6	16.666666666666668	0.0
BMS3Bbin07 sp003232715	2	1	1	0.0	0.0
BMS3Bbin07 sp011051565	3	3	3	33.333333333333336	1.0
BMS3Bbin08 sp002897775	3	3	3	0.0	1.0
BMS3Bbin11 sp002897635	6	15	15	20.0	1.0
BN30871 sp002412865	2	1	1	0.0	0.0
BNGT01 sp016860565	2	1	1	0.0	0.0
BOG-1369 sp003164815	2	1	1	100.0	11.0
BOG-234 sp903828455	2	1	1	0.0	0.0
BOG-234 sp903851195	3	3	3	33.333333333333336	1.0
BOG-234 sp903875575	5	10	10	30.0	1.0
BOG-234 sp903900705	6	15	15	26.666666666666668	0.0
BOG-234 sp903907865	3	3	3	66.66666666666667	3.0
BOG-234 sp903925015	2	1	1	0.0	0.0
BOG-234 sp903929755	3	3	3	100.0	10.0
BOG-930 sp903907955	12	66	66	95.45454545454545	7.0
BOG-930 sp903918195	2	1	1	0.0	0.0
BOG-933 sp903920145	5	10	10	100.0	16.0
BOG-938 sp903929535	2	1	1	0.0	0.0
BRH-c54 sp002359215	4	6	6	0.0	0.0
BRH-c54 sp002770955	2	1	1	0.0	1.0
BRH-c8a sp000961575	3	3	3	66.66666666666667	3.0
BRHc4a sp000802095	2	1	1	0.0	0.0
BS150m-G60 sp018692925	8	28	28	3.5714285714285716	0.0
BS503 sp018725425	2	1	1	100.0	2.0
BS524 sp018333655	3	3	3	66.66666666666667	6.0
BS524 sp018725275	3	3	3	0.0	1.0
BS750m-G77 sp016782485	2	1	1	0.0	0.0
BX12 sp009911365	2	1	1	100.0	2.0
BX12 sp014333425	2	1	1	100.0	3.0
Bacilliculturomica massiliensis	0	0	0	0	
Bacillus altitudinis	98	4753	4753	41.86829370923627	1.0
Bacillus amyloliquefaciens	27	351	351	66.0968660968661	3.0
Bacillus atrophaeus	36	630	630	26.19047619047619	0.0
Bacillus australimaris	2	1	1	0.0	0.0
Bacillus cabrialesii	4	6	6	50.0	1.5
Bacillus glycinifermentans	7	21	21	90.47619047619048	8.0
Bacillus gobiensis	2	1	1	0.0	0.0
Bacillus halotolerans	35	595	595	38.319327731092436	1.0
Bacillus haynesii	4	6	6	66.66666666666667	4.5
Bacillus inaquosorum	8	28	28	17.857142857142858	1.0
Bacillus licheniformis	209	21736	21736	68.87191755612808	3.0
Bacillus mojavensis	4	6	6	66.66666666666667	3.0
Bacillus nakamurai	2	1	1	0.0	0.0
Bacillus paralicheniformis	99	4851	4851	54.54545454545455	2.0
Bacillus pumilus	167	13861	13861	40.054830098838465	1.0
Bacillus pumilus_N	4	6	6	83.33333333333333	9.0
Bacillus safensis	91	4095	4095	38.41269841269841	1.0
Bacillus siamensis	11	55	55	23.636363636363637	1.0
Bacillus sonorensis	9	36	36	52.77777777777778	2.0
Bacillus sonorensis_A	2	1	1	100.0	8.0
Bacillus sp018613535	3	3	3	0.0	0.0
Bacillus spizizenii	25	300	300	48.666666666666664	2.0
Bacillus subtilis	444	98346	98346	49.063510463058996	2.0
Bacillus subtilis_G	2	1	1	0.0	0.0
Bacillus swezeyi	5	10	10	90.0	9.0
Bacillus tequilensis	4	6	6	33.333333333333336	0.5
Bacillus vallismortis	5	10	10	40.0	1.0
Bacillus velezensis	482	115921	115921	39.02916641505853	1.0
Bacillus xiamenensis	4	6	6	50.0	1.0
Bacillus zhangzhouensis	3	3	3	66.66666666666667	2.0
Bacillus_A albus	21	210	210	80.0	4.0
Bacillus_A anthracis	409	83436	83436	39.545280214775396	1.0
Bacillus_A bingmayongensis	2	1	1	100.0	13.0
Bacillus_A bombysepticus	562	157641	157641	77.08971650776131	4.0
Bacillus_A cereus	217	23436	23436	56.85697217955283	2.0
Bacillus_A cereus_AG	3	3	3	66.66666666666667	2.0
Bacillus_A cereus_AK	0	0	0	0	
Bacillus_A cereus_AQ	2	1	1	0.0	0.0
Bacillus_A cereus_AT	6	15	15	73.33333333333333	2.0
Bacillus_A cereus_AU	5	10	10	100.0	7.5
Bacillus_A cereus_AW	5	10	10	80.0	4.0
Bacillus_A cereus_BA	2	1	1	100.0	12.0
Bacillus_A cereus_K	5	10	10	50.0	6.0
Bacillus_A cereus_O	2	1	1	100.0	17.0
Bacillus_A cereus_S	9	36	36	94.44444444444444	5.0
Bacillus_A cereus_U	32	496	496	70.16129032258064	7.0
Bacillus_A clarus	0	0	0	0	
Bacillus_A cytotoxicus	21	210	210	66.19047619047619	2.0
Bacillus_A fungorum	2	1	1	100.0	6.0
Bacillus_A gaemokensis	2	1	1	0.0	1.0
Bacillus_A luti	7	21	21	61.904761904761905	9.0
Bacillus_A mobilis	10	45	45	93.33333333333333	6.0
Bacillus_A mycoides	106	5565	5565	66.63072776280323	7.0
Bacillus_A mycoides_B	4	6	6	83.33333333333333	4.0
Bacillus_A mycoides_C	3	3	3	66.66666666666667	2.0
Bacillus_A nitratireducens	12	66	66	72.72727272727273	4.0
Bacillus_A paramycoides	5	10	10	100.0	6.5
Bacillus_A paranthracis	84	3486	3486	69.50659781985084	3.0
Bacillus_A proteolyticus	3	3	3	100.0	7.0
Bacillus_A pseudomycoides	110	5995	5995	90.97581317764804	10.0
Bacillus_A sp002551815	4	6	6	100.0	4.5
Bacillus_A sp002584985	7	21	21	80.95238095238095	3.0
Bacillus_A sp008923725	2	1	1	100.0	7.0
Bacillus_A sp013314535	2	1	1	100.0	6.0
Bacillus_A sp018332475	2	1	1	100.0	6.0
Bacillus_A sp018966865	2	1	1	0.0	
Bacillus_A sp900112415	2	1	1	100.0	2.0
Bacillus_A sp900116295	2	1	1	0.0	1.0
Bacillus_A thuringiensis	260	33670	33670	73.05316305316305	3.0
Bacillus_A thuringiensis_K	20	190	190	60.0	8.0
Bacillus_A thuringiensis_N	24	276	276	73.91304347826087	4.0
Bacillus_A thuringiensis_S	216	23220	23220	79.93970714900948	6.0
Bacillus_A toyonensis	263	34453	34453	76.63483586335008	4.0
Bacillus_A tropicus	75	2775	2775	82.77477477477477	5.0
Bacillus_A wiedmannii	188	17578	17578	89.20810103538514	5.0
Bacillus_AB infantis	6	15	15	73.33333333333333	5.0
Bacillus_AD massilioanorexius	2	1	1	0.0	0.0
Bacillus_AD testis	0	0	0	0	
Bacillus_AH lentus	2	1	1	0.0	0.0
Bacillus_AZ foraminis	4	6	6	83.33333333333333	5.5
Bacillus_AZ zeae	2	1	1	0.0	1.0
Bacillus_BB sp001884825	2	1	1	0.0	0.0
Bacillus_BD tuaregi	2	1	1	0.0	0.0
Bacillus_BE massilionigeriensis	0	0	0	0	
Bacillus_BH alkalinitrilicus	0	0	0	0	
Bacillus_BJ canaveralius	4	6	6	33.333333333333336	1.0
Bacillus_BM sp003316765	2	1	1	100.0	8.0
Bacillus_BM vietnamensis_A	2	1	1	100.0	6.0
Bacillus_BS mesophilus	2	1	1	0.0	1.0
Bacillus_BT aquiflavi	2	1	1	0.0	0.0
Bacillus_BV luteolus	2	1	1	0.0	0.0
Bacillus_D sp000821085	0	0	0	0	
Bacillus_H clausii	11	55	55	56.36363636363637	2.0
Bacillus_H clausii_B	0	0	0	0	
Bacillus_H miscanthi	2	1	1	0.0	0.0
Bacillus_H oshimensis	4	6	6	0.0	0.0
Bacillus_H rhizosphaerae	18	153	153	47.05882352941177	1.0
Bacillus_H xiaoxiensis	3	3	3	0.0	0.0
Bacillus_I endophytica	9	36	36	100.0	6.0
Bacillus_I filamentosa	6	15	15	66.66666666666667	3.0
Bacillus_J andreraoultii	3	3	3	0.0	0.0
Bacillus_J thermoamylovorans	9	36	36	100.0	6.0
Bacillus_L akibai	2	1	1	0.0	0.0
Bacillus_L hemicellulosilyticus	2	1	1	0.0	0.0
Bacillus_L krulwichiae	2	1	1	0.0	0.0
Bacillus_L wakoensis	2	1	1	0.0	0.0
Bacillus_M halodurans	4	6	6	83.33333333333333	4.0
Bacillus_O smithii	3	3	3	0.0	0.0
Bacillus_P idriensis	4	6	6	16.666666666666668	0.0
Bacillus_P indicus	3	3	3	100.0	5.0
Bacillus_P sp002858905	4	6	6	66.66666666666667	3.0
Bacillus_S pseudofirmus	2	1	1	0.0	0.0
Bacillus_T coahuilensis	3	3	3	66.66666666666667	3.0
Bacillus_Z methanolicus_A	2	1	1	100.0	5.0
Bact-08 sp002842515	6	15	15	6.666666666666667	0.0
Bact-08 sp003542575	6	15	15	0.0	0.0
Bact-08 sp018053445	5	10	10	0.0	0.0
Bact-08 sp018433265	3	3	3	33.333333333333336	1.0
Bact-11 sp001602845	2	1	1	100.0	5.0
Bact-11 sp002309795	2	1	1	100.0	5.0
Bact-11 sp002361615	8	28	28	82.14285714285714	4.0
Bact-11 sp017428245	2	1	1	100.0	6.0
Bact-11 sp017430365	2	1	1	0.0	1.0
Bact-11 sp017509755	3	3	3	100.0	4.0
Bact-11 sp017544005	2	1	1	0.0	1.0
Bact-11 sp902773925	2	1	1	0.0	0.0
Bact-11 sp902778855	8	28	28	53.57142857142857	2.5
Bact-11 sp902789445	3	3	3	0.0	0.0
Bact-19 sp002310235	2	1	1	100.0	3.0
Bact-19 sp002412425	8	28	28	25.0	1.0
Bact-19 sp902762455	3	3	3	100.0	10.0
Bact-19 sp902776565	3	3	3	100.0	69.0
Bact-19 sp902791865	2	1	1	100.0	5.0
Bact-19 sp905233405	2	1	1	100.0	2.0
Bacteriovorax stolpii	3	3	3	0.0	0.0
Bacteroides acidifaciens	16	120	120	95.0	10.0
Bacteroides avicola	2	1	1	100.0	7.0
Bacteroides bouchesdurhonensis	0	0	0	0	
Bacteroides caccae	76	2850	2850	89.75438596491227	12.0
Bacteroides caecimuris	7	21	21	90.47619047619048	17.0
Bacteroides cellulosilyticus	42	861	861	81.30081300813008	10.0
Bacteroides clarus	16	120	120	59.166666666666664	4.0
Bacteroides congonensis	6	15	15	60.0	2.5
Bacteroides cutis	5	10	10	50.0	1.0
Bacteroides eggerthii	49	1176	1176	78.40136054421768	7.0
Bacteroides faecichinchillae	3	3	3	0.0	1.0
Bacteroides faecis	28	378	378	77.24867724867725	11.0
Bacteroides finegoldii	20	190	190	90.0	10.0
Bacteroides fluxus	2	1	1	100.0	6.0
Bacteroides fragilis	191	18145	18145	82.06668503720033	7.0
Bacteroides fragilis_A	12	66	66	81.81818181818181	7.0
Bacteroides gallinarum	2	1	1	0.0	0.0
Bacteroides graminisolvens	12	66	66	18.181818181818183	0.0
Bacteroides heparinolyticus	4	6	6	100.0	16.0
Bacteroides intestinalis	22	231	231	98.26839826839827	10.0
Bacteroides intestinalis_A	7	21	21	71.42857142857143	7.0
Bacteroides intestinigallinarum	8	28	28	71.42857142857143	7.0
Bacteroides luhongzhouii	4	6	6	100.0	4.5
Bacteroides massiliensis	6	15	15	26.666666666666668	1.0
Bacteroides massiliensis_B	3	3	3	100.0	3.0
Bacteroides ndongoniae	4	6	6	50.0	6.0
Bacteroides neonati	0	0	0	0	
Bacteroides nordii	12	66	66	54.54545454545455	4.0
Bacteroides oleiciplenus	2	1	1	100.0	10.0
Bacteroides ovatus	121	7260	7260	88.65013774104683	10.0
Bacteroides pyogenes	21	210	210	83.80952380952381	4.0
Bacteroides pyogenes_A	4	6	6	16.666666666666668	0.0
Bacteroides reticulotermitis	2	1	1	0.0	0.0
Bacteroides salyersiae	54	1431	1431	67.71488469601677	5.0
Bacteroides sp002307035	2	1	1	100.0	6.0
Bacteroides sp002491635	12	66	66	87.87878787878788	5.0
Bacteroides sp003545565	6	15	15	80.0	4.0
Bacteroides sp007896885	3	3	3	33.333333333333336	1.0
Bacteroides sp014385165	2	1	1	100.0	4.0
Bacteroides sp017621035	2	1	1	100.0	5.0
Bacteroides sp017630035	2	1	1	0.0	1.0
Bacteroides sp017992695	6	15	15	0.0	0.0
Bacteroides sp900547205	2	1	1	0.0	0.0
Bacteroides sp900552405	12	66	66	80.3030303030303	4.0
Bacteroides sp900553815	2	1	1	100.0	5.0
Bacteroides sp900555635	2	1	1	0.0	1.0
Bacteroides sp900556215	3	3	3	66.66666666666667	10.0
Bacteroides sp900556625	2	1	1	0.0	0.0
Bacteroides sp900557355	2	1	1	100.0	4.0
Bacteroides sp900765785	3	3	3	66.66666666666667	4.0
Bacteroides sp900766005	2	1	1	0.0	0.0
Bacteroides sp902362375	13	78	78	94.87179487179488	6.0
Bacteroides sp902388495	2	1	1	0.0	0.0
Bacteroides stercorirosoris	7	21	21	85.71428571428571	6.0
Bacteroides stercoris	73	2628	2628	86.33942161339422	9.0
Bacteroides thetaiotaomicron	119	7021	7021	87.92194844039311	9.0
Bacteroides togonis	7	21	21	95.23809523809524	10.0
Bacteroides uniformis	296	43660	43660	89.25790196976638	10.0
Bacteroides xylanisolvens	121	7260	7260	88.82920110192838	12.0
Bacteroides zhangwenhongi	9	36	36	63.888888888888886	6.5
Bacteroides zoogleoformans	2	1	1	100.0	2.0
Bacteroides_D periocalifornicus	2	1	1	100.0	3.0
Bacteroides_D sp013333195	2	1	1	0.0	0.0
Bacteroides_D sp013333835	2	1	1	0.0	0.0
Bacteroides_E propionicifaciens	2	1	1	0.0	0.0
Bacteroides_F pectinophilus	5	10	10	40.0	3.5
Baileyella intestinalis	3	3	3	0.0	0.0
Baileyella timonense	4	6	6	33.333333333333336	0.5
Balneola sp001650905	2	1	1	0.0	0.0
Balneola sp002364085	26	325	325	34.15384615384615	1.0
Balneola sp017643645	5	10	10	70.0	2.0
Barb7 sp001657575	3	3	3	100.0	15.0
Bariatricus comes	56	1540	1540	88.76623376623377	9.0
Bariatricus comes_A	2	1	1	0.0	1.0
Bariatricus massiliensis	2	1	1	100.0	2.0
Bariatricus sp004560705	2	1	1	0.0	0.0
Bariatricus sp900554415	2	1	1	0.0	0.0
Barnesiella intestinihominis	26	325	325	64.61538461538461	3.0
Barnesiella merdigallinarum	5	10	10	60.0	2.0
Barnesiella merdipullorum	2	1	1	0.0	0.0
Barnesiella viscericola	2	1	1	100.0	2.0
Barnesiella_A excrementipullorum	2	1	1	0.0	0.0
Barnesiella_A sp017410245	3	3	3	66.66666666666667	2.0
Barnesiella_A sp017561285	2	1	1	0.0	0.0
Barnesiella_A sp900538705	3	3	3	0.0	0.0
Barnesiella_A sp904502265	2	1	1	0.0	0.0
Barrientosiimonas humi	2	1	1	0.0	0.0
Bartonella alsatica	3	3	3	33.333333333333336	2.0
Bartonella apis	9	36	36	47.22222222222222	1.0
Bartonella apis_A	12	66	66	60.60606060606061	2.0
Bartonella apis_B	4	6	6	83.33333333333333	2.0
Bartonella arupensis	3	3	3	33.333333333333336	9.0
Bartonella bacilliformis	16	120	120	7.5	0.0
Bartonella berkhoffii	4	6	6	33.333333333333336	3.0
Bartonella birtlesii	6	15	15	0.0	0.0
Bartonella bovis	3	3	3	66.66666666666667	3.0
Bartonella clarridgeiae	2	1	1	100.0	2.0
Bartonella doshiae	9	36	36	52.77777777777778	2.0
Bartonella elizabethae	7	21	21	4.761904761904762	0.0
Bartonella grahamii	5	10	10	100.0	9.5
Bartonella henselae	29	406	406	49.26108374384236	3.0
Bartonella koehlerae	2	1	1	0.0	1.0
Bartonella quintana	18	153	153	5.882352941176471	2.0
Bartonella rattimassiliensis	2	1	1	100.0	6.0
Bartonella rochalimae	8	28	28	60.714285714285715	2.0
Bartonella schoenbuchensis	5	10	10	50.0	4.0
Bartonella sp000278115	2	1	1	0.0	
Bartonella sp002022665	2	1	1	0.0	0.0
Bartonella tamiae	2	1	1	0.0	
Bartonella taylorii	5	10	10	80.0	2.5
Bartonella tribocorum	3	3	3	66.66666666666667	11.0
Bartonella tribocorum_A	2	1	1	0.0	0.0
Bartonella tribocorum_B	2	1	1	0.0	0.0
Bartonella vinsonii	2	1	1	100.0	2.0
Bartonella washoeensis	3	3	3	33.333333333333336	8.0
Basfia bettyae	3	3	3	66.66666666666667	3.0
Basfia succiniciproducens	4	6	6	83.33333333333333	4.0
Basfia_A porcinus	0	0	0	0	
Basfia_A succinogenes	2	1	1	0.0	0.0
Basilea psittacipulmonis	2	1	1	0.0	0.0
Baumannia cicadellinicola_D	2	1	1	100.0	6.0
Bavariicoccus seileri	3	3	3	0.0	0.0
Bdellovibrio bacteriovorus	2	1	1	100.0	5.0
Beduini massiliensis	0	0	0	0	
Beggiatoa leptomitoformis	2	1	1	0.0	0.0
Bellilinea caldifistulae	2	1	1	0.0	
Bellilinea sp001796355	3	3	3	0.0	0.0
Bellilinea sp004347695	2	1	1	0.0	0.0
Belnapia rosea	2	1	1	100.0	6.0
Bergeyella zoohelcum	5	10	10	50.0	55.0
Bergeyella_A cardium	2	1	1	100.0	3.0
Bergeyella_A sp002484105	2	1	1	100.0	6.0
Berkiella sp001898235	2	1	1	0.0	0.0
Bermanella marisrubri	2	1	1	0.0	0.0
Bermanella sp002683575	2	1	1	0.0	0.0
Berryella intestinalis	0	0	0	0	
Berryella sp013201155	3	3	3	0.0	0.0
Bhargavaea beijingensis	2	1	1	0.0	0.0
Bibersteinia trehalosi	7	21	21	38.095238095238095	1.0
Bieblia_A vinaykumarii	2	1	1	0.0	0.0
Bifidobacterium actinocoloniiforme	3	3	3	33.333333333333336	1.0
Bifidobacterium adolescentis	127	8001	8001	59.68003999500063	2.0
Bifidobacterium angulatum	7	21	21	33.333333333333336	1.0
Bifidobacterium animalis	101	5050	5050	18.237623762376238	0.0
Bifidobacterium anseris	2	1	1	0.0	0.0
Bifidobacterium asteroides	9	36	36	75.0	5.0
Bifidobacterium asteroides_A	0	0	0	0	
Bifidobacterium asteroides_B	7	21	21	52.38095238095238	2.0
Bifidobacterium asteroides_E	9	36	36	41.666666666666664	2.0
Bifidobacterium avesanii	2	1	1	0.0	0.0
Bifidobacterium biavatii	2	1	1	100.0	5.0
Bifidobacterium bifidum	128	8128	8128	60.9621062992126	2.0
Bifidobacterium bohemicum	3	3	3	33.333333333333336	0.0
Bifidobacterium bombi	2	1	1	0.0	0.0
Bifidobacterium boum	9	36	36	11.11111111111111	0.0
Bifidobacterium breve	169	14196	14196	76.7047055508594	4.0
Bifidobacterium callitrichos	6	15	15	86.66666666666667	8.0
Bifidobacterium canis	2	1	1	0.0	1.0
Bifidobacterium catenulatum	12	66	66	16.666666666666668	0.0
Bifidobacterium choerinum	4	6	6	66.66666666666667	2.0
Bifidobacterium commune	2	1	1	0.0	0.0
Bifidobacterium criceti	2	1	1	0.0	0.0
Bifidobacterium crudilactis	2	1	1	100.0	2.0
Bifidobacterium cuniculi	2	1	1	0.0	1.0
Bifidobacterium dentium	49	1176	1176	43.87755102040816	1.0
Bifidobacterium eulemuris	2	1	1	0.0	0.0
Bifidobacterium felsineum	2	1	1	100.0	3.0
Bifidobacterium gallicum	3	3	3	33.333333333333336	0.0
Bifidobacterium globosum	79	3081	3081	52.54787406686141	2.0
Bifidobacterium imperatoris	2	1	1	0.0	0.0
Bifidobacterium indicum	7	21	21	19.047619047619047	0.0
Bifidobacterium infantis	48	1128	1128	86.61347517730496	9.0
Bifidobacterium kashiwanohense	5	10	10	70.0	3.5
Bifidobacterium lemurum	3	3	3	0.0	0.0
Bifidobacterium leopoldii	11	55	55	30.90909090909091	0.0
Bifidobacterium longum	474	112101	112101	76.92259658700635	3.0
Bifidobacterium magnum	3	3	3	0.0	0.0
Bifidobacterium merycicum	6	15	15	26.666666666666668	1.0
Bifidobacterium minimum	3	3	3	0.0	0.0
Bifidobacterium mongoliense	3	3	3	66.66666666666667	3.0
Bifidobacterium moukalabense	13	78	78	20.512820512820515	0.0
Bifidobacterium myosotis	3	3	3	33.333333333333336	1.0
Bifidobacterium piotii	19	171	171	23.976608187134502	1.0
Bifidobacterium pseudocatenulatum	112	6216	6216	43.43629343629344	1.0
Bifidobacterium pseudolongum	10	45	45	28.88888888888889	0.0
Bifidobacterium psychraerophilum	3	3	3	0.0	0.0
Bifidobacterium pullorum	3	3	3	0.0	0.0
Bifidobacterium pullorum_B	16	120	120	50.833333333333336	2.0
Bifidobacterium ramosum	2	1	1	0.0	0.0
Bifidobacterium reuteri	9	36	36	58.333333333333336	4.0
Bifidobacterium rousetti	0	0	0	0	
Bifidobacterium ruminantium	6	15	15	60.0	2.0
Bifidobacterium saguini	3	3	3	33.333333333333336	1.0
Bifidobacterium scardovii	7	21	21	38.095238095238095	0.0
Bifidobacterium sp000499185	2	1	1	0.0	0.0
Bifidobacterium sp002298605	2	1	1	100.0	2.0
Bifidobacterium sp002451435	20	190	190	38.94736842105263	1.0
Bifidobacterium sp002742445	7	21	21	38.095238095238095	1.0
Bifidobacterium sp003585735	2	1	1	0.0	0.0
Bifidobacterium sp016100725	9	36	36	11.11111111111111	0.0
Bifidobacterium sp018555355	0	0	0	0	
Bifidobacterium subtile	4	6	6	66.66666666666667	2.0
Bifidobacterium swidsinskii	10	45	45	84.44444444444444	4.0
Bifidobacterium thermophilum	15	105	105	45.714285714285715	1.0
Bifidobacterium tibiigranuli	2	1	1	0.0	0.0
Bifidobacterium tsurumiense	4	6	6	16.666666666666668	0.0
Bifidobacterium vaginale	48	1128	1128	72.2517730496454	4.0
Bifidobacterium vaginale_A	2	1	1	100.0	3.0
Bifidobacterium vaginale_C	5	10	10	90.0	5.0
Bifidobacterium vaginale_D	3	3	3	0.0	
Bifidobacterium vaginale_E	4	6	6	50.0	1.0
Bifidobacterium vespertilionis	3	3	3	100.0	5.0
Bilamarchaeum sp018812625	2	1	1	0.0	0.0
Bilamarchaeum sp018813505	3	3	3	0.0	0.0
Bilifractor porci	2	1	1	0.0	0.0
Bilifractor sp002371335	4	6	6	50.0	1.5
Bilifractor sp002394235	4	6	6	0.0	0.0
Bilifractor sp900314295	2	1	1	100.0	3.0
Bilifractor sp900317175	20	190	190	27.36842105263158	0.0
Bilifractor sp900318405	3	3	3	0.0	1.0
Bilifractor sp900318755	2	1	1	0.0	0.0
Bilifractor sp900319355	2	1	1	0.0	0.0
Bilophila faecipullorum	3	3	3	100.0	6.0
Bilophila sp900550745	3	3	3	66.66666666666667	5.0
Bilophila sp902373525	2	1	1	100.0	19.0
Bilophila wadsworthia	8	28	28	35.714285714285715	4.0
Bin125 sp009838735	7	21	21	38.095238095238095	1.0
Bin125 sp009838915	7	21	21	52.38095238095238	2.0
Bin127 sp009838175	2	1	1	100.0	3.0
Bin134 sp009842675	13	78	78	43.58974358974359	1.0
Bin134 sp009843865	4	6	6	0.0	0.0
Bin16 sp009838965	4	6	6	0.0	0.0
Bin34 sp009841145	5	10	10	80.0	4.0
Bin5 sp009838625	2	1	1	0.0	1.0
Bin5 sp009840225	3	3	3	33.333333333333336	1.0
Bin5 sp009841235	2	1	1	100.0	5.0
Bin55 sp009837185	3	3	3	0.0	0.0
Bin55 sp009840305	2	1	1	0.0	0.0
Bin55 sp009840545	2	1	1	0.0	0.0
Bin55 sp009842245	2	1	1	0.0	0.0
Bin55 sp009845835	4	6	6	16.666666666666668	0.5
Bin61 sp009835985	5	10	10	50.0	1.5
Bin61 sp009840635	9	36	36	83.33333333333333	5.0
Bin65 sp009840595	4	6	6	50.0	2.0
Bin65 sp011523655	5	10	10	90.0	8.0
Bin75 sp009840285	3	3	3	0.0	0.0
Bin75 sp009842645	5	10	10	30.0	1.0
Bin76 sp009837815	9	36	36	2.7777777777777777	0.0
Bin80 sp009838195	18	153	153	65.359477124183	3.0
Bin80 sp009841335	8	28	28	7.142857142857143	0.0
Bin87 sp009837355	2	1	1	0.0	1.0
Bin94 sp009838975	5	10	10	60.0	2.0
Bin94 sp009840215	6	15	15	20.0	0.0
Bin94 sp009841165	5	10	10	60.0	2.0
Bin94 sp009841475	6	15	15	40.0	1.0
Bin94 sp009844885	3	3	3	33.333333333333336	0.0
Binatus soli	2	1	1	0.0	0.0
Binatus sp003135135	5	10	10	90.0	13.0
Biomaibacter acetigenes	2	1	1	0.0	1.0
Bipolaricaulis anaerobius	4	6	6	0.0	0.0
Bipolaricaulis sp002479455	2	1	1	0.0	1.0
Bisgaardia hudsonensis	2	1	1	0.0	0.0
Bittarella massiliensis	7	21	21	71.42857142857143	8.0
Bizionia saleffrena	2	1	1	0.0	1.0
Blastochloris viridis	3	3	3	0.0	0.0
Blastococcus massiliensis	0	0	0	0	
Blastococcus saxobsidens	2	1	1	0.0	0.0
Blastococcus sp016612865	2	1	1	0.0	0.0
Blastomonas delafieldii_A	22	231	231	91.77489177489177	5.0
Blastomonas fulva	3	3	3	66.66666666666667	7.0
Blastomonas sp000503195	2	1	1	100.0	185.0
Blastomonas ursincola	7	21	21	57.142857142857146	2.0
Blattabacterium cuenoti_B	4	6	6	0.0	0.0
Blattabacterium cuenoti_C	4	6	6	0.0	0.0
Blattabacterium cuenoti_D	2	1	1	0.0	0.0
Blattabacterium punctulatus	11	55	55	23.636363636363637	1.0
Blattabacterium sp000334405	5	10	10	0.0	0.0
Blautia argi	5	10	10	0.0	0.0
Blautia coccoides	10	45	45	73.33333333333333	4.0
Blautia hansenii	11	55	55	14.545454545454545	1.0
Blautia hominis	4	6	6	83.33333333333333	3.5
Blautia merdigallinarum	2	1	1	0.0	0.0
Blautia ornithocaccae	3	3	3	66.66666666666667	2.0
Blautia pseudococcoides	7	21	21	23.80952380952381	1.0
Blautia pullicola	4	6	6	50.0	1.0
Blautia pullistercoris	4	6	6	0.0	0.0
Blautia sp000432195	4	6	6	16.666666666666668	0.0
Blautia sp001304935	7	21	21	66.66666666666667	3.0
Blautia sp900539145	3	3	3	66.66666666666667	2.0
Blautia sp900541955	6	15	15	60.0	2.0
Blautia sp900555025	2	1	1	0.0	0.0
Blautia sp900753905	3	3	3	66.66666666666667	2.0
Blautia stercorigallinarum	2	1	1	0.0	0.0
Blautia stercoris	8	28	28	60.714285714285715	9.0
Blautia_A avistercoris	2	1	1	0.0	1.0
Blautia_A caecimuris	8	28	28	17.857142857142858	0.0
Blautia_A excrementipullorum	2	1	1	0.0	0.0
Blautia_A faecavium	2	1	1	0.0	0.0
Blautia_A faecipullorum	2	1	1	100.0	5.0
Blautia_A faecis	24	276	276	79.34782608695652	7.0
Blautia_A gallistercoris	2	1	1	0.0	0.0
Blautia_A hydrogenotrophica	4	6	6	33.333333333333336	29.0
Blautia_A intestinavium	3	3	3	0.0	0.0
Blautia_A intestinigallinarum	2	1	1	0.0	0.0
Blautia_A intestinipullorum	3	3	3	66.66666666666667	3.0
Blautia_A luti	3	3	3	33.333333333333336	1.0
Blautia_A massiliensis	52	1326	1326	67.04374057315233	4.0
Blautia_A obeum	39	741	741	82.32118758434548	6.0
Blautia_A obeum_B	4	6	6	83.33333333333333	9.0
Blautia_A schinkii	8	28	28	42.857142857142854	0.0
Blautia_A sp000285855	6	15	15	46.666666666666664	1.0
Blautia_A sp000436615	8	28	28	46.42857142857143	2.0
Blautia_A sp003471165	5	10	10	100.0	4.5
Blautia_A sp003474435	4	6	6	50.0	1.0
Blautia_A sp003477525	2	1	1	100.0	3.0
Blautia_A sp900066145	7	21	21	33.333333333333336	1.0
Blautia_A sp900066205	9	36	36	86.11111111111111	4.0
Blautia_A sp900066335	8	28	28	39.285714285714285	2.0
Blautia_A sp900066355	2	1	1	100.0	3.0
Blautia_A sp900066505	3	3	3	100.0	4.0
Blautia_A sp900120195	3	3	3	66.66666666666667	2.0
Blautia_A sp900316115	3	3	3	100.0	2.0
Blautia_A sp900541345	5	10	10	40.0	1.0
Blautia_A sp900541985	2	1	1	100.0	2.0
Blautia_A sp900547615	4	6	6	16.666666666666668	1.0
Blautia_A sp900548245	5	10	10	40.0	1.0
Blautia_A sp900549015	3	3	3	0.0	0.0
Blautia_A sp900551075	2	1	1	100.0	3.0
Blautia_A sp900751995	2	1	1	0.0	0.0
Blautia_A wexlerae	119	7021	7021	82.6378008830651	7.0
Blautia_A wexlerae_B	5	10	10	20.0	0.0
Blochmannia pennsylvanicus_A	2	1	1	0.0	0.0
Bog-105 sp003163855	2	1	1	100.0	2.0
Bog-105 sp019233375	2	1	1	0.0	0.0
Bog-105 sp019240405	2	1	1	0.0	0.0
Bog-105 sp019244945	2	1	1	0.0	0.0
Bog-113 sp003136675	2	1	1	100.0	9.0
Bog-1181 sp003159495	2	1	1	100.0	4.0
Bog-1183 sp003136635	2	1	1	100.0	8.0
Bog-1198 sp003132425	2	1	1	100.0	3.0
Bog-1198 sp003134045	6	15	15	100.0	6.0
Bog-1198 sp003137095	4	6	6	100.0	13.0
Bog-1340 sp003142075	2	1	1	100.0	3.0
Bog-1340 sp903823865	12	66	66	0.0	0.0
Bog-1340 sp903831595	2	1	1	0.0	0.0
Bog-1340 sp903850545	2	1	1	0.0	0.0
Bog-159 sp003166475	9	36	36	100.0	29.5
Bog-209 sp003131315	2	1	1	100.0	28.0
Bog-209 sp003132325	4	6	6	83.33333333333333	17.5
Bog-209 sp003132405	8	28	28	100.0	13.0
Bog-209 sp003139095	7	21	21	71.42857142857143	5.0
Bog-209 sp003139995	6	15	15	46.666666666666664	1.0
Bog-209 sp003162255	2	1	1	100.0	26.0
Bog-209 sp003162935	23	253	253	58.89328063241107	2.0
Bog-209 sp003168235	2	1	1	100.0	5.0
Bog-257 sp003151335	2	1	1	0.0	0.0
Bog-257 sp003152695	6	15	15	80.0	5.0
Bog-257 sp003160215	2	1	1	100.0	26.0
Bog-257 sp003165795	3	3	3	100.0	5.0
Bog-375 sp003142185	24	276	276	88.04347826086956	6.0
Bog-38 sp003139855	18	153	153	29.41176470588235	0.0
Bog-38 sp003158275	3	3	3	33.333333333333336	1.0
Bog-38 sp003162175	29	406	406	45.566502463054185	1.0
Bog-38 sp003170935	3	3	3	33.333333333333336	1.0
Bog-473 sp003169235	2	1	1	100.0	5.0
Bog-515 sp003155135	17	136	136	36.76470588235294	1.0
Bog-532 sp003164955	3	3	3	100.0	10.0
Bog-564 sp003139255	4	6	6	100.0	3.5
Bog-752 sp003132645	2	1	1	100.0	5.0
Bog-752 sp003164655	2	1	1	0.0	0.0
Bog-756 sp003133325	4	6	6	83.33333333333333	6.5
Bog-756 sp003138855	14	91	91	62.637362637362635	2.0
Bog-756 sp003153575	2	1	1	0.0	0.0
Bog-756 sp903849265	2	1	1	100.0	3.0
Bog-756 sp903873395	3	3	3	66.66666666666667	2.0
Bog-756 sp903894295	5	10	10	0.0	0.0
Bog-756 sp903906055	8	28	28	71.42857142857143	2.5
Bog-793 sp003159795	3	3	3	33.333333333333336	1.0
Bog-877 sp003132265	5	10	10	40.0	1.0
Bog-950 sp003165895	3	3	3	100.0	30.0
Bog-950 sp016715625	2	1	1	100.0	9.0
Bog-950 sp903861145	5	10	10	30.0	0.0
Bog-950 sp903889265	2	1	1	100.0	4.0
Bog-950 sp903919075	2	1	1	0.0	0.0
Bombella apis	11	55	55	32.72727272727273	0.0
Bombella sp009725755	2	1	1	0.0	0.0
Bombilactobacillus bombi	3	3	3	66.66666666666667	2.0
Bombilactobacillus mellifer	0	0	0	0	
Bombilactobacillus mellis	4	6	6	16.666666666666668	1.0
Bordetella avium	26	325	325	74.46153846153847	3.0
Bordetella hinzii	26	325	325	43.69230769230769	0.0
Bordetella holmesii	92	4186	4186	31.653129479216435	0.0
Bordetella pertussis	975	474825	474825	88.58969093876692	6.0
Bordetella pseudohinzii	7	21	21	42.857142857142854	1.0
Bordetella sp002261335	2	1	1	0.0	1.0
Bordetella sp002261475	2	1	1	0.0	1.0
Bordetella trematum	14	91	91	37.362637362637365	0.0
Bordetella_A sp002261185	2	1	1	100.0	3.0
Bordetella_A sp002261265	3	3	3	33.333333333333336	0.0
Bordetella_A sp002261345	2	1	1	100.0	3.0
Bordetella_A sp009763255	2	1	1	100.0	3.0
Bordetella_C bronchialis	2	1	1	100.0	3.0
Bordetella_C sp002119725	2	1	1	0.0	0.0
Bordetella_C sp002209485	2	1	1	0.0	0.0
Borkfalkia avicola	7	21	21	42.857142857142854	1.0
Borkfalkia avistercoris	2	1	1	0.0	0.0
Borkfalkia ceftriaxoniphila	4	6	6	50.0	1.5
Borkfalkia excrementavium	2	1	1	0.0	0.0
Borkfalkia excrementigallinarum	3	3	3	100.0	5.0
Borkfalkia excrementipullorum	2	1	1	0.0	0.0
Borkfalkia faecigallinarum	2	1	1	0.0	1.0
Borkfalkia faecipullorum	3	3	3	66.66666666666667	2.0
Borkfalkia sp003343765	2	1	1	0.0	1.0
Borkfalkia sp900557285	2	1	1	0.0	0.0
Borkfalkia stercoripullorum	2	1	1	0.0	1.0
Borrarchaeum weybense	2	1	1	100.0	4.0
Borrelia anserina	2	1	1	0.0	0.0
Borrelia coriaceae	2	1	1	0.0	1.0
Borrelia hermsii	7	21	21	14.285714285714286	1.0
Borrelia miyamotoi	9	36	36	0.0	0.0
Borrelia recurrentis	6	15	15	26.666666666666668	0.5
Borrelia turicatae	4	6	6	0.0	0.0
Borreliella afzelii	9	36	36	2.7777777777777777	0.0
Borreliella burgdorferi	100	4950	4950	13.656565656565656	0.0
Borreliella garinii	109	5886	5886	28.38939857288481	1.0
Borreliella mayonii	2	1	1	0.0	0.0
Borreliella spielmanii	2	1	1	0.0	0.0
Borreliella turdi	3	3	3	33.333333333333336	1.0
Borreliella valaisiana	14	91	91	50.54945054945055	2.0
Bosea caraganae	2	1	1	0.0	0.0
Bosea lupini	2	1	1	100.0	7.0
Bosea robiniae	4	6	6	100.0	11.0
Bosea sp001509835	0	0	0	0	
Bosea sp001556125	7	21	21	80.95238095238095	4.0
Bosea sp001713455	3	3	3	66.66666666666667	2.0
Bosea sp001898115	3	3	3	66.66666666666667	3.0
Bosea sp002279705	2	1	1	100.0	4.0
Bosea sp003952665	3	3	3	0.0	0.0
Bosea sp013823325	2	1	1	100.0	4.0
Bosea sp017308075	2	1	1	100.0	14.0
Bosea sp900156025	2	1	1	0.0	1.0
Bosea sp900466745	7	21	21	71.42857142857143	3.0
Bosea sp902506165	8	28	28	0.0	0.0
Bosea thiooxidans	2	1	1	100.0	15.0
Bosea vestrisii	4	6	6	100.0	8.0
Boseongicola sp013042105	2	1	1	0.0	0.0
Boseongicola sp013042895	2	1	1	0.0	0.0
Boseongicola sp014075275	2	1	1	0.0	0.0
Botrimarina mediterranea	2	1	1	100.0	6.0
Boudabousia liubingyangii	2	1	1	100.0	3.0
Bowmanella sp018531185	2	1	1	100.0	4.0
Brachybacterium alimentarium	9	36	36	88.88888888888889	3.0
Brachybacterium intestinipullorum	2	1	1	100.0	2.0
Brachybacterium muris	3	3	3	100.0	6.0
Brachybacterium paraconglomeratum	6	15	15	66.66666666666667	4.0
Brachybacterium saurashtrense	2	1	1	0.0	
Brachybacterium tyrofermentans	2	1	1	100.0	7.0
Brachymonas sp017993135	7	21	21	0.0	0.0
Brachyspira aalborgi	21	210	210	82.85714285714286	57.5
Brachyspira hampsonii	3	3	3	0.0	0.0
Brachyspira hampsonii_C	3	3	3	100.0	19.0
Brachyspira hyodysenteriae	58	1653	1653	75.74107683000605	5.0
Brachyspira murdochii	3	3	3	100.0	9.0
Brachyspira pilosicoli	19	171	171	88.88888888888889	6.0
Bradymonas sediminis	0	0	0	0	
Bradyrhizobium arachidis	5	10	10	60.0	13.5
Bradyrhizobium cajani	3	3	3	100.0	21.0
Bradyrhizobium campsiandrae	2	1	1	100.0	3.0
Bradyrhizobium canariense	16	120	120	75.83333333333333	12.0
Bradyrhizobium canariense_A	0	0	0	0	
Bradyrhizobium cosmicum	2	1	1	100.0	6.0
Bradyrhizobium denitrificans	4	6	6	50.0	1.5
Bradyrhizobium diazoefficiens	21	210	210	92.85714285714286	11.0
Bradyrhizobium diazoefficiens_A	0	0	0	0	
Bradyrhizobium diazoefficiens_B	0	0	0	0	
Bradyrhizobium diversitatis	3	3	3	66.66666666666667	19.0
Bradyrhizobium elkanii	18	153	153	99.34640522875817	19.0
Bradyrhizobium elkanii_A	3	3	3	100.0	15.0
Bradyrhizobium erythrophlei_E	5	10	10	100.0	9.0
Bradyrhizobium frederickii	3	3	3	100.0	24.0
Bradyrhizobium guangdongense	3	3	3	66.66666666666667	2.0
Bradyrhizobium guangzhouense	3	3	3	66.66666666666667	2.0
Bradyrhizobium huanghuaihaiense	2	1	1	0.0	
Bradyrhizobium ivorense	3	3	3	100.0	43.0
Bradyrhizobium japonicum	18	153	153	94.77124183006536	14.0
Bradyrhizobium japonicum_C	3	3	3	66.66666666666667	6.0
Bradyrhizobium japonicum_D	0	0	0	0	
Bradyrhizobium jicamae_A	2	1	1	100.0	28.0
Bradyrhizobium manausense_A	3	3	3	100.0	11.0
Bradyrhizobium nanningense	3	3	3	100.0	40.0
Bradyrhizobium neotropicale	2	1	1	100.0	16.0
Bradyrhizobium niftali	3	3	3	100.0	17.0
Bradyrhizobium nitroreducens	2	1	1	100.0	79.0
Bradyrhizobium ottawaense	13	78	78	100.0	10.0
Bradyrhizobium ottawaense_A	3	3	3	66.66666666666667	4.0
Bradyrhizobium pachyrhizi	8	28	28	96.42857142857143	16.0
Bradyrhizobium quebecense	0	0	0	0	
Bradyrhizobium sacchari	3	3	3	0.0	0.0
Bradyrhizobium septentrionale	2	1	1	100.0	17.0
Bradyrhizobium shewense	2	1	1	100.0	15.0
Bradyrhizobium sp000244915	2	1	1	100.0	12.0
Bradyrhizobium sp000296215	2	1	1	100.0	14.0
Bradyrhizobium sp000515415	2	1	1	100.0	3.0
Bradyrhizobium sp000938255	2	1	1	100.0	9.0
Bradyrhizobium sp000938305	2	1	1	100.0	8.0
Bradyrhizobium sp002831585	5	10	10	90.0	2.0
Bradyrhizobium sp003020075	6	15	15	66.66666666666667	10.5
Bradyrhizobium sp004212635	2	1	1	100.0	48.0
Bradyrhizobium sp005885285	2	1	1	100.0	10.0
Bradyrhizobium sp005937885	2	1	1	0.0	0.0
Bradyrhizobium sp011516635	6	15	15	100.0	23.0
Bradyrhizobium sp011602485	3	3	3	100.0	16.0
Bradyrhizobium sp013178945	3	3	3	33.333333333333336	0.0
Bradyrhizobium sp013240495	2	1	1	100.0	13.0
Bradyrhizobium sp015291745	0	0	0	0	
Bradyrhizobium sp018130065	5	10	10	100.0	29.0
Bradyrhizobium sp018130145	6	15	15	100.0	32.0
Bradyrhizobium sp018130165	0	0	0	0	
Bradyrhizobium sp018736105	3	3	3	100.0	8.0
Bradyrhizobium sp019244115	2	1	1	100.0	10.0
Bradyrhizobium sp900114915	8	28	28	75.0	12.0
Bradyrhizobium sp900176205	2	1	1	0.0	0.0
Bradyrhizobium stylosanthis	3	3	3	100.0	11.0
Bradyrhizobium symbiodeficiens	0	0	0	0	
Bradyrhizobium valentinum	2	1	1	100.0	18.0
Bradyrhizobium vignae	3	3	3	66.66666666666667	8.0
Bradyrhizobium viridifuturi	2	1	1	100.0	4.0
Bradyrhizobium yuanmingense	9	36	36	97.22222222222223	10.5
Bradyrhizobium zhanjiangense	4	6	6	100.0	9.0
Branchiibius hedensis	2	1	1	0.0	0.0
Brasilonema octagenarum	3	3	3	66.66666666666667	75.0
Bremerella marina_A	2	1	1	0.0	0.0
Bremerella marina_B	2	1	1	0.0	0.0
Brenneria goodwinii	4	6	6	100.0	6.5
Brenneria nigrifluens	4	6	6	0.0	
Brenneria roseae	2	1	1	100.0	6.0
Brenneria salicis	3	3	3	33.333333333333336	0.0
Brenneria sp013155275	2	1	1	100.0	2.0
Brevefilum fermentans	3	3	3	0.0	0.0
Brevefilum sp001508595	2	1	1	0.0	0.0
Brevefilum sp002403205	2	1	1	0.0	0.0
Brevefilum sp002436005	2	1	1	0.0	0.0
Brevefilum sp003563055	2	1	1	0.0	0.0
Brevefilum sp016841525	2	1	1	0.0	1.0
Brevibacillus agri	7	21	21	71.42857142857143	3.0
Brevibacillus borstelensis	8	28	28	78.57142857142857	3.0
Brevibacillus brevis	5	10	10	40.0	0.0
Brevibacillus brevis_C	3	3	3	100.0	5.0
Brevibacillus brevis_D	10	45	45	88.88888888888889	5.0
Brevibacillus centrosporus	4	6	6	50.0	1.5
Brevibacillus formosus	6	15	15	73.33333333333333	4.0
Brevibacillus parabrevis	6	15	15	60.0	2.0
Brevibacillus porteri	5	10	10	70.0	4.0
Brevibacillus reuszeri	2	1	1	0.0	0.0
Brevibacillus reuszeri_A	2	1	1	100.0	6.0
Brevibacillus sp000282075	0	0	0	0	
Brevibacillus sp003388715	3	3	3	66.66666666666667	4.0
Brevibacillus sp018228725	2	1	1	0.0	0.0
Brevibacillus thermoruber	3	3	3	66.66666666666667	4.0
Brevibacillus_B halotolerans	14	91	91	93.4065934065934	6.0
Brevibacillus_B laterosporus	16	120	120	82.5	9.0
Brevibacillus_B laterosporus_D	0	0	0	0	
Brevibacillus_C massiliensis	2	1	1	0.0	0.0
Brevibacterium antiquum_A	3	3	3	100.0	5.0
Brevibacterium aurantiacum	28	378	378	97.88359788359789	8.0
Brevibacterium casei	17	136	136	63.970588235294116	2.0
Brevibacterium celere_A	2	1	1	0.0	0.0
Brevibacterium epidermidis	4	6	6	83.33333333333333	19.0
Brevibacterium intestinavium	2	1	1	0.0	1.0
Brevibacterium iodinum	2	1	1	100.0	2.0
Brevibacterium jeotgali	2	1	1	0.0	0.0
Brevibacterium linens	5	10	10	50.0	1.5
Brevibacterium luteolum	7	21	21	85.71428571428571	4.0
Brevibacterium luteolum_A	2	1	1	0.0	0.0
Brevibacterium oceani	2	1	1	0.0	1.0
Brevibacterium ravenspurgense	8	28	28	32.142857142857146	3.5
Brevibacterium renqingii	2	1	1	100.0	7.0
Brevibacterium sediminis	4	6	6	66.66666666666667	3.0
Brevibacterium senegalense	0	0	0	0	
Brevibacterium sp001815905	3	3	3	0.0	
Brevibacterium sp006489205	2	1	1	0.0	0.0
Brevibacterium sp011617705	2	1	1	100.0	5.0
Brevibacterium sp018137945	2	1	1	0.0	0.0
Brevibacterium sp900169365	3	3	3	100.0	7.0
Brevibacterium yomogidense_A	2	1	1	100.0	3.0
Brevilactibacter sp014164685	3	3	3	66.66666666666667	12.0
Brevirhabdus pacifica	4	6	6	33.333333333333336	0.0
Brevundimonas abyssalis	3	3	3	100.0	4.0
Brevundimonas aurantiaca	12	66	66	81.81818181818181	3.0
Brevundimonas bullata	3	3	3	100.0	10.0
Brevundimonas bullata_A	2	1	1	0.0	0.0
Brevundimonas diminuta	19	171	171	91.2280701754386	5.0
Brevundimonas diminuta_B	10	45	45	88.88888888888889	9.0
Brevundimonas halotolerans	7	21	21	71.42857142857143	2.0
Brevundimonas mediterranea_A	17	136	136	52.205882352941174	2.5
Brevundimonas naejangsanensis	2	1	1	100.0	4.0
Brevundimonas naejangsanensis_A	5	10	10	100.0	6.5
Brevundimonas nasdae_A	2	1	1	100.0	29.0
Brevundimonas sp002343425	2	1	1	100.0	6.0
Brevundimonas sp002386585	2	1	1	100.0	12.0
Brevundimonas sp002426005	2	1	1	100.0	5.0
Brevundimonas sp002430835	2	1	1	100.0	10.0
Brevundimonas sp002434505	2	1	1	100.0	4.0
Brevundimonas sp002484265	3	3	3	100.0	8.0
Brevundimonas sp002979535	4	6	6	0.0	0.0
Brevundimonas sp003241825	2	1	1	100.0	2.0
Brevundimonas sp003248965	2	1	1	100.0	4.0
Brevundimonas sp003938605	3	3	3	100.0	5.0
Brevundimonas sp004296955	6	15	15	40.0	1.0
Brevundimonas sp004683885	2	1	1	0.0	0.0
Brevundimonas sp005484585	2	1	1	100.0	5.0
Brevundimonas sp018820205	2	1	1	0.0	0.0
Brevundimonas sp018820275	5	10	10	0.0	0.0
Brevundimonas sp018820665	2	1	1	0.0	0.0
Brevundimonas sp018826515	6	15	15	0.0	0.0
Brevundimonas subvibrioides_C	2	1	1	0.0	1.0
Brevundimonas vesicularis	10	45	45	100.0	24.0
Brevundimonas vesicularis_A	2	1	1	100.0	16.0
Breznakibacter xylanolyticus	2	1	1	100.0	3.0
Brocadia fulgida	4	6	6	50.0	1.5
Brocadia sapporoensis	8	28	28	78.57142857142857	4.5
Brocadia sinica	10	45	45	48.888888888888886	1.0
Brochothrix thermosphacta	26	325	325	56.30769230769231	2.0
Brockia lithotrophica_A	3	3	3	66.66666666666667	17.0
Brucella melitensis	871	378885	378885	55.018013381369016	3.0
Bruticola papionis	6	15	15	20.0	1.0
Bruticola sp004554425	2	1	1	0.0	1.0
Bruticola sp900313515	2	1	1	0.0	0.0
Buchananella hordeovulneris	3	3	3	33.333333333333336	1.0
Buchnera aphidicola_AZ	2	1	1	0.0	0.0
Buchnera aphidicola_C	5	10	10	0.0	0.0
Buchnera aphidicola_I	8	28	28	0.0	0.0
Buchnera aphidicola_J	2	1	1	0.0	0.0
Buchnera aphidicola_O	2	1	1	0.0	0.0
Buchnera aphidicola_R	2	1	1	0.0	0.0
Buchnera aphidicola_U	2	1	1	0.0	0.0
Budvicia aquatica	3	3	3	100.0	6.0
Bulleidia extructa	2	1	1	0.0	0.0
Bulleidia intestinalis	19	171	171	68.42105263157895	3.0
Bulleidia massiliensis	18	153	153	36.60130718954248	1.0
Bulleidia moorei	4	6	6	33.333333333333336	2.0
Bulleidia sp000701725	6	15	15	66.66666666666667	2.0
Bulleidia sp003446295	5	10	10	30.0	1.0
Bulleidia sp015058875	2	1	1	100.0	4.0
Bulleidia sp015256455	2	1	1	0.0	1.0
Bulleidia sp015256775	15	105	105	40.0	1.0
Bulleidia sp016812035	2	1	1	0.0	0.0
Bulleidia sp017404505	2	1	1	0.0	0.0
Bulleidia sp017420505	5	10	10	50.0	1.0
Bulleidia sp017420585	3	3	3	100.0	2.0
Bulleidia sp017433125	3	3	3	0.0	1.0
Bulleidia sp017536885	2	1	1	100.0	3.0
Bulleidia sp017543005	2	1	1	100.0	3.0
Bulleidia sp900314345	2	1	1	0.0	0.0
Bulleidia sp900314905	2	1	1	0.0	1.0
Bulleidia sp900315065	2	1	1	0.0	0.0
Bulleidia sp900315225	2	1	1	0.0	1.0
Bulleidia sp900319505	3	3	3	0.0	0.0
Bulleidia sp900320455	5	10	10	20.0	0.5
Bulleidia sp900539965	4	6	6	66.66666666666667	3.0
Bulleidia sp902775735	4	6	6	16.666666666666668	1.0
Bulleidia sp902778375	2	1	1	100.0	3.0
Bulleidia sp902795905	2	1	1	0.0	0.0
Bulleidia sp902796465	2	1	1	0.0	0.0
Bulleidia sp903789495	2	1	1	0.0	0.0
Bulleidia timonensis	11	55	55	58.18181818181818	2.0
Bullifex sp001604265	2	1	1	0.0	1.0
Burkholderia acidophila	2	1	1	100.0	4.0
Burkholderia aenigmatica	10	45	45	100.0	15.0
Burkholderia ambifaria	82	3321	3321	94.4896115627823	11.0
Burkholderia ambifaria_A	2	1	1	100.0	17.0
Burkholderia anthina	22	231	231	90.04329004329004	7.0
Burkholderia anthina_A	13	78	78	65.38461538461539	3.0
Burkholderia arboris	2	1	1	100.0	5.0
Burkholderia cenocepacia	280	39060	39060	93.95801331285202	6.0
Burkholderia cenocepacia_B	86	3655	3655	85.1983584131327	6.0
Burkholderia cepacia	181	16290	16290	94.30939226519337	12.0
Burkholderia cepacia_C	3	3	3	100.0	3.0
Burkholderia contaminans	85	3570	3570	86.05042016806723	11.0
Burkholderia diffusa	18	153	153	93.4640522875817	7.0
Burkholderia diffusa_B	12	66	66	60.60606060606061	3.0
Burkholderia dolosa	13	78	78	56.41025641025641	3.0
Burkholderia gladioli	263	34453	34453	97.94792906278118	17.0
Burkholderia glumae	18	153	153	95.42483660130719	12.0
Burkholderia humptydooensis	10	45	45	64.44444444444444	6.0
Burkholderia lata	11	55	55	96.36363636363636	8.0
Burkholderia lata_B	7	21	21	100.0	10.0
Burkholderia latens	4	6	6	83.33333333333333	6.0
Burkholderia latens_A	5	10	10	70.0	3.5
Burkholderia mallei	1682	1413721	1413721	88.11073755005408	12.0
Burkholderia metallica	6	15	15	100.0	11.0
Burkholderia multivorans	325	52650	52650	90.98195631528965	8.0
Burkholderia oklahomensis	15	105	105	80.0	8.0
Burkholderia paludis	4	6	6	66.66666666666667	4.0
Burkholderia plantarii	5	10	10	100.0	23.5
Burkholderia pseudomultivorans	12	66	66	75.75757575757575	4.5
Burkholderia puraquae	3	3	3	66.66666666666667	19.0
Burkholderia pyrrocinia	21	210	210	90.47619047619048	23.5
Burkholderia seminalis	12	66	66	92.42424242424242	7.0
Burkholderia singularis	4	6	6	83.33333333333333	6.0
Burkholderia sp000949135	15	105	105	88.57142857142857	6.0
Burkholderia sp001522585	18	153	153	84.9673202614379	8.0
Burkholderia sp001524625	11	55	55	87.27272727272727	7.0
Burkholderia sp002223185	53	1378	1378	92.3076923076923	6.0
Burkholderia sp003853415	2	1	1	100.0	8.0
Burkholderia sp003853645	2	1	1	100.0	11.0
Burkholderia sp003854275	2	1	1	100.0	31.0
Burkholderia sp902833045	2	1	1	100.0	21.0
Burkholderia sp902833145	2	1	1	100.0	7.0
Burkholderia stabilis	6	15	15	100.0	8.0
Burkholderia stagnalis	105	5460	5460	91.7948717948718	6.0
Burkholderia territorii	37	666	666	70.42042042042043	3.0
Burkholderia thailandensis	53	1378	1378	84.1799709724238	7.0
Burkholderia ubonensis	307	46971	46971	97.66877435013093	12.0
Burkholderia vietnamiensis	110	5995	5995	97.8648874061718	11.0
Buttiauxella agrestis	3	3	3	33.333333333333336	0.0
Buttiauxella agrestis_A	2	1	1	0.0	0.0
Buttiauxella ferragutiae	3	3	3	100.0	7.0
Buttiauxella gaviniae	2	1	1	100.0	6.0
Buttiauxella noackiae	2	1	1	100.0	7.0
Buttiauxella sp002321695	2	1	1	100.0	2.0
Butyribacter intestini	9	36	36	91.66666666666667	6.0
Butyribacter sp000436755	4	6	6	66.66666666666667	2.0
Butyribacter sp001916135	8	28	28	25.0	0.0
Butyribacter sp002361175	5	10	10	40.0	1.0
Butyribacter sp002493085	2	1	1	0.0	1.0
Butyribacter sp003149875	5	10	10	40.0	4.0
Butyribacter sp003524945	6	15	15	40.0	2.5
Butyribacter sp003529475	10	45	45	60.0	3.0
Butyribacter sp003611745	3	3	3	66.66666666666667	13.0
Butyribacter sp003612285	3	3	3	0.0	1.0
Butyribacter sp009774235	2	1	1	100.0	2.0
Butyribacter sp900759665	2	1	1	100.0	2.0
Butyribacter sp910575435	2	1	1	100.0	2.0
Butyricicoccus avicola	3	3	3	0.0	0.0
Butyricicoccus avistercoris	2	1	1	0.0	0.0
Butyricicoccus pullicaecorum	6	15	15	60.0	5.0
Butyricicoccus sp018383195	2	1	1	0.0	1.0
Butyricicoccus sp900547195	3	3	3	100.0	7.0
Butyricicoccus_A porcorum	2	1	1	100.0	2.0
Butyricicoccus_A sp002395695	6	15	15	26.666666666666668	0.0
Butyricicoccus_A sp002449635	8	28	28	0.0	0.0
Butyricicoccus_A sp004555915	2	1	1	0.0	0.0
Butyricimonas faecalis	6	15	15	60.0	4.0
Butyricimonas faecihominis	7	21	21	52.38095238095238	2.0
Butyricimonas paravirosa	10	45	45	88.88888888888889	5.0
Butyricimonas sp003479425	2	1	1	100.0	9.0
Butyricimonas sp900184685	4	6	6	83.33333333333333	4.5
Butyricimonas synergistica	2	1	1	0.0	
Butyricimonas virosa	17	136	136	71.32352941176471	3.0
Butyrivibrio fibrisolvens_C	12	66	66	68.18181818181819	4.0
Butyrivibrio hungatei	2	1	1	100.0	2.0
Butyrivibrio hungatei_A	3	3	3	100.0	4.0
Butyrivibrio hungatei_B	8	28	28	67.85714285714286	2.0
Butyrivibrio proteoclasticus	2	1	1	100.0	4.0
Butyrivibrio sp000421405	3	3	3	100.0	3.0
Butyrivibrio sp000423945	2	1	1	100.0	3.0
Butyrivibrio sp000424285	2	1	1	100.0	5.0
Butyrivibrio sp000424385	2	1	1	100.0	10.0
Butyrivibrio sp000424545	3	3	3	66.66666666666667	2.0
Butyrivibrio sp000702265	2	1	1	0.0	1.0
Butyrivibrio sp015056495	4	6	6	50.0	1.0
Butyrivibrio sp015056565	2	1	1	100.0	3.0
Butyrivibrio sp015056585	2	1	1	0.0	0.0
Butyrivibrio sp015056685	2	1	1	100.0	6.0
Butyrivibrio sp015258065	9	36	36	30.555555555555557	1.0
Butyrivibrio sp017535945	2	1	1	100.0	4.0
Butyrivibrio sp900102515	2	1	1	100.0	2.0
Butyrivibrio sp900103635	2	1	1	100.0	2.0
Butyrivibrio sp900104155	4	6	6	83.33333333333333	6.5
Butyrivibrio sp900116875	2	1	1	100.0	3.0
Butyrivibrio_A crossotus	11	55	55	16.363636363636363	0.0
Butyrivibrio_A sp000431815	3	3	3	66.66666666666667	2.0
Butyrivibrio_A sp016297265	2	1	1	0.0	0.0
Bythopirellula sp002713555	3	3	3	100.0	6.0
C-19 sp910576345	2	1	1	0.0	0.0
C-19 sp910576855	2	1	1	100.0	8.0
C-53 sp003612525	2	1	1	0.0	0.0
C00003106 sp001751015	2	1	1	100.0	4.0
C254 sp002797315	2	1	1	100.0	3.0
C7867-001 sp001004905	3	3	3	0.0	0.0
C7867-001 sp001189075	2	1	1	0.0	0.0
C7867-001 sp001189095	2	1	1	0.0	0.0
C7867-001 sp001783465	4	6	6	0.0	0.0
C7867-001 sp002429325	2	1	1	0.0	0.0
C7867-001 sp002793115	6	15	15	0.0	0.0
C7867-001 sp018062765	2	1	1	0.0	0.0
C7867-001 sp018823385	2	1	1	0.0	0.0
C7867-001 sp018826405	2	1	1	0.0	1.0
C7867-001 sp018826905	6	15	15	0.0	0.0
C7867-001 sp903994795	3	3	3	0.0	0.0
C7867-002 sp001821055	6	15	15	0.0	0.0
C7867-002 sp001822575	2	1	1	0.0	0.0
C7867-002 sp903839725	7	21	21	0.0	0.0
C7867-002 sp903842025	4	6	6	0.0	0.0
C7867-002 sp903846945	3	3	3	33.333333333333336	1.0
C7867-002 sp903868845	2	1	1	0.0	0.0
C7867-002 sp903870315	16	120	120	1.6666666666666667	0.0
C7867-002 sp903872035	10	45	45	20.0	0.0
C7867-002 sp903902315	2	1	1	0.0	0.0
C7867-002 sp903905325	2	1	1	0.0	0.0
C7867-005 sp001189165	2	1	1	0.0	0.0
C7867-006 sp000996025	4	6	6	0.0	0.0
C7867-006 sp001824295	12	66	66	15.151515151515152	0.0
C7867-006 sp001825395	3	3	3	0.0	0.0
CAADGA01 sp900696425	2	1	1	100.0	5.0
CAADGG01 sp900696485	2	1	1	0.0	0.0
CAADGM01 sp900696535	2	1	1	100.0	3.0
CAADGN01 sp900696545	3	3	3	0.0	0.0
CAADGU01 sp013112725	4	6	6	83.33333333333333	6.0
CAADGY01 sp900696665	2	1	1	0.0	0.0
CAADHD01 sp900696575	2	1	1	0.0	0.0
CAAEEV01 sp011038975	2	1	1	0.0	1.0
CAAEEV01 sp013185065	2	1	1	100.0	13.0
CAAEEV01 sp900754955	2	1	1	100.0	4.0
CABIZH01 sp902363205	4	6	6	50.0	1.5
CABJAA01 sp003150885	4	6	6	33.333333333333336	1.0
CABJBCQ01 sp903951595	3	3	3	33.333333333333336	1.0
CABMKH01 sp902386935	2	1	1	0.0	
CABYIR01 sp902584815	8	28	28	10.714285714285714	0.0
CABZJG01 sp002726375	3	3	3	0.0	0.0
CABZJG01 sp902512685	7	21	21	4.761904761904762	0.0
CACCCN01 sp016777745	2	1	1	0.0	0.0
CACCCN01 sp902544525	3	3	3	0.0	0.0
CACIAM-69d sp001698445	7	21	21	90.47619047619048	18.0
CACIIZ01 sp902578545	7	21	21	9.523809523809524	0.0
CACIIZ01 sp902611605	2	1	1	100.0	4.0
CACKLF01 sp002725175	4	6	6	0.0	0.0
CACKPV01 sp902602185	6	15	15	6.666666666666667	0.0
CACLCV01 sp016779485	3	3	3	0.0	0.0
CACLCV01 sp902521725	2	1	1	0.0	0.0
CACNXK01 sp902518715	7	21	21	19.047619047619047	1.0
CACNXK01 sp902541365	2	1	1	0.0	0.0
CACNXK01 sp902605165	2	1	1	0.0	0.0
CACNXK01 sp902622845	8	28	28	35.714285714285715	1.0
CACNXQ01 sp902624455	2	1	1	0.0	0.0
CACNYO01 sp902528485	2	1	1	0.0	0.0
CACNYO01 sp902570035	11	55	55	1.8181818181818181	0.0
CACNYO01 sp902589965	10	45	45	15.555555555555555	0.0
CACNYO01 sp902594855	11	55	55	0.0	0.0
CACNYO01 sp902596665	7	21	21	0.0	0.0
CACPJE01 sp902634045	2	1	1	0.0	0.0
CACXEY01 sp017527155	2	1	1	100.0	20.0
CACZQA01 sp902783175	3	3	3	33.333333333333336	1.0
CACZRG01 sp902783485	2	1	1	0.0	0.0
CACZYB01 sp017938435	3	3	3	0.0	0.0
CADAEX01 sp017446885	5	10	10	0.0	0.0
CADAEX01 sp017554185	5	10	10	30.0	0.5
CADAEX01 sp902787125	6	15	15	53.333333333333336	2.0
CADAUA01 sp900315375	2	1	1	0.0	0.0
CADAWZ01 sp902790465	3	3	3	66.66666666666667	3.0
CADAWZ01 sp902791745	2	1	1	0.0	0.0
CADBNZ01 sp905233775	2	1	1	0.0	0.0
CADBQJ01 sp017650365	2	1	1	0.0	0.0
CADDZI01 sp902812405	2	1	1	0.0	0.0
CADDZP01 sp019243595	2	1	1	0.0	0.0
CADEEL01 sp902826335	2	1	1	100.0	8.0
CADEFQ01 sp019187185	2	1	1	0.0	0.0
CADEGR01 sp902826935	4	6	6	100.0	5.0
CAFBRK01 sp903231505	2	1	1	0.0	1.0
CAG-1000 sp000434555	3	3	3	100.0	6.0
CAG-1000 sp000436975	3	3	3	66.66666666666667	2.0
CAG-1000 sp004552445	3	3	3	0.0	0.0
CAG-1000 sp900313815	2	1	1	0.0	0.0
CAG-1000 sp900556025	2	1	1	0.0	0.0
CAG-1024 sp000432015	5	10	10	40.0	0.5
CAG-1024 sp004554165	3	3	3	0.0	0.0
CAG-1024 sp017429985	2	1	1	100.0	2.0
CAG-103 sp000432375	10	45	45	44.44444444444444	1.0
CAG-103 sp004556965	6	15	15	53.333333333333336	2.0
CAG-103 sp900316745	3	3	3	66.66666666666667	2.0
CAG-103 sp900317855	11	55	55	58.18181818181818	3.0
CAG-103 sp900317905	2	1	1	0.0	0.0
CAG-103 sp900543625	12	66	66	71.21212121212122	3.0
CAG-103 sp900757655	7	21	21	57.142857142857146	3.0
CAG-1031 sp000431215	6	15	15	80.0	4.0
CAG-1031 sp014802445	2	1	1	100.0	2.0
CAG-1031 sp900752535	2	1	1	100.0	2.0
CAG-1138 sp000434675	6	15	15	53.333333333333336	2.0
CAG-115 sp000432175	3	3	3	100.0	15.0
CAG-115 sp002492075	3	3	3	66.66666666666667	3.0
CAG-115 sp003507295	5	10	10	90.0	3.5
CAG-115 sp003516865	3	3	3	66.66666666666667	6.0
CAG-115 sp003531585	9	36	36	47.22222222222222	2.0
CAG-115 sp004555635	2	1	1	100.0	4.0
CAG-115 sp900768125	2	1	1	100.0	8.0
CAG-1193 sp000436255	2	1	1	100.0	4.0
CAG-1193 sp017428495	3	3	3	0.0	0.0
CAG-1193 sp900550145	3	3	3	66.66666666666667	2.0
CAG-1252 sp002363545	5	10	10	20.0	0.0
CAG-1252 sp003445835	2	1	1	0.0	0.0
CAG-127 sp002431865	3	3	3	0.0	0.0
CAG-127 sp002493625	2	1	1	0.0	1.0
CAG-127 sp015057555	2	1	1	0.0	0.0
CAG-127 sp900319515	15	105	105	18.095238095238095	0.0
CAG-127 sp900321145	2	1	1	0.0	0.0
CAG-127 sp900539705	4	6	6	50.0	2.0
CAG-127 sp900553925	4	6	6	33.333333333333336	0.5
CAG-127 sp902788555	2	1	1	100.0	3.0
CAG-127 sp902800325	5	10	10	30.0	0.0
CAG-1427 sp000431675	3	3	3	66.66666666666667	4.0
CAG-1427 sp000434775	3	3	3	0.0	0.0
CAG-1427 sp000435475	4	6	6	33.333333333333336	0.5
CAG-1427 sp000435675	9	36	36	44.44444444444444	1.0
CAG-1427 sp000436075	7	21	21	52.38095238095238	2.0
CAG-1427 sp900538545	4	6	6	50.0	1.5
CAG-1427 sp900540345	2	1	1	0.0	0.0
CAG-1427 sp900542265	2	1	1	0.0	0.0
CAG-1427 sp900542525	2	1	1	0.0	0.0
CAG-1427 sp900544455	2	1	1	0.0	1.0
CAG-1427 sp900546175	2	1	1	0.0	0.0
CAG-1427 sp900547965	2	1	1	100.0	2.0
CAG-1427 sp900548955	2	1	1	0.0	0.0
CAG-1427 sp900551155	2	1	1	0.0	1.0
CAG-1427 sp900554685	2	1	1	0.0	1.0
CAG-1427 sp900555755	3	3	3	0.0	0.0
CAG-1427 sp900556585	3	3	3	0.0	0.0
CAG-1427 sp900753095	2	1	1	100.0	4.0
CAG-170 sp000432135	4	6	6	83.33333333333333	5.0
CAG-170 sp000436735	4	6	6	100.0	21.5
CAG-170 sp002404795	13	78	78	92.3076923076923	6.0
CAG-170 sp003516765	5	10	10	70.0	3.0
CAG-170 sp900545925	4	6	6	100.0	5.5
CAG-170 sp900548625	3	3	3	66.66666666666667	5.0
CAG-170 sp900549635	4	6	6	66.66666666666667	2.0
CAG-170 sp900553545	3	3	3	100.0	6.0
CAG-177 sp000431775	5	10	10	50.0	1.5
CAG-177 sp002451755	2	1	1	100.0	5.0
CAG-177 sp003514385	20	190	190	41.05263157894737	1.0
CAG-177 sp003538135	9	36	36	86.11111111111111	29.0
CAG-177 sp016280595	2	1	1	100.0	4.0
CAG-177 sp016285645	3	3	3	66.66666666666667	4.0
CAG-177 sp017403185	2	1	1	0.0	1.0
CAG-177 sp017409845	2	1	1	100.0	16.0
CAG-177 sp017430535	5	10	10	60.0	2.0
CAG-177 sp017517665	2	1	1	0.0	1.0
CAG-177 sp900319455	5	10	10	30.0	0.0
CAG-177 sp900771185	2	1	1	0.0	1.0
CAG-177 sp902796295	3	3	3	0.0	0.0
CAG-177 sp905235625	2	1	1	100.0	5.0
CAG-1782 sp002349735	2	1	1	100.0	2.0
CAG-194 sp000432915	7	21	21	80.95238095238095	3.0
CAG-194 sp002441865	2	1	1	0.0	0.0
CAG-196 sp002102975	20	190	190	72.63157894736842	3.0
CAG-196 sp900321205	4	6	6	50.0	1.5
CAG-196 sp900549855	2	1	1	0.0	1.0
CAG-196 sp900553895	2	1	1	0.0	0.0
CAG-217 sp000436335	21	210	210	38.57142857142857	1.0
CAG-217 sp900547275	2	1	1	0.0	0.0
CAG-238 sp000435615	3	3	3	100.0	5.0
CAG-238 sp002439735	2	1	1	0.0	1.0
CAG-238 sp017436705	2	1	1	0.0	0.0
CAG-238 sp900542245	3	3	3	66.66666666666667	2.0
CAG-238 sp900551415	3	3	3	100.0	5.0
CAG-238 sp900754805	2	1	1	0.0	1.0
CAG-245 sp000434195	3	3	3	66.66666666666667	2.0
CAG-245 sp000435175	7	21	21	90.47619047619048	5.0
CAG-245 sp900552135	3	3	3	33.333333333333336	1.0
CAG-245 sp900758165	2	1	1	0.0	0.0
CAG-245 sp900761475	2	1	1	0.0	1.0
CAG-266 sp000436095	5	10	10	60.0	5.0
CAG-266 sp900554395	2	1	1	0.0	0.0
CAG-267 sp001917135	6	15	15	40.0	2.5
CAG-267 sp904501925	2	1	1	0.0	0.0
CAG-269 sp000431335	6	15	15	40.0	1.0
CAG-269 sp000435535	2	1	1	100.0	2.0
CAG-269 sp000437215	3	3	3	100.0	4.0
CAG-269 sp000438255	3	3	3	66.66666666666667	3.0
CAG-269 sp001916005	3	3	3	66.66666666666667	2.0
CAG-269 sp001916035	3	3	3	66.66666666666667	2.0
CAG-269 sp001916055	4	6	6	0.0	0.0
CAG-269 sp001916065	5	10	10	30.0	1.5
CAG-269 sp003525075	5	10	10	20.0	0.5
CAG-269 sp900551615	2	1	1	0.0	1.0
CAG-269 sp900552555	2	1	1	0.0	0.0
CAG-269 sp900553125	2	1	1	0.0	0.0
CAG-269 sp900553985	5	10	10	50.0	1.5
CAG-269 sp900554175	3	3	3	0.0	0.0
CAG-269 sp900554365	2	1	1	0.0	0.0
CAG-269 sp900554565	3	3	3	0.0	1.0
CAG-269 sp900555615	3	3	3	0.0	1.0
CAG-269 sp900556345	2	1	1	0.0	0.0
CAG-269 sp900556945	3	3	3	0.0	0.0
CAG-269 sp900753165	2	1	1	0.0	0.0
CAG-269 sp900754285	2	1	1	0.0	1.0
CAG-269 sp905213875	3	3	3	0.0	0.0
CAG-272 sp000433515	5	10	10	60.0	2.5
CAG-272 sp017552165	2	1	1	0.0	0.0
CAG-272 sp017621655	2	1	1	100.0	3.0
CAG-273 sp000435755	3	3	3	33.333333333333336	1.0
CAG-273 sp000437855	3	3	3	100.0	2.0
CAG-273 sp000438355	3	3	3	0.0	0.0
CAG-273 sp003507395	5	10	10	0.0	0.0
CAG-273 sp003534295	5	10	10	40.0	1.0
CAG-273 sp900752095	2	1	1	0.0	0.0
CAG-273 sp900752335	2	1	1	100.0	5.0
CAG-273 sp902406115	3	3	3	33.333333333333336	1.0
CAG-274 sp000432155	4	6	6	33.333333333333336	1.0
CAG-274 sp900545305	5	10	10	20.0	0.0
CAG-288 sp000437395	6	15	15	13.333333333333334	0.0
CAG-302 sp000431795	5	10	10	50.0	1.5
CAG-302 sp001916775	8	28	28	25.0	1.0
CAG-302 sp002375205	3	3	3	0.0	0.0
CAG-302 sp900543825	3	3	3	0.0	1.0
CAG-302 sp900548425	3	3	3	33.333333333333336	1.0
CAG-302 sp900549325	3	3	3	66.66666666666667	2.0
CAG-302 sp900554615	3	3	3	33.333333333333336	1.0
CAG-303 sp000437755	3	3	3	66.66666666666667	2.0
CAG-303 sp900539455	3	3	3	0.0	0.0
CAG-307 sp001916215	5	10	10	20.0	0.5
CAG-307 sp900547045	4	6	6	0.0	0.0
CAG-313 sp000433035	6	15	15	33.333333333333336	1.0
CAG-313 sp003539625	5	10	10	10.0	0.0
CAG-313 sp900539265	4	6	6	50.0	1.0
CAG-314 sp000437915	7	21	21	71.42857142857143	2.0
CAG-314 sp900551395	3	3	3	66.66666666666667	2.0
CAG-317 sp000433215	8	28	28	42.857142857142854	3.0
CAG-317 sp000433535	3	3	3	0.0	0.0
CAG-317 sp011960265	2	1	1	100.0	3.0
CAG-317 sp900543415	4	6	6	16.666666666666668	0.0
CAG-345 sp000433315	3	3	3	66.66666666666667	2.0
CAG-349 sp001940895	4	6	6	0.0	0.0
CAG-349 sp003539515	17	136	136	22.058823529411764	0.0
CAG-353 sp002395525	5	10	10	50.0	1.5
CAG-353 sp900066885	6	15	15	60.0	4.0
CAG-353 sp900768995	2	1	1	100.0	31.0
CAG-390 sp000437015	3	3	3	0.0	0.0
CAG-390 sp003523225	3	3	3	66.66666666666667	3.0
CAG-390 sp017415485	3	3	3	100.0	6.0
CAG-390 sp900321265	5	10	10	10.0	0.0
CAG-390 sp900753295	2	1	1	100.0	5.0
CAG-390 sp902783905	2	1	1	100.0	2.0
CAG-390 sp902803255	3	3	3	0.0	0.0
CAG-41 sp010206265	2	1	1	100.0	10.0
CAG-41 sp900066215	16	120	120	55.833333333333336	2.0
CAG-411 sp000437275	3	3	3	66.66666666666667	2.0
CAG-411 sp902795895	3	3	3	100.0	5.0
CAG-417 sp000432835	4	6	6	33.333333333333336	1.0
CAG-433 sp000433675	5	10	10	70.0	3.0
CAG-433 sp900320735	2	1	1	0.0	0.0
CAG-433 sp900546245	4	6	6	16.666666666666668	0.5
CAG-448 sp000433415	2	1	1	100.0	2.0
CAG-448 sp003150135	5	10	10	60.0	2.0
CAG-448 sp017382615	2	1	1	100.0	2.0
CAG-448 sp017411745	2	1	1	100.0	3.0
CAG-448 sp017483125	2	1	1	100.0	6.0
CAG-448 sp017503325	2	1	1	100.0	3.0
CAG-448 sp017621695	2	1	1	100.0	4.0
CAG-448 sp904501865	2	1	1	0.0	0.0
CAG-448 sp904502015	2	1	1	0.0	0.0
CAG-449 sp000432895	2	1	1	100.0	2.0
CAG-449 sp900551385	3	3	3	0.0	0.0
CAG-45 sp000438375	6	15	15	6.666666666666667	0.0
CAG-452 sp000434035	3	3	3	0.0	0.0
CAG-452 sp900770415	2	1	1	0.0	1.0
CAG-465 sp000433135	3	3	3	0.0	0.0
CAG-465 sp000433755	4	6	6	50.0	2.0
CAG-475 sp000434435	5	10	10	90.0	4.5
CAG-475 sp002449145	8	28	28	75.0	2.0
CAG-475 sp900322215	2	1	1	0.0	0.0
CAG-475 sp900547975	3	3	3	33.333333333333336	1.0
CAG-475 sp900548005	3	3	3	66.66666666666667	7.0
CAG-475 sp900549225	2	1	1	100.0	5.0
CAG-475 sp900550855	2	1	1	0.0	0.0
CAG-475 sp900550915	3	3	3	100.0	11.0
CAG-475 sp900551145	2	1	1	100.0	7.0
CAG-485 sp000437495	4	6	6	66.66666666666667	4.5
CAG-485 sp001701075	2	1	1	100.0	4.0
CAG-485 sp001701105	3	3	3	66.66666666666667	3.0
CAG-485 sp001701295	5	10	10	70.0	3.5
CAG-485 sp002361155	7	21	21	0.0	0.0
CAG-485 sp002361215	9	36	36	33.333333333333336	1.0
CAG-485 sp002361235	10	45	45	6.666666666666667	0.0
CAG-485 sp002362485	18	153	153	78.43137254901961	3.0
CAG-485 sp002404675	3	3	3	66.66666666666667	2.0
CAG-485 sp002491165	9	36	36	33.333333333333336	0.0
CAG-485 sp002491945	9	36	36	5.555555555555555	0.0
CAG-485 sp002493045	14	91	91	45.05494505494506	1.0
CAG-485 sp002493515	2	1	1	0.0	0.0
CAG-485 sp003979075	3	3	3	33.333333333333336	1.0
CAG-485 sp004553095	3	3	3	33.333333333333336	1.0
CAG-485 sp009775355	2	1	1	0.0	0.0
CAG-485 sp009775365	2	1	1	0.0	1.0
CAG-485 sp009775375	2	1	1	0.0	0.0
CAG-485 sp014800535	2	1	1	0.0	0.0
CAG-485 sp014800685	4	6	6	33.333333333333336	0.5
CAG-485 sp014800785	2	1	1	100.0	6.0
CAG-485 sp014801535	3	3	3	100.0	2.0
CAG-485 sp014801585	2	1	1	100.0	2.0
CAG-485 sp014801595	2	1	1	0.0	0.0
CAG-485 sp014802175	3	3	3	66.66666666666667	3.0
CAG-485 sp014802335	6	15	15	60.0	2.0
CAG-485 sp014803765	2	1	1	100.0	2.0
CAG-485 sp017547845	6	15	15	46.666666666666664	1.0
CAG-485 sp900321585	4	6	6	0.0	0.0
CAG-485 sp900541835	3	3	3	33.333333333333336	1.0
CAG-485 sp900547755	3	3	3	0.0	0.0
CAG-485 sp900549375	2	1	1	100.0	2.0
CAG-485 sp900552315	2	1	1	0.0	0.0
CAG-485 sp900554345	2	1	1	100.0	2.0
CAG-485 sp900554845	2	1	1	100.0	6.0
CAG-485 sp900556595	2	1	1	100.0	2.0
CAG-485 sp900760735	3	3	3	0.0	0.0
CAG-485 sp900760815	2	1	1	0.0	1.0
CAG-485 sp910588245	2	1	1	100.0	6.0
CAG-488 sp000434055	5	10	10	60.0	2.0
CAG-488 sp000434915	3	3	3	100.0	7.0
CAG-488 sp002449395	5	10	10	100.0	8.0
CAG-488 sp017415025	3	3	3	100.0	16.0
CAG-488 sp900539465	3	3	3	66.66666666666667	3.0
CAG-488 sp900554995	3	3	3	0.0	0.0
CAG-492 sp000434015	3	3	3	0.0	0.0
CAG-492 sp000434335	4	6	6	83.33333333333333	11.0
CAG-492 sp900553225	3	3	3	66.66666666666667	3.0
CAG-492 sp900557045	2	1	1	0.0	0.0
CAG-510 sp000434615	6	15	15	86.66666666666667	3.0
CAG-510 sp002432425	7	21	21	76.19047619047619	5.0
CAG-510 sp003979355	3	3	3	100.0	5.0
CAG-510 sp014804445	3	3	3	100.0	4.0
CAG-510 sp017482205	2	1	1	100.0	2.0
CAG-510 sp900550475	2	1	1	0.0	0.0
CAG-533 sp000434495	8	28	28	17.857142857142858	1.0
CAG-533 sp004563275	2	1	1	0.0	0.0
CAG-533 sp900551105	2	1	1	0.0	0.0
CAG-533 sp900553855	3	3	3	0.0	0.0
CAG-552 sp000435495	3	3	3	33.333333333333336	1.0
CAG-557 sp000435275	3	3	3	0.0	1.0
CAG-56 sp002361955	5	10	10	0.0	1.0
CAG-56 sp004793585	12	66	66	81.81818181818181	4.0
CAG-56 sp900539525	2	1	1	100.0	2.0
CAG-56 sp900752065	2	1	1	0.0	0.0
CAG-56 sp900762665	2	1	1	0.0	0.0
CAG-568 sp000434395	4	6	6	50.0	1.5
CAG-568 sp002399765	2	1	1	0.0	0.0
CAG-582 sp000435515	4	6	6	16.666666666666668	0.5
CAG-590 sp000431135	3	3	3	66.66666666666667	2.0
CAG-590 sp003530125	2	1	1	0.0	0.0
CAG-590 sp900313855	2	1	1	0.0	0.0
CAG-590 sp900544905	3	3	3	66.66666666666667	3.0
CAG-590 sp900548855	3	3	3	66.66666666666667	3.0
CAG-590 sp900552885	2	1	1	0.0	1.0
CAG-590 sp900769115	2	1	1	0.0	1.0
CAG-603 sp900066105	5	10	10	50.0	3.5
CAG-603 sp900110975	2	1	1	100.0	3.0
CAG-603 sp900314525	5	10	10	0.0	0.0
CAG-603 sp900314555	2	1	1	0.0	0.0
CAG-603 sp900315425	6	15	15	26.666666666666668	0.0
CAG-603 sp900321855	2	1	1	0.0	0.0
CAG-603 sp902773095	2	1	1	0.0	0.0
CAG-605 sp000433255	4	6	6	50.0	1.5
CAG-605 sp000433475	3	3	3	33.333333333333336	0.0
CAG-605 sp900545005	3	3	3	66.66666666666667	3.0
CAG-611 sp000434175	3	3	3	66.66666666666667	6.0
CAG-611 sp900552235	2	1	1	100.0	7.0
CAG-628 sp000438415	4	6	6	50.0	1.0
CAG-628 sp003524085	5	10	10	10.0	1.0
CAG-628 sp900553835	2	1	1	0.0	0.0
CAG-632 sp000431515	5	10	10	40.0	1.0
CAG-632 sp002406015	3	3	3	66.66666666666667	2.0
CAG-632 sp017623675	2	1	1	100.0	5.0
CAG-632 sp900539185	2	1	1	100.0	2.0
CAG-698 sp000431235	2	1	1	0.0	1.0
CAG-710 sp000432595	3	3	3	0.0	0.0
CAG-724 sp003524145	6	15	15	46.666666666666664	2.0
CAG-724 sp900551005	3	3	3	0.0	0.0
CAG-762 sp000432575	2	1	1	0.0	1.0
CAG-762 sp900551315	3	3	3	100.0	3.0
CAG-791 sp000431495	2	1	1	100.0	2.0
CAG-791 sp002362155	2	1	1	100.0	5.0
CAG-791 sp002394525	2	1	1	0.0	0.0
CAG-791 sp002449595	3	3	3	66.66666666666667	5.0
CAG-791 sp017449485	2	1	1	0.0	0.0
CAG-791 sp017513005	2	1	1	0.0	0.0
CAG-791 sp900101015	35	595	595	30.756302521008404	1.0
CAG-791 sp900313745	2	1	1	0.0	0.0
CAG-791 sp900315055	8	28	28	64.28571428571429	2.5
CAG-791 sp900316855	2	1	1	0.0	0.0
CAG-791 sp900317475	29	406	406	7.389162561576355	0.0
CAG-791 sp900317555	60	1770	1770	6.497175141242938	0.0
CAG-791 sp900318375	2	1	1	0.0	0.0
CAG-791 sp900318875	24	276	276	22.463768115942027	0.0
CAG-791 sp900319245	7	21	21	61.904761904761905	2.0
CAG-791 sp900320025	19	171	171	36.8421052631579	1.0
CAG-791 sp900320325	49	1176	1176	17.687074829931973	0.0
CAG-791 sp900320335	2	1	1	0.0	0.0
CAG-791 sp900321785	9	36	36	27.77777777777778	0.0
CAG-791 sp902780385	2	1	1	0.0	0.0
CAG-791 sp902781215	2	1	1	100.0	3.0
CAG-791 sp902781325	3	3	3	33.333333333333336	0.0
CAG-791 sp902783385	2	1	1	0.0	0.0
CAG-791 sp902785055	3	3	3	66.66666666666667	2.0
CAG-791 sp902789735	3	3	3	33.333333333333336	1.0
CAG-791 sp902794825	7	21	21	33.333333333333336	1.0
CAG-791 sp902801415	3	3	3	0.0	0.0
CAG-793 sp000433915	3	3	3	0.0	0.0
CAG-793 sp013333035	4	6	6	16.666666666666668	0.0
CAG-793 sp013333395	4	6	6	0.0	0.0
CAG-793 sp900557475	2	1	1	0.0	0.0
CAG-826 sp000437235	4	6	6	83.33333333333333	2.5
CAG-826 sp002477825	2	1	1	0.0	0.0
CAG-83 sp000431575	9	36	36	44.44444444444444	2.0
CAG-83 sp000435555	17	136	136	61.76470588235294	2.0
CAG-83 sp000435975	8	28	28	50.0	1.5
CAG-83 sp001916855	11	55	55	83.63636363636364	82.0
CAG-83 sp002392625	2	1	1	0.0	0.0
CAG-83 sp002438575	2	1	1	0.0	1.0
CAG-83 sp003487665	11	55	55	76.36363636363636	3.0
CAG-83 sp003539495	8	28	28	67.85714285714286	2.0
CAG-83 sp004555205	3	3	3	33.333333333333336	1.0
CAG-83 sp017412585	2	1	1	0.0	1.0
CAG-83 sp900313295	5	10	10	40.0	0.5
CAG-83 sp900317425	2	1	1	0.0	0.0
CAG-83 sp900545495	5	10	10	30.0	1.0
CAG-83 sp900545585	5	10	10	40.0	0.5
CAG-83 sp900547745	3	3	3	100.0	4.0
CAG-83 sp900548615	3	3	3	0.0	0.0
CAG-83 sp900549395	6	15	15	100.0	4.0
CAG-83 sp900550585	2	1	1	0.0	1.0
CAG-83 sp900550615	2	1	1	100.0	2.0
CAG-83 sp900551355	3	3	3	66.66666666666667	4.0
CAG-83 sp900551995	3	3	3	66.66666666666667	7.0
CAG-83 sp900552475	4	6	6	100.0	4.0
CAG-83 sp900552725	4	6	6	66.66666666666667	3.0
CAG-83 sp900554275	4	6	6	100.0	2.0
CAG-83 sp900555735	3	3	3	0.0	0.0
CAG-83 sp900556015	3	3	3	66.66666666666667	6.0
CAG-83 sp900757415	2	1	1	0.0	1.0
CAG-83 sp902388735	2	1	1	0.0	1.0
CAG-83 sp902765025	3	3	3	33.333333333333336	1.0
CAG-841 sp000437375	4	6	6	50.0	1.5
CAG-841 sp002479075	2	1	1	100.0	7.0
CAG-841 sp018383975	2	1	1	0.0	1.0
CAG-841 sp900544285	4	6	6	100.0	3.5
CAG-873 sp001689415	2	1	1	100.0	4.0
CAG-873 sp001689665	3	3	3	66.66666666666667	3.0
CAG-873 sp001701165	6	15	15	26.666666666666668	1.0
CAG-873 sp002478045	25	300	300	11.666666666666666	0.0
CAG-873 sp002490635	13	78	78	0.0	0.0
CAG-873 sp002491245	9	36	36	0.0	0.0
CAG-873 sp002493945	8	28	28	0.0	0.0
CAG-873 sp002633115	2	1	1	0.0	0.0
CAG-873 sp003979155	3	3	3	66.66666666666667	6.0
CAG-873 sp004552485	2	1	1	0.0	0.0
CAG-873 sp004552725	2	1	1	0.0	0.0
CAG-873 sp004553485	2	1	1	100.0	3.0
CAG-873 sp009775135	2	1	1	0.0	1.0
CAG-873 sp009775195	3	3	3	100.0	4.0
CAG-873 sp009775225	3	3	3	100.0	5.0
CAG-873 sp009775265	3	3	3	66.66666666666667	2.0
CAG-873 sp009775535	3	3	3	33.333333333333336	1.0
CAG-873 sp011959565	5	10	10	50.0	1.5
CAG-873 sp014800735	3	3	3	66.66666666666667	2.0
CAG-873 sp900540625	2	1	1	100.0	2.0
CAG-873 sp900548975	3	3	3	0.0	0.0
CAG-873 sp900550395	4	6	6	100.0	7.0
CAG-873 sp900554265	2	1	1	0.0	0.0
CAG-873 sp900554715	3	3	3	66.66666666666667	4.0
CAG-873 sp900555715	3	3	3	33.333333333333336	1.0
CAG-873 sp905202215	2	1	1	0.0	0.0
CAG-873 sp910577315	2	1	1	100.0	2.0
CAG-873 sp910578095	2	1	1	100.0	2.0
CAG-877 sp000433455	3	3	3	0.0	1.0
CAG-877 sp900753325	2	1	1	0.0	0.0
CAG-882 sp000435595	4	6	6	83.33333333333333	3.5
CAG-882 sp003486385	6	15	15	86.66666666666667	3.0
CAG-882 sp900545175	3	3	3	0.0	1.0
CAG-884 sp000433875	2	1	1	0.0	0.0
CAG-914 sp000437895	5	10	10	60.0	2.0
CAG-917 sp000437555	3	3	3	66.66666666666667	2.0
CAG-95 sp000403495	2	1	1	0.0	0.0
CAG-95 sp000436115	3	3	3	100.0	4.0
CAG-95 sp000438155	5	10	10	80.0	5.0
CAG-95 sp009774465	2	1	1	100.0	2.0
CAG-95 sp009911035	4	6	6	100.0	4.0
CAG-95 sp009917455	2	1	1	100.0	9.0
CAG-95 sp011959285	2	1	1	100.0	12.0
CAG-95 sp014803415	2	1	1	100.0	4.0
CAG-95 sp018384375	3	3	3	0.0	1.0
CAG-95 sp900066375	4	6	6	50.0	1.5
CAG-95 sp900553305	2	1	1	0.0	1.0
CAG-964 sp000435335	3	3	3	0.0	1.0
CAG-964 sp900316025	5	10	10	40.0	1.0
CAG-964 sp900316615	13	78	78	21.794871794871796	0.0
CAG-964 sp902772795	2	1	1	0.0	1.0
CAG-977 sp000434295	3	3	3	33.333333333333336	1.0
CAG-977 sp900553035	4	6	6	0.0	0.5
CAIFEU01 sp902783515	2	1	1	0.0	1.0
CAIJHQ01 sp903820505	2	1	1	0.0	0.0
CAIJKW01 sp903848795	8	28	28	0.0	0.0
CAIJKW01 sp903936565	7	21	21	0.0	0.0
CAIJKW01 sp903952785	2	1	1	0.0	0.0
CAIJKY01 sp903821365	2	1	1	0.0	0.0
CAIJLM01 sp903821495	3	3	3	100.0	4.0
CAIJMI01 sp903821745	5	10	10	0.0	0.0
CAIJMQ01 sp018812925	5	10	10	0.0	0.0
CAIJMU01 sp903821875	8	28	28	75.0	4.0
CAIJNA01 sp015663165	2	1	1	0.0	0.0
CAIJOT01 sp903822335	3	3	3	33.333333333333336	1.0
CAIJPD01 sp903822495	2	1	1	0.0	0.0
CAIJPN01 sp903822545	6	15	15	33.333333333333336	1.0
CAIJXJ01 sp903824575	2	1	1	100.0	2.0
CAIJXO01 sp903831305	4	6	6	0.0	0.0
CAIJXV01 sp903824675	3	3	3	100.0	5.0
CAIJYI01 sp903824855	9	36	36	5.555555555555555	0.0
CAIKAD01 sp903825315	5	10	10	0.0	0.0
CAIKAF01 sp903825395	7	21	21	23.80952380952381	1.0
CAIKAF01 sp903837495	2	1	1	100.0	10.0
CAIKAH01 sp903825355	2	1	1	0.0	0.0
CAIKAP01 sp903825435	3	3	3	0.0	0.0
CAIKAW01 sp903825575	7	21	21	19.047619047619047	0.0
CAIKBD01 sp903825565	2	1	1	100.0	6.0
CAIKBL01 sp903825645	3	3	3	33.333333333333336	1.0
CAIKBN01 sp903825675	2	1	1	0.0	0.0
CAIKHN01 sp903827265	7	21	21	0.0	0.0
CAIKKG01 sp903827975	7	21	21	0.0	0.0
CAIKLP01 sp903838995	6	15	15	13.333333333333334	0.0
CAIKLP01 sp903951325	3	3	3	0.0	0.0
CAIKMD01 sp903822185	4	6	6	16.666666666666668	1.0
CAIKMD01 sp903828515	5	10	10	40.0	0.0
CAIKMS01 sp903828595	3	3	3	0.0	1.0
CAIKNB01 sp903828685	2	1	1	0.0	0.0
CAIKOA01 sp014727975	2	1	1	0.0	0.0
CAIKOA01 sp903828955	5	10	10	0.0	0.0
CAIKOD01 sp903819595	9	36	36	66.66666666666667	2.0
CAIKOH01 sp903829075	2	1	1	0.0	0.0
CAIKPM01 sp903829325	3	3	3	0.0	0.0
CAIKVZ01 sp903832285	4	6	6	50.0	3.5
CAIKVZ01 sp903838565	13	78	78	74.35897435897436	3.0
CAIKVZ01 sp903909815	9	36	36	91.66666666666667	4.0
CAIKXV01 sp903831455	5	10	10	10.0	0.5
CAIKZD01 sp903831805	6	15	15	0.0	0.0
CAIKZJ01 sp903831845	3	3	3	66.66666666666667	3.0
CAIKZJ01 sp903901375	3	3	3	33.333333333333336	1.0
CAIKZZ01 sp903832085	5	10	10	40.0	0.5
CAILAD01 sp903832035	2	1	1	0.0	0.0
CAILAF01 sp903830285	4	6	6	66.66666666666667	2.5
CAILAF01 sp903870685	5	10	10	40.0	1.0
CAILAF01 sp903881425	2	1	1	0.0	1.0
CAILAF01 sp903884185	2	1	1	0.0	0.0
CAILAF01 sp903904335	4	6	6	66.66666666666667	2.0
CAILDB01 sp903832855	17	136	136	6.617647058823529	0.0
CAILHX01 sp903834185	2	1	1	0.0	0.0
CAILIB01 sp903834195	2	1	1	0.0	0.0
CAILMK01 sp903829945	3	3	3	0.0	0.0
CAILMQ01 sp903835385	2	1	1	0.0	0.0
CAILNN01 sp903835555	5	10	10	70.0	2.5
CAILNN01 sp903896505	2	1	1	100.0	2.0
CAILNX01 sp903835685	5	10	10	30.0	0.0
CAILQE01 sp903836325	5	10	10	0.0	0.0
CAILQO01 sp903836285	6	15	15	60.0	2.0
CAILUG01 sp903837345	3	3	3	0.0	1.0
CAILUG01 sp903853385	5	10	10	70.0	2.5
CAILUI01 sp903834675	2	1	1	100.0	21.0
CAILZL01 sp903838705	4	6	6	0.0	0.0
CAIMDX01 sp903839905	2	1	1	0.0	0.0
CAIMEY01 sp903840165	4	6	6	50.0	1.0
CAIMFV01 sp903840435	5	10	10	30.0	1.0
CAIMFV01 sp903851655	3	3	3	100.0	2.0
CAIMFV01 sp903874895	2	1	1	0.0	0.0
CAIMFV01 sp903884425	6	15	15	26.666666666666668	0.0
CAIMGI01 sp903840505	7	21	21	9.523809523809524	0.0
CAIMNF01 sp903831745	2	1	1	0.0	1.0
CAIMOR01 sp903835235	6	15	15	93.33333333333333	8.0
CAIMOR01 sp903843125	4	6	6	50.0	1.5
CAIMPC01 sp018823705	5	10	10	0.0	0.5
CAIMPC01 sp903843285	3	3	3	0.0	0.0
CAIMTB01 sp903844265	6	15	15	93.33333333333333	8.0
CAIMUM01 sp903929005	4	6	6	0.0	0.0
CAIMUS01 sp903844665	4	6	6	100.0	6.0
CAIMUX01 sp903844735	2	1	1	100.0	5.0
CAIMVM01 sp903844895	2	1	1	0.0	1.0
CAIMWE01 sp903845115	7	21	21	80.95238095238095	3.0
CAIMWO01 sp903845195	2	1	1	0.0	0.0
CAIMZW01 sp903846075	5	10	10	40.0	0.5
CAIMZW01 sp903850565	3	3	3	33.333333333333336	1.0
CAIMZW01 sp903873185	3	3	3	0.0	0.0
CAINCQ01 sp903847095	10	45	45	0.0	0.0
CAINDR01 sp903847415	2	1	1	0.0	0.0
CAINDZ01 sp016703265	7	21	21	90.47619047619048	14.0
CAINDZ01 sp903847545	4	6	6	100.0	5.0
CAINDZ01 sp903859215	2	1	1	100.0	3.0
CAINEC01 sp016709725	3	3	3	66.66666666666667	4.0
CAINEC01 sp016713925	2	1	1	100.0	6.0
CAINEC01 sp016721435	2	1	1	100.0	12.0
CAINEC01 sp903922455	4	6	6	0.0	0.0
CAINFC01 sp903847975	5	10	10	100.0	10.0
CAINFV01 sp903848235	2	1	1	0.0	1.0
CAINMV01 sp903850915	3	3	3	0.0	0.0
CAINMV01 sp903897855	4	6	6	0.0	0.0
CAINMV01 sp903910445	2	1	1	0.0	0.0
CAINOH01 sp903851445	3	3	3	0.0	0.0
CAINVI01 sp016713765	6	15	15	33.333333333333336	1.0
CAINVV01 sp903854235	35	595	595	63.02521008403362	2.0
CAINVV01 sp903902325	6	15	15	40.0	0.0
CAIOAK01 sp903855945	2	1	1	100.0	2.0
CAIOAK01 sp903874275	3	3	3	66.66666666666667	2.0
CAIOAK01 sp903904005	4	6	6	33.333333333333336	1.0
CAIODY01 sp903857255	5	10	10	10.0	0.0
CAIOGI01 sp903839695	6	15	15	0.0	0.0
CAIOGI01 sp903857825	8	28	28	0.0	0.0
CAIOGM01 sp903902345	2	1	1	100.0	6.0
CAIOGM01 sp903902855	5	10	10	10.0	0.0
CAIOGM01 sp903929485	5	10	10	100.0	4.0
CAIOGO01 sp903839615	4	6	6	50.0	1.5
CAIOGO01 sp903857865	3	3	3	0.0	0.0
CAIOIN01 sp903858385	2	1	1	0.0	0.0
CAIOJG01 sp903853785	3	3	3	0.0	0.0
CAIOJG01 sp903858555	2	1	1	0.0	0.0
CAIOLM01 sp903859205	2	1	1	0.0	0.0
CAIOMD01 sp903859365	7	21	21	0.0	0.0
CAIOMD01 sp903880655	3	3	3	0.0	0.0
CAIOSF01 sp903860855	2	1	1	0.0	0.0
CAIOSP01 sp903861005	4	6	6	16.666666666666668	0.5
CAIOSQ01 sp016869915	2	1	1	100.0	11.0
CAIOTO01 sp903861255	2	1	1	0.0	0.0
CAIOVX01 sp903861835	16	120	120	0.0	0.0
CAIOVX01 sp903894145	5	10	10	0.0	0.0
CAIOVX01 sp903915125	7	21	21	4.761904761904762	0.0
CAIOVX01 sp903916325	5	10	10	10.0	0.0
CAIOYC01 sp903837135	3	3	3	0.0	0.0
CAIOYC01 sp903862425	2	1	1	0.0	1.0
CAIPAT01 sp903831825	2	1	1	100.0	15.0
CAIPAT01 sp903863035	2	1	1	100.0	5.0
CAIPBJ01 sp903863255	3	3	3	0.0	0.0
CAIPEB01 sp903863885	2	1	1	100.0	14.0
CAIPFQ01 sp903864395	2	1	1	0.0	1.0
CAIPHK01 sp903864835	3	3	3	0.0	1.0
CAIPHS01 sp903864915	3	3	3	0.0	0.0
CAIPHT01 sp903864935	2	1	1	0.0	0.0
CAIPLT01 sp903865935	7	21	21	14.285714285714286	0.0
CAIPMZ01 sp903824515	3	3	3	0.0	1.0
CAIPMZ01 sp903837175	2	1	1	0.0	0.0
CAIPMZ01 sp903851135	6	15	15	0.0	0.0
CAIPMZ01 sp903861715	25	300	300	21.333333333333332	1.0
CAIPMZ01 sp903866285	3	3	3	33.333333333333336	1.0
CAIPMZ01 sp903885965	3	3	3	0.0	0.0
CAIPOI01 sp903866625	5	10	10	20.0	1.0
CAIPSZ01 sp903867845	2	1	1	0.0	0.0
CAIPTA01 sp903867855	2	1	1	0.0	1.0
CAIPTY01 sp903868145	2	1	1	100.0	8.0
CAIPUE01 sp903868125	3	3	3	0.0	0.0
CAIPUE01 sp903885635	3	3	3	33.333333333333336	1.0
CAIPUP01 sp903868285	2	1	1	0.0	0.0
CAIPVR01 sp903868545	3	3	3	33.333333333333336	1.0
CAIPYM01 sp903869345	2	1	1	0.0	0.0
CAIQAW01 sp903869875	2	1	1	0.0	0.0
CAIQBE01 sp903870015	3	3	3	0.0	0.0
CAIQCK01 sp903870275	5	10	10	40.0	0.5
CAIQCM01 sp903870305	2	1	1	0.0	1.0
CAIQDA01 sp903870415	2	1	1	100.0	2.0
CAIQEU01 sp903870905	17	136	136	7.352941176470588	0.0
CAIQEU01 sp903918025	2	1	1	0.0	0.0
CAIQIA01 sp903871775	7	21	21	9.523809523809524	0.0
CAIQIQ01 sp903871935	13	78	78	79.48717948717949	3.0
CAIQJJ01 sp903872065	2	1	1	100.0	6.0
CAIQLG01 sp903872565	3	3	3	100.0	11.0
CAIQNR01 sp903873255	2	1	1	0.0	0.0
CAIQOK01 sp903873415	2	1	1	0.0	1.0
CAIQPK01 sp903873705	3	3	3	66.66666666666667	2.0
CAIQPS01 sp903873715	3	3	3	0.0	0.0
CAIQQB01 sp903873805	2	1	1	0.0	0.0
CAIQQQ01 sp903823665	2	1	1	0.0	1.0
CAIQQQ01 sp903873995	2	1	1	0.0	0.0
CAIQQQ01 sp903924855	2	1	1	0.0	1.0
CAIQRY01 sp903874345	3	3	3	0.0	0.0
CAIQVS01 sp903875345	2	1	1	100.0	2.0
CAIQWC01 sp903825305	2	1	1	0.0	0.0
CAIQWC01 sp903875425	3	3	3	0.0	0.0
CAIQWF01 sp903875455	2	1	1	0.0	0.0
CAIRAY01 sp903876665	3	3	3	66.66666666666667	2.0
CAIRCU01 sp903877165	2	1	1	0.0	0.0
CAIRDJ01 sp903877335	4	6	6	0.0	0.0
CAIRDP01 sp903877385	19	171	171	20.46783625730994	0.0
CAIRDP01 sp903887775	19	171	171	17.54385964912281	0.0
CAIRDP01 sp903916595	24	276	276	89.4927536231884	4.0
CAIRFN01 sp903877885	5	10	10	0.0	0.0
CAIRNR01 sp903879985	5	10	10	0.0	0.0
CAIRNS01 sp903880015	2	1	1	0.0	0.0
CAIRSR01 sp903824965	4	6	6	50.0	1.5
CAIRSR01 sp903881315	2	1	1	0.0	0.0
CAIRTM01 sp903881505	5	10	10	40.0	1.0
CAIRTN01 sp903881515	2	1	1	100.0	3.0
CAIRTR01 sp903881565	3	3	3	66.66666666666667	3.0
CAIRTT01 sp903881535	2	1	1	100.0	3.0
CAIRTT01 sp903924445	2	1	1	0.0	0.0
CAISCU01 sp903883965	3	3	3	0.0	0.0
CAISDR01 sp903884125	2	1	1	0.0	1.0
CAISET01 sp903884505	6	15	15	13.333333333333334	1.0
CAISIP01 sp018063505	2	1	1	0.0	0.0
CAISPN01 sp903869185	3	3	3	33.333333333333336	1.0
CAISPN01 sp903887375	11	55	55	0.0	0.0
CAISUE01 sp903888615	2	1	1	0.0	0.0
CAISYW01 sp903889795	5	10	10	20.0	1.0
CAITGV01 sp903892035	3	3	3	0.0	0.0
CAITIQ01 sp016719945	2	1	1	100.0	22.0
CAITIS01 sp903892515	2	1	1	100.0	8.0
CAITKP01 sp015489055	2	1	1	0.0	0.0
CAITKP01 sp018824305	2	1	1	0.0	0.0
CAITKP01 sp903885085	21	210	210	43.333333333333336	1.0
CAITKP01 sp903892995	3	3	3	66.66666666666667	3.0
CAITLU01 sp903893315	4	6	6	0.0	0.5
CAITNM01 sp903874955	2	1	1	0.0	0.0
CAITNM01 sp903893805	14	91	91	0.0	0.0
CAITNQ01 sp903893785	2	1	1	100.0	3.0
CAITOL01 sp903893975	5	10	10	20.0	0.5
CAITQP01 sp903869975	2	1	1	0.0	0.0
CAITQP01 sp903894565	2	1	1	0.0	0.0
CAITUV01 sp903895725	5	10	10	10.0	1.0
CAITVN01 sp903895855	3	3	3	100.0	3.0
CAITWF01 sp903840415	3	3	3	0.0	0.0
CAITWF01 sp903896015	8	28	28	67.85714285714286	2.5
CAITYE01 sp903896535	4	6	6	100.0	4.0
CAITYL01 sp903896595	2	1	1	100.0	17.0
CAITZA01 sp903896745	5	10	10	0.0	0.0
CAIUCS01 sp903897715	11	55	55	52.72727272727273	2.0
CAIUCV01 sp903897805	2	1	1	0.0	0.0
CAIUEN01 sp903898185	2	1	1	100.0	4.0
CAIUEQ01 sp903898215	5	10	10	0.0	0.0
CAIUEV01 sp903898335	5	10	10	0.0	0.0
CAIUKV01 sp903899845	4	6	6	0.0	0.5
CAIULA01 sp903899945	2	1	1	0.0	0.0
CAIUMH01 sp009699875	4	6	6	50.0	1.0
CAIUMH01 sp903825895	7	21	21	0.0	0.0
CAIUMH01 sp903893955	2	1	1	0.0	0.0
CAIUMH01 sp903900235	11	55	55	50.90909090909091	2.0
CAIUMM01 sp903844155	4	6	6	100.0	9.5
CAIUMM01 sp903875225	4	6	6	83.33333333333333	7.0
CAIUMM01 sp903900265	5	10	10	70.0	2.0
CAIUPE01 sp903877935	14	91	91	31.86813186813187	1.0
CAIUQR01 sp903901335	4	6	6	83.33333333333333	2.0
CAIURC01 sp903901425	4	6	6	66.66666666666667	2.5
CAIUSP01 sp903901855	2	1	1	0.0	1.0
CAIUUT01 sp903902445	3	3	3	33.333333333333336	0.0
CAIUVD01 sp903902515	3	3	3	66.66666666666667	2.0
CAIUWA01 sp903827245	13	78	78	6.410256410256411	0.0
CAIUWA01 sp903902745	4	6	6	16.666666666666668	1.0
CAIVAT01 sp903828645	3	3	3	0.0	1.0
CAIVAT01 sp903845055	3	3	3	0.0	1.0
CAIVAT01 sp903885595	3	3	3	66.66666666666667	2.0
CAIVAT01 sp903913885	3	3	3	100.0	2.0
CAIVAT01 sp903926565	2	1	1	0.0	1.0
CAIVAT01 sp903945175	13	78	78	51.282051282051285	2.0
CAIVAT01 sp903959905	6	15	15	53.333333333333336	2.0
CAIVBF01 sp903904095	13	78	78	1.2820512820512822	0.0
CAIVDV01 sp903832055	4	6	6	0.0	0.0
CAIVDV01 sp903832475	2	1	1	0.0	1.0
CAIVDV01 sp903904755	6	15	15	0.0	0.0
CAIVDX01 sp903904805	2	1	1	0.0	1.0
CAIVED01 sp903904885	2	1	1	0.0	0.0
CAIVHB01 sp903863375	2	1	1	0.0	0.0
CAIVHB01 sp903893215	3	3	3	0.0	0.0
CAIVKH01 sp903906425	2	1	1	100.0	3.0
CAIVND01 sp903845085	2	1	1	0.0	0.0
CAIVND01 sp903907185	2	1	1	100.0	2.0
CAIVOO01 sp903907555	4	6	6	50.0	1.5
CAIVPM01 sp903907815	2	1	1	0.0	0.0
CAIVQB01 sp903907925	2	1	1	0.0	0.0
CAIVQB01 sp903907995	6	15	15	26.666666666666668	0.0
CAIVQB01 sp903916195	6	15	15	86.66666666666667	3.0
CAIVRH01 sp903908285	4	6	6	0.0	0.0
CAIVSY01 sp903908715	2	1	1	100.0	2.0
CAIVUX01 sp903909215	45	990	990	5.555555555555555	0.0
CAIVVG01 sp903909295	2	1	1	0.0	0.0
CAIVVT01 sp903909435	2	1	1	100.0	2.0
CAIVXW01 sp903910005	2	1	1	0.0	0.0
CAIVZM01 sp903910385	2	1	1	0.0	0.0
CAIWAD01 sp903910645	7	21	21	33.333333333333336	1.0
CAIWAN01 sp903897765	3	3	3	0.0	1.0
CAIWAN01 sp903910705	3	3	3	100.0	2.0
CAIWCD01 sp903911145	3	3	3	0.0	0.0
CAIWGR01 sp903912275	3	3	3	66.66666666666667	5.0
CAIWGV01 sp903912365	2	1	1	0.0	1.0
CAIWHF01 sp903912405	3	3	3	0.0	0.0
CAIWHR01 sp016720425	10	45	45	100.0	18.0
CAIWHR01 sp903912485	3	3	3	33.333333333333336	1.0
CAIWKO01 sp903862465	2	1	1	100.0	5.0
CAIWKO01 sp903913285	3	3	3	0.0	0.0
CAIWKO01 sp903916135	2	1	1	100.0	2.0
CAIWMF01 sp903913785	2	1	1	0.0	1.0
CAIWXH01 sp903916565	2	1	1	100.0	11.0
CAIWXQ01 sp903861045	2	1	1	100.0	9.0
CAIWXQ01 sp903916675	3	3	3	33.333333333333336	1.0
CAIWXX01 sp903916735	4	6	6	83.33333333333333	3.0
CAIXDN01 sp903918235	3	3	3	0.0	0.0
CAIXEA01 sp903877125	2	1	1	100.0	2.0
CAIXEA01 sp903895595	10	45	45	77.77777777777777	3.0
CAIXEA01 sp903900905	4	6	6	100.0	9.0
CAIXEA01 sp903918315	5	10	10	50.0	1.5
CAIXEA01 sp903924985	2	1	1	0.0	1.0
CAIXFN01 sp903918755	2	1	1	0.0	0.0
CAIXHP01 sp903919315	4	6	6	16.666666666666668	1.0
CAIXIX01 sp903859705	4	6	6	50.0	1.5
CAIXIX01 sp903919615	3	3	3	100.0	5.0
CAIXLI01 sp009779745	2	1	1	100.0	2.0
CAIXLI01 sp903824505	3	3	3	0.0	0.0
CAIXPL01 sp903829815	4	6	6	0.0	0.0
CAIXPL01 sp903921325	7	21	21	14.285714285714286	0.0
CAIXPS01 sp903921365	2	1	1	100.0	3.0
CAIXSE01 sp012719015	2	1	1	100.0	2.0
CAIXSE01 sp903862845	8	28	28	85.71428571428571	3.0
CAIXSY01 sp903922175	3	3	3	100.0	5.0
CAIXXC01 sp903923205	3	3	3	66.66666666666667	3.0
CAIXZF01 sp903923925	4	6	6	50.0	1.5
CAIXZV01 sp903924005	3	3	3	66.66666666666667	2.0
CAIXZV01 sp903925955	4	6	6	50.0	1.5
CAIXZV01 sp903930745	3	3	3	100.0	5.0
CAIYBN01 sp903842345	4	6	6	33.333333333333336	1.0
CAIYBN01 sp903896545	6	15	15	93.33333333333333	7.0
CAIYBN01 sp903929795	7	21	21	90.47619047619048	4.0
CAIYEO01 sp903839515	5	10	10	0.0	0.0
CAIYEO01 sp903840315	10	45	45	0.0	0.0
CAIYEO01 sp903891235	2	1	1	0.0	1.0
CAIYEO01 sp903900685	4	6	6	0.0	0.0
CAIYFD01 sp903925425	3	3	3	0.0	1.0
CAIYGI01 sp903925685	2	1	1	0.0	0.0
CAIYHQ01 sp903926075	8	28	28	60.714285714285715	2.0
CAIYID01 sp903926205	3	3	3	0.0	0.0
CAIYJE01 sp903926465	4	6	6	66.66666666666667	2.0
CAIYLH01 sp903879335	13	78	78	0.0	0.0
CAIYLH01 sp903884235	22	231	231	38.52813852813853	1.0
CAIYLH01 sp903908265	35	595	595	29.57983193277311	1.0
CAIYLH01 sp903927005	2	1	1	0.0	0.0
CAIYMF01 sp009699025	2	1	1	0.0	1.0
CAIYOY01 sp903927905	2	1	1	0.0	1.0
CAIYPD01 sp903891415	4	6	6	16.666666666666668	1.0
CAIYPG01 sp903928055	3	3	3	66.66666666666667	2.0
CAIYPH01 sp903928045	2	1	1	100.0	3.0
CAIYPH01 sp903928895	4	6	6	83.33333333333333	2.5
CAIYRB01 sp903928445	3	3	3	66.66666666666667	2.0
CAIYTD01 sp903928955	3	3	3	0.0	0.0
CAIYTF01 sp903915485	3	3	3	33.333333333333336	0.0
CAIYTF01 sp903929035	3	3	3	33.333333333333336	1.0
CAIYUN01 sp903869955	2	1	1	0.0	0.0
CAIYUN01 sp903872425	3	3	3	0.0	1.0
CAIYUN01 sp903929355	4	6	6	66.66666666666667	2.0
CAIYVA01 sp903862885	8	28	28	10.714285714285714	0.0
CAIYVA01 sp903929455	3	3	3	33.333333333333336	1.0
CAIYWZ01 sp903930075	2	1	1	0.0	1.0
CAIYYN01 sp903930435	3	3	3	100.0	3.0
CAIYYT01 sp903903945	2	1	1	100.0	4.0
CAIYYT01 sp903930455	7	21	21	33.333333333333336	1.0
CAIYYX01 sp903832735	27	351	351	75.21367521367522	3.0
CAIYZJ01 sp903824185	4	6	6	0.0	1.0
CAIYZJ01 sp903930675	2	1	1	100.0	2.0
CAIZDL01 sp903856295	2	1	1	0.0	0.0
CAIZDL01 sp903931735	4	6	6	83.33333333333333	2.0
CAIZES01 sp903932045	3	3	3	66.66666666666667	2.0
CAIZGX01 sp903932685	2	1	1	0.0	0.0
CAIZIN01 sp903933085	2	1	1	0.0	0.0
CAIZLB01 sp903933735	4	6	6	0.0	0.0
CAIZMI01 sp903934015	4	6	6	33.333333333333336	0.0
CAIZPE01 sp903934295	2	1	1	0.0	1.0
CAIZPE01 sp903934795	3	3	3	0.0	0.0
CAIZQW01 sp903935195	2	1	1	100.0	2.0
CAIZRG01 sp903935335	4	6	6	0.0	0.0
CAIZWN01 sp903847405	3	3	3	100.0	3.0
CAIZWN01 sp903857665	2	1	1	100.0	2.0
CAIZWN01 sp903936705	5	10	10	20.0	1.0
CAIZWU01 sp903936775	2	1	1	100.0	3.0
CAJANQ01 sp903941145	2	1	1	0.0	0.0
CAJAQL01 sp903944135	2	1	1	0.0	0.0
CAJARJ01 sp903944345	4	6	6	0.0	0.0
CAJATL01 sp903944895	2	1	1	100.0	2.0
CAJAUT01 sp903945195	2	1	1	0.0	0.0
CAJAVM01 sp903945435	4	6	6	0.0	0.0
CAJAWW01 sp903946745	4	6	6	0.0	0.5
CAJBBX01 sp903885605	5	10	10	70.0	2.5
CAJBBX01 sp903951425	8	28	28	89.28571428571429	4.5
CAJBEU01 sp903952265	8	28	28	0.0	0.0
CAJBEZ01 sp903952205	20	190	190	72.10526315789474	3.0
CAJBIL01 sp903939665	3	3	3	33.333333333333336	1.0
CAJBLF01 sp903904875	2	1	1	0.0	0.0
CAJBLF01 sp903953935	2	1	1	0.0	0.0
CAJBMK01 sp903954165	5	10	10	0.0	0.0
CAJBMM01 sp903954185	5	10	10	0.0	0.0
CAJBNH01 sp903955385	7	21	21	76.19047619047619	3.0
CAJCBL01 sp903960515	2	1	1	100.0	5.0
CAJFPI01 sp904419145	4	6	6	33.333333333333336	1.0
CAJGBR01 sp904501625	2	1	1	0.0	0.0
CAJGCS01 sp904501965	2	1	1	0.0	0.0
CAJGDV01 sp904502155	3	3	3	0.0	0.0
CAJIYR01 sp018651345	2	1	1	0.0	0.0
CAJJDF01 sp018609055	2	1	1	0.0	0.0
CAJOIG01 sp905234005	2	1	1	100.0	3.0
CAJOQB01 sp905236405	2	1	1	0.0	0.0
CAJPPJ01 sp905372515	2	1	1	0.0	0.0
CAU-1492 sp016758075	2	1	1	0.0	0.0
CAZU01 sp000432275	5	10	10	50.0	1.5
CAZU01 sp015062585	3	3	3	66.66666666666667	2.0
CAZU01 sp017452885	2	1	1	0.0	1.0
CAZU01 sp902761535	2	1	1	100.0	3.0
CAZU01 sp902763535	2	1	1	100.0	3.0
CBA1134 sp001950595	3	3	3	33.333333333333336	1.0
CBA1134 sp003021785	3	3	3	0.0	0.0
CBA1134 sp009184545	3	3	3	66.66666666666667	2.0
CBW1002 sp015840915	2	1	1	100.0	29.0
CCUG-7971 spG000499525	2	1	1	0.0	0.0
CF-105 sp005881155	2	1	1	0.0	1.0
CF-113 sp005881995	2	1	1	100.0	4.0
CF-118 sp005879985	2	1	1	100.0	3.0
CF-118 sp005880525	3	3	3	66.66666666666667	2.0
CF-13 sp005880395	2	1	1	0.0	0.0
CF-13 sp005880605	2	1	1	0.0	1.0
CF-13 sp005880875	2	1	1	0.0	0.0
CF-13 sp005881175	2	1	1	0.0	0.0
CF-13 sp005881715	5	10	10	0.0	0.0
CF-13 sp005882525	2	1	1	0.0	0.0
CF-13 sp005889535	2	1	1	100.0	3.0
CF-163 sp005882715	2	1	1	0.0	0.0
CF-163 sp005882985	2	1	1	100.0	8.0
CF-39 sp005882255	2	1	1	100.0	2.0
CF-39 sp005887995	6	15	15	73.33333333333333	3.0
CF-39 sp005889405	2	1	1	0.0	0.0
CF-54 sp005881025	2	1	1	0.0	0.0
CF-72 sp019239775	2	1	1	100.0	2.0
CF-72 sp019247515	2	1	1	100.0	10.0
CF-75 sp005880445	2	1	1	100.0	2.0
CF-96 sp005889515	2	1	1	0.0	1.0
CFH-75059 sp004331795	2	1	1	0.0	0.0
CFX10 sp013112715	3	3	3	0.0	0.0
CFX15 sp013112575	3	3	3	0.0	0.0
CFX2 sp014338005	2	1	1	100.0	10.0
CG-Epi1 sp002497685	2	1	1	0.0	0.0
CG-Epi1 sp002506485	4	6	6	0.0	0.0
CG-Epi1 sp002724775	3	3	3	0.0	0.0
CG03 sp002780705	2	1	1	0.0	0.0
CG03 sp013791675	2	1	1	0.0	0.0
CG03 sp013791745	4	6	6	0.0	0.0
CG07-land sp002779595	2	1	1	0.0	0.0
CG08-08-20-14 sp002762705	2	1	1	0.0	0.0
CG1-02-31-27 sp002763115	4	6	6	0.0	0.0
CG1-02-33-12 sp002762865	4	6	6	0.0	0.0
CG1-02-33-12 sp017609385	4	6	6	0.0	0.0
CG1-02-33-12 sp017610505	4	6	6	0.0	0.0
CG1-02-33-12 sp018819345	2	1	1	0.0	1.0
CG1-02-35-32 sp002792635	7	21	21	4.761904761904762	0.0
CG1-02-35-72 sp002793215	7	21	21	4.761904761904762	0.0
CG1-02-37-114 sp001871125	4	6	6	0.0	0.0
CG1-02-37-13 sp002773495	3	3	3	0.0	0.0
CG1-02-37-22 sp002785215	4	6	6	0.0	0.0
CG1-02-39-14 sp001872315	3	3	3	0.0	0.0
CG1-02-40-25 sp001872305	3	3	3	0.0	0.0
CG1-02-40-82 sp002774415	6	15	15	0.0	0.0
CG1-02-41-12 sp002787075	4	6	6	0.0	0.0
CG1-02-41-21 sp001871235	3	3	3	0.0	0.0
CG1-02-41-26 sp002773545	2	1	1	0.0	0.0
CG1-02-43-210 sp002783585	8	28	28	7.142857142857143	0.0
CG1-02-43-26 sp001872735	6	15	15	0.0	0.0
CG1-02-43-31 sp002788675	4	6	6	0.0	0.0
CG1-02-47-18 sp002763335	3	3	3	66.66666666666667	3.0
CG1-02-47-37 sp002772455	5	10	10	0.0	0.0
CG1-02-47-40 sp001871475	2	1	1	0.0	0.0
CG1-02-49-23 sp002791545	6	15	15	0.0	0.0
CG1-02-57-44 sp001871415	2	1	1	0.0	0.0
CG1-02-64-396 sp001872725	3	3	3	0.0	1.0
CG10-46-32 sp001889965	2	1	1	0.0	0.0
CG10238-14 sp002789635	9	36	36	2.7777777777777777	0.0
CG2-30-33-13 sp002782675	7	21	21	4.761904761904762	0.0
CG2-30-33-31 sp001872625	2	1	1	0.0	0.0
CG2-30-33-46 sp002792735	7	21	21	0.0	0.0
CG2-30-36-11 sp001871575	4	6	6	0.0	0.0
CG2-30-36-16 sp001873185	3	3	3	0.0	0.0
CG2-30-36-38 sp001873465	6	15	15	0.0	0.0
CG2-30-36-39 sp001873435	4	6	6	0.0	0.0
CG2-30-36-39 sp018657765	2	1	1	0.0	0.0
CG2-30-37-29 sp001873215	4	6	6	0.0	0.0
CG2-30-39-44 sp002789815	7	21	21	0.0	0.0
CG2-30-40-12 sp002770755	3	3	3	0.0	0.0
CG2-30-40-21 sp001873945	5	10	10	10.0	0.0
CG2-30-40-21 sp018814245	2	1	1	100.0	5.0
CG2-30-43-20 sp002780235	3	3	3	33.333333333333336	1.0
CG2-30-44-17 sp001873565	5	10	10	0.0	0.0
CG2-30-46-19 sp001872925	2	1	1	0.0	0.0
CG2-30-46-9 sp001873005	3	3	3	0.0	0.0
CG2-30-49-12 sp001873675	3	3	3	0.0	0.0
CG2-30-51-40 sp001874005	7	21	21	0.0	0.0
CG2-30-53-67 sp001873285	6	15	15	0.0	0.0
CG2-30-59-28 sp001872605	5	10	10	50.0	2.0
CG2-30-60-27 sp001873115	2	1	1	100.0	4.0
CG2-30-66-27 sp001797445	6	15	15	20.0	0.0
CG2-30-66-27 sp001873935	2	1	1	0.0	1.0
CG2-30-66-41 sp002779825	3	3	3	33.333333333333336	1.0
CG2-30-68-42 sp001872285	3	3	3	0.0	1.0
CG2-30-70-394 sp001873295	10	45	45	0.0	0.0
CHH4-2 sp002899675	2	1	1	0.0	0.0
CL95 sp900115925	2	1	1	0.0	0.0
CLL3-39 sp012070395	2	1	1	0.0	0.0
COE1 sp000403215	3	3	3	66.66666666666667	2.0
COE1 sp000403335	4	6	6	83.33333333333333	41.0
COE1 sp001916965	8	28	28	17.857142857142858	1.0
COE1 sp002358575	4	6	6	50.0	1.5
COE1 sp002490665	3	3	3	100.0	3.0
COE1 sp002491195	2	1	1	0.0	0.0
COE1 sp003513705	3	3	3	66.66666666666667	5.0
COE1 sp009774245	2	1	1	100.0	3.0
COE1 sp009774345	2	1	1	100.0	7.0
COE1 sp009774375	2	1	1	0.0	0.0
COE1 sp009774395	2	1	1	100.0	4.0
COE1 sp011959805	2	1	1	100.0	7.0
COE1 sp014239155	2	1	1	0.0	1.0
COE1 sp017424235	2	1	1	100.0	3.0
COE1 sp017436865	2	1	1	0.0	1.0
COE1 sp017622845	2	1	1	100.0	3.0
COE1 sp900753305	2	1	1	0.0	1.0
COMBO-56-21 sp018814355	2	1	1	0.0	1.0
CPC320 sp002336405	9	36	36	13.88888888888889	0.0
CPC320 sp002684375	8	28	28	35.714285714285715	1.0
CR02bin9 sp004356555	2	1	1	0.0	0.0
CS3-C152 sp011772645	3	3	3	0.0	0.0
CS4-C045 sp011772275	5	10	10	0.0	0.0
CSBR16-104 sp007116245	3	3	3	0.0	0.0
CSBR16-224 sp007116755	2	1	1	100.0	19.0
CSBR16-224 sp013285465	2	1	1	0.0	0.0
CSBR16-87 sp007117565	2	1	1	0.0	0.0
CSBR16-87 sp018400875	2	1	1	0.0	0.0
CSBr16-57R1 sp017852335	3	3	3	0.0	0.0
CSBr16-58 sp003566715	2	1	1	0.0	0.0
CSP1-6 sp016179965	2	1	1	0.0	1.0
CSP1-8 sp003513855	2	1	1	0.0	0.0
CSSED11-154 sp003563985	4	6	6	0.0	0.0
CSSED11-315 sp003561715	4	6	6	0.0	0.0
CSSed10-48 sp003556805	3	3	3	0.0	0.0
CSSed10-48 sp003567075	3	3	3	0.0	0.0
CSSed10-48 sp007122815	2	1	1	0.0	0.0
CSSed10-48 sp007130445	3	3	3	0.0	0.0
CSSed10-48 sp007130855	3	3	3	0.0	0.0
CSSed11-175R1 sp003563915	4	6	6	16.666666666666668	0.0
CSSed11-175R1 sp007120565	2	1	1	0.0	0.0
CSSed11-175R1 sp007136095	7	21	21	9.523809523809524	0.0
CSSed11-197 sp003552785	2	1	1	0.0	0.0
CTSOIL-112 sp017986195	2	1	1	0.0	1.0
CW01 sp004028795	2	1	1	0.0	0.0
CW01 sp018267705	2	1	1	0.0	0.0
CW01 sp018267725	5	10	10	40.0	0.5
CYK-10 sp903873585	3	3	3	0.0	0.0
Caballeronia arationis	2	1	1	100.0	12.0
Caballeronia concitans	2	1	1	100.0	7.0
Caballeronia cordobensis	3	3	3	66.66666666666667	15.0
Caballeronia glathei	3	3	3	100.0	2.0
Caballeronia grimmiae	2	1	1	0.0	0.0
Caballeronia humi	0	0	0	0	
Caballeronia jiangsuensis	2	1	1	100.0	27.0
Caballeronia mineralivorans	0	0	0	0	
Caballeronia schumannianae_A	2	1	1	0.0	1.0
Caballeronia sp001557535	5	10	10	100.0	8.0
Caballeronia sp011493005	2	1	1	0.0	1.0
Caballeronia sp018408855	2	1	1	100.0	25.0
Caballeronia sp902833455	2	1	1	100.0	2.0
Caballeronia telluris	0	0	0	0	
Caballeronia udeis	0	0	0	0	
Caballeronia zhejiangensis	4	6	6	100.0	16.0
Caccenecus avistercoris	2	1	1	0.0	0.0
Caccenecus sp000438195	3	3	3	66.66666666666667	2.0
Caccenecus sp900549285	3	3	3	0.0	0.0
Caccocola faecigallinarum	3	3	3	100.0	15.0
Caccocola sp900545755	2	1	1	0.0	0.0
Caccomorpha excrementavium	2	1	1	100.0	2.0
Caccoplasma sp015061035	3	3	3	100.0	3.0
Caccoplasma sp017559955	2	1	1	100.0	3.0
Caccopulliclostridium gallistercoris	3	3	3	66.66666666666667	2.0
Caccosoma faecigallinarum	5	10	10	10.0	1.0
Caccosoma sp900754115	2	1	1	0.0	0.0
Caccousia avicola	2	1	1	0.0	1.0
Caccousia avistercoris	2	1	1	100.0	17.0
Caccousia sp900752115	3	3	3	0.0	0.0
Caccousia stercoris	2	1	1	100.0	2.0
Caccovicinus excrementipullorum	2	1	1	0.0	0.0
Caccovicinus merdipullorum	3	3	3	33.333333333333336	1.0
Caccovicinus sp009774615	2	1	1	100.0	2.0
Caccovicinus sp910575565	2	1	1	100.0	3.0
Caccovivens sp003522085	2	1	1	0.0	1.0
Caccovivens sp900555365	2	1	1	0.0	0.0
Caccovivens sp900557645	2	1	1	0.0	1.0
Caccovivens sp900753315	2	1	1	0.0	0.0
Caecibacter hominis	4	6	6	33.333333333333336	0.0
Caecibacter massiliensis	17	136	136	38.23529411764706	1.0
Caecibacter sp003467125	4	6	6	83.33333333333333	4.0
Caecibacter sp900549385	4	6	6	33.333333333333336	1.0
Caenibius sp017744735	2	1	1	0.0	0.0
Caenibius tardaugens	2	1	1	0.0	0.0
Caldalkalibacillus thermarum	2	1	1	100.0	6.0
Caldanaerobacter subterraneus	8	28	28	67.85714285714286	4.0
Caldarchaeum subterraneum_B	0	0	0	0	
Caldatribacterium saccharofermentans	2	1	1	100.0	5.0
Caldibacillus debilis	7	21	21	90.47619047619048	4.0
Caldicellulosiruptor acetigenus	3	3	3	100.0	21.0
Caldicellulosiruptor bescii	18	153	153	38.56209150326797	0.0
Caldicellulosiruptor owensensis	0	0	0	0	
Caldicellulosiruptor saccharolyticus	3	3	3	100.0	8.0
Caldicoprobacter oshimai	2	1	1	100.0	4.0
Caldilinea aerophila	2	1	1	0.0	1.0
Caldilinea sp002391565	2	1	1	100.0	2.0
Caldilinea sp003451595	2	1	1	100.0	2.0
Caldilinea sp903858085	7	21	21	57.142857142857146	2.0
Caldilinea sp903879975	2	1	1	0.0	1.0
Caldimicrobium sp011375865	0	0	0	0	
Caldimicrobium thiodismutans_B	0	0	0	0	
Caldimonas manganoxidans	2	1	1	100.0	2.0
Calditerricola satsumensis	2	1	1	0.0	0.0
Caldithrix abyssi	2	1	1	0.0	
Caldivirga sp001663375	3	3	3	66.66666666666667	2.0
Calescibacterium nevadense	3	3	3	100.0	8.0
Calescibacterium sp011364105	0	0	0	0	
Calidifontibacillus azotoformans	2	1	1	100.0	24.0
Calidifontimicrobium sediminis	2	1	1	100.0	3.0
Calidithermus chliarophilus	2	1	1	100.0	38.0
Caloramator_A proteoclasticus	2	1	1	0.0	0.0
Caloranaerobacter azorensis	4	6	6	83.33333333333333	3.5
Calothrix desertica	2	1	1	100.0	33.0
Calothrix sp002368415	0	0	0	0	
Calothrix sp012034595	2	1	1	100.0	20.0
Caminibacter mediatlanticus	2	1	1	0.0	0.0
Caminicella sporogenes	2	1	1	0.0	0.0
Campylobacter fetus	70	2415	2415	50.60041407867495	2.0
Campylobacter hyointestinalis	41	820	820	73.17073170731707	3.0
Campylobacter iguaniorum	3	3	3	0.0	0.0
Campylobacter infans	3	3	3	66.66666666666667	5.0
Campylobacter lanienae	30	435	435	68.96551724137932	3.0
Campylobacter lawsonii	13	78	78	71.7948717948718	4.0
Campylobacter sp002139855	4	6	6	66.66666666666667	2.0
Campylobacter sp002139875	14	91	91	14.285714285714286	0.0
Campylobacter sp002139915	37	666	666	93.54354354354355	4.0
Campylobacter sp017506845	3	3	3	0.0	0.0
Campylobacter sp900319915	2	1	1	0.0	0.0
Campylobacter sp900753405	2	1	1	0.0	0.0
Campylobacter testudinum	36	630	630	19.841269841269842	0.0
Campylobacter_A caledonicus	3	3	3	100.0	3.0
Campylobacter_A concisus	10	45	45	77.77777777777777	3.0
Campylobacter_A concisus_A	5	10	10	100.0	8.5
Campylobacter_A concisus_AB	23	253	253	83.00395256916995	4.0
Campylobacter_A concisus_AC	5	10	10	20.0	0.0
Campylobacter_A concisus_AD	5	10	10	90.0	23.0
Campylobacter_A concisus_AE	4	6	6	50.0	3.0
Campylobacter_A concisus_B	18	153	153	66.66666666666667	3.0
Campylobacter_A concisus_C	41	820	820	92.3170731707317	7.0
Campylobacter_A concisus_D	6	15	15	93.33333333333333	5.0
Campylobacter_A concisus_E	2	1	1	0.0	0.0
Campylobacter_A concisus_F	20	190	190	91.57894736842105	11.5
Campylobacter_A concisus_G	5	10	10	90.0	2.0
Campylobacter_A concisus_I	9	36	36	44.44444444444444	0.5
Campylobacter_A concisus_J	2	1	1	100.0	12.0
Campylobacter_A concisus_K	2	1	1	0.0	0.0
Campylobacter_A concisus_L	5	10	10	40.0	1.0
Campylobacter_A concisus_M	2	1	1	0.0	0.0
Campylobacter_A concisus_N	2	1	1	100.0	3.0
Campylobacter_A concisus_O	2	1	1	0.0	1.0
Campylobacter_A concisus_P	2	1	1	0.0	0.0
Campylobacter_A concisus_Q	3	3	3	33.333333333333336	0.0
Campylobacter_A concisus_R	17	136	136	69.11764705882354	3.0
Campylobacter_A concisus_T	32	496	496	92.94354838709677	7.0
Campylobacter_A concisus_W	2	1	1	0.0	0.0
Campylobacter_A concisus_X	3	3	3	100.0	24.0
Campylobacter_A concisus_Y	2	1	1	100.0	19.0
Campylobacter_A concisus_Z	2	1	1	100.0	7.0
Campylobacter_A curvus	16	120	120	37.5	0.0
Campylobacter_A mucosalis	7	21	21	66.66666666666667	2.0
Campylobacter_A pinnipediorum	8	28	28	35.714285714285715	0.0
Campylobacter_A rectus	4	6	6	33.333333333333336	1.0
Campylobacter_A showae	2	1	1	0.0	0.0
Campylobacter_A showae_A	5	10	10	100.0	5.0
Campylobacter_A showae_D	3	3	3	100.0	6.0
Campylobacter_A sp004803835	10	45	45	86.66666666666667	3.0
Campylobacter_A sp012978815	3	3	3	0.0	1.0
Campylobacter_A sp013201975	3	3	3	66.66666666666667	5.0
Campylobacter_A sp018145735	3	3	3	100.0	6.0
Campylobacter_A sp902387145	2	1	1	0.0	0.0
Campylobacter_B blaseri	3	3	3	0.0	0.0
Campylobacter_B corcagiensis	3	3	3	0.0	0.0
Campylobacter_B geochelonis	4	6	6	100.0	5.0
Campylobacter_B gracilis	3	3	3	0.0	0.0
Campylobacter_B hominis	3	3	3	0.0	0.0
Campylobacter_B sp017469645	3	3	3	0.0	0.0
Campylobacter_B sp900539505	2	1	1	0.0	0.0
Campylobacter_B sputorum	4	6	6	33.333333333333336	1.0
Campylobacter_B sputorum_B	7	21	21	0.0	0.0
Campylobacter_B ureolyticus	10	45	45	51.111111111111114	5.0
Campylobacter_D armoricus	11	55	55	21.818181818181817	0.0
Campylobacter_D avium	2	1	1	0.0	0.0
Campylobacter_D coli	955	455535	455535	34.782618240091324	1.0
Campylobacter_D coli_A	0	0	0	0	
Campylobacter_D coli_B	0	0	0	0	
Campylobacter_D concheus	4	6	6	33.333333333333336	0.0
Campylobacter_D cuniculorum	3	3	3	0.0	0.0
Campylobacter_D helveticus	14	91	91	51.64835164835165	2.0
Campylobacter_D hepaticus	33	528	528	14.583333333333334	0.0
Campylobacter_D hepaticus_A	2	1	1	0.0	0.0
Campylobacter_D insulaenigrae	4	6	6	0.0	0.0
Campylobacter_D jejuni	1793	1606528	1606528	58.9480544378934	2.0
Campylobacter_D jejuni_C	4	6	6	66.66666666666667	2.0
Campylobacter_D jejuni_D	2	1	1	0.0	0.0
Campylobacter_D lari	13	78	78	8.974358974358974	0.0
Campylobacter_D lari_C	18	153	153	21.568627450980394	0.0
Campylobacter_D novaezeelandiae	5	10	10	20.0	1.0
Campylobacter_D ornithocola	2	1	1	0.0	0.0
Campylobacter_D peloridis	3	3	3	0.0	0.0
Campylobacter_D sp003627915	2	1	1	0.0	0.0
Campylobacter_D sp006864535	3	3	3	66.66666666666667	4.0
Campylobacter_D sp008633915	6	15	15	0.0	0.0
Campylobacter_D sp016599045	3	3	3	0.0	0.0
Campylobacter_D sp900539255	2	1	1	100.0	105.0
Campylobacter_D subantarcticus	3	3	3	100.0	2.0
Campylobacter_D upsaliensis	17	136	136	79.41176470588235	16.5
Campylobacter_D volucris	15	105	105	16.19047619047619	1.0
Campylobacter_D vulpis	15	105	105	73.33333333333333	5.0
Campylobacter_E sp018501205	4	6	6	50.0	1.5
Canibacter oris	0	0	0	0	
Canibacter sp011752015	2	1	1	0.0	0.0
Canibacter sp018531145	2	1	1	0.0	0.0
Canicola haemoglobinophilus	4	6	6	50.0	1.0
Capillibacterium thermochitinicola	2	1	1	0.0	0.0
Capnocytophaga bilenii	2	1	1	100.0	5.0
Capnocytophaga canimorsus	12	66	66	83.33333333333333	38.0
Capnocytophaga canis	11	55	55	67.27272727272727	2.0
Capnocytophaga cynodegmi	7	21	21	85.71428571428571	4.0
Capnocytophaga endodontalis	9	36	36	75.0	9.5
Capnocytophaga felis	2	1	1	0.0	0.0
Capnocytophaga gingivalis	3	3	3	0.0	0.0
Capnocytophaga granulosa	5	10	10	80.0	3.0
Capnocytophaga haemolytica	3	3	3	0.0	0.0
Capnocytophaga leadbetteri	6	15	15	53.333333333333336	2.5
Capnocytophaga ochracea	17	136	136	56.61764705882353	24.0
Capnocytophaga sp000192225	2	1	1	100.0	2.0
Capnocytophaga sputigena	8	28	28	50.0	1.5
Capnocytophaga stomatis	4	6	6	50.0	3.0
Caproicibacter fermentans	2	1	1	100.0	6.0
Caproicibacter sp002316805	3	3	3	33.333333333333336	0.0
Caproicibacter sp002407675	19	171	171	2.3391812865497075	0.0
Caproicibacter sp002409585	4	6	6	0.0	0.0
Caproicibacter sp002409675	11	55	55	5.454545454545454	0.0
Caproicibacter sp002410755	2	1	1	0.0	0.0
Caproicibacter sp002411365	4	6	6	0.0	0.0
Caproicibacterium amylolyticum	2	1	1	100.0	3.0
Caproicibacterium sp002119605	26	325	325	6.769230769230769	0.0
Caproicibacterium sp002399445	8	28	28	25.0	0.0
Caproicibacterium sp900554535	2	1	1	0.0	0.0
Caproiciproducens galactitolivorans	2	1	1	0.0	0.0
Caproiciproducens sp000752215	4	6	6	33.333333333333336	2.0
Caproiciproducens sp002407645	5	10	10	0.0	0.0
Caproiciproducens sp012839345	2	1	1	0.0	0.0
Carbobacillus altaicus	2	1	1	0.0	1.0
Carbonactinospora thermoautotrophica	2	1	1	100.0	9.0
Carboxydocella thermautotrophica	5	10	10	60.0	2.0
Carboxydothermus hydrogenoformans	3	3	3	33.333333333333336	0.0
Cardinium sp000689375	2	1	1	0.0	
Cardiobacterium hominis	7	21	21	57.142857142857146	6.0
Cardiobacterium valvarum	3	3	3	33.333333333333336	19.0
Carnobacterium divergens	24	276	276	47.10144927536232	1.0
Carnobacterium divergens_A	17	136	136	69.8529411764706	3.0
Carnobacterium maltaromaticum	34	561	561	34.75935828877005	0.0
Carnobacterium_A alterfunditum	3	3	3	0.0	0.0
Carnobacterium_A iners	2	1	1	0.0	0.0
Carnobacterium_A inhibens	3	3	3	66.66666666666667	2.0
Carnobacterium_A jeotgali	3	3	3	0.0	0.0
Carnobacterium_A mobile	2	1	1	100.0	4.0
Carnobacterium_A sp001483965	2	1	1	0.0	0.0
Carnobacterium_A viridans	0	0	0	0	
Casimicrobium sp004293675	2	1	1	100.0	2.0
Casimicrobium sp004294365	2	1	1	0.0	0.0
Casp-actino5 sp001510385	2	1	1	0.0	0.0
Casp-actino5 sp002501485	3	3	3	0.0	0.0
Casp-actino5 sp002727235	5	10	10	10.0	0.5
Casp-actino5 sp010024485	2	1	1	0.0	1.0
Casp-actino5 sp012269985	2	1	1	0.0	0.0
Casp-actino5 sp017859395	4	6	6	0.0	0.0
Casp-actino5 sp017859785	15	105	105	0.0	0.0
Casp-actino8 sp004379135	2	1	1	0.0	0.0
Casp-actino8 sp009694465	2	1	1	0.0	0.0
Casp-actino8 sp009700145	6	15	15	13.333333333333334	0.0
Casp-actino8 sp009705435	3	3	3	0.0	0.0
Casp-actino8 sp009923785	10	45	45	0.0	0.0
Casp-actino8 sp010030605	5	10	10	30.0	0.5
Casp-actino8 sp903872155	4	6	6	0.0	0.0
Casp-alpha2 sp002686255	3	3	3	66.66666666666667	3.0
Casp-alpha2 sp002938075	3	3	3	0.0	0.0
Casp-alpha2 sp002938315	4	6	6	0.0	0.0
Casp-alpha2 sp014382345	2	1	1	0.0	0.0
Castellaniella caeni	2	1	1	100.0	2.0
Castellaniella defragrans	4	6	6	83.33333333333333	3.5
Catellatospora bangladeshensis	2	1	1	100.0	14.0
Catellatospora citrea	4	6	6	100.0	11.5
Catellatospora methionotrophica	2	1	1	100.0	4.0
Catenibacillus faecavium	2	1	1	100.0	2.0
Catenibacillus faecigallinarum	2	1	1	0.0	0.0
Catenibacillus scindens	2	1	1	0.0	1.0
Catenibacillus sp900553975	2	1	1	0.0	0.0
Catenibacterium mitsuokai	6	15	15	66.66666666666667	3.0
Catenibacterium sp000437715	28	378	378	61.904761904761905	3.0
Catenibacterium sp900540665	2	1	1	100.0	3.0
Catenibacterium sp900540685	2	1	1	100.0	2.0
Catenulispora pinisilvae	2	1	1	100.0	19.0
Catenulispora sp018274385	2	1	1	100.0	18.0
Catonella massiliensis	3	3	3	33.333333333333336	1.0
Catonella sp900314885	4	6	6	0.0	0.0
Caulobacter flavus	2	1	1	0.0	0.0
Caulobacter henricii_C	0	0	0	0	
Caulobacter henricii_D	0	0	0	0	
Caulobacter radicis	2	1	1	100.0	2.0
Caulobacter rhizosphaerae	4	6	6	83.33333333333333	17.0
Caulobacter segnis	2	1	1	0.0	0.0
Caulobacter sp000799245	3	3	3	66.66666666666667	6.0
Caulobacter sp001426905	2	1	1	100.0	4.0
Caulobacter sp001896875	2	1	1	0.0	0.0
Caulobacter sp002280875	2	1	1	100.0	2.0
Caulobacter sp002742645	3	3	3	100.0	4.0
Caulobacter sp003060965	2	1	1	100.0	6.0
Caulobacter sp903858185	2	1	1	0.0	0.0
Caulobacter sp903900155	2	1	1	100.0	2.0
Caulobacter vibrioides	6	15	15	0.0	0.0
Caulobacter vibrioides_E	5	10	10	80.0	5.0
Caviibacter abscessus	2	1	1	0.0	0.0
Cecembia sp007126775	2	1	1	0.0	0.0
Cedecea davisae	5	10	10	70.0	2.0
Cedecea neteri	3	3	3	0.0	0.0
Cedecea neteri_A	2	1	1	100.0	3.0
Cedecea neteri_C	2	1	1	0.0	0.0
Cedecea sp000277545	5	10	10	40.0	0.0
Celeribacter baekdonensis	8	28	28	50.0	1.5
Celeribacter baekdonensis_A	3	3	3	0.0	0.0
Celeribacter ethanolicus	3	3	3	66.66666666666667	3.0
Celeribacter halophilus	4	6	6	50.0	2.0
Celeribacter indicus	2	1	1	0.0	0.0
Celeribacter sp011806455	2	1	1	100.0	8.0
Celeribacter_A marinus	2	1	1	0.0	0.0
Cellulomonas algicola	3	3	3	0.0	0.0
Cellulomonas cellasea	3	3	3	33.333333333333336	1.0
Cellulomonas denverensis	2	1	1	0.0	0.0
Cellulomonas fimi	3	3	3	33.333333333333336	1.0
Cellulomonas gelida	3	3	3	66.66666666666667	2.0
Cellulomonas hominis	4	6	6	83.33333333333333	6.0
Cellulomonas iranensis	6	15	15	60.0	3.0
Cellulomonas marina	2	1	1	0.0	0.0
Cellulomonas massiliensis	0	0	0	0	
Cellulomonas oligotrophica	3	3	3	0.0	0.0
Cellulomonas shaoxiangyii	2	1	1	0.0	0.0
Cellulomonas soli	2	1	1	0.0	0.0
Cellulomonas sp001429255	2	1	1	0.0	1.0
Cellulomonas sp001898185	2	1	1	100.0	6.0
Cellulomonas sp008033115	2	1	1	100.0	5.0
Cellulomonas sp009779195	2	1	1	0.0	0.0
Cellulomonas sp012927595	2	1	1	100.0	3.0
Cellulomonas sp018388445	4	6	6	16.666666666666668	0.5
Cellulomonas sp018388465	3	3	3	66.66666666666667	3.0
Cellulomonas sp018623035	3	3	3	66.66666666666667	2.0
Cellulomonas timonensis	0	0	0	0	
Cellulomonas uda	4	6	6	83.33333333333333	5.0
Cellulophaga algicola	3	3	3	66.66666666666667	4.0
Cellulophaga baltica	6	15	15	20.0	0.0
Cellulophaga lytica	6	15	15	66.66666666666667	2.0
Cellulosilyticum lentocellum	2	1	1	100.0	11.0
Cellulosimicrobium cellulans_D	2	1	1	0.0	0.0
Cellulosimicrobium cellulans_E	3	3	3	33.333333333333336	3.0
Cellulosimicrobium cinnabarinum	3	3	3	100.0	4.0
Cellulosimicrobium fucosivorans	2	1	1	100.0	12.0
Cellulosimicrobium funkei	18	153	153	66.01307189542484	3.0
Cellvibrio japonicus	4	6	6	0.0	0.0
Cellvibrio sp000263355	3	3	3	33.333333333333336	3.0
Cellvibrio sp002007605	2	1	1	100.0	12.0
Cenarchaeum sp003724275	3	3	3	0.0	1.0
Centipeda artemidis	7	21	21	57.142857142857146	3.0
Centipeda felix	5	10	10	50.0	4.5
Centipeda massiliensis	2	1	1	100.0	4.0
Centipeda noxia	4	6	6	33.333333333333336	2.0
Centipeda periodontii	2	1	1	100.0	4.0
Centipeda sp000315545	2	1	1	100.0	2.0
Centipeda sp000318175	2	1	1	0.0	
Centipeda sp015265235	4	6	6	100.0	7.5
Cephaloticoccus sp002713695	2	1	1	0.0	0.0
Cerasibacillus quisquiliarum	2	1	1	0.0	0.0
Cerasibacillus terrae	2	1	1	0.0	1.0
Cerasicoccus arenae	2	1	1	0.0	0.0
Cereibacter changlensis	3	3	3	66.66666666666667	14.0
Cereibacter_A azotoformans	4	6	6	83.33333333333333	9.5
Cereibacter_A johrii	3	3	3	66.66666666666667	10.0
Cereibacter_A sphaeroides	23	253	253	79.05138339920948	11.0
Cetia pacifica	3	3	3	0.0	0.0
Cetobacterium_A somerae	2	1	1	0.0	0.0
Cetobacterium_A sp000799075	3	3	3	66.66666666666667	2.0
Ch104c sp013426185	0	0	0	0	
Ch115 sp013178415	2	1	1	100.0	5.0
Ch128b sp011047755	0	0	0	0	
Chakrabartia sp009920915	2	1	1	100.0	2.0
Chakrabartia sp016704425	10	45	45	100.0	17.0
Chakrabartia sp903839675	3	3	3	0.0	0.0
Chania multitudinisentens	2	1	1	0.0	0.0
Chania oryzae	3	3	3	0.0	1.0
Chania sp000743355	2	1	1	100.0	5.0
Chelativorans multitrophicus	2	1	1	100.0	8.0
Chelatococcus asaccharovorans	2	1	1	0.0	1.0
Chelatococcus_A caeni	3	3	3	66.66666666666667	2.0
Chelatococcus_A composti	3	3	3	0.0	0.0
Chelatococcus_A sambhunathii	5	10	10	40.0	1.0
Chelonobacter aquarius	10	45	45	57.77777777777778	2.0
Chelonobacter sp006228005	5	10	10	0.0	1.0
Chelonobacter testudinis	2	1	1	100.0	2.0
Chimaeribacter arupi	6	15	15	100.0	4.0
Chimaeribacter coloradensis	2	1	1	0.0	1.0
Chishuiella changwenlii	2	1	1	100.0	2.0
Chitinibacter tainanensis	2	1	1	0.0	1.0
Chitinimonas sp002735695	2	1	1	100.0	3.0
Chitinimonas taiwanensis	0	0	0	0	
Chitinophaga alhagiae	2	1	1	0.0	0.0
Chitinophaga barathri	2	1	1	0.0	0.0
Chitinophaga costaii	2	1	1	0.0	0.0
Chitinophaga extrema	2	1	1	100.0	14.0
Chitinophaga ginsengisegetis	2	1	1	100.0	3.0
Chitinophaga pinensis_A	0	0	0	0	
Chitinophaga polysaccharea_A	0	0	0	0	
Chitinophaga sancti_A	0	0	0	0	
Chitinophaga sp001975825	2	1	1	0.0	0.0
Chitinophaga sp012516355	2	1	1	0.0	0.0
Chitinophaga sp012726295	2	1	1	100.0	3.0
Chitinophaga terrae	2	1	1	0.0	0.0
Chitinophaga vietnamensis	2	1	1	0.0	
Chlamydia muridarum	28	378	378	0.0	0.0
Chlamydia suis	33	528	528	4.545454545454546	0.0
Chlamydia trachomatis	177	15576	15576	2.9468412942989213	0.0
Chlamydiifrater volucris	2	1	1	0.0	0.0
Chlamydophila abortus	48	1128	1128	23.04964539007092	0.0
Chlamydophila avium	3	3	3	0.0	0.0
Chlamydophila buteonis	3	3	3	0.0	0.0
Chlamydophila gallinacea	2	1	1	0.0	0.0
Chlamydophila ibidis	2	1	1	0.0	
Chlamydophila pecorum	11	55	55	0.0	0.0
Chlamydophila pneumoniae	12	66	66	0.0	0.0
Chlamydophila psittaci	52	1326	1326	0.07541478129713423	0.0
Chlamydophila sp902705545	2	1	1	0.0	0.0
Chloracidobacterium aggregatum	7	21	21	47.61904761904762	0.0
Chloracidobacterium thermophilum	3	3	3	100.0	6.0
Chlorobaculum sp013334335	2	1	1	0.0	0.0
Chlorobaculum sp013334925	2	1	1	0.0	0.0
Chlorobaculum sp903929135	2	1	1	0.0	0.0
Chlorobaculum tepidum	2	1	1	0.0	0.0
Chlorobium ferrooxidans	2	1	1	0.0	0.0
Chlorobium limicola	2	1	1	0.0	0.0
Chlorobium masyuteum	2	1	1	0.0	0.0
Chlorobium phaeoclathratiforme	2	1	1	0.0	0.0
Chlorobium phaeovibrioides	7	21	21	85.71428571428571	3.0
Chlorobium sp005843825	50	1225	1225	14.693877551020408	0.0
Chlorobium sp005843835	59	1711	1711	13.617767387492695	0.0
Chlorobium sp013334435	2	1	1	0.0	0.0
Chlorobium sp013334755	2	1	1	0.0	0.0
Chlorobium sp013335405	2	1	1	0.0	0.0
Chlorobium sp903820085	15	105	105	9.523809523809524	0.0
Chlorobium sp903822595	3	3	3	0.0	0.0
Chlorobium sp903824045	6	15	15	40.0	0.0
Chlorobium sp903824295	3	3	3	0.0	0.0
Chlorobium sp903836465	12	66	66	9.090909090909092	0.0
Chlorobium sp903840935	5	10	10	10.0	0.5
Chlorobium sp903843305	17	136	136	45.588235294117645	1.0
Chlorobium sp903851385	3	3	3	33.333333333333336	1.0
Chlorobium sp903851535	4	6	6	16.666666666666668	0.5
Chlorobium sp903859055	3	3	3	0.0	1.0
Chlorobium sp903865705	5	10	10	20.0	0.5
Chlorobium sp903866255	3	3	3	0.0	1.0
Chlorobium sp903869365	33	528	528	35.03787878787879	1.0
Chlorobium sp903871235	5	10	10	80.0	2.5
Chlorobium sp903882665	7	21	21	14.285714285714286	1.0
Chlorobium sp903887845	2	1	1	0.0	1.0
Chlorobium sp903895195	65	2080	2080	7.163461538461538	0.0
Chlorobium sp903904495	2	1	1	100.0	5.0
Chlorobium sp903908555	2	1	1	0.0	0.0
Chlorobium sp903915955	5	10	10	40.0	1.0
Chlorobium sp903917955	2	1	1	0.0	0.0
Chlorobium sp903928225	5	10	10	20.0	0.0
Chlorobium sp903929845	5	10	10	10.0	0.0
Chlorobium sp903937835	6	15	15	46.666666666666664	1.0
Chlorobium sp903939765	3	3	3	0.0	1.0
Chlorobium sp903940125	14	91	91	41.75824175824176	1.0
Chlorobium sp903942355	2	1	1	0.0	1.0
Chlorobium sp903994365	6	15	15	6.666666666666667	0.0
Chlorobium sp903994455	13	78	78	21.794871794871796	1.0
Chlorobium sp903994525	27	351	351	32.47863247863248	1.0
Chlorobium sp903994635	12	66	66	31.818181818181817	1.0
Chlorobium_A marina	2	1	1	0.0	0.0
Chlorobium_A phaeobacteroides_A	3	3	3	66.66666666666667	4.0
Chloroflexus aurantiacus	4	6	6	66.66666666666667	4.0
Chloroflexus sp000516515	3	3	3	33.333333333333336	1.0
Chloroflexus sp000735195	5	10	10	90.0	10.0
Chlorogloeopsis fritschii	4	6	6	83.33333333333333	7.5
Choladocola avistercoris	3	3	3	0.0	1.0
Choladocola sp002491115	2	1	1	0.0	0.0
Choladocola sp003480725	8	28	28	92.85714285714286	10.0
Choladocola sp003481535	5	10	10	50.0	1.5
Choladocola sp009774135	3	3	3	33.333333333333336	1.0
Choladocola sp009774145	2	1	1	100.0	4.0
Choladocola sp009774155	2	1	1	0.0	0.0
Choladocola sp910574965	2	1	1	0.0	0.0
Choladocola sp910575445	5	10	10	100.0	6.0
Choladousia intestinavium	2	1	1	0.0	1.0
Choladousia intestinigallinarum	2	1	1	0.0	0.0
Choladousia sp900757145	2	1	1	0.0	0.0
Choladousia sp902363135	4	6	6	33.333333333333336	1.0
Choladousia sp902363665	2	1	1	100.0	3.0
Christensenella hongkongensis	3	3	3	100.0	7.0
Christensenella intestinihominis	2	1	1	0.0	0.0
Christensenella minuta	7	21	21	0.0	1.0
Christensenella timonensis	0	0	0	0	
Chromatium okenii_A	2	1	1	100.0	35.0
Chromatium sp903897335	2	1	1	100.0	2.0
Chromatocurvus halotolerans	2	1	1	0.0	0.0
Chromobacterium alkanivorans	2	1	1	100.0	2.0
Chromobacterium amazonense	3	3	3	100.0	34.0
Chromobacterium haemolyticum	13	78	78	91.02564102564102	9.0
Chromobacterium haemolyticum_A	2	1	1	100.0	5.0
Chromobacterium phragmitis	2	1	1	100.0	2.0
Chromobacterium sp002213445	0	0	0	0	
Chromobacterium sp016428945	2	1	1	100.0	4.0
Chromobacterium sphagni	2	1	1	100.0	5.0
Chromobacterium subtsugae	8	28	28	67.85714285714286	3.0
Chromobacterium vaccinii	4	6	6	100.0	7.0
Chromobacterium vaccinii_A	3	3	3	100.0	11.0
Chromobacterium violaceum	26	325	325	78.46153846153847	4.0
Chromohalobacter israelensis	6	15	15	73.33333333333333	4.0
Chromohalobacter japonicus	2	1	1	100.0	3.0
Chromulinavorax sp018062405	2	1	1	0.0	0.0
Chroococcidiopsis thermalis	7	21	21	100.0	15.0
Chryseobacterium aquaticum	2	1	1	100.0	6.0
Chryseobacterium aquaticum_A	2	1	1	0.0	0.0
Chryseobacterium aquifrigidense	2	1	1	100.0	2.0
Chryseobacterium arthrosphaerae	5	10	10	40.0	1.0
Chryseobacterium balustinum	3	3	3	0.0	0.0
Chryseobacterium bernardetii	3	3	3	0.0	0.0
Chryseobacterium bernardetii_A	2	1	1	100.0	2.0
Chryseobacterium binzhouense	2	1	1	100.0	16.0
Chryseobacterium candidae	3	3	3	100.0	4.0
Chryseobacterium carnipullorum	5	10	10	50.0	1.5
Chryseobacterium contaminans	2	1	1	0.0	1.0
Chryseobacterium cucumeris	5	10	10	90.0	4.0
Chryseobacterium culicis	3	3	3	33.333333333333336	1.0
Chryseobacterium culicis_A	3	3	3	0.0	1.0
Chryseobacterium daecheongense	0	0	0	0	
Chryseobacterium flavum	3	3	3	66.66666666666667	6.0
Chryseobacterium formosense	3	3	3	100.0	7.0
Chryseobacterium gallinarum	3	3	3	100.0	2.0
Chryseobacterium gambrini	3	3	3	66.66666666666667	2.0
Chryseobacterium geocarposphaerae	2	1	1	100.0	5.0
Chryseobacterium gleum	6	15	15	46.666666666666664	3.0
Chryseobacterium hispalense	2	1	1	0.0	0.0
Chryseobacterium indologenes	60	1770	1770	47.06214689265537	1.0
Chryseobacterium indologenes_B	5	10	10	80.0	5.0
Chryseobacterium indoltheticum	6	15	15	86.66666666666667	5.0
Chryseobacterium jejuense	2	1	1	100.0	2.0
Chryseobacterium joostei	3	3	3	0.0	0.0
Chryseobacterium lactis	3	3	3	0.0	0.0
Chryseobacterium lathyri	2	1	1	0.0	0.0
Chryseobacterium mucoviscidosis	7	21	21	95.23809523809524	6.0
Chryseobacterium nakagawai	2	1	1	0.0	0.0
Chryseobacterium nematophagum_A	2	1	1	100.0	10.0
Chryseobacterium nematophagum_B	2	1	1	100.0	3.0
Chryseobacterium oranimense	3	3	3	0.0	0.0
Chryseobacterium piperi	2	1	1	100.0	6.0
Chryseobacterium piscicola	2	1	1	100.0	2.0
Chryseobacterium piscium	3	3	3	66.66666666666667	5.0
Chryseobacterium populi	0	0	0	0	
Chryseobacterium rhizoplanae	2	1	1	100.0	5.0
Chryseobacterium rhizosphaerae	4	6	6	33.333333333333336	1.0
Chryseobacterium scophthalmum	5	10	10	60.0	11.0
Chryseobacterium sediminis	2	1	1	0.0	0.0
Chryseobacterium shandongense	4	6	6	83.33333333333333	3.5
Chryseobacterium shigense	2	1	1	100.0	2.0
Chryseobacterium shigense_A	0	0	0	0	
Chryseobacterium sp000799255	2	1	1	0.0	0.0
Chryseobacterium sp001456155	0	0	0	0	
Chryseobacterium sp001677955	2	1	1	0.0	0.0
Chryseobacterium sp003182335	5	10	10	100.0	31.5
Chryseobacterium sp003385515	0	0	0	0	
Chryseobacterium sp004119455	2	1	1	0.0	0.0
Chryseobacterium sp006829085	2	1	1	100.0	11.0
Chryseobacterium sp013153155	2	1	1	0.0	0.0
Chryseobacterium sp014779605	2	1	1	100.0	4.0
Chryseobacterium sp900128945	2	1	1	100.0	5.0
Chryseobacterium sp900156935	2	1	1	100.0	6.0
Chryseobacterium sp902728305	2	1	1	0.0	0.0
Chryseobacterium taihuense	3	3	3	66.66666666666667	3.0
Chryseobacterium viscerum	3	3	3	0.0	0.0
Chryseobacterium vrystaatense	2	1	1	100.0	5.0
Chryseoglobus frigidaquae	2	1	1	0.0	0.0
Chryseoglobus sp013823625	2	1	1	0.0	0.0
Chth-196 sp903916085	2	1	1	100.0	2.0
Chth-196 sp903919125	6	15	15	46.666666666666664	1.0
Chthoniobacter flavus	2	1	1	100.0	3.0
Chthoniobacter sp903874975	3	3	3	100.0	5.0
Chthonomonas calidirosea	4	6	6	0.0	0.0
Citricoccus sp000224415	2	1	1	0.0	0.0
Citrobacter braakii	140	9730	9730	74.39876670092498	4.0
Citrobacter europaeus	5	10	10	70.0	4.0
Citrobacter freundii	425	90100	90100	79.41953385127636	4.0
Citrobacter freundii_A	3	3	3	100.0	4.0
Citrobacter freundii_E	0	0	0	0	
Citrobacter gillenii	6	15	15	53.333333333333336	2.0
Citrobacter murliniae	3	3	3	0.0	0.5
Citrobacter portucalensis	92	4186	4186	69.39799331103679	3.0
Citrobacter portucalensis_A	0	0	0	0	
Citrobacter sp005281345	2	1	1	100.0	3.0
Citrobacter sp016811995	0	0	0	0	
Citrobacter werkmanii	61	1830	1830	63.9344262295082	3.0
Citrobacter youngae	38	703	703	73.39971550497866	3.0
Citrobacter_A amalonaticus	58	1653	1653	76.76950998185119	4.0
Citrobacter_A amalonaticus_E	2	1	1	0.0	0.0
Citrobacter_A farmeri	15	105	105	80.95238095238095	5.0
Citrobacter_A rodentium	4	6	6	66.66666666666667	7.5
Citrobacter_A sedlakii	9	36	36	72.22222222222223	2.5
Citrobacter_A telavivensis	2	1	1	100.0	2.0
Citrobacter_B koseri	105	5460	5460	60.27472527472528	3.0
Citrobacter_C amalonaticus_A	4	6	6	50.0	1.5
Clavibacter californiensis	2	1	1	0.0	1.0
Clavibacter capsici	5	10	10	50.0	1.5
Clavibacter insidiosus	7	21	21	76.19047619047619	4.0
Clavibacter michiganensis	49	1176	1176	51.36054421768708	2.0
Clavibacter michiganensis_K	3	3	3	100.0	5.0
Clavibacter nebraskensis	6	15	15	0.0	0.0
Clavibacter phaseoli	3	3	3	100.0	3.0
Clavibacter sepedonicus	4	6	6	83.33333333333333	2.0
Clavibacter sp003576405	2	1	1	100.0	3.0
Clavibacter tessellarius	3	3	3	0.0	0.0
Clavibacter zhangzhiyongii	2	1	1	0.0	0.0
Cloacibacillus evryensis	2	1	1	100.0	15.0
Cloacibacillus porcorum	4	6	6	66.66666666666667	2.5
Cloacibacterium normanense	4	6	6	0.0	0.0
Cloacibacterium sp002422665	3	3	3	33.333333333333336	0.0
Cloacimonas acidaminovorans	4	6	6	66.66666666666667	15.5
Cloacimonas sp002432865	5	10	10	30.0	0.5
Clostridioides difficile	2183	2381653	2381653	78.4620597542967	4.0
Clostridioides difficile_A	3	3	3	100.0	3.0
Clostridioides difficile_D	0	0	0	0	
Clostridioides_A mangenotii	2	1	1	100.0	4.0
Clostridioides_A sp002390935	4	6	6	33.333333333333336	1.0
Clostridium baratii	14	91	91	13.186813186813186	0.0
Clostridium beijerinckii	244	29646	29646	55.81866019024489	2.0
Clostridium botulinum_A	31	465	465	57.8494623655914	2.0
Clostridium butyricum	56	1540	1540	65.77922077922078	3.0
Clostridium cagae	6	15	15	53.333333333333336	2.0
Clostridium celatum	2	1	1	0.0	0.0
Clostridium chauvoei	5	10	10	70.0	2.0
Clostridium chromiireducens	3	3	3	66.66666666666667	4.0
Clostridium cuniculi	4	6	6	83.33333333333333	2.5
Clostridium disporicum	3	3	3	66.66666666666667	2.0
Clostridium gasigenes	10	45	45	48.888888888888886	1.0
Clostridium isatidis	2	1	1	0.0	1.0
Clostridium neonatale	11	55	55	76.36363636363636	3.0
Clostridium nigeriense	2	1	1	0.0	0.0
Clostridium paraputrificum	27	351	351	73.78917378917379	3.0
Clostridium saccharobutylicum	65	2080	2080	25.625	0.0
Clostridium saccharoperbutylacetonicum	7	21	21	47.61904761904762	1.0
Clostridium sartagoforme_A	2	1	1	100.0	2.0
Clostridium sartagoforme_B	2	1	1	0.0	1.0
Clostridium saudiense	13	78	78	74.35897435897436	3.0
Clostridium septicum	5	10	10	20.0	1.0
Clostridium sp000230835	2	1	1	100.0	3.0
Clostridium sp000435835	4	6	6	50.0	2.0
Clostridium sp000753455	2	1	1	100.0	3.0
Clostridium sp001916075	6	15	15	46.666666666666664	2.0
Clostridium sp002760435	2	1	1	0.0	0.0
Clostridium sp007115085	2	1	1	100.0	2.0
Clostridium sp015550425	2	1	1	100.0	4.0
Clostridium sp015555905	2	1	1	0.0	0.0
Clostridium sp018372875	2	1	1	0.0	1.0
Clostridium sp900317445	2	1	1	0.0	0.0
Clostridium sp900539375	4	6	6	83.33333333333333	2.5
Clostridium sp900540255	4	6	6	0.0	0.0
Clostridium sp900547475	3	3	3	66.66666666666667	2.0
Clostridium sp900759995	3	3	3	33.333333333333336	0.0
Clostridium tertium	14	91	91	61.53846153846154	3.0
Clostridium thermobutyricum	3	3	3	0.0	0.0
Clostridium_A leptum	9	36	36	63.888888888888886	3.5
Clostridium_AA polynesiense	0	0	0	0	
Clostridium_AD estertheticum	9	36	36	52.77777777777778	2.0
Clostridium_AD estertheticum_B	2	1	1	0.0	0.0
Clostridium_AD estertheticum_C	3	3	3	100.0	10.0
Clostridium_AD tagluense	2	1	1	100.0	7.0
Clostridium_AH fallax	2	1	1	0.0	0.0
Clostridium_AK sp900185645	3	3	3	66.66666666666667	3.0
Clostridium_AM aciditolerans	2	1	1	100.0	5.0
Clostridium_AM carboxidivorans	3	3	3	0.0	0.0
Clostridium_AM drakei	2	1	1	0.0	0.0
Clostridium_AM magnum	2	1	1	100.0	14.0
Clostridium_AO tetanomorphum	5	10	10	80.0	5.5
Clostridium_AP scindens	12	66	66	30.303030303030305	1.0
Clostridium_AP sp000509125	5	10	10	0.0	0.0
Clostridium_AQ innocuum	49	1176	1176	75.42517006802721	8.0
Clostridium_AQ sp000165065	6	15	15	60.0	6.0
Clostridium_AQ sp003481775	5	10	10	90.0	9.0
Clostridium_AQ sp900552125	2	1	1	0.0	1.0
Clostridium_B kluyveri	3	3	3	66.66666666666667	9.0
Clostridium_B ljungdahlii	8	28	28	82.14285714285714	4.0
Clostridium_B ragsdalei	2	1	1	100.0	3.0
Clostridium_B sp003497125	3	3	3	0.0	1.0
Clostridium_B sp902809985	3	3	3	66.66666666666667	2.0
Clostridium_B tyrobutyricum	31	465	465	47.526881720430104	1.0
Clostridium_E jeddahense	7	21	21	100.0	6.0
Clostridium_E merdae	2	1	1	0.0	0.0
Clostridium_E sp002397665	2	1	1	100.0	5.0
Clostridium_E sporosphaeroides	3	3	3	66.66666666666667	2.0
Clostridium_F botulinum	206	21115	21115	63.78403978214539	2.0
Clostridium_F botulinum_A	50	1225	1225	66.77551020408163	3.0
Clostridium_F niameyense	2	1	1	0.0	0.0
Clostridium_F sp001276215	2	1	1	0.0	0.0
Clostridium_F sporogenes	80	3160	3160	32.0253164556962	1.0
Clostridium_F tepidum	5	10	10	20.0	0.0
Clostridium_G cochlearium	10	45	45	44.44444444444444	1.0
Clostridium_G tetani	40	780	780	47.05128205128205	1.0
Clostridium_H botulinum_A	14	91	91	29.67032967032967	1.0
Clostridium_H botulinum_B	19	171	171	16.374269005847953	0.0
Clostridium_H haemolyticum	13	78	78	28.205128205128204	0.0
Clostridium_H homopropionicum	2	1	1	0.0	0.0
Clostridium_H massiliodielmoense	3	3	3	0.0	1.0
Clostridium_H novyi	7	21	21	28.571428571428573	0.0
Clostridium_H thermopalmarium	4	6	6	33.333333333333336	1.0
Clostridium_I pasteurianum	7	21	21	28.571428571428573	1.0
Clostridium_J argentinense	8	28	28	46.42857142857143	1.0
Clostridium_J ihumii	0	0	0	0	
Clostridium_J punense	2	1	1	100.0	5.0
Clostridium_J senegalense	4	6	6	66.66666666666667	4.5
Clostridium_J sp000821305	2	1	1	0.0	0.0
Clostridium_J sp900547625	3	3	3	33.333333333333336	1.0
Clostridium_J sulfidigenes	28	378	378	87.83068783068784	5.0
Clostridium_J tunisiense	3	3	3	33.333333333333336	1.0
Clostridium_K cellulovorans	2	1	1	0.0	0.0
Clostridium_L algidicarnis	14	91	91	35.16483516483517	1.0
Clostridium_L amazonitimonense	3	3	3	33.333333333333336	3.0
Clostridium_P massiliamazoniense	0	0	0	0	
Clostridium_P mediterraneense	0	0	0	0	
Clostridium_P perfringens	307	46971	46971	59.15777820357242	2.0
Clostridium_P ventriculi	7	21	21	0.0	0.0
Clostridium_Q fessum	30	435	435	72.41379310344827	8.0
Clostridium_Q saccharolyticum_A	7	21	21	23.80952380952381	1.5
Clostridium_Q sp000435655	8	28	28	50.0	2.0
Clostridium_Q sp009911305	2	1	1	100.0	4.0
Clostridium_Q sp910575795	4	6	6	50.0	5.0
Clostridium_Q symbiosum	30	435	435	81.37931034482759	6.0
Clostridium_R aminophilum	2	1	1	0.0	1.0
Clostridium_R sp003445895	11	55	55	7.2727272727272725	0.0
Clostridium_R sp900321915	2	1	1	0.0	0.0
Clostridium_R vitabionis	4	6	6	16.666666666666668	0.5
Clostridium_S acetobutylicum	18	153	153	39.869281045751634	1.0
Clostridium_S felsineum	0	0	0	0	
Clostridium_S pasteurianum_A	2	1	1	0.0	0.0
Clostridium_T intestinale	4	6	6	33.333333333333336	5.0
Clostridium_W aceticum	2	1	1	0.0	0.0
Clostridium_W formicaceticum	2	1	1	0.0	0.0
Clostridium_X cadaveris	7	21	21	85.71428571428571	3.0
Clostridium_Y paradoxum	2	1	1	0.0	0.0
Cnuella takakiae	2	1	1	0.0	1.0
Cnuibacter physcomitrellae	2	1	1	0.0	0.0
Cobetia amphilecti	17	136	136	72.79411764705883	2.0
Cobetia crustatorum	2	1	1	0.0	0.0
Cobetia marina	8	28	28	46.42857142857143	1.0
Cognaticolwellia aestuarii	2	1	1	0.0	1.0
Cognaticolwellia chukchiensis	2	1	1	100.0	2.0
Cognaticolwellia sp003061515	2	1	1	0.0	1.0
Cognaticolwellia sp014077005	11	55	55	98.18181818181819	6.0
Cognatishimia activa	2	1	1	100.0	2.0
Cohaesibacter gelatinilyticus	3	3	3	100.0	3.0
Cohaesibacter intestini	2	1	1	100.0	3.0
Cohnella algarum	3	3	3	33.333333333333336	17.0
Cohnella laeviribosi	2	1	1	100.0	6.0
Cohnella lubricantis	2	1	1	0.0	0.0
Cohnella phaseoli	2	1	1	100.0	17.0
Cohnella sp003001675	2	1	1	0.0	0.0
Cohnella sp003208555	2	1	1	0.0	0.0
Cohnella thailandensis	2	1	1	0.0	0.0
Cohnella xylanilytica	2	1	1	0.0	1.0
Collimonas arenae	2	1	1	0.0	0.0
Collimonas fungivorans_A	0	0	0	0	
Collimonas pratensis	3	3	3	100.0	12.0
Collimonas sp018304945	2	1	1	100.0	15.0
Collimonas sp900112135	0	0	0	0	
Collinsella aerofaciens	3	3	3	0.0	0.0
Collinsella aerofaciens_A	2	1	1	0.0	0.0
Collinsella aerofaciens_E	0	0	0	0	
Collinsella aerofaciens_F	7	21	21	66.66666666666667	3.0
Collinsella aerofaciens_G	20	190	190	64.73684210526316	2.0
Collinsella aerofaciens_H	14	91	91	86.81318681318682	3.0
Collinsella aerofaciens_I	4	6	6	50.0	1.0
Collinsella aerofaciens_J	6	15	15	66.66666666666667	2.0
Collinsella aerofaciens_K	5	10	10	30.0	0.0
Collinsella aerofaciens_L	2	1	1	0.0	1.0
Collinsella aerofaciens_M	15	105	105	55.23809523809524	2.0
Collinsella aerofaciens_N	2	1	1	100.0	4.0
Collinsella aerofaciens_O	7	21	21	76.19047619047619	4.0
Collinsella aerofaciens_P	3	3	3	0.0	1.0
Collinsella aerofaciens_Q	3	3	3	100.0	2.0
Collinsella aerofaciens_R	2	1	1	100.0	3.0
Collinsella aerofaciens_S	2	1	1	0.0	0.0
Collinsella aerofaciens_T	2	1	1	100.0	2.0
Collinsella aerofaciens_V	2	1	1	0.0	1.0
Collinsella bouchesdurhonensis	8	28	28	39.285714285714285	2.0
Collinsella ihuae	2	1	1	100.0	24.0
Collinsella intestinalis	14	91	91	19.78021978021978	0.0
Collinsella phocaeensis	2	1	1	0.0	0.0
Collinsella provencensis	2	1	1	0.0	1.0
Collinsella sp000763055	0	0	0	0	
Collinsella sp002232035	31	465	465	69.24731182795699	3.0
Collinsella sp002305035	2	1	1	100.0	2.0
Collinsella sp002391315	15	105	105	36.19047619047619	1.0
Collinsella sp003436275	16	120	120	73.33333333333333	3.0
Collinsella sp003437035	4	6	6	83.33333333333333	3.0
Collinsella sp003438495	2	1	1	0.0	0.0
Collinsella sp003439125	15	105	105	64.76190476190476	2.0
Collinsella sp003458415	7	21	21	42.857142857142854	1.0
Collinsella sp003459245	12	66	66	54.54545454545455	2.0
Collinsella sp003459505	3	3	3	66.66666666666667	7.0
Collinsella sp003462685	2	1	1	0.0	1.0
Collinsella sp003465825	6	15	15	60.0	2.0
Collinsella sp003466125	19	171	171	69.00584795321637	3.0
Collinsella sp003469185	4	6	6	16.666666666666668	1.0
Collinsella sp003469205	15	105	105	71.42857142857143	3.0
Collinsella sp003470665	0	0	0	0	
Collinsella sp003471585	0	0	0	0	
Collinsella sp003479805	5	10	10	40.0	1.0
Collinsella sp003487125	2	1	1	0.0	1.0
Collinsella sp008014645	3	3	3	33.333333333333336	0.0
Collinsella sp014871665	2	1	1	0.0	0.0
Collinsella sp018378775	2	1	1	100.0	5.0
Collinsella sp018380015	8	28	28	64.28571428571429	2.5
Collinsella sp018380195	2	1	1	0.0	1.0
Collinsella sp019041915	6	15	15	46.666666666666664	1.0
Collinsella sp900539035	2	1	1	0.0	0.0
Collinsella sp900540095	2	1	1	0.0	1.0
Collinsella sp900540845	2	1	1	0.0	0.0
Collinsella sp900540855	3	3	3	0.0	0.0
Collinsella sp900540875	2	1	1	100.0	2.0
Collinsella sp900540895	2	1	1	100.0	2.0
Collinsella sp900540905	2	1	1	0.0	0.0
Collinsella sp900540935	3	3	3	66.66666666666667	6.0
Collinsella sp900540945	5	10	10	10.0	0.0
Collinsella sp900540985	3	3	3	66.66666666666667	2.0
Collinsella sp900540995	2	1	1	0.0	0.0
Collinsella sp900541015	3	3	3	100.0	2.0
Collinsella sp900541055	4	6	6	100.0	4.0
Collinsella sp900541125	10	45	45	71.11111111111111	3.0
Collinsella sp900541145	9	36	36	86.11111111111111	5.0
Collinsella sp900541205	2	1	1	100.0	2.0
Collinsella sp900541235	2	1	1	100.0	12.0
Collinsella sp900541245	2	1	1	0.0	0.0
Collinsella sp900541285	3	3	3	100.0	5.0
Collinsella sp900541475	4	6	6	83.33333333333333	2.5
Collinsella sp900541645	2	1	1	100.0	3.0
Collinsella sp900541665	2	1	1	0.0	0.0
Collinsella sp900541685	2	1	1	0.0	1.0
Collinsella sp900541695	2	1	1	100.0	3.0
Collinsella sp900541725	2	1	1	0.0	0.0
Collinsella sp900541745	9	36	36	38.888888888888886	1.0
Collinsella sp900541785	2	1	1	0.0	0.0
Collinsella sp900541855	2	1	1	100.0	4.0
Collinsella sp900541875	3	3	3	66.66666666666667	4.0
Collinsella sp900541885	2	1	1	0.0	0.0
Collinsella sp900542085	2	1	1	0.0	0.0
Collinsella sp900542155	2	1	1	0.0	0.0
Collinsella sp900542165	3	3	3	33.333333333333336	1.0
Collinsella sp900542235	2	1	1	100.0	6.0
Collinsella sp900542275	2	1	1	0.0	1.0
Collinsella sp900542325	2	1	1	0.0	0.0
Collinsella sp900542945	2	1	1	0.0	0.0
Collinsella sp900543275	6	15	15	66.66666666666667	3.0
Collinsella sp900543515	2	1	1	0.0	0.0
Collinsella sp900543845	3	3	3	66.66666666666667	3.0
Collinsella sp900543945	3	3	3	66.66666666666667	8.0
Collinsella sp900544115	4	6	6	83.33333333333333	5.0
Collinsella sp900544135	2	1	1	100.0	4.0
Collinsella sp900544205	2	1	1	0.0	0.0
Collinsella sp900544225	3	3	3	0.0	0.0
Collinsella sp900544235	3	3	3	66.66666666666667	3.0
Collinsella sp900544385	2	1	1	100.0	7.0
Collinsella sp900544465	2	1	1	0.0	0.0
Collinsella sp900544755	2	1	1	0.0	0.0
Collinsella sp900544845	2	1	1	0.0	0.0
Collinsella sp900544995	2	1	1	0.0	0.0
Collinsella sp900545075	2	1	1	100.0	6.0
Collinsella sp900545445	3	3	3	66.66666666666667	2.0
Collinsella sp900545615	2	1	1	100.0	2.0
Collinsella sp900545665	2	1	1	100.0	2.0
Collinsella sp900545745	2	1	1	0.0	0.0
Collinsella sp900545875	2	1	1	0.0	0.0
Collinsella sp900546115	3	3	3	66.66666666666667	5.0
Collinsella sp900546825	2	1	1	0.0	0.0
Collinsella sp900547025	2	1	1	0.0	0.0
Collinsella sp900547125	2	1	1	0.0	0.0
Collinsella sp900547345	2	1	1	100.0	10.0
Collinsella sp900547855	2	1	1	100.0	4.0
Collinsella sp900548255	2	1	1	0.0	0.0
Collinsella sp900548265	2	1	1	0.0	0.0
Collinsella sp900548365	2	1	1	0.0	0.0
Collinsella sp900549025	3	3	3	100.0	3.0
Collinsella sp900549085	2	1	1	100.0	3.0
Collinsella sp900549275	3	3	3	0.0	0.0
Collinsella sp900549355	2	1	1	100.0	6.0
Collinsella sp900549455	2	1	1	100.0	5.0
Collinsella sp900549555	3	3	3	33.333333333333336	1.0
Collinsella sp900549655	2	1	1	0.0	0.0
Collinsella sp900549715	2	1	1	0.0	0.0
Collinsella sp900549745	2	1	1	0.0	0.0
Collinsella sp900550205	4	6	6	83.33333333333333	4.0
Collinsella sp900550415	2	1	1	0.0	0.0
Collinsella sp900550815	2	1	1	100.0	11.0
Collinsella sp900550825	2	1	1	0.0	0.0
Collinsella sp900550835	4	6	6	66.66666666666667	3.5
Collinsella sp900551015	2	1	1	100.0	2.0
Collinsella sp900551185	2	1	1	100.0	2.0
Collinsella sp900551195	4	6	6	83.33333333333333	7.5
Collinsella sp900551205	4	6	6	33.333333333333336	1.0
Collinsella sp900551305	9	36	36	25.0	1.0
Collinsella sp900551555	2	1	1	0.0	1.0
Collinsella sp900551605	2	1	1	0.0	0.0
Collinsella sp900551635	2	1	1	100.0	3.0
Collinsella sp900552145	2	1	1	100.0	13.0
Collinsella sp900552155	3	3	3	100.0	8.0
Collinsella sp900552385	2	1	1	100.0	2.0
Collinsella sp900552425	2	1	1	100.0	7.0
Collinsella sp900552995	3	3	3	66.66666666666667	4.0
Collinsella sp900553215	2	1	1	100.0	5.0
Collinsella sp900553935	2	1	1	0.0	0.0
Collinsella sp900554135	2	1	1	100.0	4.0
Collinsella sp900554155	2	1	1	0.0	0.0
Collinsella sp900554455	3	3	3	100.0	6.0
Collinsella sp900554595	2	1	1	100.0	4.0
Collinsella sp900554655	2	1	1	0.0	0.0
Collinsella sp900554665	2	1	1	0.0	0.0
Collinsella sp900555355	2	1	1	100.0	9.0
Collinsella sp900555585	2	1	1	0.0	0.0
Collinsella sp900555765	2	1	1	0.0	0.0
Collinsella sp900555955	2	1	1	0.0	0.0
Collinsella sp900556445	4	6	6	50.0	1.5
Collinsella sp900556495	3	3	3	33.333333333333336	0.0
Collinsella sp900556675	2	1	1	100.0	4.0
Collinsella sp900751665	2	1	1	0.0	0.0
Collinsella sp900751695	2	1	1	0.0	1.0
Collinsella sp900751755	2	1	1	0.0	0.0
Collinsella sp900752015	2	1	1	0.0	1.0
Collinsella sp900752215	2	1	1	0.0	1.0
Collinsella sp900752425	2	1	1	100.0	2.0
Collinsella sp900752475	2	1	1	0.0	0.0
Collinsella sp900752545	2	1	1	0.0	0.0
Collinsella sp900754075	2	1	1	0.0	1.0
Collinsella sp900754275	3	3	3	100.0	5.0
Collinsella sp900754385	2	1	1	0.0	1.0
Collinsella sp900754435	2	1	1	100.0	3.0
Collinsella sp900754445	2	1	1	0.0	0.0
Collinsella sp900754525	4	6	6	50.0	1.5
Collinsella sp900754745	3	3	3	66.66666666666667	2.0
Collinsella sp900755005	2	1	1	100.0	4.0
Collinsella sp900755685	3	3	3	0.0	0.0
Collinsella sp900756725	2	1	1	0.0	1.0
Collinsella sp900757185	2	1	1	0.0	0.0
Collinsella sp900757205	2	1	1	100.0	10.0
Collinsella sp900757705	2	1	1	100.0	3.0
Collinsella sp900758375	8	28	28	28.571428571428573	0.0
Collinsella sp900758475	4	6	6	66.66666666666667	4.5
Collinsella sp900758845	2	1	1	0.0	0.0
Collinsella sp900759335	2	1	1	100.0	2.0
Collinsella sp900759565	3	3	3	66.66666666666667	3.0
Collinsella sp900760905	2	1	1	0.0	0.0
Collinsella sp900761615	2	1	1	0.0	0.0
Collinsella sp900764955	3	3	3	0.0	0.0
Collinsella sp900768795	2	1	1	0.0	0.0
Collinsella sp902362275	7	21	21	47.61904761904762	1.0
Collinsella sp902363125	2	1	1	100.0	2.0
Collinsella sp902363875	6	15	15	33.333333333333336	1.0
Collinsella sp902364645	2	1	1	0.0	0.0
Collinsella sp902388345	3	3	3	0.0	0.0
Collinsella sp902399975	3	3	3	0.0	0.0
Collinsella sp902405995	5	10	10	50.0	1.5
Collinsella sp902835305	3	3	3	66.66666666666667	5.0
Collinsella sp905197585	2	1	1	100.0	4.0
Collinsella sp905208345	2	1	1	0.0	0.0
Collinsella sp905208635	4	6	6	50.0	1.5
Collinsella sp905209455	2	1	1	0.0	0.0
Collinsella sp905213265	3	3	3	66.66666666666667	2.0
Collinsella sp905214435	5	10	10	70.0	3.5
Collinsella sp905215065	12	66	66	75.75757575757575	3.0
Collinsella sp905215095	2	1	1	100.0	7.0
Collinsella sp905215385	16	120	120	35.0	1.0
Collinsella sp905215765	2	1	1	100.0	8.0
Collinsella sp905215815	3	3	3	100.0	4.0
Collinsella sp905215945	4	6	6	100.0	13.0
Collinsella sp905216045	2	1	1	100.0	4.0
Collinsella stercoripullorum	2	1	1	0.0	0.0
Collinsella stercoris	4	6	6	83.33333333333333	4.5
Collinsella tanakaei	5	10	10	30.0	0.0
Collinsella tanakaei_A	2	1	1	0.0	0.0
Collinsella vaginalis	2	1	1	100.0	5.0
Colwellia marinimaniae	3	3	3	66.66666666666667	5.0
Colwellia psychrerythraea_A	2	1	1	100.0	5.0
Colwellia sp002733765	2	1	1	100.0	3.0
Colwellia sp013214175	2	1	1	100.0	6.0
Colwellia sp013215465	2	1	1	100.0	11.0
Colwellia_A hornerae	3	3	3	0.0	0.0
Colwellia_A sp001767295	17	136	136	69.8529411764706	3.0
Colwellia_A sp014076845	8	28	28	75.0	2.0
Comamonas acidovorans	39	741	741	87.71929824561404	6.0
Comamonas aquatica	6	15	15	93.33333333333333	8.0
Comamonas denitrificans_A	4	6	6	16.666666666666668	0.0
Comamonas jiangduensis	3	3	3	100.0	92.0
Comamonas kerstersii	10	45	45	55.55555555555556	2.0
Comamonas koreensis	4	6	6	50.0	2.0
Comamonas odontotermitis	0	0	0	0	
Comamonas sp002472915	5	10	10	90.0	16.0
Comamonas sp014836675	2	1	1	100.0	4.0
Comamonas terrigena	7	21	21	80.95238095238095	3.0
Comamonas testosteroni	6	15	15	40.0	1.0
Comamonas testosteroni_B	10	45	45	97.77777777777777	9.0
Comamonas testosteroni_C	4	6	6	83.33333333333333	5.5
Comamonas thiooxydans	27	351	351	88.6039886039886	6.0
Comamonas tsuruhatensis	23	253	253	88.53754940711462	11.0
Comamonas_C badia	2	1	1	0.0	0.0
Comamonas_C sp001725255	4	6	6	16.666666666666668	0.5
Comamonas_F sediminis	2	1	1	100.0	5.0
Commensalibacter intestini	2	1	1	0.0	0.0
Commensalibacter sp003202795	26	325	325	56.30769230769231	2.0
Companilactobacillus alimentarius	3	3	3	0.0	0.0
Companilactobacillus allii	2	1	1	100.0	2.0
Companilactobacillus crustorum	5	10	10	90.0	3.0
Companilactobacillus farciminis	6	15	15	6.666666666666667	0.0
Companilactobacillus formosensis	2	1	1	0.0	0.0
Companilactobacillus futsaii	7	21	21	47.61904761904762	1.0
Companilactobacillus halodurans	2	1	1	0.0	0.0
Companilactobacillus heilongjiangensis	2	1	1	0.0	0.0
Companilactobacillus kimchii	4	6	6	0.0	0.5
Companilactobacillus metriopterae	2	1	1	0.0	0.0
Companilactobacillus mindensis	2	1	1	0.0	0.0
Companilactobacillus mishanensis	4	6	6	16.666666666666668	0.0
Companilactobacillus musae	2	1	1	0.0	0.0
Companilactobacillus nantensis	2	1	1	0.0	0.0
Companilactobacillus nodensis	3	3	3	0.0	0.0
Companilactobacillus pabuli	4	6	6	66.66666666666667	2.0
Companilactobacillus paralimentarius	4	6	6	0.0	0.0
Companilactobacillus paralimentarius_A	3	3	3	0.0	1.0
Companilactobacillus versmoldensis	2	1	1	0.0	0.0
Companilactobacillus zhachilii	2	1	1	0.0	0.0
Competibacter_A denitrificans	5	10	10	10.0	0.0
Competibacter_A sp002391525	2	1	1	100.0	3.0
Competibacter_A sp002433805	6	15	15	46.666666666666664	1.0
Competibacter_A sp016713505	5	10	10	90.0	5.5
Conchiformibius steedae	3	3	3	66.66666666666667	3.0
Conexivisphaera sp011054345	2	1	1	100.0	3.0
Contendobacter odensis_A	4	6	6	100.0	16.0
Contendobacter sp002352185	2	1	1	0.0	0.0
Convivina intestini	2	1	1	0.0	0.0
Coprenecus pullicola	2	1	1	100.0	3.0
Coprenecus sp000432775	3	3	3	66.66666666666667	4.0
Coprenecus sp017630155	3	3	3	66.66666666666667	2.0
Coprenecus sp900550465	2	1	1	0.0	1.0
Coprenecus sp900769885	8	28	28	7.142857142857143	0.0
Coprenecus sp902388455	3	3	3	0.0	0.0
Coprobacillus cateniformis	11	55	55	52.72727272727273	3.0
Coprobacter fastidiosus	12	66	66	34.84848484848485	2.0
Coprobacter secundus	5	10	10	40.0	4.0
Coprobacter sp900545915	3	3	3	100.0	12.0
Coprococcus eutactus	7	21	21	47.61904761904762	2.0
Coprococcus eutactus_A	32	496	496	34.67741935483871	0.0
Coprococcus sp000154245	5	10	10	40.0	1.0
Coprococcus sp000433075	5	10	10	0.0	0.0
Coprococcus sp900066115	20	190	190	35.78947368421053	1.0
Coprococcus sp900548215	3	3	3	33.333333333333336	1.0
Coprococcus_A catus	4	6	6	16.666666666666668	0.0
Coprococcus_A sp900548825	4	6	6	33.333333333333336	1.0
Coprocola pullicola	3	3	3	0.0	0.0
Coprocola sp000364165	2	1	1	100.0	2.0
Coprocola sp910575055	2	1	1	100.0	7.0
Copromonas avistercoris	4	6	6	0.0	0.5
Copromonas faecavium	3	3	3	0.0	1.0
Copromonas sp000435795	4	6	6	33.333333333333336	3.0
Copromonas sp009917545	4	6	6	100.0	3.0
Copromonas sp900066055	4	6	6	50.0	2.0
Copromonas sp900066535	20	190	190	60.0	4.0
Copromonas sp900066785	9	36	36	66.66666666666667	3.5
Copromonas sp900541255	4	6	6	33.333333333333336	0.5
Copromorpha excrementavium	3	3	3	0.0	0.0
Copromorpha excrementipullorum	3	3	3	0.0	1.0
Copromorpha sp017416795	2	1	1	0.0	1.0
Copromorpha sp900066305	3	3	3	66.66666666666667	2.0
Copromorpha sp900545775	4	6	6	0.0	0.0
Copromorpha sp900549125	4	6	6	33.333333333333336	0.5
Copromorpha sp902797195	2	1	1	0.0	0.0
Coproplasma avistercoris	3	3	3	33.333333333333336	0.0
Coproplasma excrementavium	2	1	1	0.0	0.0
Coproplasma excrementigallinarum	2	1	1	0.0	0.0
Coproplasma sp003979335	2	1	1	0.0	1.0
Coproplasma sp013316055	2	1	1	100.0	3.0
Coproplasma stercoravium	3	3	3	33.333333333333336	1.0
Coproplasma stercorigallinarum	4	6	6	50.0	3.0
Coprosoma intestinipullorum	4	6	6	16.666666666666668	1.0
Coprosoma sp900318075	2	1	1	0.0	0.0
Coprosoma sp900546055	2	1	1	100.0	3.0
Coprosoma sp902783895	2	1	1	0.0	1.0
Coprothermobacter proteolyticus	6	15	15	0.0	0.0
Coprousia sp002159335	2	1	1	0.0	0.0
Coprousia sp002159765	3	3	3	66.66666666666667	7.0
Coprovicinus avistercoris	3	3	3	0.0	1.0
Coprovivens sp002362595	2	1	1	0.0	0.0
Coprovivens sp015059245	2	1	1	0.0	0.0
Coprovivens sp900552975	3	3	3	0.0	0.0
Coraliomargarita sp002469895	4	6	6	33.333333333333336	0.5
Corallincola luteus	3	3	3	66.66666666666667	2.0
Corallococcus coralloides	6	15	15	100.0	14.0
Corallococcus exercitus	3	3	3	100.0	10.0
Corallococcus exiguus	16	120	120	100.0	14.0
Corallococcus interemptor	2	1	1	100.0	6.0
Corallococcus sp003600865	2	1	1	100.0	5.0
Corallococcus sp003612115	2	1	1	100.0	12.0
Corallococcus sp009909145	2	1	1	100.0	9.0
Corticimicrobacter populi	2	1	1	100.0	3.0
Corynebacterium accolens	10	45	45	4.444444444444445	2.0
Corynebacterium afermentans	3	3	3	0.0	0.0
Corynebacterium ammoniagenes	5	10	10	0.0	0.0
Corynebacterium amycolatum	31	465	465	15.053763440860216	0.0
Corynebacterium amycolatum_A	40	780	780	8.076923076923077	0.0
Corynebacterium anserum	2	1	1	0.0	0.0
Corynebacterium argentoratense	3	3	3	100.0	2.0
Corynebacterium aurimucosum	3	3	3	66.66666666666667	4.0
Corynebacterium aurimucosum_C	18	153	153	18.30065359477124	3.5
Corynebacterium aurimucosum_E	4	6	6	50.0	2.5
Corynebacterium auriscanis	2	1	1	0.0	
Corynebacterium bouchesdurhonense	0	0	0	0	
Corynebacterium bovis	23	253	253	79.05138339920948	6.0
Corynebacterium callunae	2	1	1	100.0	5.0
Corynebacterium camporealensis	2	1	1	0.0	0.0
Corynebacterium casei	5	10	10	80.0	2.0
Corynebacterium coyleae	15	105	105	6.666666666666667	3.0
Corynebacterium cystitidis	2	1	1	0.0	1.0
Corynebacterium dentalis	2	1	1	0.0	0.0
Corynebacterium diphtheriae	336	56280	56280	74.38521677327647	3.0
Corynebacterium doosanense	2	1	1	0.0	1.0
Corynebacterium durum	4	6	6	0.0	0.0
Corynebacterium efficiens	2	1	1	0.0	
Corynebacterium falsenii	2	1	1	100.0	4.0
Corynebacterium flavescens	6	15	15	13.333333333333334	0.0
Corynebacterium freneyi	4	6	6	33.333333333333336	3.0
Corynebacterium glucuronolyticum	8	28	28	10.714285714285714	0.0
Corynebacterium glutamicum	74	2701	2701	72.38059977786006	4.0
Corynebacterium gottingense	11	55	55	87.27272727272727	4.0
Corynebacterium halotolerans	2	1	1	0.0	0.0
Corynebacterium heidelbergense	2	1	1	0.0	1.0
Corynebacterium humireducens	3	3	3	66.66666666666667	2.0
Corynebacterium imitans	2	1	1	0.0	0.0
Corynebacterium jeikeium	9	36	36	50.0	1.5
Corynebacterium jeikeium_A	3	3	3	66.66666666666667	2.0
Corynebacterium kefirresidentii	9	36	36	11.11111111111111	1.0
Corynebacterium kroppenstedtii	2	1	1	0.0	0.0
Corynebacterium kroppenstedtii_A	2	1	1	0.0	0.0
Corynebacterium kutscheri	4	6	6	66.66666666666667	2.0
Corynebacterium liangguodongii	2	1	1	0.0	0.0
Corynebacterium lizhenjunii	2	1	1	100.0	6.0
Corynebacterium macginleyi	26	325	325	67.38461538461539	3.0
Corynebacterium marinum	3	3	3	0.0	0.0
Corynebacterium mastitidis	2	1	1	100.0	3.0
Corynebacterium matruchotii	9	36	36	19.444444444444443	0.0
Corynebacterium minutissimum	6	15	15	0.0	0.0
Corynebacterium minutissimum_A	16	120	120	17.5	8.0
Corynebacterium minutissimum_B	3	3	3	66.66666666666667	4.0
Corynebacterium mucifaciens	2	1	1	0.0	0.0
Corynebacterium nuruki	3	3	3	66.66666666666667	9.0
Corynebacterium otitidis	3	3	3	33.333333333333336	0.0
Corynebacterium pacaense	2	1	1	0.0	0.0
Corynebacterium pelargi	2	1	1	100.0	4.0
Corynebacterium phocae	2	1	1	100.0	2.0
Corynebacterium phoceense	10	45	45	8.88888888888889	9.0
Corynebacterium pilosum	3	3	3	33.333333333333336	0.0
Corynebacterium pollutisoli	2	1	1	0.0	0.0
Corynebacterium propinquum	10	45	45	66.66666666666667	2.0
Corynebacterium provencense	3	3	3	33.333333333333336	15.0
Corynebacterium pseudodiphtheriticum	9	36	36	8.333333333333334	1.0
Corynebacterium pseudotuberculosis	130	8385	8385	64.7227191413238	2.0
Corynebacterium pyruviciproducens	0	0	0	0	
Corynebacterium qintianiae	2	1	1	0.0	1.0
Corynebacterium renale	5	10	10	80.0	2.0
Corynebacterium riegelii	4	6	6	50.0	4.0
Corynebacterium sanguinis	6	15	15	86.66666666666667	4.0
Corynebacterium silvaticum	7	21	21	28.571428571428573	0.0
Corynebacterium simulans	10	45	45	4.444444444444445	3.0
Corynebacterium singulare	3	3	3	33.333333333333336	10.0
Corynebacterium sp000478175	3	3	3	0.0	
Corynebacterium sp001764565	0	0	0	0	
Corynebacterium sp001767255	4	6	6	0.0	0.0
Corynebacterium sp001807205	8	28	28	10.714285714285714	3.0
Corynebacterium sp001807265	2	1	1	0.0	
Corynebacterium sp001807485	0	0	0	0	
Corynebacterium sp001815985	3	3	3	33.333333333333336	6.0
Corynebacterium sp001831515	2	1	1	0.0	
Corynebacterium sp001836165	3	3	3	0.0	
Corynebacterium sp002363255	2	1	1	0.0	0.0
Corynebacterium sp007904105	3	3	3	66.66666666666667	3.0
Corynebacterium sp008930665	18	153	153	0.0	0.0
Corynebacterium sp014117265	2	1	1	0.0	0.0
Corynebacterium sp014267345	2	1	1	0.0	0.0
Corynebacterium sp014490555	3	3	3	0.0	0.0
Corynebacterium sp014490575	7	21	21	4.761904761904762	0.0
Corynebacterium sp014490595	3	3	3	100.0	2.0
Corynebacterium sp019209935	0	0	0	0	
Corynebacterium sp900539985	2	1	1	0.0	0.0
Corynebacterium sp902373425	0	0	0	0	
Corynebacterium spheniscorum	2	1	1	0.0	1.0
Corynebacterium stationis	11	55	55	47.27272727272727	1.0
Corynebacterium striatum	35	595	595	73.27731092436974	5.0
Corynebacterium timonense	2	1	1	0.0	0.0
Corynebacterium tuberculostearicum	3	3	3	0.0	0.0
Corynebacterium tuberculostearicum_C	2	1	1	100.0	2.0
Corynebacterium tuscaniense	3	3	3	66.66666666666667	5.0
Corynebacterium ulcerans	36	630	630	23.333333333333332	0.0
Corynebacterium urealyticum	9	36	36	94.44444444444444	14.0
Corynebacterium variabile	8	28	28	89.28571428571429	5.5
Corynebacterium vitaeruminis	3	3	3	33.333333333333336	1.0
Corynebacterium xerosis	7	21	21	19.047619047619047	0.0
Corynebacterium yudongzhengii	2	1	1	100.0	2.0
Coxiella burnetii	69	2346	2346	60.10230179028133	5.0
Coxiella mudrowiae	3	3	3	0.0	0.0
Coxiella sp000815025	2	1	1	0.0	0.0
Coxiella sp002871095	2	1	1	0.0	1.0
Crateriforma conspicua	2	1	1	100.0	17.0
Crateriforma spongiae	2	1	1	100.0	9.0
Crenobacter cavernae	2	1	1	100.0	2.0
Crenobacter luteus	2	1	1	100.0	3.0
Cribrihabitans marinus	2	1	1	0.0	0.0
Criibacterium bergeronii	3	3	3	66.66666666666667	5.0
Croceibacter atlanticus	6	15	15	13.333333333333334	0.0
Croceibacterium atlanticum	2	1	1	0.0	0.0
Croceibacterium sp001897135	2	1	1	0.0	0.0
Croceibacterium sp002279825	2	1	1	0.0	0.0
Croceicoccus marinus	2	1	1	100.0	6.0
Croceicoccus mobilis	2	1	1	0.0	0.0
Croceicoccus naphthovorans	2	1	1	0.0	0.0
Croceicoccus pelagius	2	1	1	0.0	0.0
Croceicoccus sp002694745	2	1	1	100.0	3.0
Croceimicrobium sp002501205	2	1	1	0.0	0.0
Croceitalea sp013001145	5	10	10	0.0	0.0
Croceivirga lutea	0	0	0	0	
Croceivirga radicis	2	1	1	0.0	0.0
Croceivirga sp005144745	2	1	1	0.0	0.0
Crocosphaera subtropica	0	0	0	0	
Crocosphaera watsonii	4	6	6	83.33333333333333	27.0
Cronobacter condimenti	3	3	3	100.0	4.0
Cronobacter dublinensis	33	528	528	77.27272727272727	3.0
Cronobacter malonaticus	61	1830	1830	59.23497267759563	2.0
Cronobacter muytjensii	8	28	28	50.0	1.0
Cronobacter sakazakii	437	95266	95266	72.02044800873344	3.0
Cronobacter turicensis	16	120	120	55.833333333333336	2.0
Cronobacter universalis	4	6	6	50.0	39.0
Crossiella equi	2	1	1	100.0	3.0
Cruoricaptor ignavus	2	1	1	100.0	4.0
Cryobacterium breve	2	1	1	0.0	0.0
Cryobacterium flavum	6	15	15	93.33333333333333	8.0
Cryobacterium levicorallinum	9	36	36	94.44444444444444	6.0
Cryobacterium luteum	3	3	3	66.66666666666667	4.0
Cryobacterium psychrophilum	2	1	1	100.0	2.0
Cryobacterium psychrotolerans	4	6	6	83.33333333333333	6.0
Cryobacterium roopkundense	2	1	1	0.0	0.0
Cryobacterium sp002929495	2	1	1	100.0	6.0
Cryobacterium sp002929805	2	1	1	100.0	7.0
Cryobacterium sp002929825	4	6	6	100.0	9.0
Cryobacterium sp002929845	15	105	105	97.14285714285714	8.0
Cryobacterium sp004402235	7	21	21	71.42857142857143	3.0
Cryobacterium sp004402495	2	1	1	100.0	2.0
Cryobacterium sp004402595	6	15	15	66.66666666666667	2.0
Cryobacterium sp004403465	2	1	1	100.0	2.0
Cryobacterium sp004403985	2	1	1	100.0	5.0
Cryobacterium zongtaii	11	55	55	81.81818181818181	5.0
Cryosericum hinesii	6	15	15	53.333333333333336	3.0
Cryosericum odellii	4	6	6	66.66666666666667	2.0
Cryosericum sp903871855	8	28	28	7.142857142857143	0.0
Cryosericum terrychapinii	2	1	1	0.0	0.0
Cryptobacterium curtum	2	1	1	0.0	0.0
Cryptobacteroides avistercoris	3	3	3	100.0	2.0
Cryptobacteroides excrementigallinarum	2	1	1	100.0	4.0
Cryptobacteroides pullicola	3	3	3	33.333333333333336	1.0
Cryptobacteroides sp000431015	9	36	36	91.66666666666667	4.0
Cryptobacteroides sp000432515	4	6	6	50.0	5.5
Cryptobacteroides sp000432655	6	15	15	53.333333333333336	2.0
Cryptobacteroides sp000433355	6	15	15	66.66666666666667	3.0
Cryptobacteroides sp000434935	4	6	6	100.0	4.5
Cryptobacteroides sp000435075	4	6	6	83.33333333333333	7.0
Cryptobacteroides sp002297815	6	15	15	73.33333333333333	3.0
Cryptobacteroides sp002298075	3	3	3	0.0	1.0
Cryptobacteroides sp002308935	4	6	6	33.333333333333336	0.5
Cryptobacteroides sp002314195	7	21	21	42.857142857142854	1.0
Cryptobacteroides sp002321335	3	3	3	0.0	1.0
Cryptobacteroides sp002350615	4	6	6	66.66666666666667	2.0
Cryptobacteroides sp002354005	14	91	91	90.10989010989012	4.0
Cryptobacteroides sp002361625	6	15	15	100.0	7.0
Cryptobacteroides sp002371115	4	6	6	83.33333333333333	5.5
Cryptobacteroides sp002373715	2	1	1	100.0	2.0
Cryptobacteroides sp002393895	3	3	3	100.0	4.0
Cryptobacteroides sp002393945	4	6	6	83.33333333333333	8.5
Cryptobacteroides sp002395605	2	1	1	0.0	0.0
Cryptobacteroides sp002396335	2	1	1	0.0	1.0
Cryptobacteroides sp002437305	9	36	36	11.11111111111111	1.0
Cryptobacteroides sp002438635	10	45	45	33.333333333333336	1.0
Cryptobacteroides sp002438805	4	6	6	33.333333333333336	0.0
Cryptobacteroides sp002438845	3	3	3	100.0	4.0
Cryptobacteroides sp002439095	5	10	10	30.0	1.0
Cryptobacteroides sp002439585	7	21	21	38.095238095238095	1.0
Cryptobacteroides sp002439805	7	21	21	76.19047619047619	3.0
Cryptobacteroides sp002451795	10	45	45	20.0	0.0
Cryptobacteroides sp002472565	9	36	36	13.88888888888889	0.0
Cryptobacteroides sp004552115	3	3	3	0.0	0.0
Cryptobacteroides sp004552615	2	1	1	0.0	0.0
Cryptobacteroides sp004552965	9	36	36	25.0	0.0
Cryptobacteroides sp004554455	12	66	66	3.0303030303030303	0.0
Cryptobacteroides sp004556005	5	10	10	0.0	0.0
Cryptobacteroides sp009774765	2	1	1	0.0	1.0
Cryptobacteroides sp015060255	2	1	1	0.0	1.0
Cryptobacteroides sp015060395	4	6	6	16.666666666666668	0.0
Cryptobacteroides sp016286145	3	3	3	100.0	2.0
Cryptobacteroides sp016290725	2	1	1	100.0	8.0
Cryptobacteroides sp016295245	2	1	1	0.0	0.0
Cryptobacteroides sp016295455	3	3	3	0.0	0.0
Cryptobacteroides sp017399905	2	1	1	100.0	2.0
Cryptobacteroides sp017428725	2	1	1	100.0	4.0
Cryptobacteroides sp017437825	3	3	3	33.333333333333336	1.0
Cryptobacteroides sp017438265	4	6	6	100.0	4.5
Cryptobacteroides sp017442315	2	1	1	0.0	0.0
Cryptobacteroides sp017443025	2	1	1	100.0	5.0
Cryptobacteroides sp017443465	2	1	1	100.0	2.0
Cryptobacteroides sp017445755	2	1	1	0.0	0.0
Cryptobacteroides sp017458265	2	1	1	0.0	1.0
Cryptobacteroides sp017465225	4	6	6	66.66666666666667	3.5
Cryptobacteroides sp017469845	5	10	10	50.0	1.5
Cryptobacteroides sp017471965	2	1	1	0.0	0.0
Cryptobacteroides sp017477245	3	3	3	100.0	5.0
Cryptobacteroides sp017480345	2	1	1	0.0	1.0
Cryptobacteroides sp017560825	4	6	6	16.666666666666668	0.0
Cryptobacteroides sp017938925	3	3	3	66.66666666666667	4.0
Cryptobacteroides sp017961015	2	1	1	0.0	0.0
Cryptobacteroides sp900167895	3	3	3	66.66666666666667	2.0
Cryptobacteroides sp900167925	9	36	36	16.666666666666668	0.0
Cryptobacteroides sp900313205	4	6	6	83.33333333333333	3.5
Cryptobacteroides sp900313275	4	6	6	16.666666666666668	0.0
Cryptobacteroides sp900314395	3	3	3	0.0	1.0
Cryptobacteroides sp900316045	37	666	666	33.633633633633636	1.0
Cryptobacteroides sp900316245	3	3	3	66.66666666666667	13.0
Cryptobacteroides sp900316525	4	6	6	66.66666666666667	6.0
Cryptobacteroides sp900316675	9	36	36	80.55555555555556	3.0
Cryptobacteroides sp900316955	2	1	1	0.0	0.0
Cryptobacteroides sp900317065	6	15	15	53.333333333333336	2.0
Cryptobacteroides sp900317845	22	231	231	84.41558441558442	6.0
Cryptobacteroides sp900317925	52	1326	1326	63.800904977375566	2.0
Cryptobacteroides sp900318015	4	6	6	83.33333333333333	7.0
Cryptobacteroides sp900318355	2	1	1	0.0	0.0
Cryptobacteroides sp900318445	6	15	15	86.66666666666667	6.0
Cryptobacteroides sp900318565	9	36	36	52.77777777777778	2.0
Cryptobacteroides sp900318955	12	66	66	42.42424242424242	1.0
Cryptobacteroides sp900319185	6	15	15	6.666666666666667	0.0
Cryptobacteroides sp900319375	4	6	6	83.33333333333333	6.0
Cryptobacteroides sp900319405	2	1	1	0.0	0.0
Cryptobacteroides sp900319485	3	3	3	33.333333333333336	1.0
Cryptobacteroides sp900319685	20	190	190	31.57894736842105	1.0
Cryptobacteroides sp900319855	6	15	15	26.666666666666668	0.0
Cryptobacteroides sp900319975	3	3	3	100.0	3.0
Cryptobacteroides sp900320185	11	55	55	36.36363636363637	1.0
Cryptobacteroides sp900320365	3	3	3	66.66666666666667	2.0
Cryptobacteroides sp900320385	3	3	3	0.0	0.0
Cryptobacteroides sp900320545	3	3	3	66.66666666666667	4.0
Cryptobacteroides sp900320795	2	1	1	0.0	0.0
Cryptobacteroides sp900320965	6	15	15	20.0	0.0
Cryptobacteroides sp900321245	10	45	45	17.77777777777778	0.0
Cryptobacteroides sp900321655	12	66	66	78.78787878787878	5.0
Cryptobacteroides sp900321715	18	153	153	95.42483660130719	7.0
Cryptobacteroides sp900541925	3	3	3	100.0	6.0
Cryptobacteroides sp900544195	3	3	3	66.66666666666667	6.0
Cryptobacteroides sp900545245	3	3	3	100.0	4.0
Cryptobacteroides sp900546445	5	10	10	40.0	1.0
Cryptobacteroides sp900546925	6	15	15	66.66666666666667	4.0
Cryptobacteroides sp900769905	2	1	1	100.0	3.0
Cryptobacteroides sp902761655	17	136	136	16.91176470588235	0.0
Cryptobacteroides sp902762435	2	1	1	0.0	0.0
Cryptobacteroides sp902762655	4	6	6	0.0	1.0
Cryptobacteroides sp902766985	3	3	3	0.0	0.0
Cryptobacteroides sp902768665	3	3	3	66.66666666666667	8.0
Cryptobacteroides sp902768985	5	10	10	100.0	8.0
Cryptobacteroides sp902774145	2	1	1	100.0	3.0
Cryptobacteroides sp902774155	4	6	6	100.0	5.5
Cryptobacteroides sp902778105	3	3	3	66.66666666666667	2.0
Cryptobacteroides sp902779495	3	3	3	100.0	8.0
Cryptobacteroides sp902779765	3	3	3	0.0	0.0
Cryptobacteroides sp902779785	4	6	6	0.0	0.0
Cryptobacteroides sp902780175	2	1	1	100.0	2.0
Cryptobacteroides sp902780935	2	1	1	100.0	3.0
Cryptobacteroides sp902781705	2	1	1	100.0	8.0
Cryptobacteroides sp902782225	3	3	3	100.0	7.0
Cryptobacteroides sp902785065	2	1	1	100.0	5.0
Cryptobacteroides sp902785575	6	15	15	53.333333333333336	2.0
Cryptobacteroides sp902785825	3	3	3	66.66666666666667	6.0
Cryptobacteroides sp902787255	2	1	1	0.0	0.0
Cryptobacteroides sp902787295	2	1	1	100.0	3.0
Cryptobacteroides sp902788095	2	1	1	100.0	8.0
Cryptobacteroides sp902789245	3	3	3	100.0	13.0
Cryptobacteroides sp902789395	3	3	3	33.333333333333336	1.0
Cryptobacteroides sp902792815	13	78	78	28.205128205128204	1.0
Cryptobacteroides sp902794005	3	3	3	66.66666666666667	5.0
Cryptobacteroides sp902794615	4	6	6	83.33333333333333	7.0
Cryptobacteroides sp902795735	2	1	1	0.0	1.0
Cryptobacteroides sp902795785	2	1	1	0.0	0.0
Cryptobacteroides sp902799895	2	1	1	100.0	2.0
Cryptobacteroides sp902801205	3	3	3	0.0	0.0
Cryptobacteroides sp902801885	8	28	28	53.57142857142857	2.0
Cryptobacteroides sp902803715	3	3	3	33.333333333333336	0.0
Cryptobacteroides sp904501835	3	3	3	0.0	1.0
Cryptobacteroides sp905234485	2	1	1	0.0	0.0
Cryptobacteroides sp910585445	3	3	3	66.66666666666667	2.0
Cryptoclostridium obscurum	2	1	1	0.0	0.0
Cuniculiplasma divulgatum	20	190	190	3.6842105263157894	0.0
Cupidesulfovibrio sp000226255	5	10	10	90.0	4.5
Cupidesulfovibrio termitidis	2	1	1	100.0	3.0
Cupidesulfovibrio vulgaris_A	0	0	0	0	
Cupriavidus alkaliphilus	8	28	28	32.142857142857146	1.0
Cupriavidus basilensis	4	6	6	100.0	39.0
Cupriavidus basilensis_B	2	1	1	100.0	3.0
Cupriavidus campinensis	6	15	15	93.33333333333333	11.0
Cupriavidus cauae	0	0	0	0	
Cupriavidus gilardii	5	10	10	40.0	1.0
Cupriavidus gilardii_C	2	1	1	0.0	0.0
Cupriavidus lacunae	2	1	1	100.0	27.0
Cupriavidus malaysiensis	3	3	3	100.0	8.0
Cupriavidus metallidurans	19	171	171	91.2280701754386	13.0
Cupriavidus nantongensis	3	3	3	33.333333333333336	0.0
Cupriavidus necator	12	66	66	71.21212121212122	21.0
Cupriavidus neocaledonicus	3	3	3	33.333333333333336	1.0
Cupriavidus oxalaticus	5	10	10	30.0	0.0
Cupriavidus oxalaticus_A	3	3	3	33.333333333333336	0.0
Cupriavidus pauculus	3	3	3	100.0	7.0
Cupriavidus pinatubonensis	3	3	3	100.0	7.0
Cupriavidus plantarum	5	10	10	60.0	2.5
Cupriavidus sp000426345	3	3	3	100.0	9.0
Cupriavidus sp000955785	2	1	1	100.0	15.0
Cupriavidus sp005503625	2	1	1	100.0	4.0
Cupriavidus sp013361545	2	1	1	100.0	2.0
Cupriavidus taiwanensis	9	36	36	33.333333333333336	0.0
Cupriavidus taiwanensis_B	6	15	15	6.666666666666667	0.0
Cupriavidus taiwanensis_C	5	10	10	10.0	0.0
Cupriavidus taiwanensis_D	2	1	1	100.0	4.0
Curtobacterium citreum	9	36	36	100.0	7.0
Curtobacterium flaccumfaciens	45	990	990	47.878787878787875	1.0
Curtobacterium flaccumfaciens_A	12	66	66	59.09090909090909	3.0
Curtobacterium flaccumfaciens_D	4	6	6	50.0	1.0
Curtobacterium luteum	4	6	6	50.0	1.5
Curtobacterium oceanosedimentum	3	3	3	33.333333333333336	1.0
Curtobacterium pusillum	2	1	1	100.0	4.0
Curtobacterium pusillum_A	2	1	1	100.0	7.0
Curtobacterium sp000772085	2	1	1	0.0	0.0
Curtobacterium sp001424385	0	0	0	0	
Curtobacterium sp001705035	0	0	0	0	
Curtobacterium sp001742745	2	1	1	0.0	0.0
Curtobacterium sp001806325	4	6	6	100.0	4.5
Curtobacterium sp001864895	3	3	3	66.66666666666667	3.0
Curtobacterium sp003224335	6	15	15	40.0	0.0
Curtobacterium sp003234085	6	15	15	60.0	2.0
Curtobacterium sp003234265	2	1	1	100.0	2.0
Curtobacterium sp003234365	23	253	253	89.32806324110672	5.0
Curtobacterium sp003234565	5	10	10	50.0	1.5
Curtobacterium sp003755065	2	1	1	100.0	3.0
Curtobacterium sp003762905	3	3	3	66.66666666666667	4.0
Curtobacterium sp003989515	0	0	0	0	
Curvibacter lanceolatus	2	1	1	100.0	3.0
Curvibacter sp903828535	4	6	6	50.0	1.5
Curvibacter sp903834975	2	1	1	0.0	1.0
Curvibacter sp903902035	3	3	3	0.0	0.0
Cuspidothrix issatschenkoi	2	1	1	100.0	25.0
Cutibacterium acnes	321	51360	51360	21.302570093457945	1.0
Cutibacterium avidum	28	378	378	45.5026455026455	2.0
Cutibacterium granulosum	5	10	10	0.0	0.0
Cutibacterium modestum	8	28	28	14.285714285714286	0.0
Cutibacterium namnetense	5	10	10	0.0	0.0
Cx-87 sp014529995	4	6	6	66.66666666666667	3.0
Cyanobacterium sp002813895	0	0	0	0	
Cyanobium minutissimum	2	1	1	0.0	1.0
Cyanobium sp002252675	5	10	10	50.0	1.0
Cyanobium sp903823115	6	15	15	33.333333333333336	1.0
Cyanobium sp903831165	2	1	1	0.0	0.0
Cyanobium sp903856805	3	3	3	0.0	0.0
Cyanobium sp903882285	2	1	1	0.0	0.0
Cyanobium sp903907855	2	1	1	0.0	0.0
Cyanobium sp903917565	6	15	15	0.0	0.0
Cyanobium sp903934745	4	6	6	83.33333333333333	3.0
Cyanobium sp903935205	3	3	3	33.333333333333336	1.0
Cybelea sp019235995	2	1	1	0.0	0.0
Cybelea sp019240755	3	3	3	33.333333333333336	0.0
Cyclobacterium marinum	3	3	3	33.333333333333336	1.0
Cyclobacterium qasimii	2	1	1	0.0	0.0
Cyclobacterium xiamenense	2	1	1	100.0	4.0
Cycloclasticus pugetii	8	28	28	42.857142857142854	2.0
Cycloclasticus sp001566825	2	1	1	0.0	0.0
Cycloclasticus sp002162695	2	1	1	0.0	0.0
Cycloclasticus sp002700385	4	6	6	0.0	0.0
Cycloclasticus sp012959695	2	1	1	0.0	0.0
Cycloclasticus sp018066825	2	1	1	0.0	0.0
Cyclonatronum proteinivorum	2	1	1	100.0	3.0
Cyclonatronum sp003555145	2	1	1	0.0	0.0
Cypionkella sp001828855	3	3	3	0.0	0.0
Cysteiniphilum litorale	3	3	3	33.333333333333336	0.0
Cysteiniphilum marinum	7	21	21	38.095238095238095	1.0
Cytobacillus dafuensis	2	1	1	0.0	0.0
Cytobacillus firmus	11	55	55	50.90909090909091	2.0
Cytobacillus firmus_B	5	10	10	10.0	0.5
Cytobacillus gottheilii	3	3	3	100.0	3.0
Cytobacillus horneckiae	2	1	1	100.0	2.0
Cytobacillus oceanisediminis_B	5	10	10	90.0	7.5
Cytobacillus oceanisediminis_C	2	1	1	0.0	1.0
Cytobacillus praedii	2	1	1	100.0	6.0
Cytobacillus solani	2	1	1	0.0	0.0
Cytobacillus sp018613035	2	1	1	100.0	3.0
Cytophaga hutchinsonii	2	1	1	0.0	0.0
D16-34 sp009911635	2	1	1	100.0	3.0
D16-34 sp011039175	0	0	0	0	
D16-34 sp011392455	4	6	6	83.33333333333333	4.5
D2-FULL-39-29 sp001778375	3	3	3	0.0	0.0
D2472 sp002358345	27	351	351	1.1396011396011396	0.0
D2472 sp002469975	4	6	6	0.0	0.0
D2472 sp003283765	2	1	1	0.0	0.0
D2472 sp003284215	5	10	10	0.0	0.0
D2472 sp016779505	3	3	3	0.0	0.0
D2472 sp902595065	4	6	6	50.0	1.0
D2472 sp902599315	3	3	3	0.0	0.0
D2472 sp902623685	2	1	1	0.0	0.0
D37C17 sp004124405	4	6	6	0.0	0.0
DB6-IX sp002338505	2	1	1	0.0	0.0
DB6-IX sp003612895	3	3	3	0.0	0.0
DC0425bin3 sp002753665	2	1	1	100.0	4.0
DG-33 sp004375695	2	1	1	0.0	0.0
DMER64 sp001512865	2	1	1	0.0	0.0
DMER64 sp001603455	4	6	6	0.0	0.0
DMER64 sp002070565	2	1	1	0.0	0.0
DMER64 sp002071385	7	21	21	4.761904761904762	0.0
DMER64 sp002305545	3	3	3	0.0	0.0
DMER64 sp002408205	4	6	6	0.0	0.0
DMER64 sp002427525	2	1	1	0.0	0.0
DMER64 sp012515395	3	3	3	0.0	0.0
DONG20-135 sp009831105	2	1	1	100.0	3.0
DP-23 sp005879245	2	1	1	0.0	1.0
DP-3 sp005888095	2	1	1	100.0	3.0
DP16D-bin41 sp903889245	5	10	10	40.0	0.5
DRGV01 sp018903055	2	1	1	0.0	0.0
DRKI01 sp011051875	3	3	3	33.333333333333336	1.0
DRKS01 sp015490795	5	10	10	60.0	2.5
DRLW01 sp015485525	5	10	10	40.0	0.0
DRLX01 sp011322715	2	1	1	0.0	0.0
DRMK01 sp015488495	5	10	10	20.0	1.0
DRMK01 sp015490535	2	1	1	0.0	1.0
DRMK01 sp015491735	2	1	1	0.0	0.0
DRMV01 sp011322445	3	3	3	66.66666666666667	3.0
DRQE01 sp011371515	5	10	10	0.0	0.0
DRQN01 sp011371455	5	10	10	40.0	1.0
DRVP01 sp011364585	0	0	0	0	
DRVP01 sp011373965	0	0	0	0	
DRVV01 sp011373445	0	0	0	0	
DRVV01 sp011373895	0	0	0	0	
DRYS01 sp011367275	2	1	1	0.0	0.0
DRZQ01 sp011053655	0	0	0	0	
DSDU01 sp016936905	2	1	1	0.0	0.0
DSFT01 sp011057045	0	0	0	0	
DSGC01 sp011056285	0	0	0	0	
DSGV01 sp011057325	0	0	0	0	
DSJA01 sp011054185	0	0	0	0	
DSLF01 sp011051215	0	0	0	0	
DSLN01 sp011048175	0	0	0	0	
DSM105185 sp009695605	2	1	1	0.0	1.0
DSNQ01 sp011047215	0	0	0	0	
DSNY01 sp011056935	0	0	0	0	
DSPX01 sp011331985	2	1	1	100.0	4.0
DSRU01 sp011331465	2	1	1	0.0	0.0
DSYL01 sp011367535	0	0	0	0	
DSZD01 sp011364805	2	1	1	0.0	0.0
DSZF01 sp011372955	0	0	0	0	
DSZF01 sp011605825	0	0	0	0	
DSZL01 sp011367125	0	0	0	0	
DSZV01 sp011367065	0	0	0	0	
DT-91 sp902705835	2	1	1	0.0	0.0
DTBI01 sp011362025	2	1	1	0.0	0.0
DTBI01 sp011364305	2	1	1	0.0	0.0
DTBJ01 sp011364225	0	0	0	0	
DTBP01 sp011366735	0	0	0	0	
DTBS01 sp011366705	0	0	0	0	
DTBU01 sp011366665	0	0	0	0	
DTBU01 sp018396755	3	3	3	0.0	0.0
DTCF01 sp011364865	0	0	0	0	
DTCV01 sp011337845	0	0	0	0	
DTCV01 sp011366425	0	0	0	0	
DTDM01 sp011362245	0	0	0	0	
DTDX01 sp011369655	0	0	0	0	
DTER01 sp011371555	0	0	0	0	
DTEX01 sp011363945	0	0	0	0	
DTEX01 sp011364715	0	0	0	0	
DTKF01 sp011367225	0	0	0	0	
DTMZ01 sp011051175	0	0	0	0	
DTNQ01 sp011358515	0	0	0	0	
DTOV01 sp018052995	2	1	1	0.0	0.0
DTOZ01 sp011051315	0	0	0	0	
DTRM01 sp012965975	6	15	15	26.666666666666668	1.0
DTRS01 sp012965765	2	1	1	0.0	1.0
DTSX01 sp012965065	2	1	1	0.0	0.0
DTSZ01 sp012965045	2	1	1	0.0	0.0
DTU008 sp001512965	3	3	3	0.0	0.0
DTU008 sp002504525	10	45	45	68.88888888888889	2.0
DTU010 sp002391385	6	15	15	20.0	0.0
DTU010 sp900018335	3	3	3	0.0	0.0
DTU012 sp900019385	4	6	6	0.0	0.0
DTU013 sp002385815	3	3	3	0.0	0.0
DTU013 sp002386045	3	3	3	0.0	1.0
DTU014 sp900016865	4	6	6	0.0	0.5
DTU015 sp001513185	3	3	3	0.0	0.0
DTU018 sp001513155	2	1	1	100.0	2.0
DTU018 sp002305535	2	1	1	0.0	0.0
DTU018 sp003444615	2	1	1	0.0	0.0
DTU019 sp001512785	3	3	3	0.0	0.0
DTU019 sp002398825	3	3	3	66.66666666666667	2.0
DTU022 sp001512835	2	1	1	0.0	0.0
DTU024 sp001513425	2	1	1	0.0	0.0
DTU024 sp002411105	2	1	1	0.0	0.0
DTU025 sp001513145	3	3	3	0.0	0.0
DTU027 sp002385745	3	3	3	33.333333333333336	1.0
DTU029 sp001512435	3	3	3	0.0	0.0
DTU030 sp001513125	4	6	6	0.0	0.0
DTU032 sp001512745	2	1	1	0.0	0.0
DTU032 sp002427475	2	1	1	0.0	0.0
DTU032 sp002427505	4	6	6	50.0	1.5
DTU036 sp001512625	2	1	1	0.0	0.0
DTU049 sp001512885	5	10	10	0.0	0.0
DTU049 sp001513285	2	1	1	0.0	0.0
DTU052 sp001512495	4	6	6	0.0	0.0
DTU053 sp001512765	4	6	6	0.0	0.0
DTU056 sp001512985	2	1	1	0.0	0.0
DTU063 sp001512695	4	6	6	0.0	0.0
DTU064 sp001513385	2	1	1	0.0	0.0
DTU065 sp001512545	3	3	3	0.0	0.0
DTU067 sp001512995	4	6	6	0.0	0.0
DTU068 sp001513545	3	3	3	0.0	0.0
DTU069 sp001512485	3	3	3	0.0	1.0
DTU072 sp001512685	3	3	3	0.0	0.0
DTU073 sp001512665	2	1	1	0.0	0.0
DTU074 sp001513075	2	1	1	0.0	0.0
DTU074 sp001513505	2	1	1	0.0	0.0
DTU074 sp002385885	3	3	3	0.0	0.0
DTU078 sp002385415	3	3	3	0.0	0.0
DTU080 sp001513395	2	1	1	0.0	0.0
DTU083 sp001512915	3	3	3	0.0	0.0
DTU084 sp001512905	2	1	1	0.0	0.0
DTU086 sp001513335	2	1	1	0.0	0.0
DTU087 sp001513495	2	1	1	0.0	0.0
DTU089 sp001513045	2	1	1	0.0	1.0
DTU089 sp002440045	3	3	3	66.66666666666667	6.0
DTU089 sp015066465	2	1	1	100.0	16.0
DTU089 sp017937865	3	3	3	0.0	0.0
DTU089 sp904501675	2	1	1	0.0	0.0
DTU098 sp001512635	3	3	3	0.0	0.0
DTU098 sp002305915	2	1	1	0.0	0.0
DUAG01 sp012960925	2	1	1	0.0	0.0
DUBZ01 sp012960035	2	1	1	100.0	2.0
DUCF01 sp012959965	2	1	1	0.0	0.0
DUCM01 sp012959785	2	1	1	0.0	0.0
DUEP01 sp011176535	3	3	3	0.0	0.0
DULV01 sp012840505	2	1	1	0.0	1.0
DUMJ01 sp012839925	2	1	1	0.0	0.0
DUNF01 sp012839485	2	1	1	0.0	0.0
DUOJ01 sp012838895	2	1	1	0.0	1.0
DUOS01 sp002070025	2	1	1	0.0	0.0
DUPH01 sp012838435	2	1	1	0.0	0.0
DUPQ01 sp012729955	2	1	1	100.0	2.0
DUPQ01 sp012838235	2	1	1	100.0	2.0
DUQW01 sp012515785	2	1	1	0.0	0.0
DUSC01 sp008933895	2	1	1	100.0	6.0
DUSC01 sp016756615	2	1	1	100.0	7.0
DUVQ01 sp012840965	3	3	3	100.0	3.0
DUZN01 sp013349485	2	1	1	0.0	1.0
DVED01 sp003695795	3	3	3	0.0	0.0
Dactylopiibacterium carminicum	2	1	1	0.0	0.0
Dactylopiibacterium sp002855595	2	1	1	100.0	6.0
Daejeonella sp002257025	2	1	1	0.0	0.0
Deefgea chitinilytica	2	1	1	0.0	0.0
Deefgea sp013284055	2	1	1	100.0	7.0
Defluviitalea_A raffinosedens	3	3	3	33.333333333333336	0.0
Defluviitoga tunisiensis	4	6	6	0.0	0.0
Dehalobacter restrictus	6	15	15	86.66666666666667	4.0
Dehalobacter sp004343605	3	3	3	100.0	4.0
Dehalococcoides mccartyi	11	55	55	67.27272727272727	2.0
Dehalococcoides mccartyi_A	7	21	21	23.80952380952381	0.0
Dehalococcoides mccartyi_B	24	276	276	63.04347826086956	2.0
Dehalogenimonas alkenigignens	2	1	1	100.0	5.0
Dehalogenimonas sp002878295	2	1	1	100.0	2.0
Deinococcus actinosclerus	3	3	3	66.66666666666667	2.0
Deinococcus ficus	4	6	6	83.33333333333333	2.5
Deinococcus fonticola	2	1	1	100.0	12.0
Deinococcus geothermalis	4	6	6	83.33333333333333	3.5
Deinococcus grandis	4	6	6	83.33333333333333	9.0
Deinococcus humi	0	0	0	0	
Deinococcus indicus	2	1	1	100.0	8.0
Deinococcus metalli	2	1	1	0.0	0.0
Deinococcus metallilatus	4	6	6	0.0	0.5
Deinococcus murrayi	2	1	1	100.0	7.0
Deinococcus radiodurans	8	28	28	25.0	0.0
Deinococcus radiopugnans	4	6	6	83.33333333333333	11.5
Deinococcus seoulensis	2	1	1	100.0	3.0
Deinococcus soli	3	3	3	100.0	7.0
Deinococcus sp002017875	2	1	1	100.0	3.0
Deinococcus wulumuqiensis	19	171	171	88.88888888888889	13.0
Dellaglioa algida	3	3	3	33.333333333333336	1.0
Delta-02 sp002418985	3	3	3	0.0	0.0
Delta-02 sp003506795	2	1	1	0.0	0.0
Delta-02 sp903872255	3	3	3	66.66666666666667	2.0
Demequina lutea	2	1	1	0.0	0.0
Demequina mangrovi	2	1	1	0.0	0.0
Demequina maris	3	3	3	0.0	1.0
Demequina rhizosphaerae	3	3	3	66.66666666666667	3.0
Demequina sp002384765	2	1	1	0.0	0.0
Dendrosporobacter quercicolus	2	1	1	0.0	1.0
Dendrosporobacter sp003990955	2	1	1	0.0	0.0
Denitratisoma oestradiolicum	2	1	1	0.0	1.0
Denitrobacterium detoxificans	2	1	1	100.0	2.0
Denitromonas halophilus	5	10	10	60.0	3.0
Denitromonas sp017309585	2	1	1	100.0	2.0
Dermabacter hominis	7	21	21	9.523809523809524	2.0
Dermabacter vaginalis	3	3	3	100.0	6.0
Dermacoccus abyssi	6	15	15	53.333333333333336	4.0
Dermacoccus nishinomiyaensis	18	153	153	68.62745098039215	3.0
Dermatophilus congolensis	33	528	528	36.36363636363637	1.0
Dermatophilus congolensis_A	10	45	45	0.0	0.0
Desemzia incerta	2	1	1	100.0	3.0
Desertifilum sp001746915	4	6	6	83.33333333333333	14.0
Desertihabitans aurantiacus	2	1	1	100.0	4.0
Desertimonas flava	0	0	0	0	
Desulfacyla euxinica	3	3	3	0.0	0.0
Desulfacyla sp014382905	5	10	10	50.0	1.5
Desulfaltia bathyphila	3	3	3	0.0	0.0
Desulfaltia sp013202725	3	3	3	66.66666666666667	4.0
Desulfamplus sp015232465	4	6	6	83.33333333333333	8.5
Desulfamplus sp015232555	2	1	1	0.0	0.0
Desulfatibacillum aliphaticivorans	2	1	1	100.0	9.0
Desulfatibia profunda	2	1	1	0.0	0.0
Desulfatibia_A vada	2	1	1	0.0	0.0
Desulfatitalea sp013041835	2	1	1	0.0	0.0
Desulfitobacterium dehalogenans	3	3	3	0.0	1.0
Desulfitobacterium hafniense	7	21	21	47.61904761904762	9.0
Desulfobacca acetoxidans	3	3	3	100.0	6.0
Desulfobacca_B sp002049795	2	1	1	0.0	0.0
Desulfobacillus denitrificans	5	10	10	80.0	3.5
Desulfobacillus sp003105015	2	1	1	0.0	0.0
Desulfobacillus sp008933825	3	3	3	33.333333333333336	1.0
Desulfobacillus sp011526165	2	1	1	0.0	0.0
Desulfobacillus sp905339315	3	3	3	100.0	5.0
Desulfobacter hydrogenophilus	3	3	3	66.66666666666667	2.0
Desulfobacter postgatei	7	21	21	52.38095238095238	3.0
Desulfobacula maris	2	1	1	0.0	0.0
Desulfobacula sp001799395	2	1	1	0.0	0.0
Desulfobacula sp018645325	13	78	78	100.0	14.0
Desulfobacula sp018821535	4	6	6	0.0	0.0
Desulfobacula sp018821715	4	6	6	33.333333333333336	1.0
Desulfobacula sp019038815	2	1	1	0.0	0.0
Desulfobacula toluolica	2	1	1	100.0	4.0
Desulfobulbus oralis	2	1	1	100.0	4.0
Desulfobulbus_C sp003978695	3	3	3	66.66666666666667	2.0
Desulfocapsa sp018817385	2	1	1	100.0	2.0
Desulfocapsa sp018820855	4	6	6	0.0	0.0
Desulfococcus multivorans	4	6	6	0.0	0.0
Desulfocurvibacter africanus	3	3	3	100.0	9.0
Desulfofervidus auxilii	4	6	6	50.0	4.0
Desulfofundulus australicus	3	3	3	100.0	9.0
Desulfofundulus kuznetsovii	2	1	1	100.0	8.0
Desulfofundulus_A thermobenzoicus	3	3	3	100.0	2.0
Desulfolinea nitratireducens	2	1	1	0.0	0.0
Desulfolinea sp018645405	10	45	45	31.11111111111111	1.0
Desulfolinea sp018648605	3	3	3	0.0	0.0
Desulfolinea sp018648655	3	3	3	0.0	0.0
Desulfolinea sp018648685	3	3	3	66.66666666666667	2.0
Desulfoluna spongiiphila	2	1	1	0.0	
Desulfolutivibrio sulfodismutans	2	1	1	100.0	4.0
Desulfolutivibrio sulfoxidireducens	2	1	1	100.0	2.0
Desulfomicrobium macestii	2	1	1	100.0	5.0
Desulfomicrobium sp018902545	6	15	15	26.666666666666668	0.0
Desulfonatronospira sp003553695	4	6	6	0.0	0.0
Desulfonatronospira sp003554505	3	3	3	0.0	0.0
Desulfonatronospira sp003563255	2	1	1	0.0	1.0
Desulfonatronospira sp007125075	4	6	6	0.0	0.0
Desulfonatronospira thiodismutans	3	3	3	66.66666666666667	2.0
Desulfonatronovibrio sp003557865	2	1	1	100.0	2.0
Desulfonatronovibrio sp007121655	2	1	1	0.0	0.0
Desulfonauticus sp001507915	2	1	1	0.0	0.0
Desulfopertinax cowenii	2	1	1	0.0	0.0
Desulfopertinax sp002375985	2	1	1	0.0	0.0
Desulfopila_A inferna	2	1	1	100.0	6.0
Desulfoprunum benzoelyticum	2	1	1	0.0	0.0
Desulfoprunum sp000769715	5	10	10	30.0	0.0
Desulforhopalus sp001750925	3	3	3	33.333333333333336	1.0
Desulforhopalus sp903875445	5	10	10	20.0	1.0
Desulforudis audaxviator	2	1	1	0.0	0.0
Desulfosalsimonas sp018335195	2	1	1	0.0	0.0
Desulfosarcina cetonica	0	0	0	0	
Desulfosarcina ovata	2	1	1	100.0	31.0
Desulfosarcina sp002747175	2	1	1	0.0	0.0
Desulfosarcina sp014237405	3	3	3	0.0	0.0
Desulfosporosinus acididurans	2	1	1	100.0	11.0
Desulfosporosinus sp000770645	5	10	10	50.0	1.5
Desulfosporosinus sp000961805	3	3	3	33.333333333333336	1.0
Desulfosporosinus sp002413075	3	3	3	66.66666666666667	3.0
Desulfosporosinus sp003513495	3	3	3	33.333333333333336	1.0
Desulfotomaculum hydrothermale	2	1	1	0.0	0.0
Desulfotomaculum nigrificans	2	1	1	100.0	12.0
Desulfovibrio desulfuricans	6	15	15	53.333333333333336	3.0
Desulfovibrio desulfuricans_A	5	10	10	80.0	6.0
Desulfovibrio faecigallinarum	4	6	6	66.66666666666667	2.5
Desulfovibrio fairfieldensis	5	10	10	60.0	7.5
Desulfovibrio legallii	4	6	6	66.66666666666667	3.5
Desulfovibrio legallii_A	2	1	1	0.0	1.0
Desulfovibrio piger	4	6	6	50.0	1.5
Desulfovibrio piger_A	3	3	3	100.0	7.0
Desulfovibrio porci	2	1	1	100.0	3.0
Desulfovibrio sp002369295	2	1	1	100.0	2.0
Desulfovibrio sp003860215	2	1	1	0.0	0.0
Desulfovibrio sp009773975	3	3	3	33.333333333333336	1.0
Desulfovibrio sp011039085	2	1	1	100.0	85.0
Desulfovibrio sp011039135	3	3	3	66.66666666666667	2.0
Desulfovibrio sp016284885	3	3	3	66.66666666666667	3.0
Desulfovibrio sp900095395	2	1	1	0.0	
Desulfovibrio sp900319575	8	28	28	25.0	0.5
Desulfovibrio sp900546145	3	3	3	66.66666666666667	4.0
Desulfovibrio sp900556755	10	45	45	46.666666666666664	1.0
Desulfovibrio_R marinus	2	1	1	100.0	2.0
Desulfurella acetivorans	5	10	10	20.0	0.0
Desulfurivibrio sp003557565	2	1	1	0.0	0.0
Desulfurobacterium thermolithotrophum	0	0	0	0	
Desulfurococcus amylolyticus	3	3	3	100.0	12.0
Desulfurococcus mucosus	2	1	1	0.0	0.0
Desulfuromonas acetoxidans	4	6	6	0.0	0.0
Devosia indica	2	1	1	0.0	0.0
Devosia limi	2	1	1	100.0	5.0
Devosia marina	0	0	0	0	
Devosia psychrophila	2	1	1	100.0	5.0
Devosia sp001425445	2	1	1	100.0	8.0
Devosia sp001899045	4	6	6	50.0	7.5
Devosia sp004005995	3	3	3	100.0	26.0
Devosia sp014127105	5	10	10	70.0	5.5
Devosia sp018828145	4	6	6	66.66666666666667	2.5
Devosia sp900470445	2	1	1	100.0	10.0
Devosia_A sp001425235	2	1	1	100.0	7.0
Devosia_A sp001899065	3	3	3	100.0	6.0
Devosia_A sp001899075	2	1	1	0.0	0.0
Devosia_A sp001899085	3	3	3	0.0	0.0
Devosia_A sp017307495	2	1	1	100.0	6.0
Devosia_A sp903828145	4	6	6	33.333333333333336	1.0
Dialister hominis	6	15	15	40.0	2.5
Dialister invisus	22	231	231	57.142857142857146	3.0
Dialister micraerophilus	2	1	1	100.0	3.0
Dialister sp000434475	9	36	36	94.44444444444444	6.5
Dialister sp002320515	5	10	10	90.0	7.5
Dialister sp002471975	3	3	3	66.66666666666667	2.0
Dialister sp900314595	4	6	6	0.0	0.0
Dialister sp900538805	3	3	3	100.0	7.0
Dialister sp900541485	3	3	3	66.66666666666667	3.0
Dialister sp900541605	3	3	3	100.0	4.0
Dialister sp900543165	3	3	3	66.66666666666667	30.0
Dialister sp900557365	4	6	6	50.0	1.5
Dialister sp900759415	2	1	1	0.0	0.0
Dialister sp900765565	2	1	1	0.0	0.0
Dialister succinatiphilus	6	15	15	20.0	1.0
Diaphorobacter nitroreducens	14	91	91	70.32967032967034	4.0
Diaphorobacter_A sp002331385	2	1	1	100.0	8.0
Dichelobacter nodosus	4	6	6	66.66666666666667	3.0
Dickeya aquatica	3	3	3	0.0	0.0
Dickeya chrysanthemi	6	15	15	40.0	6.5
Dickeya dadantii	12	66	66	53.03030303030303	2.0
Dickeya dianthicola	50	1225	1225	51.673469387755105	2.0
Dickeya fangzhongdai	13	78	78	53.84615384615385	2.0
Dickeya oryzae	8	28	28	50.0	8.0
Dickeya paradisiaca	3	3	3	66.66666666666667	3.0
Dickeya poaceiphila	3	3	3	33.333333333333336	3.5
Dickeya solani	37	666	666	16.216216216216218	0.0
Dickeya undicola	3	3	3	100.0	5.0
Dickeya zeae	7	21	21	71.42857142857143	8.0
Dictyoglomus thermophilum	2	1	1	0.0	0.0
Dictyoglomus turgidum	3	3	3	0.0	0.0
Didemnitutus sp903885525	2	1	1	0.0	0.0
Dielma fastidiosa	7	21	21	61.904761904761905	2.0
Dielma sp001305055	3	3	3	33.333333333333336	1.0
Dietzia aerolata	2	1	1	0.0	1.0
Dietzia cercidiphylli	9	36	36	63.888888888888886	3.0
Dietzia cinnamea	7	21	21	66.66666666666667	5.0
Dietzia cinnamea_A	3	3	3	0.0	0.0
Dietzia lutea	2	1	1	100.0	4.0
Dietzia maris	11	55	55	72.72727272727273	4.0
Dietzia natronolimnaea_A	2	1	1	100.0	4.0
Dietzia psychralcaliphila	4	6	6	83.33333333333333	3.0
Dietzia sp003052165	5	10	10	90.0	3.0
Dietzia timorensis	2	1	1	0.0	0.0
Dinoroseobacter sp013215265	2	1	1	0.0	0.0
Dissulfuribacter sp015494155	2	1	1	0.0	1.0
Dissulfurirhabdus thermomarina	2	1	1	0.0	1.0
Dokdonella sp016707485	4	6	6	100.0	6.5
Dokdonella sp016712865	3	3	3	0.0	0.0
Dokdonella_A fugitiva	2	1	1	0.0	1.0
Dokdonella_A sp002297645	2	1	1	100.0	4.0
Dokdonella_A sp003142815	3	3	3	100.0	21.0
Dokdonella_A sp014338185	2	1	1	100.0	2.0
Dokdonia donghaensis	3	3	3	100.0	4.0
Dokdonia pacifica	2	1	1	0.0	0.0
Dokdonia sp000212355	2	1	1	0.0	0.0
Dokdonia sp002712765	2	1	1	100.0	2.0
Dolichospermum circinale	3	3	3	33.333333333333336	0.0
Dolichospermum flosaquae	17	136	136	77.20588235294117	37.5
Dolichospermum planctonicum	4	6	6	66.66666666666667	3.0
Dolichospermum sp000312705	18	153	153	98.69281045751634	47.0
Dolichospermum sp001277295	11	55	55	80.0	25.0
Dolichospermum sp009711975	2	1	1	0.0	1.0
Dolichospermum sp017355425	4	6	6	0.0	0.0
Dolosicoccus paucivorans	3	3	3	66.66666666666667	3.0
Dolosigranulum pigrum	30	435	435	76.0919540229885	3.0
Domibacillus aminovorans	3	3	3	33.333333333333336	15.0
Domibacillus enclensis	3	3	3	66.66666666666667	3.0
Donghicola eburneus	2	1	1	100.0	4.0
Donghicola mangrovi	2	1	1	100.0	8.0
Dorea formicigenerans	37	666	666	81.23123123123123	9.0
Dorea_A longicatena	48	1128	1128	64.53900709219859	3.0
Dorea_A longicatena_B	20	190	190	75.26315789473684	5.0
Dorea_B phocaeensis	8	28	28	14.285714285714286	0.0
Dormibacter sp016464825	2	1	1	0.0	0.0
Draconibacterium orientale	2	1	1	0.0	0.0
Draconibacterium sp011799805	2	1	1	100.0	12.0
Draconibacterium sp018648265	4	6	6	50.0	2.5
Dubosiella newyorkensis	2	1	1	0.0	1.0
Dubosiella sp000403415	2	1	1	0.0	1.0
Dubosiella sp004793885	2	1	1	100.0	10.0
Duganella alba	2	1	1	0.0	0.0
Duganella margarita	2	1	1	100.0	7.0
Duganella sacchari	2	1	1	100.0	3.0
Duganella sp000335815	3	3	3	66.66666666666667	2.0
Duganella sp000381565	2	1	1	100.0	17.0
Duganella sp003217375	0	0	0	0	
Duganella sp003416895	2	1	1	100.0	4.0
Duganella sp003416985	7	21	21	85.71428571428571	10.0
Duganella sp009857495	2	1	1	0.0	1.0
Duganella sp900100205	2	1	1	0.0	0.0
Duganella sp900109645	2	1	1	100.0	2.0
Duganella zoogloeoides	4	6	6	83.33333333333333	4.0
Duncaniella dubosii	8	28	28	71.42857142857143	3.0
Duncaniella freteri	6	15	15	20.0	0.0
Duncaniella muris	17	136	136	61.76470588235294	2.0
Duncaniella sp001689495	2	1	1	100.0	3.0
Duncaniella sp001689575	7	21	21	52.38095238095238	2.0
Duncaniella sp001701225	3	3	3	66.66666666666667	4.0
Duncaniella sp002494015	8	28	28	28.571428571428573	1.0
Duncaniella sp014801945	2	1	1	100.0	2.0
Duncaniella sp014802105	2	1	1	100.0	4.0
Duncaniella sp014802325	5	10	10	30.0	1.0
Duncaniella sp014802345	3	3	3	100.0	8.0
Duncaniella sp900544535	2	1	1	0.0	0.0
Duncaniella sp900549445	4	6	6	100.0	6.0
Duncaniella sp910577335	2	1	1	0.0	0.0
Duncaniella sp910588795	2	1	1	0.0	0.0
Duodenibacillus intestinavium	4	6	6	33.333333333333336	1.0
Duodenibacillus intestinigallinarum	5	10	10	90.0	4.5
Duodenibacillus massiliensis	8	28	28	25.0	1.0
Duodenibacillus sp003488465	2	1	1	0.0	0.0
Duodenibacillus sp900315045	10	45	45	68.88888888888889	2.0
Duodenibacillus sp900542805	3	3	3	0.0	0.0
Duodenibacillus sp900544255	3	3	3	100.0	4.0
Duodenibacillus sp900544335	3	3	3	100.0	4.0
Duodenibacillus sp900552545	3	3	3	33.333333333333336	1.0
Duodenibacillus sp900552915	2	1	1	100.0	4.0
Dwaynesavagella gallinarum	3	3	3	0.0	0.0
Dwaynesavagella sp000270205	13	78	78	53.84615384615385	2.0
Dyadobacter beijingensis	2	1	1	0.0	1.0
Dyadobacter sediminis	2	1	1	0.0	1.0
Dyadobacter sp001898145	2	1	1	100.0	2.0
Dyella japonica_C	2	1	1	0.0	1.0
Dyella jiangningensis_B	2	1	1	100.0	3.0
Dyella marensis	2	1	1	0.0	1.0
Dyella sp012275375	4	6	6	83.33333333333333	2.5
Dyella_A sp002279065	2	1	1	0.0	0.0
Dyella_B caseinilytica	2	1	1	0.0	0.0
Dysgonomonas capnocytophagoides	5	10	10	90.0	4.0
Dysgonomonas gadei	2	1	1	100.0	4.0
Dysgonomonas hofstadii	2	1	1	0.0	0.0
Dysgonomonas macrotermitis	2	1	1	0.0	0.0
Dysgonomonas mossii	2	1	1	0.0	0.0
Dysgonomonas sp001261715	3	3	3	100.0	9.0
Dysgonomonas sp001261735	2	1	1	100.0	2.0
Dysgonomonas sp002409595	2	1	1	100.0	2.0
Dysgonomonas sp011039205	2	1	1	100.0	14.0
Dysgonomonas sp011299555	2	1	1	100.0	9.0
Dysgonomonas sp900079735	11	55	55	70.9090909090909	5.0
Dysosmobacter avistercoris	7	21	21	19.047619047619047	0.0
Dysosmobacter pullicola	3	3	3	66.66666666666667	2.0
Dysosmobacter sp000403435	2	1	1	100.0	14.0
Dysosmobacter sp000436875	3	3	3	66.66666666666667	2.0
Dysosmobacter sp001916835	8	28	28	46.42857142857143	0.0
Dysosmobacter sp004553545	2	1	1	100.0	3.0
Dysosmobacter sp009773995	2	1	1	100.0	3.0
Dysosmobacter sp009774015	5	10	10	100.0	14.5
Dysosmobacter sp014297375	4	6	6	66.66666666666667	2.5
Dysosmobacter sp017410185	2	1	1	0.0	0.0
Dysosmobacter sp017469475	4	6	6	0.0	0.0
Dysosmobacter sp900542115	3	3	3	0.0	0.0
Dysosmobacter sp900544105	2	1	1	100.0	2.0
Dysosmobacter sp900544615	2	1	1	0.0	0.0
Dysosmobacter sp900550685	2	1	1	0.0	0.0
Dysosmobacter sp900551885	3	3	3	0.0	0.0
Dysosmobacter sp905200545	3	3	3	0.0	0.0
Dysosmobacter welbionis	10	45	45	46.666666666666664	5.0
E29-bin54 sp003556385	4	6	6	0.0	0.0
E29-bin54 sp003567655	2	1	1	0.0	0.0
E44-bin10 sp004377135	2	1	1	0.0	0.0
E44-bin89 sp004375725	2	1	1	0.0	1.0
EC70 sp002684575	3	3	3	0.0	0.0
EC70 sp002696885	3	3	3	0.0	0.0
EC70 sp002705125	3	3	3	0.0	0.0
EC70 sp002708885	3	3	3	0.0	0.0
EC70 sp012960505	2	1	1	0.0	0.0
EC70 sp014239335	2	1	1	0.0	1.0
EC70 sp902510815	4	6	6	50.0	1.0
EC70 sp902591645	2	1	1	0.0	0.0
ECH-B-1 sp003019535	6	15	15	53.333333333333336	2.0
ELB16-189 sp001567185	2	1	1	100.0	7.0
ELB16-189 sp002345965	2	1	1	0.0	0.0
ELB16-189 sp002352225	4	6	6	83.33333333333333	2.5
ELB16-189 sp013285945	2	1	1	100.0	2.0
ELB16-189 sp016178785	2	1	1	0.0	0.0
ELB16-189 sp018266395	2	1	1	100.0	5.0
ELB16-189 sp018266435	2	1	1	0.0	0.0
ELB16-189 sp018267215	2	1	1	0.0	0.0
EMTCatB1 sp001950395	2	1	1	100.0	3.0
ER4 sp000765235	19	171	171	70.17543859649123	3.0
ER4 sp002405995	2	1	1	0.0	0.0
ER4 sp002437735	2	1	1	0.0	0.0
ER4 sp003522105	7	21	21	66.66666666666667	2.0
ER4 sp016295615	3	3	3	66.66666666666667	2.0
ER4 sp900317525	22	231	231	25.10822510822511	0.0
ER4 sp900546295	2	1	1	0.0	1.0
ER4 sp900550165	4	6	6	33.333333333333336	0.5
ER4 sp900552015	2	1	1	0.0	0.0
ER4 sp900552375	2	1	1	0.0	0.0
ER46 sp005792355	2	1	1	100.0	3.0
ER46 sp009695065	2	1	1	0.0	0.0
ER46 sp903820035	3	3	3	66.66666666666667	2.0
ETT8 sp004745575	0	0	0	0	
EX4484-205 sp002255045	2	1	1	0.0	0.0
EX4484-218 sp002254975	2	1	1	0.0	1.0
EX4484-36 sp002254765	6	15	15	0.0	0.0
EX4484-6 sp002254385	2	1	1	0.0	0.0
EX4572-165 sp018334795	2	1	1	0.0	1.0
EX4572-44 sp002254825	4	6	6	0.0	0.0
EX4572-44 sp905171695	3	3	3	66.66666666666667	5.0
Echinicola pacifica	2	1	1	0.0	0.0
Echinicola rosea	2	1	1	100.0	2.0
Ectothiorhodospira haloalkaliphila	2	1	1	100.0	97.0
Ectothiorhodospira sp001632845	2	1	1	0.0	0.0
Edaphobacter lichenicola_A	2	1	1	100.0	13.0
Edaphobacter sp001897435	2	1	1	100.0	2.0
Edwardiiplasma lactucae	2	1	1	0.0	0.0
Edwardsiella anguillarum	7	21	21	33.333333333333336	0.0
Edwardsiella hoshinae	4	6	6	16.666666666666668	0.5
Edwardsiella ictaluri	7	21	21	28.571428571428573	0.0
Edwardsiella piscicida	9	36	36	50.0	1.5
Edwardsiella tarda	12	66	66	37.878787878787875	1.0
Effusibacillus lacus	0	0	0	0	
Egerieenecus merdigallinarum	4	6	6	83.33333333333333	2.0
Egerieenecus sp900553315	2	1	1	100.0	8.0
Egerieicola faecale	3	3	3	0.0	0.0
Egerieicola pullicola	3	3	3	0.0	0.0
Egerieimonas sp900552095	2	1	1	0.0	0.0
Egerieimonas_A faecigallinarum	2	1	1	0.0	0.0
Egerieisoma faecipullorum	3	3	3	0.0	0.0
Egerieisoma sp900543695	4	6	6	50.0	1.5
Egerieisoma sp900552695	4	6	6	50.0	1.5
Egerieousia sp002309115	8	28	28	17.857142857142858	0.0
Egerieousia sp004561775	11	55	55	1.8181818181818181	0.0
Egerieousia sp015060445	4	6	6	50.0	1.0
Egerieousia sp017398125	3	3	3	0.0	0.0
Egerieousia sp017550655	2	1	1	0.0	0.0
Egerieousia sp017554305	2	1	1	100.0	5.0
Egerieousia sp017556665	5	10	10	0.0	0.0
Egerieousia sp017625535	4	6	6	66.66666666666667	3.5
Egerieousia sp017935505	8	28	28	32.142857142857146	1.0
Egerieousia sp017962375	2	1	1	100.0	3.0
Egerieousia sp900316795	6	15	15	13.333333333333334	0.0
Egerieousia sp900322025	2	1	1	0.0	0.0
Egerieousia sp900544815	3	3	3	66.66666666666667	20.0
Egerieousia sp902769525	5	10	10	10.0	0.0
Egerieousia sp902780455	3	3	3	0.0	1.0
Egerieousia sp902797895	2	1	1	100.0	2.0
Eggerthella lenta	72	2556	2556	79.77308294209702	4.0
Eggerthella sinensis	3	3	3	100.0	3.0
Eggerthella sp014287365	3	3	3	33.333333333333336	1.0
Eggerthia catenaformis	2	1	1	100.0	5.0
Egicoccus halophilus	2	1	1	0.0	0.0
Ehrlichia canis	0	0	0	0	
Ehrlichia chaffeensis	8	28	28	53.57142857142857	2.0
Ehrlichia minasensis	2	1	1	0.0	0.0
Ehrlichia muris	3	3	3	33.333333333333336	0.0
Ehrlichia ruminantium	20	190	190	10.526315789473685	0.0
Ehrlichia ruminantium_B	3	3	3	66.66666666666667	2.0
Eikenella corrodens	23	253	253	61.26482213438735	6.0
Eikenella exigua	11	55	55	89.0909090909091	7.0
Eikenella shayeganii	2	1	1	100.0	112.0
Eisenbergiella intestinigallinarum	4	6	6	16.666666666666668	0.5
Eisenbergiella intestinipullorum	2	1	1	0.0	0.0
Eisenbergiella merdavium	2	1	1	100.0	2.0
Eisenbergiella merdipullorum	2	1	1	0.0	0.0
Eisenbergiella porci	10	45	45	51.111111111111114	4.0
Eisenbergiella pullicola	4	6	6	33.333333333333336	0.5
Eisenbergiella sp003478085	6	15	15	80.0	4.0
Eisenbergiella sp900066775	15	105	105	62.857142857142854	3.0
Eisenbergiella sp900539715	4	6	6	50.0	2.0
Eisenbergiella sp900550285	4	6	6	50.0	2.5
Eisenbergiella sp900555195	3	3	3	100.0	4.0
Eisenbergiella stercoravium	3	3	3	66.66666666666667	13.0
Eisenbergiella tayi	20	190	190	80.52631578947368	7.0
Ekhidna sp014323825	3	3	3	100.0	30.0
Elainella sp000733415	2	1	1	100.0	13.0
Elarobacter beijerinckii	3	3	3	0.0	0.0
Elarobacter sp019235885	2	1	1	100.0	4.0
Elarobacter winogradskyi	12	66	66	16.666666666666668	0.0
Elizabethkingia anophelis	103	5253	5253	49.15286502950695	1.0
Elizabethkingia bruuniana	10	45	45	40.0	0.0
Elizabethkingia meningoseptica	51	1275	1275	50.98039215686274	2.0
Elizabethkingia miricola	22	231	231	90.04329004329004	4.0
Elizabethkingia occulta	2	1	1	0.0	0.0
Elizabethkingia sp003058195	0	0	0	0	
Elizabethkingia ursingii	5	10	10	0.0	0.0
Ellagibacter isourolithinifaciens	13	78	78	46.15384615384615	1.0
Elstera cyanobacteriorum	2	1	1	100.0	2.0
Embleya scabrispora	0	0	0	0	
Emergencia sp009936045	6	15	15	86.66666666666667	9.0
Emergencia sp900066695	2	1	1	0.0	0.0
Emergencia sp904420065	2	1	1	100.0	4.0
Emergencia timonensis	4	6	6	66.66666666666667	3.5
Empedobacter brevis	7	21	21	76.19047619047619	3.0
Empedobacter falsenii_A	9	36	36	88.88888888888889	15.0
Empedobacter sp002378465	24	276	276	64.1304347826087	5.0
Empedobacter stercoris	2	1	1	100.0	2.0
Endobacter medicaginis	2	1	1	100.0	2.0
Endomicrobium sp009778965	2	1	1	0.0	0.0
Endomicrobium sp009781315	2	1	1	100.0	2.0
Endomicrobium_A trichonymphae	2	1	1	100.0	2.0
Endoriftia persephone	5	10	10	20.0	3.0
Endozoicomonas acroporae	3	3	3	66.66666666666667	7.0
Endozoicomonas ascidiicola	2	1	1	100.0	38.0
Endozoicomonas elysicola	2	1	1	0.0	
Endozoicomonas montiporae	2	1	1	100.0	14.0
Endozoicomonas sp017744115	2	1	1	100.0	40.0
Enemella evansiae	8	28	28	67.85714285714286	3.0
Enemella sp002250625	0	0	0	0	
Enorma massiliensis	10	45	45	55.55555555555556	6.0
Enorma sp000333815	3	3	3	66.66666666666667	4.0
Enorma sp900751795	2	1	1	0.0	1.0
Ensifer adhaerens	34	561	561	93.22638146167557	8.0
Ensifer adhaerens_A	13	78	78	100.0	17.0
Ensifer adhaerens_G	2	1	1	100.0	15.0
Ensifer sesbaniae	2	1	1	100.0	16.0
Ensifer sp000799055	3	3	3	66.66666666666667	2.0
Ensifer sp001429285	15	105	105	100.0	21.0
Ensifer sp001695835	4	6	6	0.0	0.0
Ensifer sp001695855	3	3	3	100.0	15.0
Ensifer sp002002725	2	1	1	100.0	20.0
Ensifer sp900469595	2	1	1	100.0	7.0
Ensifer sp900469625	3	3	3	0.0	1.0
Ensifer_A sp900466575	2	1	1	0.0	0.0
Ensifer_A sp900467685	3	3	3	66.66666666666667	3.0
Enterenecus avicola	2	1	1	100.0	2.0
Enterenecus faecium	6	15	15	80.0	5.0
Enterenecus sp900549885	2	1	1	100.0	2.0
Enterobacter asburiae	32	496	496	56.25	2.0
Enterobacter asburiae_A	5	10	10	70.0	2.5
Enterobacter asburiae_B	64	2016	2016	58.73015873015873	2.0
Enterobacter bugandensis	113	6328	6328	40.51833122629583	1.0
Enterobacter cancerogenus	15	105	105	47.61904761904762	2.0
Enterobacter chengduensis	20	190	190	82.10526315789474	4.0
Enterobacter chuandaensis	2	1	1	0.0	0.0
Enterobacter cloacae	127	8001	8001	69.12885889263842	3.0
Enterobacter cloacae_I	13	78	78	43.58974358974359	1.0
Enterobacter cloacae_L	5	10	10	100.0	4.0
Enterobacter cloacae_M	78	3003	3003	75.15817515817515	3.0
Enterobacter cloacae_N	3	3	3	66.66666666666667	3.0
Enterobacter cloacae_O	5	10	10	20.0	0.0
Enterobacter cloacae_P	2	1	1	100.0	15.0
Enterobacter cloacae_Q	2	1	1	0.0	0.0
Enterobacter dykesii	6	15	15	60.0	3.0
Enterobacter hormaechei	30	435	435	73.5632183908046	3.0
Enterobacter hormaechei_A	1816	1648020	1648020	80.60891251319765	5.0
Enterobacter huaxiensis	2	1	1	100.0	2.0
Enterobacter kobei	138	9453	9453	70.30572305088332	3.0
Enterobacter ludwigii	86	3655	3655	54.91108071135431	2.0
Enterobacter mori	21	210	210	36.666666666666664	1.0
Enterobacter oligotrophicus	3	3	3	100.0	4.0
Enterobacter quasihormaechei	6	15	15	53.333333333333336	2.0
Enterobacter roggenkampii	180	16110	16110	71.04283054003724	3.0
Enterobacter sichuanensis	11	55	55	52.72727272727273	2.0
Enterobacter soli	5	10	10	30.0	0.5
Enterobacter sp000493015	2	1	1	0.0	0.0
Enterobacter sp000568095	6	15	15	66.66666666666667	2.0
Enterobacter vonholyi	4	6	6	83.33333333333333	2.5
Enterobacter_A timonensis	0	0	0	0	
Enterobacter_B lignolyticus	2	1	1	0.0	0.0
Enterobacter_D kobei_A	4	6	6	50.0	2.0
Enterobacter_D sp001888805	3	3	3	66.66666666666667	2.0
Enterobacter_D sp900116015	7	21	21	85.71428571428571	5.0
Enterocloster aldenensis	12	66	66	68.18181818181819	3.0
Enterocloster asparagiformis	5	10	10	90.0	5.0
Enterocloster bolteae	30	435	435	43.2183908045977	5.0
Enterocloster citroniae	9	36	36	63.888888888888886	4.5
Enterocloster clostridioformis	37	666	666	42.94294294294294	5.0
Enterocloster clostridioformis_A	2	1	1	100.0	6.0
Enterocloster excrementigallinarum	6	15	15	53.333333333333336	2.0
Enterocloster excrementipullorum	5	10	10	20.0	0.0
Enterocloster faecavium	2	1	1	0.0	0.0
Enterocloster lavalensis	5	10	10	90.0	4.5
Enterocloster porci	5	10	10	70.0	2.0
Enterocloster sp000155435	4	6	6	83.33333333333333	4.5
Enterocloster sp000431375	10	45	45	28.88888888888889	1.0
Enterocloster sp001517625	8	28	28	39.285714285714285	1.0
Enterocloster sp005845215	6	15	15	53.333333333333336	2.0
Enterocloster sp900538485	5	10	10	80.0	2.5
Enterocloster sp900541315	6	15	15	73.33333333333333	3.0
Enterocloster sp900543885	2	1	1	0.0	0.0
Enterocloster sp900549235	3	3	3	100.0	4.0
Enterocloster sp900555905	2	1	1	100.0	4.0
Enterocloster sp900759225	2	1	1	0.0	0.0
Enterococcus caccae	4	6	6	33.333333333333336	2.0
Enterococcus crotali	0	0	0	0	
Enterococcus faecalis	1862	1732591	1732591	46.54341388129108	3.0
Enterococcus haemoperoxidus	3	3	3	0.0	0.0
Enterococcus moraviensis	3	3	3	33.333333333333336	2.0
Enterococcus plantarum	4	6	6	83.33333333333333	4.5
Enterococcus quebecensis	2	1	1	0.0	0.0
Enterococcus rivorum	2	1	1	0.0	1.0
Enterococcus silesiacus	2	1	1	0.0	0.0
Enterococcus sp002148425	3	3	3	100.0	13.0
Enterococcus sp002174455	2	1	1	100.0	11.0
Enterococcus sp017377505	2	1	1	100.0	2.0
Enterococcus termitis	2	1	1	0.0	0.0
Enterococcus ureasiticus	2	1	1	100.0	3.0
Enterococcus ureilyticus	4	6	6	0.0	0.0
Enterococcus wangshanyuanii	2	1	1	0.0	0.0
Enterococcus_A avium	43	903	903	69.8781838316722	5.0
Enterococcus_A devriesei	3	3	3	33.333333333333336	0.0
Enterococcus_A gilvus	8	28	28	39.285714285714285	2.0
Enterococcus_A hulanensis	4	6	6	100.0	16.0
Enterococcus_A malodoratus	7	21	21	61.904761904761905	3.0
Enterococcus_A pallens	3	3	3	0.0	1.0
Enterococcus_A raffinosus	11	55	55	20.0	2.0
Enterococcus_A xiangfangensis	3	3	3	0.0	0.0
Enterococcus_B durans	131	8515	8515	73.10628302994715	3.0
Enterococcus_B faecium	2137	2282316	2282316	62.892649396490235	4.0
Enterococcus_B hirae	200	19900	19900	45.36180904522613	2.0
Enterococcus_B lactis	318	50403	50403	61.288018570323196	3.0
Enterococcus_B mundtii	24	276	276	69.56521739130434	3.0
Enterococcus_B mundtii_B	3	3	3	100.0	2.0
Enterococcus_B mundtii_C	2	1	1	100.0	4.0
Enterococcus_B pernyi	22	231	231	39.39393939393939	1.0
Enterococcus_B phoeniculicola	3	3	3	0.0	0.0
Enterococcus_B sp002140175	0	0	0	0	
Enterococcus_B sp011038845	2	1	1	0.0	0.0
Enterococcus_B sp017316305	3	3	3	66.66666666666667	2.0
Enterococcus_B thailandicus	6	15	15	33.333333333333336	0.0
Enterococcus_B villorum	6	15	15	20.0	1.5
Enterococcus_C asini	4	6	6	33.333333333333336	3.0
Enterococcus_C canintestini	2	1	1	0.0	0.0
Enterococcus_C diestrammenae	2	1	1	100.0	5.0
Enterococcus_C dispar	5	10	10	70.0	2.0
Enterococcus_C songbeiensis	3	3	3	66.66666666666667	2.0
Enterococcus_D casseliflavus	82	3321	3321	63.2640770852153	3.0
Enterococcus_D gallinarum	72	2556	2556	39.280125195618155	1.0
Enterococcus_D sp001297065	5	10	10	40.0	1.0
Enterococcus_D sp002850555	22	231	231	59.307359307359306	4.0
Enterococcus_E cecorum	48	1128	1128	64.80496453900709	5.0
Enterococcus_E columbae	4	6	6	0.0	0.0
Enterococcus_F saccharolyticus	3	3	3	0.0	0.0
Enterococcus_G italicus	7	21	21	57.142857142857146	2.0
Enterococcus_G sulfureus	2	1	1	0.0	
Enterococcus_H canis	2	1	1	0.0	0.0
Enterococcus_I alcedinis	2	1	1	0.0	0.0
Enterococcus_I aquimarinus	6	15	15	6.666666666666667	0.0
Enterococcus_I lemanii	2	1	1	100.0	3.0
Enterocola sp002069025	2	1	1	0.0	0.0
Enterocola sp017517845	4	6	6	50.0	1.5
Enterocola sp900316125	6	15	15	26.666666666666668	0.0
Enterocola sp900316995	12	66	66	34.84848484848485	1.0
Enterocola sp904502115	2	1	1	0.0	0.0
Enteromonas sp002321395	7	21	21	0.0	0.0
Enteromonas sp002472275	2	1	1	100.0	2.0
Enteromonas sp003512585	4	6	6	0.0	0.0
Enteromonas sp004561785	2	1	1	0.0	0.0
Enteromonas sp017626815	2	1	1	0.0	0.0
Enteromonas sp900316365	22	231	231	6.4935064935064934	0.0
Enteromonas sp900317165	4	6	6	0.0	0.0
Enteromonas sp900317295	3	3	3	66.66666666666667	2.0
Enteromonas sp900321535	2	1	1	0.0	0.0
Enteromonas sp900539595	4	6	6	0.0	0.0
Enteromonas sp900550795	3	3	3	66.66666666666667	2.0
Enteromonas sp902773005	2	1	1	0.0	0.0
Enteroscipio rubneri	2	1	1	0.0	0.0
Enterosoma sp002297045	6	15	15	26.666666666666668	0.0
Enterosoma sp002404835	2	1	1	100.0	3.0
Enterosoma sp002483745	4	6	6	0.0	0.0
Enterosoma sp900313465	4	6	6	0.0	0.0
Enterosoma sp900316035	3	3	3	0.0	0.0
Enterosoma sp900539865	2	1	1	0.0	0.0
Enterosoma sp900549915	3	3	3	0.0	1.0
Enterosoma sp902771745	2	1	1	100.0	6.0
Enterousia intestinigallinarum	4	6	6	0.0	0.0
Enterousia sp002348925	3	3	3	0.0	0.0
Enterousia sp002371155	2	1	1	0.0	1.0
Enterousia sp002437665	10	45	45	75.55555555555556	4.0
Enterousia sp015062495	3	3	3	0.0	0.0
Enterousia sp017451625	3	3	3	0.0	0.0
Enterousia sp017502865	3	3	3	0.0	0.0
Enterousia sp017503725	2	1	1	100.0	2.0
Enterousia sp017549445	2	1	1	0.0	0.0
Enterousia sp900313105	4	6	6	0.0	0.5
Enterousia sp900313285	2	1	1	0.0	0.0
Enterousia sp900320405	2	1	1	0.0	0.0
Enterousia sp900321105	2	1	1	0.0	0.0
Enterousia sp900546225	2	1	1	0.0	0.0
Enterousia sp900549365	2	1	1	0.0	0.0
Enterousia sp900550495	2	1	1	0.0	0.0
Enterousia sp900550565	2	1	1	0.0	0.0
Enterousia sp902762295	2	1	1	100.0	2.0
Enterousia sp902771695	2	1	1	0.0	0.0
Enterousia sp902784285	4	6	6	0.0	0.0
Enterousia sp902788485	2	1	1	0.0	1.0
Enterousia sp902793005	4	6	6	16.666666666666668	0.0
Enterousia sp902802115	2	1	1	0.0	1.0
Enterousia sp904502095	2	1	1	0.0	0.0
Enterousia sp904502245	2	1	1	0.0	0.0
Enterovibrio baiacu	2	1	1	0.0	0.0
Enterovibrio escacola	9	36	36	36.111111111111114	1.0
Enterovibrio hollisae	10	45	45	88.88888888888889	8.0
Enterovibrio indicus	2	1	1	100.0	6.0
Enterovibrio luxaltus	3	3	3	0.0	0.0
Enterovibrio nigricans	2	1	1	0.0	0.0
Enterovibrio norvegicus	12	66	66	71.21212121212122	3.0
Enterovibrio norvegicus_A	3	3	3	100.0	11.0
Enterovibrio sp001310415	2	1	1	0.0	0.0
Entomomonas moraniae	2	1	1	100.0	11.0
Entomoplasma ellychniae	2	1	1	0.0	1.0
Entomospira culicis	2	1	1	0.0	0.0
Eoetvoesia caeni	2	1	1	0.0	0.0
Eoetvoesia sp004322135	2	1	1	0.0	0.0
Eperythrozoon_A suis	2	1	1	0.0	0.0
Eperythrozoon_B haemofelis	2	1	1	0.0	0.0
Eperythrozoon_B haemohominis	2	1	1	0.0	0.0
Epibacterium mobile	55	1485	1485	72.25589225589225	6.0
Epibacterium multivorans	2	1	1	0.0	0.0
Epibacterium sp004566265	2	1	1	0.0	0.0
Epibacterium ulvae	2	1	1	0.0	0.0
Epilithonimonas arachidiradicis	2	1	1	0.0	0.0
Epilithonimonas bovis	2	1	1	100.0	9.0
Epilithonimonas caeni	2	1	1	100.0	3.0
Epilithonimonas hominis	3	3	3	33.333333333333336	1.0
Epilithonimonas hungarica	2	1	1	100.0	6.0
Epilithonimonas lactis	2	1	1	0.0	1.0
Epilithonimonas sp001643375	2	1	1	0.0	0.0
Epilithonimonas vandammei	4	6	6	83.33333333333333	4.0
Epulopiscium_A sp001983455	2	1	1	100.0	12.0
Epulopiscium_A sp001983475	2	1	1	100.0	8.0
Epulopiscium_C sp001994995	2	1	1	0.0	0.0
Eremiobacter antarcticus	3	3	3	0.0	0.0
Eremococcus coleocola	2	1	1	0.0	1.0
Erwinia amylovora	136	9180	9180	31.87363834422658	0.0
Erwinia aphidicola	6	15	15	93.33333333333333	4.0
Erwinia beijingensis	2	1	1	0.0	0.0
Erwinia billingiae	7	21	21	61.904761904761905	3.0
Erwinia coffeiphila	4	6	6	83.33333333333333	3.0
Erwinia dacicola	3	3	3	100.0	15.0
Erwinia iniecta	2	1	1	0.0	1.0
Erwinia oleae	2	1	1	0.0	0.0
Erwinia persicina	13	78	78	43.58974358974359	1.0
Erwinia persicina_A	2	1	1	100.0	5.0
Erwinia pyrifoliae	3	3	3	0.0	0.0
Erwinia rhapontici	7	21	21	57.142857142857146	3.0
Erwinia sp001422605	3	3	3	100.0	9.0
Erwinia sp009738185	2	1	1	100.0	5.0
Erwinia toletana	2	1	1	0.0	0.0
Erwinia tracheiphila	3	3	3	100.0	45.0
Erwinia typographi	2	1	1	0.0	0.0
Erwinia_B gerundensis	6	15	15	60.0	3.0
Erysipelatoclostridium cocleatum	5	10	10	60.0	2.0
Erysipelatoclostridium merdavium	4	6	6	50.0	1.5
Erysipelatoclostridium ramosum	65	2080	2080	54.375	2.0
Erysipelatoclostridium saccharogumia	0	0	0	0	
Erysipelatoclostridium spiroforme	12	66	66	42.42424242424242	1.0
Erysipelothrix piscisicarius	3	3	3	100.0	17.0
Erysipelothrix rhusiopathiae	13	78	78	37.17948717948718	0.0
Erysipelothrix sp002359085	2	1	1	100.0	2.0
Erysipelothrix sp009828765	2	1	1	0.0	0.0
Erysipelothrix sp011301115	5	10	10	60.0	2.0
Erythrobacter dokdonensis	2	1	1	0.0	0.0
Erythrobacter donghaensis_B	7	21	21	100.0	13.0
Erythrobacter ishigakiensis	6	15	15	73.33333333333333	2.0
Erythrobacter litoralis	2	1	1	0.0	1.0
Erythrobacter ramosus	2	1	1	0.0	0.0
Erythrobacter sanguineus	2	1	1	0.0	0.0
Erythrobacter sp001557115	2	1	1	100.0	8.0
Erythrobacter sp002842735	2	1	1	100.0	5.0
Erythrobacter sp003149575	2	1	1	0.0	0.0
Erythrobacter sp009995225	3	3	3	0.0	0.0
Erythrobacter sp013002295	4	6	6	0.0	0.0
Erythrobacter sp013822695	2	1	1	0.0	0.0
Erythrobacter sp900105095	2	1	1	0.0	0.0
Erythrobacter sp903934325	2	1	1	0.0	1.0
Escherichia albertii	106	5565	5565	85.87601078167116	5.0
Escherichia coli	25738	338793465	331221566	88.87035966734122	6.0
Escherichia fergusonii	76	2850	2850	86.63157894736842	6.0
Escherichia marmotae	81	3240	3240	72.87037037037037	4.0
Escherichia ruysiae	28	378	378	63.22751322751323	2.0
Escherichia sp001660175	3	3	3	33.333333333333336	1.0
Escherichia sp004211955	2	1	1	0.0	0.0
Escherichia sp005843885	35	595	595	95.46218487394958	8.0
Ethanoligenens harbinense	5	10	10	0.0	0.0
Eubacterium callanderi	11	55	55	85.45454545454545	4.0
Eubacterium limosum	4	6	6	100.0	5.0
Eubacterium maltosivorans	5	10	10	70.0	3.5
Eubacterium_B infirmum	2	1	1	0.0	
Eubacterium_B sp002472145	3	3	3	0.0	0.0
Eubacterium_B sp902803185	2	1	1	0.0	0.0
Eubacterium_B sulci	32	496	496	31.85483870967742	1.0
Eubacterium_F sp000433735	3	3	3	100.0	2.0
Eubacterium_F sp000434115	3	3	3	66.66666666666667	7.0
Eubacterium_F sp002362575	2	1	1	0.0	0.0
Eubacterium_F sp003453515	2	1	1	0.0	0.0
Eubacterium_F sp003491505	17	136	136	48.529411764705884	2.0
Eubacterium_F sp900318295	2	1	1	0.0	0.0
Eubacterium_F sp900319095	2	1	1	0.0	0.0
Eubacterium_F sp900539115	5	10	10	50.0	1.5
Eubacterium_F sp910574015	4	6	6	100.0	9.0
Eubacterium_F sp910575665	7	21	21	95.23809523809524	9.0
Eubacterium_F sp910584875	2	1	1	0.0	1.0
Eubacterium_G sp000432355	8	28	28	7.142857142857143	0.0
Eubacterium_G sp000434315	6	15	15	80.0	3.0
Eubacterium_G sp000435815	7	21	21	9.523809523809524	0.0
Eubacterium_G sp002369135	3	3	3	0.0	0.0
Eubacterium_G sp900548465	3	3	3	0.0	0.0
Eubacterium_G sp900550135	4	6	6	0.0	0.0
Eubacterium_G ventriosum	19	171	171	61.98830409356725	2.0
Eubacterium_I avistercoris	2	1	1	0.0	0.0
Eubacterium_I ramulus	12	66	66	54.54545454545455	4.0
Eubacterium_I ramulus_A	7	21	21	80.95238095238095	3.0
Eubacterium_I sp000270305	3	3	3	0.0	0.0
Eubacterium_I sp017459945	2	1	1	0.0	0.0
Eubacterium_I sp900066595	2	1	1	0.0	0.0
Eubacterium_I sp900546495	3	3	3	0.0	0.0
Eubacterium_I sp900557275	2	1	1	0.0	0.0
Eubacterium_J plexicaudatum	2	1	1	0.0	0.0
Eubacterium_J sp009774535	2	1	1	100.0	2.0
Eubacterium_J sp910574915	4	6	6	83.33333333333333	5.5
Eubacterium_M brachy	5	10	10	0.0	0.0
Eubacterium_M pullicola	4	6	6	66.66666666666667	2.0
Eubacterium_N saphenum	2	1	1	0.0	0.0
Eubacterium_Q ruminantium	6	15	15	66.66666666666667	3.0
Eubacterium_Q sp000687655	2	1	1	0.0	1.0
Eubacterium_Q sp000702245	4	6	6	16.666666666666668	0.5
Eubacterium_Q sp000703065	2	1	1	0.0	0.0
Eubacterium_Q sp002349225	4	6	6	50.0	1.5
Eubacterium_Q sp002350525	4	6	6	50.0	1.0
Eubacterium_Q sp002368685	2	1	1	0.0	0.0
Eubacterium_Q sp002391105	2	1	1	100.0	4.0
Eubacterium_Q sp003520205	2	1	1	0.0	1.0
Eubacterium_Q sp017430325	2	1	1	100.0	2.0
Eubacterium_Q sp017480495	2	1	1	0.0	0.0
Eubacterium_Q sp017541035	2	1	1	0.0	1.0
Eubacterium_Q sp900314445	3	3	3	0.0	1.0
Eubacterium_Q sp900316715	14	91	91	18.681318681318682	0.0
Eubacterium_Q sp900321215	5	10	10	10.0	0.0
Eubacterium_Q sp900321505	2	1	1	0.0	0.0
Eubacterium_Q sp902773185	2	1	1	0.0	0.0
Eubacterium_Q sp902774725	3	3	3	33.333333333333336	1.0
Eubacterium_Q sp902777655	3	3	3	33.333333333333336	0.0
Eubacterium_Q sp902792005	2	1	1	100.0	2.0
Eubacterium_R coprostanoligenes	4	6	6	50.0	1.5
Eubacterium_R faecale	9	36	36	52.77777777777778	2.0
Eubacterium_R faecavium	5	10	10	40.0	0.5
Eubacterium_R faecipullorum	3	3	3	100.0	3.0
Eubacterium_R sp000433975	9	36	36	50.0	1.5
Eubacterium_R sp000434995	9	36	36	44.44444444444444	1.0
Eubacterium_R sp000436835	14	91	91	51.64835164835165	2.0
Eubacterium_R sp002361935	3	3	3	0.0	0.0
Eubacterium_R sp002371215	5	10	10	40.0	1.0
Eubacterium_R sp002493325	3	3	3	100.0	3.0
Eubacterium_R sp002494125	3	3	3	33.333333333333336	0.0
Eubacterium_R sp003526845	8	28	28	53.57142857142857	2.0
Eubacterium_R sp009774735	2	1	1	100.0	2.0
Eubacterium_R sp011958665	3	3	3	66.66666666666667	2.0
Eubacterium_R sp017476375	3	3	3	33.333333333333336	1.0
Eubacterium_R sp900316345	3	3	3	0.0	0.0
Eubacterium_R sp900321905	7	21	21	57.142857142857146	2.0
Eubacterium_R sp900539165	2	1	1	0.0	0.0
Eubacterium_R sp900539325	4	6	6	66.66666666666667	2.0
Eubacterium_R sp900539425	5	10	10	0.0	0.0
Eubacterium_R sp900539775	6	15	15	0.0	0.0
Eubacterium_R sp900540235	3	3	3	33.333333333333336	1.0
Eubacterium_R sp900540305	3	3	3	0.0	0.0
Eubacterium_R sp900542875	6	15	15	33.333333333333336	0.0
Eubacterium_R sp900543795	3	3	3	0.0	0.0
Eubacterium_R sp900548085	3	3	3	0.0	1.0
Eubacterium_R sp902791235	2	1	1	0.0	0.0
Eubacterium_R sp910577195	2	1	1	0.0	0.0
Eubacterium_S uniforme	5	10	10	10.0	0.0
Eubacterium_T pyruvativorans	14	91	91	12.087912087912088	0.0
Eubacterium_T saphenum_A	2	1	1	0.0	0.0
Eubacterium_T sp900318155	2	1	1	0.0	0.0
Eubacterium_T sp900766045	2	1	1	0.0	0.0
Eudoraea sp013041785	4	6	6	0.0	0.0
Eudoraea sp013042925	3	3	3	0.0	0.0
Euryhalocaulis caribicus	2	1	1	100.0	3.0
Euzebyella marina	10	45	45	31.11111111111111	0.0
Evansella alkalicola	2	1	1	0.0	0.0
Evansella clarkii	2	1	1	0.0	
Evtepia excrementipullorum	5	10	10	10.0	1.0
Evtepia gabavorous	8	28	28	21.428571428571427	0.0
Evtepia sp004551945	5	10	10	20.0	1.0
Evtepia sp004554585	3	3	3	0.0	0.0
Evtepia sp004556345	7	21	21	76.19047619047619	3.0
Evtepia sp017435425	2	1	1	0.0	1.0
Evtepia sp902781745	11	55	55	38.18181818181818	1.0
Ewingella americana	4	6	6	50.0	1.0
Exiguobacterium alkaliphilum	5	10	10	70.0	3.5
Exiguobacterium aurantiacum	4	6	6	83.33333333333333	3.0
Exiguobacterium aurantiacum_A	15	105	105	38.095238095238095	1.0
Exiguobacterium chiriqhucha	18	153	153	63.39869281045752	3.0
Exiguobacterium marinum	10	45	45	24.444444444444443	0.0
Exiguobacterium mexicanum	16	120	120	76.66666666666667	4.0
Exiguobacterium profundum_A	29	406	406	28.571428571428573	0.0
Exiguobacterium sp001908175	6	15	15	66.66666666666667	2.0
Exiguobacterium sp003467445	0	0	0	0	
Exiguobacterium sp004336985	2	1	1	0.0	0.0
Exiguobacterium sp018617395	3	3	3	33.333333333333336	0.0
Exiguobacterium sp018617485	6	15	15	6.666666666666667	0.0
Exiguobacterium sp902362975	3	3	3	66.66666666666667	2.0
Exiguobacterium_A acetylicum	10	45	45	48.888888888888886	1.0
Exiguobacterium_A antarcticum	4	6	6	33.333333333333336	1.0
Exiguobacterium_A indicum	22	231	231	29.437229437229437	0.0
Exiguobacterium_A oxidotolerans	15	105	105	49.523809523809526	2.0
Exiguobacterium_A sibiricum	4	6	6	50.0	1.5
Exiguobacterium_A sp001423965	17	136	136	52.94117647058823	2.0
Exiguobacterium_A sp004339505	2	1	1	0.0	0.0
Exiguobacterium_A undae	5	10	10	20.0	0.0
Exilispira sp012517545	3	3	3	0.0	0.0
Extensimonas perlucida	3	3	3	100.0	4.0
Extensimonas vulgaris	3	3	3	66.66666666666667	7.0
Extibacter hylemonae	4	6	6	33.333333333333336	7.0
Extibacter muris	0	0	0	0	
Extibacter sp001185345	0	0	0	0	
Ezakiella coagulans	2	1	1	0.0	1.0
F0058 sp000163695	2	1	1	100.0	11.0
F0422 sp001553345	8	28	28	7.142857142857143	0.0
F0422 sp003992015	2	1	1	100.0	4.0
F0422 sp003992055	2	1	1	100.0	3.0
F0422 sp003992315	2	1	1	100.0	3.0
F0422 sp003999875	2	1	1	0.0	0.0
F0422 sp900544365	2	1	1	0.0	0.0
F0428 sp003043955	7	21	21	0.0	0.0
F0540 sp900167505	2	1	1	100.0	2.0
F1-120-MAGs023 sp005773635	3	3	3	0.0	0.0
F1-120-MAGs055 sp005772765	2	1	1	0.0	0.0
F1-120-MAGs055 sp005779395	2	1	1	0.0	1.0
F1-120-MAGs118 sp903892045	3	3	3	66.66666666666667	2.0
F1-120-MAGs118 sp903928115	3	3	3	100.0	3.0
F1-120-MAGs170 sp005777315	3	3	3	0.0	1.0
F1-140-MAGs142 sp003671055	3	3	3	0.0	0.0
F1-140-MAGs142 sp005790565	4	6	6	0.0	0.0
F1-140-MAGs142 sp005790605	2	1	1	0.0	0.0
F1-20-MAGs119 sp009711295	3	3	3	0.0	0.0
F1-20-MAGs119 sp009919275	2	1	1	100.0	2.0
F1-20-MAGs119 sp013205145	2	1	1	0.0	0.0
F1-20-MAGs160 sp005787345	2	1	1	100.0	8.0
F1-20-MAGs160 sp009699125	3	3	3	0.0	0.0
F1-20-MAGs160 sp009700115	10	45	45	0.0	0.0
F1-20-MAGs160 sp009703275	4	6	6	0.0	0.0
F1-20-MAGs160 sp009705225	2	1	1	0.0	0.0
F1-60-MAGs027 sp005793215	4	6	6	0.0	0.0
F1-60-MAGs027 sp005793785	4	6	6	0.0	0.0
F1-60-MAGs027 sp009927665	3	3	3	66.66666666666667	4.0
F1-60-MAGs027 sp010025655	11	55	55	85.45454545454545	3.0
F1-60-MAGs104 sp005792145	5	10	10	10.0	1.0
F1-60-MAGs104 sp005799205	4	6	6	0.0	0.0
F1-60-MAGs104 sp005799475	4	6	6	0.0	0.0
F1-60-MAGs104 sp005799495	4	6	6	0.0	0.0
F1-60-MAGs104 sp903919715	5	10	10	0.0	0.5
F1-60-MAGs104 sp903961015	12	66	66	48.484848484848484	1.0
F1-60-MAGs140 sp005799065	3	3	3	0.0	0.0
F1-60-MAGs140 sp903908015	2	1	1	0.0	0.0
F1-60-MAGs149 sp005798855	3	3	3	0.0	0.0
F1-60-MAGs149 sp903873565	5	10	10	40.0	1.0
F1-60-MAGs149 sp903960645	11	55	55	63.63636363636363	2.0
F1-60-MAGs163 sp005798685	3	3	3	0.0	0.0
F1-60-MAGs163 sp903821395	2	1	1	0.0	0.0
F1-60-MAGs163 sp903830015	5	10	10	10.0	0.0
F1-60-MAGs163 sp903953065	3	3	3	0.0	0.0
F1-60-MAGs163 sp903959665	34	561	561	23.529411764705884	1.0
F23-B02 sp000431075	6	15	15	93.33333333333333	19.0
F23-B02 sp001916715	7	21	21	38.095238095238095	2.0
F23-B02 sp002472405	6	15	15	80.0	23.0
F23-B02 sp003533405	2	1	1	100.0	9.0
F23-B02 sp004553495	3	3	3	66.66666666666667	7.0
F23-B02 sp004556755	10	45	45	55.55555555555556	2.0
F23-B02 sp004557075	2	1	1	100.0	5.0
F23-B02 sp004558025	2	1	1	0.0	1.0
F23-B02 sp016292445	3	3	3	66.66666666666667	3.0
F23-B02 sp900545805	3	3	3	0.0	0.0
F23-B02 sp900556535	2	1	1	100.0	3.0
F23-B02 sp900760205	2	1	1	0.0	0.0
F23-D06 sp002311645	3	3	3	33.333333333333336	0.0
F23-D06 sp002392325	4	6	6	50.0	1.5
F23-D06 sp017443175	3	3	3	33.333333333333336	0.0
F23-D06 sp017540505	2	1	1	0.0	0.0
F23-D06 sp900315245	3	3	3	66.66666666666667	7.0
F23-D06 sp900315705	8	28	28	96.42857142857143	10.0
F23-D06 sp900316305	4	6	6	66.66666666666667	3.0
F23-D06 sp900317715	2	1	1	0.0	0.0
F23-D06 sp900319925	14	91	91	72.52747252747253	3.0
F23-D06 sp902770735	3	3	3	100.0	2.0
F23-D06 sp902786595	2	1	1	0.0	1.0
F23-D06 sp905235135	2	1	1	100.0	3.0
F2B08 sp012729695	2	1	1	0.0	1.0
FACHB-152 sp014697475	2	1	1	100.0	9.0
FACHB-40 sp014695915	6	15	15	100.0	10.0
FACHB-46 sp014695385	3	3	3	100.0	13.0
FACHB-8 sp014695575	2	1	1	100.0	8.0
FACHB-800 sp014698825	2	1	1	0.0	0.0
FACHB-T130 sp014695375	9	36	36	91.66666666666667	6.0
FD2005 sp000702525	4	6	6	50.0	1.0
FEB-25 sp003105035	2	1	1	0.0	0.0
FEB-35 sp003105225	2	1	1	0.0	0.0
FEB-7 sp003105245	2	1	1	0.0	1.0
FEN-1250 sp003142495	2	1	1	100.0	4.0
FEN-979 sp903915465	2	1	1	100.0	2.0
FJAT-45066 sp002335755	2	1	1	0.0	0.0
FJAT-46582 sp002797375	2	1	1	0.0	0.0
FJAT-49754 sp018343525	3	3	3	33.333333333333336	0.0
Fabibacter pacificus	2	1	1	0.0	0.0
Fabibacter sp002477595	4	6	6	0.0	0.0
Fabibacter spongicola	5	10	10	10.0	0.0
Fabibacter thermotolerans	4	6	6	66.66666666666667	2.0
Facklamia hominis	5	10	10	20.0	2.0
Facklamia miroungae	2	1	1	0.0	0.0
Facklamia sp015863265	2	1	1	100.0	3.0
Facklamia_A ignava	2	1	1	0.0	0.0
Facklamia_A tabacinasalis	3	3	3	33.333333333333336	1.0
Faecalibacillus faecis	8	28	28	64.28571428571429	3.0
Faecalibacillus intestinalis	41	820	820	83.65853658536585	5.0
Faecalibacillus sp003480255	4	6	6	50.0	1.5
Faecalibacillus sp900544435	3	3	3	100.0	4.0
Faecalibacillus spiroforme_A	0	0	0	0	
Faecalibacter bovis	2	1	1	100.0	2.0
Faecalibacter rhinopitheci	2	1	1	0.0	0.0
Faecalibacterium avium	3	3	3	100.0	5.0
Faecalibacterium faecigallinarum	2	1	1	100.0	2.0
Faecalibacterium gallistercoris	6	15	15	100.0	4.0
Faecalibacterium intestinigallinarum	3	3	3	100.0	7.0
Faecalibacterium intestinipullorum	2	1	1	0.0	0.0
Faecalibacterium prausnitzii	45	990	990	86.16161616161617	12.0
Faecalibacterium prausnitzii_A	7	21	21	66.66666666666667	2.0
Faecalibacterium prausnitzii_C	45	990	990	56.96969696969697	5.0
Faecalibacterium prausnitzii_D	38	703	703	66.57183499288763	5.0
Faecalibacterium prausnitzii_E	11	55	55	60.0	2.0
Faecalibacterium prausnitzii_F	3	3	3	100.0	3.0
Faecalibacterium prausnitzii_G	33	528	528	82.38636363636364	6.0
Faecalibacterium prausnitzii_H	7	21	21	80.95238095238095	4.0
Faecalibacterium prausnitzii_I	9	36	36	33.333333333333336	1.0
Faecalibacterium prausnitzii_J	5	10	10	60.0	2.0
Faecalibacterium prausnitzii_L	2	1	1	0.0	0.0
Faecalibacterium prausnitzii_M	3	3	3	66.66666666666667	2.0
Faecalibacterium sp002160895	3	3	3	100.0	9.0
Faecalibacterium sp003449675	3	3	3	33.333333333333336	1.0
Faecalibacterium sp900539885	6	15	15	93.33333333333333	3.0
Faecalibacterium sp900539945	4	6	6	33.333333333333336	0.0
Faecalibacterium sp900540455	4	6	6	83.33333333333333	10.5
Faecalibacterium sp900551435	2	1	1	100.0	5.0
Faecalibacterium sp900758465	4	6	6	50.0	2.0
Faecalibacterium sp900765105	2	1	1	100.0	3.0
Faecalibacterium sp900765705	2	1	1	100.0	3.0
Faecalibaculum rodentium	4	6	6	100.0	4.0
Faecalicoccus acidiformans	3	3	3	33.333333333333336	0.0
Faecalicoccus pleomorphus	9	36	36	72.22222222222223	2.0
Faecalicoccus sp900546545	8	28	28	42.857142857142854	1.0
Faecaligallichristensenella faecipullorum	2	1	1	0.0	0.0
Faecalimonas phoceensis	20	190	190	53.68421052631579	3.0
Faecalimonas sp000209385	3	3	3	33.333333333333336	5.0
Faecalimonas sp900316755	2	1	1	0.0	0.0
Faecalimonas sp900546325	3	3	3	66.66666666666667	2.0
Faecalimonas sp900551895	3	3	3	33.333333333333336	0.0
Faecalimonas sp900555395	2	1	1	0.0	0.0
Faecalimonas umbilicata	12	66	66	51.515151515151516	2.0
Faecalitalea cylindroides	10	45	45	48.888888888888886	2.0
Faecenecus gallistercoris	7	21	21	28.571428571428573	1.0
Faecimonas gallistercoris	2	1	1	100.0	2.0
Faecimonas intestinavium	5	10	10	10.0	0.0
Faecimonas sp900554315	3	3	3	0.0	0.0
Faecimorpha stercoravium	6	15	15	20.0	0.0
Faeciplasma avium	3	3	3	0.0	1.0
Faeciplasma gallinarum	5	10	10	20.0	0.0
Faeciplasma sp002491605	6	15	15	26.666666666666668	1.0
Faeciplasma sp900553675	3	3	3	66.66666666666667	4.0
Faeciplasma sp900760125	2	1	1	100.0	2.0
Faecisoma merdavium	2	1	1	0.0	0.0
Faecisoma sp000432255	4	6	6	83.33333333333333	3.5
Faecivicinus avistercoris	2	1	1	100.0	77.0
Faecivicinus sp017460585	2	1	1	100.0	9.0
Faecivicinus sp900553265	2	1	1	100.0	4.0
Faecivivens stercoravium	8	28	28	57.142857142857146	2.0
Faecousia excrementipullorum	2	1	1	100.0	8.0
Faecousia gallistercoris	6	15	15	6.666666666666667	1.0
Faecousia sp000434635	4	6	6	100.0	6.0
Faecousia sp000435995	3	3	3	0.0	0.0
Faecousia sp002362145	2	1	1	100.0	3.0
Faecousia sp002436765	2	1	1	0.0	1.0
Faecousia sp002437585	3	3	3	66.66666666666667	2.0
Faecousia sp002493965	6	15	15	0.0	0.0
Faecousia sp003525905	6	15	15	93.33333333333333	6.0
Faecousia sp015067605	2	1	1	100.0	6.0
Faecousia sp017436955	2	1	1	0.0	1.0
Faecousia sp017519005	2	1	1	100.0	2.0
Faecousia sp017540945	2	1	1	100.0	5.0
Faecousia sp900315595	33	528	528	42.234848484848484	1.0
Faecousia sp900316335	12	66	66	40.90909090909091	1.0
Faecousia sp900540635	3	3	3	66.66666666666667	6.0
Faecousia sp900544405	3	3	3	100.0	9.0
Faecousia sp900544705	3	3	3	100.0	4.0
Faecousia sp900544945	4	6	6	100.0	7.5
Faecousia sp900544975	4	6	6	50.0	1.0
Faecousia sp900546075	6	15	15	86.66666666666667	3.0
Faecousia sp900546415	4	6	6	66.66666666666667	4.0
Faecousia sp900547405	5	10	10	40.0	0.5
Faecousia sp900549495	2	1	1	0.0	1.0
Faecousia sp900549705	3	3	3	100.0	6.0
Faecousia sp900551495	3	3	3	66.66666666666667	10.0
Faecousia sp900553805	2	1	1	0.0	0.0
Faecousia sp900752285	3	3	3	0.0	1.0
Faecousia sp900762935	2	1	1	0.0	0.0
Faecousia sp902767915	3	3	3	0.0	1.0
Falcatimonas sp018918265	2	1	1	0.0	0.0
Falkowella caecavicola	2	1	1	0.0	0.0
Fangia hongkongensis	2	1	1	0.0	0.0
Fannyhessea massiliense	2	1	1	100.0	3.0
Fannyhessea vaginae	6	15	15	53.333333333333336	2.0
FeB-14 sp003104995	2	1	1	0.0	0.0
FeB-14 sp016719395	9	36	36	94.44444444444444	5.0
Fen-1038 sp016195815	3	3	3	66.66666666666667	4.0
Fen-1039 sp003141455	2	1	1	100.0	5.0
Fen-1039 sp003141955	2	1	1	100.0	6.0
Fen-1039 sp003142755	2	1	1	0.0	1.0
Fen-1039 sp003157175	2	1	1	100.0	2.0
Fen-1039 sp003158295	5	10	10	0.0	0.0
Fen-1039 sp003165675	12	66	66	7.575757575757576	0.0
Fen-1039 sp003171065	2	1	1	100.0	2.0
Fen-1058 sp003154115	2	1	1	100.0	24.0
Fen-1064 sp003153955	2	1	1	0.0	0.0
Fen-1064 sp003162335	6	15	15	46.666666666666664	1.0
Fen-1077 sp003141235	2	1	1	100.0	7.0
Fen-1087 sp003161855	10	45	45	0.0	0.0
Fen-1118 sp003136095	3	3	3	66.66666666666667	7.0
Fen-1135 sp003142635	2	1	1	100.0	2.0
Fen-1135 sp003153775	2	1	1	0.0	1.0
Fen-1135 sp903893135	2	1	1	0.0	0.0
Fen-1137 sp003142855	2	1	1	100.0	6.0
Fen-1137 sp003153015	2	1	1	0.0	1.0
Fen-1137 sp003157775	2	1	1	100.0	3.0
Fen-1137 sp003158395	7	21	21	76.19047619047619	4.0
Fen-1137 sp003158455	2	1	1	100.0	2.0
Fen-1137 sp003158735	3	3	3	100.0	4.0
Fen-1166 sp903907985	2	1	1	0.0	1.0
Fen-1174 sp003153935	2	1	1	0.0	0.0
Fen-1231 sp003171215	3	3	3	100.0	4.0
Fen-1231 sp016194585	2	1	1	0.0	0.0
Fen-1231 sp903882745	11	55	55	29.09090909090909	0.0
Fen-1231 sp903910555	5	10	10	0.0	0.0
Fen-1245 sp003157095	2	1	1	100.0	2.0
Fen-1254 sp003162695	5	10	10	60.0	2.0
Fen-1255 sp003154155	2	1	1	0.0	0.0
Fen-1258 sp003155655	2	1	1	100.0	24.0
Fen-1260 sp003162635	9	36	36	16.666666666666668	0.0
Fen-1262 sp003152875	2	1	1	0.0	0.0
Fen-1273 sp003157485	2	1	1	0.0	1.0
Fen-1273 sp003161955	5	10	10	90.0	4.0
Fen-1298 sp003142475	2	1	1	100.0	9.0
Fen-1298 sp003142575	2	1	1	100.0	9.0
Fen-1298 sp003155495	3	3	3	66.66666666666667	2.0
Fen-1301 sp003141435	2	1	1	100.0	5.0
Fen-1308 sp003170655	11	55	55	74.54545454545455	3.0
Fen-1308 sp903822005	4	6	6	0.0	0.0
Fen-1317 sp003154195	2	1	1	100.0	10.0
Fen-1326 sp003157295	2	1	1	0.0	0.0
Fen-1342 sp003162245	2	1	1	100.0	4.0
Fen-1342 sp903914415	3	3	3	100.0	4.0
Fen-1359 sp003141315	3	3	3	66.66666666666667	4.0
Fen-1362 sp003170415	2	1	1	100.0	14.0
Fen-1362 sp903857265	6	15	15	0.0	0.0
Fen-1467 sp003142615	3	3	3	100.0	6.0
Fen-1467 sp003142955	3	3	3	100.0	14.0
Fen-1467 sp003153035	3	3	3	33.333333333333336	1.0
Fen-1467 sp903940425	5	10	10	60.0	2.0
Fen-181 sp003170135	2	1	1	100.0	4.0
Fen-183 sp003152095	2	1	1	100.0	4.0
Fen-455 sp003139355	20	190	190	38.94736842105263	1.0
Fen-455 sp003140595	27	351	351	41.59544159544159	1.0
Fen-455 sp003166375	7	21	21	23.80952380952381	1.0
Fen-455 sp003170375	12	66	66	51.515151515151516	2.0
Fen-549 sp003162055	6	15	15	0.0	0.0
Fen-668 sp003153855	2	1	1	0.0	0.0
Fen-671 sp003166025	4	6	6	83.33333333333333	6.0
Fen-7 sp003162615	4	6	6	50.0	2.0
Fen-999 sp003157035	2	1	1	0.0	0.0
Fen-999 sp016704145	6	15	15	80.0	8.0
Fen-999 sp018819515	2	1	1	0.0	0.0
Fen731 sp003155275	2	1	1	0.0	1.0
Fenollaria massiliensis	4	6	6	16.666666666666668	6.0
Fenollaria sp900539225	2	1	1	0.0	1.0
Fenollaria sp900539725	2	1	1	0.0	1.0
Fenollaria timonensis	0	0	0	0	
Fermentibacter daniensis	6	15	15	6.666666666666667	0.0
Fermentimonas massiliensis	8	28	28	0.0	0.0
Fermentimonas sp002398875	9	36	36	8.333333333333334	0.0
Ferrimicrobium acidiphilum	2	1	1	0.0	0.0
Ferrimonas marina	2	1	1	0.0	0.0
Ferroglobus sp015520115	3	3	3	0.0	0.0
Ferroplasma acidiphilum	2	1	1	0.0	0.0
Ferroplasma sp002505185	3	3	3	100.0	2.0
Ferrovibrio sp002482765	2	1	1	100.0	21.0
Ferrovum myxofaciens	7	21	21	85.71428571428571	14.0
Ferrovum sp010435995	2	1	1	0.0	0.0
Ferruginibacter sp001898465	3	3	3	0.0	0.0
Ferruginibacter sp002343985	5	10	10	30.0	0.5
Ferruginibacter sp002352045	2	1	1	100.0	3.0
Ferruginibacter sp002381005	20	190	190	40.526315789473685	1.0
Ferruginibacter sp016703625	5	10	10	100.0	7.0
Ferruginibacter sp016710165	3	3	3	0.0	1.0
Ferruginibacter sp016715365	5	10	10	100.0	7.0
Ferruginibacter sp016721725	2	1	1	100.0	6.0
Ferruginibacter sp017303335	2	1	1	0.0	0.0
Ferruginibacter sp018266715	2	1	1	0.0	0.0
Ferruginibacter sp018268135	2	1	1	0.0	0.0
Ferruginibacter sp903858475	6	15	15	0.0	0.0
Ferruginibacter sp903878475	5	10	10	0.0	0.0
Fervidicoccus fontis	4	6	6	33.333333333333336	0.5
Fervidobacterium changbaicum	2	1	1	0.0	1.0
Fervidobacterium nodosum	3	3	3	100.0	3.0
Fervidobacterium pennivorans	3	3	3	100.0	3.0
Fervidobacterium pennivorans_A	2	1	1	100.0	7.0
Fervidobacterium sp002432805	2	1	1	0.0	0.0
Fervidobacterium sp003522805	2	1	1	0.0	0.0
Fervidobacterium sp003526765	5	10	10	0.0	0.0
Fervidobacterium_A thailandense_A	0	0	0	0	
Fibrella sp002108455	2	1	1	0.0	1.0
Fibro-01 sp001462345	2	1	1	0.0	0.0
Fibrobacter elongatus	4	6	6	33.333333333333336	1.0
Fibrobacter sp001603905	3	3	3	66.66666666666667	12.0
Fibrobacter sp002210285	4	6	6	66.66666666666667	2.0
Fibrobacter sp002210345	6	15	15	80.0	3.0
Fibrobacter sp002394865	2	1	1	0.0	1.0
Fibrobacter sp002449765	8	28	28	89.28571428571429	4.0
Fibrobacter sp003149045	2	1	1	0.0	0.0
Fibrobacter sp017520105	2	1	1	100.0	2.0
Fibrobacter sp017642335	2	1	1	100.0	5.0
Fibrobacter sp900141705	3	3	3	33.333333333333336	0.0
Fibrobacter sp900142465	5	10	10	80.0	3.0
Fibrobacter sp900142475	4	6	6	50.0	2.0
Fibrobacter sp900142495	8	28	28	82.14285714285714	4.0
Fibrobacter sp900142535	2	1	1	0.0	1.0
Fibrobacter sp900143015	2	1	1	100.0	5.0
Fibrobacter sp900143055	8	28	28	82.14285714285714	5.0
Fibrobacter sp900177705	3	3	3	0.0	0.0
Fibrobacter sp900177805	2	1	1	0.0	0.0
Fibrobacter sp900215325	6	15	15	20.0	0.0
Fibrobacter sp900313675	7	21	21	38.095238095238095	1.0
Fibrobacter sp900316465	2	1	1	0.0	0.0
Fibrobacter succinogenes	2	1	1	0.0	0.0
Fibrobacter succinogenes_A	2	1	1	100.0	2.0
Fibrobacter succinogenes_B	2	1	1	0.0	0.0
Fibrobacter succinogenes_C	2	1	1	100.0	4.0
Fibrobacter succinogenes_G	2	1	1	100.0	3.0
Fibrobacter succinogenes_J	2	1	1	100.0	5.0
Fibrobacter succinogenes_P	2	1	1	100.0	3.0
Fictibacillus barbaricus	2	1	1	0.0	0.0
Fictibacillus nanhaiensis_A	5	10	10	50.0	1.0
Fictibacillus phosphorivorans_A	2	1	1	0.0	0.0
Fictibacillus phosphorivorans_C	2	1	1	100.0	2.0
Fictibacillus_C enclensis	3	3	3	0.0	0.0
Fictibacillus_C sp001510655	0	0	0	0	
Filifactor alocis	2	1	1	0.0	1.0
Filimonas lacunae	2	1	1	100.0	4.0
Filomicrobium insigne	3	3	3	100.0	4.0
Fimadaptatus sp900553645	2	1	1	100.0	8.0
Fimbriimonas sp016125185	3	3	3	66.66666666666667	6.0
Fimbriimonas sp903833215	3	3	3	66.66666666666667	2.0
Fimbriimonas sp903899015	7	21	21	57.142857142857146	2.0
Fimbriimonas sp903927025	8	28	28	39.285714285714285	1.0
Fimenecus excrementavium	2	1	1	0.0	0.0
Fimenecus sp000432435	30	435	435	22.988505747126435	0.0
Fimenecus sp002490525	4	6	6	50.0	1.5
Fimenecus sp004555265	3	3	3	66.66666666666667	3.0
Fimenecus sp004556705	9	36	36	66.66666666666667	4.0
Fimenecus sp017399175	3	3	3	0.0	1.0
Fimenecus sp017399405	2	1	1	100.0	2.0
Fimenecus sp900315985	11	55	55	54.54545454545455	2.0
Fimenecus sp900540295	3	3	3	66.66666666666667	5.0
Fimenecus sp904501895	2	1	1	0.0	0.0
Fimenecus stercoravium	3	3	3	100.0	3.0
Fimicola cottocaccae	3	3	3	0.0	0.0
Fimihabitans intestinipullorum	6	15	15	0.0	0.0
Fimimonas gallinarum	5	10	10	10.0	0.0
Fimimonas sp003537755	4	6	6	100.0	19.5
Fimimonas sp017409765	5	10	10	30.0	1.0
Fimimonas sp017457305	5	10	10	100.0	4.5
Fimimonas sp900769665	2	1	1	100.0	24.0
Fimimorpha excrementavium	2	1	1	100.0	4.0
Fimimorpha sp900045905	2	1	1	100.0	2.0
Fimiplasma intestinipullorum	4	6	6	33.333333333333336	1.0
Fimisoma avicola	4	6	6	16.666666666666668	0.0
Fimisoma sp000435715	6	15	15	86.66666666666667	4.0
Fimisoma sp002320005	2	1	1	0.0	0.0
Fimisoma sp900540145	4	6	6	100.0	2.5
Fimisoma sp900542295	3	3	3	0.0	0.0
Fimisoma sp900545135	4	6	6	66.66666666666667	3.5
Fimisoma sp900754795	2	1	1	0.0	1.0
Fimivicinus intestinavium	2	1	1	100.0	2.0
Fimivicinus sp002320555	4	6	6	100.0	7.5
Fimivicinus sp900544375	4	6	6	66.66666666666667	3.5
Fimivicinus sp900544715	5	10	10	50.0	1.5
Fimivicinus sp900549825	2	1	1	0.0	0.0
Fimivivens faecavium	3	3	3	33.333333333333336	1.0
Fimivivens sp900113995	4	6	6	66.66666666666667	2.5
Fimousia sp001940245	2	1	1	0.0	0.0
Finegoldia magna	17	136	136	63.23529411764706	2.5
Finegoldia magna_F	5	10	10	50.0	1.5
Finegoldia magna_H	12	66	66	56.06060606060606	2.0
Finniella sp903905285	3	3	3	0.0	1.0
Firm-04 sp001603005	2	1	1	100.0	4.0
Firm-04 sp001940925	2	1	1	100.0	12.0
Firm-04 sp002394125	3	3	3	100.0	8.0
Firm-04 sp016281125	2	1	1	100.0	3.0
Firm-04 sp016291435	2	1	1	100.0	6.0
Firm-04 sp017550285	4	6	6	66.66666666666667	2.5
Firm-07 sp015064185	3	3	3	33.333333333333336	1.0
Firm-07 sp017462615	2	1	1	100.0	2.0
Firm-07 sp017502975	2	1	1	100.0	3.0
Firm-07 sp900548735	3	3	3	100.0	6.0
Firm-09 sp002385605	2	1	1	0.0	1.0
Firm-10 sp017620115	2	1	1	0.0	0.0
Firm-16 sp002368805	4	6	6	16.666666666666668	0.0
Firm-16 sp016281535	3	3	3	0.0	0.0
Firm-16 sp017428545	3	3	3	100.0	4.0
Firm-16 sp017551625	2	1	1	100.0	4.0
Firm-16 sp017551865	2	1	1	100.0	2.0
Firm-16 sp017561715	4	6	6	0.0	0.0
Firm-16 sp017617525	2	1	1	0.0	0.0
Firm-16 sp900317035	6	15	15	6.666666666666667	0.0
Fischerella muscicola	3	3	3	66.66666666666667	6.0
Fischerella prolifica	2	1	1	100.0	166.0
Fischerella sp000447295	0	0	0	0	
Fischerella sp000517105	2	1	1	100.0	35.0
Fischerella thermalis	31	465	465	98.49462365591398	25.0
Flammeovirga kamogawensis	3	3	3	0.0	0.0
Flammeovirga yaeyamensis	4	6	6	50.0	1.5
Flavicella sp002477565	2	1	1	0.0	0.0
Flaviflexus massiliensis	0	0	0	0	
Flaviflexus sp014069875	3	3	3	66.66666666666667	6.0
Flavimaricola sp004000435	0	0	0	0	
Flavimobilis marinus	2	1	1	0.0	0.0
Flavimobilis rhizosphaerae	2	1	1	0.0	
Flavipsychrobacter sp001897855	2	1	1	0.0	0.0
Flavipsychrobacter sp013286835	4	6	6	100.0	2.5
Flavipsychrobacter sp018267925	3	3	3	33.333333333333336	1.0
Flavipsychrobacter sp903824665	5	10	10	60.0	2.0
Flavipsychrobacter sp903829015	2	1	1	0.0	0.0
Flavipsychrobacter sp903835005	8	28	28	28.571428571428573	0.0
Flavipsychrobacter sp903835145	2	1	1	100.0	3.0
Flavipsychrobacter sp903839875	3	3	3	33.333333333333336	1.0
Flavipsychrobacter sp903853805	4	6	6	33.333333333333336	1.0
Flavipsychrobacter sp903877645	10	45	45	44.44444444444444	1.0
Flavipsychrobacter sp903887415	4	6	6	0.0	0.5
Flavipsychrobacter sp903904855	3	3	3	33.333333333333336	1.0
Flavipsychrobacter sp903905065	2	1	1	0.0	0.0
Flavipsychrobacter sp903905685	2	1	1	0.0	0.0
Flavipsychrobacter sp903916555	2	1	1	0.0	1.0
Flavobacterium agri	2	1	1	0.0	0.0
Flavobacterium akiainvivens	2	1	1	0.0	0.0
Flavobacterium album_A	2	1	1	0.0	1.0
Flavobacterium anhuiense	4	6	6	66.66666666666667	3.5
Flavobacterium anhuiense_B	4	6	6	0.0	0.0
Flavobacterium aquatile	3	3	3	33.333333333333336	0.0
Flavobacterium aquidurense	2	1	1	100.0	2.0
Flavobacterium araucananum	2	1	1	100.0	7.0
Flavobacterium arcticum	2	1	1	0.0	0.0
Flavobacterium bernardetii	2	1	1	0.0	0.0
Flavobacterium bizetiae	3	3	3	66.66666666666667	4.0
Flavobacterium branchiophilum	5	10	10	70.0	3.5
Flavobacterium cauense	3	3	3	0.0	0.0
Flavobacterium cheniae	2	1	1	0.0	0.0
Flavobacterium chilense	2	1	1	0.0	0.0
Flavobacterium chungangense	4	6	6	100.0	6.0
Flavobacterium circumlabens	2	1	1	100.0	6.0
Flavobacterium columnare	39	741	741	57.75978407557355	3.0
Flavobacterium columnare_A	9	36	36	36.111111111111114	1.0
Flavobacterium columnare_C	2	1	1	100.0	2.0
Flavobacterium columnare_D	3	3	3	33.333333333333336	1.0
Flavobacterium commune	2	1	1	100.0	2.0
Flavobacterium crassostreae	2	1	1	0.0	0.0
Flavobacterium endophyticum	2	1	1	100.0	2.0
Flavobacterium enshiense	2	1	1	0.0	0.0
Flavobacterium flevense	2	1	1	0.0	0.0
Flavobacterium franklandianum	2	1	1	100.0	2.0
Flavobacterium frigidimaris	2	1	1	0.0	1.0
Flavobacterium fryxellicola	2	1	1	0.0	0.0
Flavobacterium gawalongense	5	10	10	70.0	3.5
Flavobacterium gilvum	2	1	1	100.0	6.0
Flavobacterium glaciei	2	1	1	0.0	0.0
Flavobacterium glycines	3	3	3	0.0	0.0
Flavobacterium granuli	2	1	1	0.0	1.0
Flavobacterium haoranii	2	1	1	100.0	4.0
Flavobacterium hibernum	3	3	3	66.66666666666667	6.0
Flavobacterium hiemivividum	2	1	1	100.0	4.0
Flavobacterium hydatis	2	1	1	100.0	14.0
Flavobacterium indicum_A	2	1	1	100.0	33.0
Flavobacterium johnsoniae	5	10	10	70.0	4.0
Flavobacterium kayseriense	3	3	3	0.0	0.0
Flavobacterium limi	2	1	1	0.0	0.0
Flavobacterium lindanitolerans	11	55	55	36.36363636363637	1.0
Flavobacterium macrobrachii	3	3	3	66.66666666666667	2.0
Flavobacterium marinum_A	4	6	6	83.33333333333333	2.0
Flavobacterium nitrogenifigens	3	3	3	0.0	0.0
Flavobacterium noncentrifugens	2	1	1	0.0	0.0
Flavobacterium notoginsengisoli	2	1	1	0.0	0.0
Flavobacterium odoratimimum	13	78	78	25.641025641025642	2.5
Flavobacterium odoratum	6	15	15	40.0	6.0
Flavobacterium oncorhynchi	2	1	1	0.0	0.0
Flavobacterium pectinovorum	3	3	3	0.0	0.0
Flavobacterium petrolei	2	1	1	100.0	2.0
Flavobacterium piscinae	2	1	1	0.0	0.0
Flavobacterium piscis	3	3	3	100.0	10.0
Flavobacterium plurextorum	2	1	1	100.0	3.0
Flavobacterium pokkalii	0	0	0	0	
Flavobacterium profundi	2	1	1	100.0	2.0
Flavobacterium psychrophilum	154	11781	11781	68.08420337832102	3.0
Flavobacterium psychrophilum_A	2	1	1	0.0	0.0
Flavobacterium reichenbachii	2	1	1	100.0	12.0
Flavobacterium resistens	2	1	1	100.0	5.0
Flavobacterium rivuli	2	1	1	0.0	0.0
Flavobacterium saliperosum	2	1	1	0.0	0.0
Flavobacterium sp000169355	3	3	3	0.0	0.0
Flavobacterium sp000708595	3	3	3	66.66666666666667	2.0
Flavobacterium sp000813005	3	3	3	100.0	49.0
Flavobacterium sp001429295	2	1	1	0.0	0.0
Flavobacterium sp001429765	0	0	0	0	
Flavobacterium sp001800905	2	1	1	0.0	0.0
Flavobacterium sp001898245	4	6	6	33.333333333333336	0.0
Flavobacterium sp002210235	4	6	6	83.33333333333333	4.5
Flavobacterium sp002352205	2	1	1	100.0	5.0
Flavobacterium sp002399805	2	1	1	0.0	1.0
Flavobacterium sp002413745	6	15	15	46.666666666666664	1.0
Flavobacterium sp002482945	2	1	1	0.0	1.0
Flavobacterium sp002754315	2	1	1	100.0	5.0
Flavobacterium sp002786385	2	1	1	0.0	0.0
Flavobacterium sp003096795	2	1	1	100.0	4.0
Flavobacterium sp003217415	2	1	1	0.0	1.0
Flavobacterium sp003497625	2	1	1	0.0	0.0
Flavobacterium sp003688345	0	0	0	0	
Flavobacterium sp003968755	9	36	36	50.0	1.5
Flavobacterium sp004293165	2	1	1	100.0	2.0
Flavobacterium sp004339525	2	1	1	0.0	0.0
Flavobacterium sp004349315	2	1	1	100.0	3.0
Flavobacterium sp004634195	2	1	1	0.0	0.0
Flavobacterium sp006491645	2	1	1	0.0	0.0
Flavobacterium sp009664855	2	1	1	100.0	16.0
Flavobacterium sp009707955	2	1	1	0.0	0.0
Flavobacterium sp009764685	2	1	1	100.0	5.0
Flavobacterium sp011742145	2	1	1	0.0	0.0
Flavobacterium sp013294005	3	3	3	100.0	4.0
Flavobacterium sp013874595	3	3	3	0.0	0.0
Flavobacterium sp014281985	2	1	1	100.0	4.0
Flavobacterium sp014305155	2	1	1	0.0	0.0
Flavobacterium sp017875765	2	1	1	100.0	2.0
Flavobacterium sp017984835	2	1	1	0.0	0.0
Flavobacterium sp017989775	3	3	3	0.0	0.0
Flavobacterium sp017995345	4	6	6	0.0	0.0
Flavobacterium sp900129795	2	1	1	0.0	0.0
Flavobacterium sp903838055	3	3	3	66.66666666666667	2.0
Flavobacterium sp903839195	4	6	6	0.0	0.0
Flavobacterium sp903861155	2	1	1	0.0	0.0
Flavobacterium sp903879875	2	1	1	0.0	0.0
Flavobacterium sp903913315	2	1	1	0.0	0.0
Flavobacterium subsaxonicum	2	1	1	0.0	0.0
Flavobacterium succinicans	3	3	3	100.0	5.0
Flavobacterium suncheonense	2	1	1	0.0	0.0
Flavobacterium tiangeerense	2	1	1	100.0	2.0
Flavobacterium tructae	4	6	6	33.333333333333336	1.0
Flavobacterium turcicum	2	1	1	0.0	0.0
Flavobacterium xanthum	2	1	1	100.0	3.0
Flavonifractor avicola	7	21	21	76.19047619047619	6.0
Flavonifractor avistercoris	2	1	1	100.0	3.0
Flavonifractor intestinigallinarum	3	3	3	66.66666666666667	4.0
Flavonifractor plautii	40	780	780	88.97435897435898	12.0
Flavonifractor sp002159455	4	6	6	100.0	9.5
Flectobacillus sp002270355	0	0	0	0	
Flemingibacterium merdigallinarum	2	1	1	0.0	0.0
Flemingibacterium sp904501985	2	1	1	0.0	0.0
Flexilinea flocculi	2	1	1	0.0	0.0
Flexilinea sp001717545	2	1	1	0.0	0.0
Flexilinea sp002329625	2	1	1	100.0	2.0
Flexilinea sp017417055	2	1	1	100.0	2.0
Flexistipes sinusarabici	2	1	1	100.0	6.0
Flexivirga endophytica	2	1	1	0.0	0.0
Floccifex porci	2	1	1	0.0	0.0
Fluviibacter phosphoraccumulans	3	3	3	0.0	0.0
Fluviibacter sp903870055	2	1	1	100.0	2.0
Fluviibacterium aquatile	2	1	1	100.0	7.0
Fluviicola riflensis	4	6	6	0.0	0.0
Fluviicola sp017983675	2	1	1	0.0	0.0
Fonsibacter lacus_A	3	3	3	0.0	0.0
Fonsibacter sp000371845	2	1	1	100.0	2.0
Fonsibacter sp000510845	4	6	6	83.33333333333333	2.0
Fonsibacter sp018882565	5	10	10	50.0	2.0
Fonsibacter sp903869725	20	190	190	0.0	0.0
Fonsibacter ubiquis	23	253	253	0.7905138339920948	0.0
Formosa algae	3	3	3	0.0	1.0
Formosimonas sp017495165	4	6	6	16.666666666666668	0.0
Forterrea multitransposorum	5	10	10	0.0	0.0
Fournierella excrementavium	5	10	10	100.0	3.5
Fournierella massiliensis	2	1	1	0.0	
Fournierella sp002160145	2	1	1	100.0	2.0
Fournierella sp002161595	2	1	1	0.0	0.0
Fournierella sp900543285	3	3	3	0.0	0.0
Frackibacter sp900114655	4	6	6	50.0	3.0
Francisella halioticida	2	1	1	100.0	10.0
Francisella hispaniensis	4	6	6	66.66666666666667	2.0
Francisella noatunensis	24	276	276	26.81159420289855	1.0
Francisella opportunistica	4	6	6	0.0	0.0
Francisella orientalis	54	1431	1431	21.45352900069881	0.0
Francisella persica	2	1	1	0.0	0.0
Francisella philomiragia	48	1128	1128	51.861702127659576	2.0
Francisella salimarina	8	28	28	14.285714285714286	0.0
Francisella sp002095075	3	3	3	0.0	0.0
Francisella tularensis	855	365085	365085	9.496418642234	0.0
Francisella_A adeliensis	5	10	10	0.0	0.0
Franconibacter helveticus	6	15	15	26.666666666666668	1.0
Franconibacter pulveris	7	21	21	80.95238095238095	3.0
Frankia alni	2	1	1	100.0	9.0
Frankia californiensis	2	1	1	0.0	1.0
Frankia canadensis	2	1	1	0.0	0.0
Frankia casuarinae	12	66	66	90.9090909090909	6.0
Frankia coriariae	6	15	15	66.66666666666667	6.0
Frankia irregularis	4	6	6	100.0	17.5
Frankia nodulisporulans	2	1	1	100.0	2.0
Frankia saprophytica	2	1	1	100.0	2.0
Frankia soli	3	3	3	100.0	36.0
Frankia sp016786325	3	3	3	100.0	33.0
Frankia sp016786355	3	3	3	100.0	68.0
Frankia torreyi	3	3	3	66.66666666666667	4.0
Frateuria_A terrea	2	1	1	0.0	0.0
Frederiksenia canicola	2	1	1	0.0	0.0
Fredinandcohnia timonensis	0	0	0	0	
Fretibacterium fastidiosum	2	1	1	100.0	2.0
Fretibacterium sp016280565	2	1	1	0.0	0.0
Fretibacterium sp017394925	3	3	3	0.0	0.0
Fretibacterium sp017427625	6	15	15	0.0	0.0
Fretibacterium sp017447325	3	3	3	0.0	0.0
Fretibacterium sp017449135	8	28	28	0.0	0.0
Fretibacterium sp017449415	2	1	1	0.0	0.0
Fretibacterium sp905233215	3	3	3	33.333333333333336	1.0
Fretibacterium sp905233455	2	1	1	0.0	0.0
Fretibacterium sp905233515	2	1	1	0.0	1.0
Fretibacterium sp905233725	2	1	1	0.0	0.0
Frigidibacter albus	4	6	6	0.0	0.0
Frigidibacter sp002423245	2	1	1	100.0	5.0
Frigoribacterium endophyticum	6	15	15	80.0	3.0
Frigoribacterium faeni	2	1	1	0.0	0.0
Frigoribacterium sp000878135	4	6	6	83.33333333333333	4.5
Frigoribacterium sp001421165	7	21	21	42.857142857142854	3.0
Frigoribacterium sp001422285	2	1	1	100.0	5.0
Frigoribacterium sp001423905	2	1	1	100.0	3.0
Frigoribacterium sp001424645	4	6	6	83.33333333333333	3.5
Frigoribacterium sp004364285	5	10	10	50.0	1.5
Frischella perrara	3	3	3	66.66666666666667	2.0
Frisingicoccus caecimuris	6	15	15	26.666666666666668	1.0
Frisingicoccus sp009929615	2	1	1	100.0	2.0
Frisingicoccus sp016298055	2	1	1	0.0	0.0
Frisingicoccus sp900549105	3	3	3	33.333333333333336	0.0
Frisingicoccus sp900753685	3	3	3	0.0	0.0
Frisingicoccus sp900757195	2	1	1	0.0	0.0
Frondihabitans sp001423105	4	6	6	50.0	1.5
Fructilactobacillus florum	4	6	6	33.333333333333336	0.5
Fructilactobacillus fructivorans	8	28	28	0.0	0.0
Fructilactobacillus lindneri	12	66	66	15.151515151515152	0.0
Fructilactobacillus sanfranciscensis	32	496	496	53.42741935483871	2.0
Fructobacillus fructosus	4	6	6	0.0	0.0
Fructobacillus pseudoficulneus	2	1	1	0.0	
Fructobacillus tropaeoli	3	3	3	0.0	0.0
Fukatsuia symbiotica	2	1	1	100.0	6.0
Fulvimarina pelagi	2	1	1	100.0	2.0
Fulvimonas soli	2	1	1	0.0	0.0
Fundicoccus ignavus	3	3	3	100.0	3.0
Fundidesulfovibrio sp016208105	2	1	1	0.0	0.0
Furfurilactobacillus rossiae	5	10	10	0.0	0.0
Furfurilactobacillus rossiae_A	2	1	1	100.0	8.0
Furfurilactobacillus siliginis	2	1	1	0.0	0.0
Furfurilactobacillus sp003482405	2	1	1	100.0	2.0
Fuscovulum blasticum	2	1	1	100.0	7.0
Fusibacter_C sp002412775	2	1	1	0.0	1.0
Fusicatenibacter intestinigallinarum	2	1	1	0.0	0.0
Fusicatenibacter merdavium	3	3	3	33.333333333333336	1.0
Fusicatenibacter saccharivorans	88	3828	3828	59.11703239289446	2.0
Fusicatenibacter sp900543115	8	28	28	57.142857142857146	2.0
Fusobacterium animalis	22	231	231	30.303030303030305	4.0
Fusobacterium canifelinum	3	3	3	0.0	0.0
Fusobacterium hwasookii	10	45	45	24.444444444444443	0.0
Fusobacterium massiliense	0	0	0	0	
Fusobacterium nucleatum	12	66	66	51.515151515151516	2.0
Fusobacterium nucleatum_E	2	1	1	0.0	0.0
Fusobacterium nucleatum_J	2	1	1	0.0	0.0
Fusobacterium periodonticum_B	0	0	0	0	
Fusobacterium periodonticum_D	10	45	45	26.666666666666668	1.0
Fusobacterium polymorphum	23	253	253	68.3794466403162	6.0
Fusobacterium pseudoperiodonticum	10	45	45	48.888888888888886	1.0
Fusobacterium vincentii	17	136	136	45.588235294117645	3.0
Fusobacterium_A mortiferum	9	36	36	75.0	4.0
Fusobacterium_A sp018205345	17	136	136	0.0	0.0
Fusobacterium_A sp900015295	5	10	10	50.0	1.5
Fusobacterium_A sp900543175	4	6	6	83.33333333333333	4.0
Fusobacterium_A sp900549465	6	15	15	66.66666666666667	2.0
Fusobacterium_A sp900555485	2	1	1	0.0	0.0
Fusobacterium_A sp900555845	2	1	1	0.0	0.0
Fusobacterium_A sp900764925	2	1	1	0.0	0.0
Fusobacterium_A ulcerans	6	15	15	33.333333333333336	3.5
Fusobacterium_A ulcerans_A	4	6	6	33.333333333333336	0.5
Fusobacterium_A varium	10	45	45	42.22222222222222	2.0
Fusobacterium_A varium_A	2	1	1	100.0	4.0
Fusobacterium_B sp900541465	4	6	6	100.0	3.5
Fusobacterium_B sp900554355	3	3	3	0.0	0.0
Fusobacterium_B sp900554885	2	1	1	0.0	0.0
Fusobacterium_C gonidiaformans	5	10	10	10.0	4.0
Fusobacterium_C necrophorum	46	1035	1035	64.15458937198068	3.0
G11 sp900103495	3	3	3	100.0	6.0
GAS188 sp019246665	2	1	1	0.0	1.0
GAS188 sp019247605	5	10	10	60.0	2.5
GAS188 sp019247795	4	6	6	50.0	4.0
GAS188 sp900104855	3	3	3	100.0	37.0
GBS-1 sp001443005	0	0	0	0	
GBS-2 sp001443025	0	0	0	0	
GBS-DC sp002254605	3	3	3	0.0	1.0
GBS-DC sp011054145	0	0	0	0	
GCA-000496135 sp000496135	4	6	6	33.333333333333336	3.0
GCA-001856825 sp001856825	2	1	1	0.0	
GCA-002050365 sp002050365	2	1	1	0.0	1.0
GCA-002050365 sp002050455	2	1	1	100.0	4.0
GCA-002282575 sp002281095	6	15	15	0.0	0.0
GCA-002684695 sp902612965	2	1	1	100.0	4.0
GCA-002690875 sp002689325	2	1	1	0.0	0.0
GCA-002690875 sp902537615	2	1	1	100.0	2.0
GCA-002690875 sp902618535	2	1	1	0.0	0.0
GCA-002691585 sp002690495	2	1	1	0.0	0.0
GCA-002694895 sp002711005	2	1	1	100.0	2.0
GCA-002694895 sp002715665	2	1	1	0.0	0.0
GCA-002697625 sp018647945	3	3	3	0.0	0.0
GCA-002697625 sp018695965	6	15	15	0.0	0.0
GCA-002697625 sp905478555	2	1	1	100.0	5.0
GCA-002700125 sp002723375	2	1	1	0.0	0.0
GCA-002701455 sp002690995	2	1	1	0.0	1.0
GCA-002701455 sp002701455	2	1	1	0.0	0.0
GCA-002701455 sp902578675	2	1	1	0.0	0.0
GCA-002701455 sp902629125	2	1	1	100.0	5.0
GCA-002701945 sp002701785	2	1	1	0.0	0.0
GCA-002701945 sp012964215	2	1	1	0.0	0.0
GCA-002704185 sp003280495	6	15	15	13.333333333333334	0.0
GCA-002707645 sp002693365	2	1	1	0.0	0.0
GCA-002707905 sp002691365	2	1	1	0.0	0.0
GCA-002707905 sp002707905	2	1	1	0.0	0.0
GCA-002708145 sp002728715	3	3	3	0.0	0.0
GCA-002708315 sp014382445	2	1	1	0.0	0.0
GCA-002708315 sp018661505	16	120	120	0.0	0.0
GCA-002712045 sp002683355	3	3	3	0.0	0.0
GCA-002712045 sp002712045	3	3	3	33.333333333333336	1.0
GCA-002712965 sp002696685	3	3	3	0.0	0.0
GCA-002712965 sp009392815	2	1	1	0.0	0.0
GCA-002713455 sp002701875	2	1	1	0.0	0.0
GCA-002715585 sp002697665	2	1	1	100.0	2.0
GCA-002715885 sp002689735	2	1	1	0.0	1.0
GCA-002717915 sp002717915	2	1	1	0.0	0.0
GCA-002718515 sp012965315	4	6	6	33.333333333333336	0.5
GCA-002718515 sp014381555	2	1	1	0.0	0.0
GCA-002718515 sp018665385	4	6	6	16.666666666666668	0.0
GCA-002718515 sp018701395	4	6	6	33.333333333333336	1.0
GCA-002718655 sp002698235	2	1	1	0.0	1.0
GCA-002719695 sp002697535	4	6	6	33.333333333333336	0.5
GCA-002720895 sp002717245	2	1	1	0.0	0.0
GCA-002720895 sp002937775	2	1	1	0.0	0.0
GCA-002721295 sp002937995	4	6	6	0.0	0.0
GCA-002722245 sp002717515	2	1	1	100.0	2.0
GCA-002723295 sp002690805	2	1	1	0.0	0.0
GCA-002723295 sp002711185	2	1	1	0.0	0.0
GCA-002724975 sp002771565	2	1	1	0.0	0.0
GCA-002725925 sp009392785	6	15	15	0.0	0.0
GCA-002727615 sp002715265	2	1	1	0.0	0.0
GCA-002727735 sp902536695	2	1	1	0.0	0.0
GCA-002733105 sp003645385	2	1	1	0.0	1.0
GCA-002733185 sp002713705	3	3	3	0.0	0.0
GCA-002733185 sp004213605	2	1	1	0.0	0.0
GCA-002733185 sp018669795	4	6	6	16.666666666666668	0.0
GCA-002748415 sp002748415	2	1	1	0.0	0.0
GCA-002773005 sp002771215	3	3	3	0.0	0.0
GCA-002774445 sp002774445	2	1	1	0.0	1.0
GCA-002779355 sp002779355	2	1	1	0.0	0.0
GCA-002779425 sp002779425	4	6	6	0.0	0.0
GCA-002779465 sp002771315	2	1	1	0.0	1.0
GCA-002779875 sp002792165	4	6	6	0.0	0.0
GCA-002780085 sp002791435	3	3	3	0.0	0.0
GCA-002780795 sp002780795	6	15	15	6.666666666666667	0.0
GCA-002782225 sp002787295	4	6	6	0.0	0.0
GCA-002782285 sp002790655	5	10	10	0.0	0.0
GCA-002782345 sp002782345	3	3	3	0.0	0.0
GCA-002784865 sp002788395	4	6	6	0.0	0.0
GCA-002785045 sp002781185	4	6	6	0.0	0.0
GCA-002787255 sp002787255	2	1	1	0.0	0.0
GCA-002787375 sp002778965	2	1	1	0.0	0.0
GCA-00278855 sp002788855	2	1	1	0.0	0.0
GCA-002789015 sp002789015	2	1	1	0.0	0.0
GCA-002790575 sp002773095	2	1	1	0.0	0.0
GCA-002790615 sp002780175	2	1	1	0.0	0.0
GCA-002790695 sp002780915	5	10	10	0.0	0.0
GCA-002791395 sp002771355	2	1	1	0.0	0.0
GCA-002793235 sp002790175	2	1	1	0.0	0.0
GCA-002793355 sp002793355	2	1	1	0.0	0.0
GCA-002793575 sp002774055	2	1	1	0.0	0.0
GCA-002795985 sp002792395	4	6	6	16.666666666666668	0.5
GCA-002840015 sp002782905	2	1	1	0.0	1.0
GCA-002841655 sp903937325	2	1	1	0.0	0.0
GCA-003244245 sp003244245	2	1	1	100.0	6.0
GCA-003244245 sp019240665	2	1	1	100.0	5.0
GCA-003244245 sp019241525	2	1	1	100.0	6.0
GCA-003244245 sp019243635	2	1	1	0.0	0.0
GCA-012562765 sp012570365	2	1	1	0.0	0.0
GCA-012562765 sp012570745	2	1	1	0.0	0.0
GCA-014075295 sp014075295	2	1	1	0.0	0.0
GCA-016432625 sp016432625	2	1	1	0.0	0.0
GCA-016699365 sp016699365	3	3	3	0.0	0.0
GCA-016699895 sp016699895	2	1	1	0.0	0.0
GCA-016700335 sp016700335	2	1	1	0.0	0.0
GCA-2400775 sp013151045	2	1	1	0.0	1.0
GCA-2400975 sp002400975	2	1	1	0.0	0.0
GCA-2400975 sp012965955	2	1	1	0.0	0.0
GCA-2401155 sp016763155	3	3	3	100.0	5.0
GCA-2686295 sp014384375	2	1	1	0.0	0.0
GCA-2686295 sp014384455	2	1	1	0.0	0.0
GCA-2686295 sp018819065	4	6	6	0.0	0.0
GCA-2686765 sp013349695	4	6	6	83.33333333333333	2.5
GCA-2686945 sp012960475	2	1	1	0.0	0.0
GCA-2687025 sp018644665	3	3	3	66.66666666666667	2.0
GCA-2687515 sp018674495	13	78	78	8.974358974358974	0.0
GCA-2688265 sp018670085	2	1	1	0.0	1.0
GCA-2688265 sp018697095	2	1	1	0.0	0.0
GCA-2689605 sp002689605	2	1	1	0.0	0.0
GCA-2689925 sp002689925	2	1	1	0.0	0.0
GCA-2690565 sp002457235	3	3	3	33.333333333333336	1.0
GCA-2691145 sp002691145	4	6	6	0.0	0.0
GCA-2691245 sp002167215	3	3	3	0.0	0.0
GCA-2691245 sp902522465	2	1	1	0.0	1.0
GCA-2693335 sp002724895	3	3	3	0.0	0.0
GCA-2696645 sp002696645	2	1	1	100.0	3.0
GCA-2696645 sp002709955	10	45	45	75.55555555555556	3.0
GCA-2696645 sp017792345	3	3	3	100.0	9.0
GCA-2697345 sp002697345	5	10	10	0.0	0.0
GCA-2698665 sp002698665	2	1	1	0.0	0.0
GCA-2698665 sp018667355	8	28	28	0.0	0.0
GCA-2698665 sp018670435	5	10	10	0.0	0.0
GCA-2699025 sp002699025	3	3	3	66.66666666666667	2.0
GCA-2699365 sp002699365	4	6	6	0.0	0.0
GCA-2700365 sp002700365	2	1	1	0.0	1.0
GCA-2700405 sp018657955	9	36	36	0.0	0.0
GCA-2701925 sp002701925	4	6	6	0.0	0.0
GCA-2702235 sp002702235	3	3	3	0.0	0.0
GCA-2704625 sp002704625	2	1	1	0.0	0.0
GCA-2704625 sp003209895	4	6	6	66.66666666666667	2.0
GCA-2704625 sp003213135	3	3	3	0.0	0.0
GCA-2704625 sp017640245	8	28	28	3.5714285714285716	0.0
GCA-2704625 sp902569185	2	1	1	0.0	0.0
GCA-2704625 sp902570785	2	1	1	100.0	2.0
GCA-2704625 sp902578115	2	1	1	0.0	0.0
GCA-2704625 sp902578935	2	1	1	0.0	0.0
GCA-2704625 sp902579285	2	1	1	0.0	0.0
GCA-2704625 sp902580445	2	1	1	0.0	0.0
GCA-2704625 sp902587295	3	3	3	0.0	0.0
GCA-2704625 sp902614835	3	3	3	0.0	0.0
GCA-2705445 sp002705445	2	1	1	0.0	0.0
GCA-2705445 sp018674175	3	3	3	0.0	0.0
GCA-2705445 sp018675635	2	1	1	0.0	0.0
GCA-2707915 sp002707915	4	6	6	0.0	0.0
GCA-2707915 sp003212335	11	55	55	14.545454545454545	0.0
GCA-2707915 sp004214065	3	3	3	0.0	0.0
GCA-2707915 sp902542325	2	1	1	0.0	0.0
GCA-2707915 sp902594545	2	1	1	0.0	0.0
GCA-2707915 sp902606175	3	3	3	0.0	0.0
GCA-2707915 sp902618945	2	1	1	0.0	0.0
GCA-2707915 sp902620785	6	15	15	0.0	0.0
GCA-2708265 sp002708265	2	1	1	0.0	0.0
GCA-2708415 sp009995595	2	1	1	0.0	0.0
GCA-2709565 sp002709565	2	1	1	0.0	0.0
GCA-2709665 sp002709665	3	3	3	100.0	3.0
GCA-2710765 sp002710765	2	1	1	0.0	1.0
GCA-2711125 sp002711125	3	3	3	33.333333333333336	1.0
GCA-2712005 sp002712005	5	10	10	20.0	0.0
GCA-2712005 sp017858255	2	1	1	100.0	3.0
GCA-2712105 sp002712105	2	1	1	0.0	0.0
GCA-2712665 sp002938035	6	15	15	6.666666666666667	0.0
GCA-2715505 sp002715505	2	1	1	0.0	0.0
GCA-2715645 sp902628365	3	3	3	0.0	0.0
GCA-2716065 sp002716065	2	1	1	0.0	0.0
GCA-2716345 sp002716345	2	1	1	100.0	2.0
GCA-2716345 sp902587125	4	6	6	50.0	1.0
GCA-2716765 sp018661775	3	3	3	0.0	0.0
GCA-2717285 sp002717285	2	1	1	0.0	0.0
GCA-2717485 sp002717485	3	3	3	0.0	0.0
GCA-2718595 sp002718595	9	36	36	0.0	0.0
GCA-2718715 sp018662325	2	1	1	0.0	0.0
GCA-2718815 sp002726515	2	1	1	0.0	0.0
GCA-2719775 sp002719775	2	1	1	0.0	0.0
GCA-2720855 sp002720855	2	1	1	0.0	0.0
GCA-2720865 sp018646195	2	1	1	0.0	0.0
GCA-2720975 sp002720975	2	1	1	0.0	1.0
GCA-2720975 sp012959525	2	1	1	0.0	1.0
GCA-2721545 sp002721545	2	1	1	0.0	1.0
GCA-2721545 sp003230615	2	1	1	0.0	1.0
GCA-2721545 sp004356775	2	1	1	0.0	0.0
GCA-2721545 sp014237605	2	1	1	0.0	0.0
GCA-2721815 sp002721815	3	3	3	0.0	1.0
GCA-2722105 sp018649625	15	105	105	0.9523809523809523	0.0
GCA-2722105 sp018674095	13	78	78	0.0	0.0
GCA-2722105 sp018692355	14	91	91	1.098901098901099	0.0
GCA-2722175 sp002722175	2	1	1	0.0	0.0
GCA-2722315 sp002722315	2	1	1	100.0	3.0
GCA-2722315 sp018334995	3	3	3	100.0	3.0
GCA-2722455 sp002722455	2	1	1	100.0	2.0
GCA-2724215 sp009840005	2	1	1	100.0	2.0
GCA-2724215 sp009841115	3	3	3	33.333333333333336	1.0
GCA-2724215 sp018672475	9	36	36	58.333333333333336	2.0
GCA-2726415 sp018698075	16	120	120	6.666666666666667	0.0
GCA-2726865 sp014381835	2	1	1	0.0	0.0
GCA-2728135 sp002728135	2	1	1	0.0	0.0
GCA-2728255 sp002728255	2	1	1	0.0	0.0
GCA-2730555 sp002730555	2	1	1	100.0	7.0
GCA-2730555 sp018650185	4	6	6	0.0	0.0
GCA-2730855 sp902532015	3	3	3	100.0	2.0
GCA-2730975 sp002730975	2	1	1	0.0	0.0
GCA-2730975 sp018695085	4	6	6	83.33333333333333	2.5
GCA-2731375 sp002731375	2	1	1	100.0	5.0
GCA-2731375 sp018660265	11	55	55	27.272727272727273	1.0
GCA-2731375 sp018667855	3	3	3	0.0	0.0
GCA-2731375 sp018701215	15	105	105	17.142857142857142	1.0
GCA-2737125 sp005798555	3	3	3	0.0	0.0
GCA-2737125 sp009702725	4	6	6	0.0	0.5
GCA-2737125 sp903960135	38	703	703	2.987197724039829	0.0
GCA-2737595 sp009702245	5	10	10	20.0	0.0
GCA-2737595 sp009917815	2	1	1	100.0	2.0
GCA-2737595 sp903863015	7	21	21	0.0	0.0
GCA-2737665 sp002737665	2	1	1	0.0	0.0
GCA-2737665 sp903873905	3	3	3	33.333333333333336	1.0
GCA-2737725 sp002737725	2	1	1	0.0	0.0
GCA-2742935 sp002742935	2	1	1	0.0	0.0
GCA-2746365 sp013041745	2	1	1	0.0	0.0
GCA-2746605 sp016713565	2	1	1	0.0	1.0
GCA-2748155 sp016704565	3	3	3	100.0	17.0
GCA-2748155 sp016707175	4	6	6	83.33333333333333	9.5
GCA-2748155 sp016715285	3	3	3	33.333333333333336	1.0
GCA-2753255 sp002753255	2	1	1	100.0	6.0
GCA-2753275 sp002753275	2	1	1	0.0	0.0
GCA-2753465 sp002753465	2	1	1	100.0	2.0
GCA-2753465 sp903836515	4	6	6	50.0	1.5
GCA-2753465 sp903901225	7	21	21	0.0	0.0
GCA-2753465 sp903959815	2	1	1	100.0	2.0
GCA-2753565 sp002753565	2	1	1	100.0	3.0
GCA-2753745 sp002753745	2	1	1	0.0	1.0
GCA-2753745 sp903908245	3	3	3	0.0	0.0
GCA-2770975 sp002783405	3	3	3	0.0	0.0
GCA-2786165 sp018061965	2	1	1	0.0	0.0
GCA-2786165 sp903877115	2	1	1	100.0	2.0
GCA-2786225 sp009991425	2	1	1	0.0	0.0
GCA-2794595 sp002794595	2	1	1	0.0	0.0
GCA-2862585 sp016779935	2	1	1	0.0	0.0
GCA-2862715 sp002862715	8	28	28	21.428571428571427	0.0
GCA-2863045 sp002863045	7	21	21	4.761904761904762	1.0
GCA-900066495 sp014323405	0	0	0	0	
GCA-900066495 sp900066495	4	6	6	33.333333333333336	0.5
GCA-900066495 sp900545985	3	3	3	66.66666666666667	2.0
GCA-900066755 sp900066755	4	6	6	83.33333333333333	9.0
GCA-900066755 sp902363085	2	1	1	100.0	6.0
GCA-900066905 sp900066905	3	3	3	100.0	7.0
GCA-900199385 sp900176495	2	1	1	100.0	2.0
GCA-900199385 sp900199385	2	1	1	0.0	0.0
GCA-900199385 sp900315315	2	1	1	0.0	0.0
GCA-900199385 sp900315675	5	10	10	20.0	0.0
GCA-900199385 sp900318145	2	1	1	0.0	0.0
GCA-900199385 sp900320755	8	28	28	14.285714285714286	0.0
GCA-900199385 sp900322155	5	10	10	30.0	0.5
GCA-900199385 sp902764875	4	6	6	83.33333333333333	2.5
GCA001735715 sp001735715	2	1	1	0.0	0.0
GCF-000787395 sp000787395	56	1540	1540	40.0	1.0
GMQP-bins7 sp005888365	3	3	3	0.0	1.0
GN02-872 sp002761215	2	1	1	0.0	0.0
GPS1B09 sp018333455	2	1	1	100.0	3.0
GPS1B09 sp018333635	2	1	1	0.0	1.0
GUT77 sp009786415	2	1	1	0.0	0.0
GUT77 sp009786575	2	1	1	0.0	0.0
GW2011-AR1 sp002762735	8	28	28	21.428571428571427	0.0
GW2011-AR10 sp000830275	3	3	3	33.333333333333336	1.0
GW2011-AR11 sp12027u	7	21	21	23.80952380952381	0.0
GW2011-AR13 sp9966u	4	6	6	0.0	0.0
GW2011-AR15 sp000830295	3	3	3	0.0	0.0
GW2011-AR15 sp018657065	8	28	28	0.0	0.0
GW2011-AR17 sp10136u	6	15	15	0.0	0.0
GW2011-AR18 sp000806155	3	3	3	0.0	1.0
GW2011-AR20 sp000830315	2	1	1	0.0	0.0
GW2011-AR9 sp10194u	4	6	6	66.66666666666667	2.0
GWA1-39-11 sp001782235	6	15	15	0.0	0.0
GWA1-39-11 sp001782675	4	6	6	0.0	0.0
GWA1-42-19 sp000994805	2	1	1	0.0	0.0
GWA1-44-25 sp001778635	2	1	1	0.0	0.0
GWA1-44-25 sp001780725	11	55	55	0.0	0.0
GWA1-44-29 sp001001285	3	3	3	0.0	0.0
GWA1-44-29 sp001778695	8	28	28	0.0	0.0
GWA1-48-11 sp001003475	2	1	1	0.0	0.0
GWA1-52-35 sp001769805	5	10	10	10.0	1.0
GWA1-54-10 sp001773575	2	1	1	0.0	0.0
GWA1-54-10 sp001775445	2	1	1	0.0	0.0
GWA1-54-10 sp903819895	3	3	3	0.0	0.0
GWA1-54-10 sp903824155	2	1	1	0.0	0.0
GWA1-54-10 sp903840375	5	10	10	0.0	0.0
GWA1-54-10 sp903851045	5	10	10	0.0	0.0
GWA1-54-10 sp903878285	8	28	28	21.428571428571427	0.0
GWA1-54-10 sp903884345	3	3	3	0.0	0.0
GWA2-32-17 sp903837285	2	1	1	0.0	1.0
GWA2-32-17 sp903872185	3	3	3	66.66666666666667	3.0
GWA2-33-14 sp001820215	3	3	3	33.333333333333336	0.0
GWA2-35-9 sp002793435	3	3	3	0.0	0.0
GWA2-36-10 sp903855135	7	21	21	0.0	0.0
GWA2-37-10 sp000992015	2	1	1	0.0	0.0
GWA2-38-11 sp001790645	2	1	1	0.0	0.0
GWA2-38-27 sp001821475	7	21	21	4.761904761904762	0.0
GWA2-41-24 sp001775055	2	1	1	0.0	0.0
GWA2-42-14 sp000998135	3	3	3	0.0	1.0
GWA2-42-15 sp000998185	4	6	6	16.666666666666668	0.0
GWA2-43-13 sp000999025	5	10	10	0.0	0.0
GWA2-43-14 sp001779315	6	15	15	20.0	0.0
GWA2-44-10 sp001794755	6	15	15	0.0	0.0
GWA2-44-9 sp001794215	4	6	6	0.0	0.0
GWA2-45-9 sp001779535	3	3	3	0.0	1.0
GWA2-46-10 sp001817635	2	1	1	0.0	0.0
GWA2-46-15 sp018895125	2	1	1	0.0	0.0
GWA2-46-9 sp001791325	7	21	21	4.761904761904762	0.0
GWA2-47-10 sp001820685	5	10	10	0.0	0.0
GWA2-47-10b sp001821795	3	3	3	0.0	0.0
GWA2-49-15 sp001769855	2	1	1	0.0	0.0
GWA2-66-18 sp001799675	3	3	3	0.0	0.0
GWA2-73-35 sp001788495	4	6	6	50.0	1.5
GWA2-73-35 sp001790205	2	1	1	100.0	5.0
GWA2-73-35 sp001790315	3	3	3	66.66666666666667	2.0
GWA2-73-35 sp016179875	2	1	1	0.0	0.0
GWB1-36-13 sp001829155	2	1	1	100.0	2.0
GWB1-36-5 sp001776785	3	3	3	0.0	0.0
GWB1-37-8 sp001782645	3	3	3	0.0	0.0
GWB1-37-8 sp001783805	3	3	3	0.0	0.0
GWB1-37-8 sp903872785	5	10	10	0.0	0.0
GWB1-38-13 sp000993025	2	1	1	0.0	0.0
GWB1-40-14 sp000996085	2	1	1	0.0	0.0
GWB1-40-14 sp001822815	2	1	1	0.0	0.0
GWB1-41-6 sp000997355	4	6	6	0.0	0.0
GWB1-42-6 sp000997475	2	1	1	0.0	0.0
GWB1-45-9 sp001793855	2	1	1	0.0	1.0
GWB1-50-10 sp001004105	3	3	3	0.0	0.0
GWB1-54-5 sp001787755	8	28	28	25.0	0.0
GWB1-54-5 sp002787035	3	3	3	0.0	0.0
GWB2-47-37 sp001803635	4	6	6	50.0	4.0
GWB2-55-19 sp001797465	3	3	3	66.66666666666667	2.0
GWC1-27-15 sp001829125	3	3	3	0.0	1.0
GWC1-37-10 sp001793825	2	1	1	0.0	0.0
GWC1-37-12b sp000993115	3	3	3	0.0	0.0
GWC1-40-35 sp001775095	17	136	136	3.676470588235294	0.0
GWC1-40-9 sp000997385	3	3	3	0.0	0.0
GWC1-42-9 sp000995185	2	1	1	0.0	0.0
GWC1-47-15 sp001001375	2	1	1	0.0	0.0
GWC1-49-16 sp001029675	17	136	136	8.088235294117647	0.0
GWC2-33-13 sp000989565	3	3	3	0.0	1.0
GWC2-36-17 sp000992345	5	10	10	20.0	0.5
GWC2-37-13 sp000991135	2	1	1	0.0	0.0
GWC2-37-13 sp002788805	5	10	10	0.0	0.0
GWC2-37-13 sp002792355	2	1	1	0.0	0.0
GWC2-37-8 sp000992165	3	3	3	0.0	0.0
GWC2-39-10 sp000993275	2	1	1	0.0	1.0
GWC2-39-10 sp001872945	4	6	6	0.0	0.0
GWC2-39-14 sp000996245	2	1	1	0.0	0.0
GWC2-40-17 sp001783145	2	1	1	0.0	0.0
GWC2-42-11 sp001797495	2	1	1	100.0	5.0
GWC2-42-12 sp001778055	2	1	1	0.0	0.0
GWC2-45-19 sp001001555	2	1	1	0.0	0.0
GWC2-45-44 sp001824555	3	3	3	0.0	0.0
GWC2-57-13 sp001805055	3	3	3	66.66666666666667	17.0
GWC2-65-14 sp001797615	2	1	1	100.0	4.0
GWC2-70-10 sp001795345	2	1	1	100.0	3.0
GWE1-39-12 sp001029735	2	1	1	0.0	0.0
GWE2-29-8 sp001768555	2	1	1	0.0	0.0
GWE2-31-10 sp001829315	5	10	10	40.0	0.0
GWE2-39-37 sp000995135	2	1	1	0.0	0.0
GWE2-40-63 sp003512955	11	55	55	45.45454545454545	1.0
GWE2-42-24 sp001768515	4	6	6	33.333333333333336	0.5
GWE2-42-39 sp003506435	6	15	15	33.333333333333336	0.0
GWE2-51-13 sp003520745	5	10	10	0.0	0.0
GWF1-31-35 sp001029755	13	78	78	0.0	0.0
GWF2-33-10 sp001788835	4	6	6	0.0	0.0
GWF2-33-38 sp001769505	4	6	6	50.0	1.0
GWF2-35-18 sp001771135	6	15	15	0.0	0.0
GWF2-35-48 sp001769125	4	6	6	66.66666666666667	3.5
GWF2-38-335 sp001769535	3	3	3	0.0	0.0
GWF2-38-69 sp001803205	2	1	1	0.0	0.0
GWF2-38-85 sp001797275	2	1	1	0.0	0.0
GWF2-39-127 sp003242895	7	21	21	4.761904761904762	0.0
GWF2-43-52 sp001805445	7	21	21	71.42857142857143	2.0
GWF2-43-63 sp001769275	5	10	10	0.0	0.0
GWF2-50-93 sp001804805	2	1	1	100.0	2.0
GWF2-50-93 sp001804815	2	1	1	0.0	1.0
GWF2-57-35 sp001804865	2	1	1	100.0	4.0
Ga0077526 sp016713305	2	1	1	100.0	11.0
Ga0077527 sp903933915	3	3	3	33.333333333333336	1.0
Ga0077546 sp018062085	2	1	1	0.0	0.0
Ga0077550 sp016709225	4	6	6	50.0	3.0
Ga0077555 sp900117415	3	3	3	33.333333333333336	1.0
Ga0077560 sp903896045	10	45	45	11.11111111111111	0.0
Ga6A1 sp900102385	31	465	465	54.40860215053763	2.0
Gabonibacter massiliensis	4	6	6	33.333333333333336	0.5
Galbitalea soli	2	1	1	0.0	0.0
Gallacutalibacter pullicola	4	6	6	66.66666666666667	3.5
Gallacutalibacter_A stercoravium	2	1	1	0.0	0.0
Gallaecimonas pentaromativorans	2	1	1	100.0	5.0
Gallibacterium anatis	27	351	351	95.15669515669515	6.0
Gallibacterium salpingitidis	3	3	3	66.66666666666667	2.0
Gallibacterium sp000771875	4	6	6	66.66666666666667	3.5
Gallibacterium sp001678475	3	3	3	66.66666666666667	2.0
Galligastranaerophilus_A intestinigallinarum	2	1	1	100.0	2.0
Gallimonas faecium	3	3	3	33.333333333333336	0.0
Gallimonas intestinalis	2	1	1	100.0	4.0
Gallimonas intestinavium	3	3	3	33.333333333333336	0.0
Gallimonas merdae	2	1	1	100.0	2.0
Gallimonas merdigallinarum	3	3	3	100.0	9.0
Gallimonas sp900548845	2	1	1	0.0	0.0
Gallionella sp001801025	3	3	3	0.0	1.0
Gallionella sp001801085	2	1	1	0.0	0.0
Gallionella sp001801215	2	1	1	0.0	0.0
Gallionella sp002381565	3	3	3	66.66666666666667	3.0
Gallionella sp002414205	2	1	1	0.0	0.0
Gallionella sp002780675	3	3	3	0.0	0.0
Gallionella sp903858965	2	1	1	0.0	0.0
Gallionella sp903861075	4	6	6	83.33333333333333	2.0
Gallionella sp903876685	3	3	3	66.66666666666667	3.0
Gallionella sp903885165	60	1770	1770	7.062146892655368	0.0
Gallionella sp903915035	2	1	1	100.0	5.0
Gallipaludibacter sp017647145	3	3	3	0.0	0.0
Galliscardovia callimiconis	2	1	1	0.0	0.0
Galliscardovia saimiriisciurei	2	1	1	0.0	0.0
Galliscardovia simiarum	2	1	1	100.0	2.0
Galliscardovia tissieri	4	6	6	83.33333333333333	3.0
Gallispira sp900543365	4	6	6	0.0	0.0
Gallispira sp900551755	2	1	1	0.0	0.0
Galloscillospira_A excrementavium	2	1	1	0.0	1.0
Galloscillospira_A stercoripullorum	2	1	1	0.0	1.0
Galloscillospira_B sp017427525	3	3	3	0.0	0.0
Garciella nitratireducens	3	3	3	0.0	0.0
Garciella sp900555725	2	1	1	0.0	0.0
Geddesella stercoravicola	2	1	1	0.0	1.0
Geitlerinema sp001657325	3	3	3	33.333333333333336	0.0
Gelidibacter algens	2	1	1	0.0	0.0
Gemella haemolysans	3	3	3	0.0	0.0
Gemella haemolysans_A	2	1	1	0.0	
Gemella haemolysans_B	4	6	6	50.0	1.0
Gemella massiliensis	3	3	3	100.0	3.0
Gemella morbillorum	6	15	15	6.666666666666667	0.0
Gemella palaticanis	2	1	1	0.0	0.0
Gemella sanguinis	6	15	15	46.666666666666664	1.0
Gemella sp002871655	0	0	0	0	
Gemella sp004570485	2	1	1	0.0	0.0
Gemella sp013415425	2	1	1	0.0	0.0
Gemella sp018866345	2	1	1	0.0	0.0
Geminisphaera colitermitum	3	3	3	100.0	52.0
Geminisphaera sp000242935	2	1	1	0.0	
Geminocystis sp009993045	5	10	10	20.0	1.0
Gemmata massiliana	2	1	1	100.0	24.0
Gemmata obscuriglobus	3	3	3	0.0	0.0
Gemmata sp005772955	4	6	6	0.0	0.5
Gemmatimonas aurantiaca	2	1	1	0.0	0.0
Gemmatimonas sp002483225	2	1	1	0.0	1.0
Gemmatimonas sp002737115	3	3	3	33.333333333333336	1.0
Gemmiger avicola	5	10	10	30.0	1.0
Gemmiger avistercoris	2	1	1	0.0	0.0
Gemmiger formicilis	42	861	861	45.29616724738676	1.0
Gemmiger qucibialis	39	741	741	67.61133603238866	3.0
Gemmiger sp004555405	4	6	6	66.66666666666667	6.0
Gemmiger sp900539695	8	28	28	75.0	5.0
Gemmiger sp900540595	4	6	6	83.33333333333333	4.0
Gemmiger sp900540775	8	28	28	35.714285714285715	1.0
Gemmiger sp900545545	3	3	3	66.66666666666667	5.0
Gemmiger sp900554145	2	1	1	0.0	1.0
Gemmiger stercoravium	3	3	3	33.333333333333336	1.0
Gemmiger stercorigallinarum	4	6	6	16.666666666666668	0.0
Gemmiger stercoripullorum	2	1	1	100.0	19.0
Gemmiger variabilis	0	0	0	0	
Gemmiger variabilis_A	4	6	6	83.33333333333333	3.5
Gemmiger variabilis_B	3	3	3	100.0	3.0
Gemmiger_A avium	3	3	3	100.0	3.0
Gemmobacter aquaticus	2	1	1	100.0	2.0
Gemmobacter caeni	5	10	10	90.0	5.0
Gemmobacter sp003509785	4	6	6	100.0	22.0
Gemmobacter sp018798885	2	1	1	0.0	0.0
Gemmobacter_B sp009908265	2	1	1	0.0	0.0
Geoalkalibacter ferrihydriticus	2	1	1	0.0	0.0
Geobacillus icigianus	4	6	6	83.33333333333333	5.0
Geobacillus lituanicus	2	1	1	100.0	14.0
Geobacillus proteiniphilus	2	1	1	100.0	41.0
Geobacillus sp002077765	3	3	3	66.66666666666667	16.0
Geobacillus sp002809955	4	6	6	100.0	6.5
Geobacillus stearothermophilus	18	153	153	91.50326797385621	6.0
Geobacillus subterraneus	4	6	6	66.66666666666667	7.5
Geobacillus thermocatenulatus	6	15	15	33.333333333333336	1.0
Geobacillus thermodenitrificans	11	55	55	58.18181818181818	2.0
Geobacillus thermoleovorans	25	300	300	91.33333333333333	6.0
Geobacillus thermoleovorans_A	3	3	3	100.0	5.0
Geobacillus thermophilus	3	3	3	100.0	6.0
Geobacillus vulcani	2	1	1	100.0	7.0
Geobacillus zalihae	9	36	36	91.66666666666667	6.5
Geobacter anodireducens	4	6	6	100.0	6.0
Geobacter metallireducens	3	3	3	66.66666666666667	7.0
Geobacter sulfurreducens	7	21	21	66.66666666666667	2.0
Geodermatophilus amargosae	2	1	1	100.0	8.0
Geodermatophilus aquaeductus	0	0	0	0	
Geodermatophilus sabuli	2	1	1	0.0	0.0
Geofilum sp002411385	3	3	3	0.0	0.0
Geofilum sp002427105	5	10	10	80.0	2.5
Geoglobus ahangari	2	1	1	100.0	2.0
Geoglobus ahangari_A	0	0	0	0	
Geoglobus sp002494725	3	3	3	0.0	0.0
Geomicrobium_A sediminis	2	1	1	0.0	1.0
Geomicrobium_A sp000698145	2	1	1	0.0	0.0
Geomonas edaphica	2	1	1	100.0	4.0
Geomonas ferrireducens	2	1	1	0.0	0.0
Geomonas pelophila	2	1	1	100.0	5.0
Geomonas sp003499925	2	1	1	100.0	25.0
Geomonas sp018986935	3	3	3	100.0	2.0
Geomonas sp019203205	2	1	1	0.0	0.0
Geopsychrobacter sp009993495	2	1	1	0.0	0.0
Georgenia sp006352065	2	1	1	100.0	6.0
Georgenia subflava	2	1	1	0.0	0.0
Georgenia thermotolerans	2	1	1	0.0	0.0
Georgenia_A faecalis	2	1	1	0.0	0.0
Geosporobacter ferrireducens	2	1	1	0.0	0.0
Geothermincola_A secundus	2	1	1	0.0	1.0
Geothrix sp003158505	2	1	1	100.0	3.0
Geothrix sp016195985	2	1	1	0.0	0.0
Geothrix sp016714685	4	6	6	100.0	7.5
Geothrix sp903840385	2	1	1	0.0	1.0
Geothrix sp903843705	6	15	15	53.333333333333336	2.0
Geothrix sp903857495	50	1225	1225	29.959183673469386	0.0
Geothrix sp903863195	5	10	10	90.0	3.5
Geothrix sp903873655	6	15	15	73.33333333333333	2.0
Geothrix sp903880675	5	10	10	30.0	1.0
Geothrix sp903884655	3	3	3	0.0	0.0
Geothrix sp903890595	6	15	15	40.0	1.0
Geothrix sp903913215	29	406	406	23.891625615763548	1.0
Geothrix sp903919165	2	1	1	0.0	0.0
Geothrix sp903937385	10	45	45	28.88888888888889	0.0
Geotoga petraea	2	1	1	0.0	1.0
Geovibrio sp001603805	2	1	1	100.0	2.0
Ghiorsea sp002323245	3	3	3	0.0	0.0
Gibbsiella quercinecans	4	6	6	100.0	9.5
Giesbergeria granuli	2	1	1	100.0	2.0
Giesbergeria metamorpha	2	1	1	0.0	0.0
Giesbergeria sp001770955	5	10	10	80.0	4.5
Giesbergeria sp003096555	3	3	3	66.66666666666667	4.0
Giesbergeria sp010020825	2	1	1	100.0	2.0
Giesbergeria sp012932145	2	1	1	100.0	14.0
Giesbergeria sp017985015	6	15	15	33.333333333333336	0.0
Giesbergeria sp017987055	2	1	1	0.0	1.0
Gilliamella apicola	21	210	210	58.57142857142857	2.0
Gilliamella apicola_A	4	6	6	0.0	0.0
Gilliamella apicola_C	9	36	36	86.11111111111111	10.5
Gilliamella apicola_E	2	1	1	100.0	6.0
Gilliamella apicola_F	2	1	1	0.0	0.0
Gilliamella apicola_G	2	1	1	100.0	2.0
Gilliamella apicola_H	2	1	1	100.0	6.0
Gilliamella apicola_N	19	171	171	47.36842105263158	1.0
Gilliamella apicola_Q	2	1	1	100.0	6.0
Gilliamella apis	26	325	325	64.3076923076923	2.0
Gilliamella apis_A	9	36	36	55.55555555555556	2.0
Gilliamella bombi	11	55	55	83.63636363636364	10.0
Gilliamella bombicola	3	3	3	100.0	3.0
Gilliamella sp002142215	3	3	3	100.0	3.0
Gilliamella sp009795805	5	10	10	80.0	26.5
Gilliamella sp009795845	3	3	3	66.66666666666667	2.0
Gillisia hiemivivida	2	1	1	0.0	0.0
Gillisia sp900104765	2	1	1	100.0	4.0
Gimesia aquarii	2	1	1	100.0	23.0
Gimesia benthica	2	1	1	100.0	8.0
Gimesia chilikensis	4	6	6	100.0	9.0
Gimesia maris	7	21	21	61.904761904761905	5.0
Gimesia panareensis	3	3	3	100.0	10.0
Gimesia sp002706765	2	1	1	100.0	4.0
Glaciecola pallidula	2	1	1	0.0	0.0
Glaciecola punicea	2	1	1	0.0	1.0
Glaciecola sp002292215	4	6	6	0.0	0.0
Glaciimonas immobilis	2	1	1	0.0	0.0
Glaesserella australis	2	1	1	0.0	0.0
Glaesserella indolica	0	0	0	0	
Glaesserella parasuis	111	6105	6105	84.37346437346437	8.0
Gleimia europaea_A	6	15	15	26.666666666666668	2.0
Globicatella sanguinis	2	1	1	0.0	
Globicatella sp010892315	6	15	15	53.333333333333336	2.0
Globicatella sp016126655	6	15	15	60.0	3.0
Globicatella sulfidifaciens	2	1	1	0.0	0.0
Gloeocapsopsis dulcis	2	1	1	0.0	1.0
Gluconacetobacter azotocaptans	2	1	1	100.0	8.0
Gluconacetobacter diazotrophicus	4	6	6	83.33333333333333	11.0
Gluconacetobacter dulcium	3	3	3	66.66666666666667	6.0
Gluconacetobacter liquefaciens	3	3	3	0.0	0.0
Gluconobacter albidus	6	15	15	73.33333333333333	4.0
Gluconobacter cadivus	5	10	10	90.0	4.0
Gluconobacter cerevisiae	2	1	1	100.0	4.0
Gluconobacter kanchanaburiensis	2	1	1	0.0	0.0
Gluconobacter kondonii	8	28	28	96.42857142857143	7.5
Gluconobacter oxydans	13	78	78	48.717948717948715	1.0
Gluconobacter potus	7	21	21	85.71428571428571	8.0
Gluconobacter roseus	2	1	1	0.0	0.0
Gluconobacter sphaericus	6	15	15	73.33333333333333	4.0
Gluconobacter_A cerinus	20	190	190	93.15789473684211	7.0
Gluconobacter_A frateurii	2	1	1	0.0	1.0
Gluconobacter_A japonicus	7	21	21	38.095238095238095	1.0
Gluconobacter_A sp014132155	4	6	6	66.66666666666667	3.0
Gluconobacter_A thailandicus	8	28	28	32.142857142857146	0.0
Gluconobacter_B wancherniae	4	6	6	83.33333333333333	9.0
Glutamicibacter ardleyensis	3	3	3	66.66666666666667	3.0
Glutamicibacter arilaitensis	7	21	21	61.904761904761905	2.0
Glutamicibacter creatinolyticus	4	6	6	50.0	3.5
Glutamicibacter halophytocola	4	6	6	33.333333333333336	1.0
Glutamicibacter mishrai	3	3	3	66.66666666666667	4.0
Glutamicibacter nicotianae	9	36	36	47.22222222222222	1.0
Glutamicibacter protophormiae	3	3	3	0.0	1.0
Glutamicibacter soli	6	15	15	86.66666666666667	4.0
Glutamicibacter sp002975405	6	15	15	73.33333333333333	3.0
Glutamicibacter sp002979865	2	1	1	0.0	1.0
Glutamicibacter sp900094805	0	0	0	0	
Glycocaulis alkaliphilus	2	1	1	100.0	2.0
Glycocaulis sp000744995	2	1	1	0.0	0.0
Glycomyces artemisiae	2	1	1	0.0	0.0
Glycomyces sp000719515	0	0	0	0	
Gordonia alkanivorans	6	15	15	40.0	4.5
Gordonia amarae	3	3	3	0.0	1.0
Gordonia amicalis	7	21	21	85.71428571428571	7.0
Gordonia araii	2	1	1	0.0	0.0
Gordonia bronchialis	3	3	3	0.0	0.0
Gordonia desulfuricans	2	1	1	0.0	0.0
Gordonia hankookensis	3	3	3	66.66666666666667	2.0
Gordonia hirsuta	2	1	1	0.0	0.0
Gordonia hydrophobica	2	1	1	0.0	0.0
Gordonia jacobaea	5	10	10	60.0	2.0
Gordonia malaquae	2	1	1	0.0	0.0
Gordonia namibiensis	2	1	1	0.0	0.0
Gordonia paraffinivorans	12	66	66	87.87878787878788	6.0
Gordonia polyisoprenivorans	11	55	55	80.0	3.0
Gordonia pseudoamarae	2	1	1	100.0	2.0
Gordonia rubripertincta	6	15	15	66.66666666666667	2.0
Gordonia sihwensis	4	6	6	16.666666666666668	0.0
Gordonia sp000143885	3	3	3	66.66666666666667	3.0
Gordonia sp002009645	12	66	66	93.93939393939394	9.0
Gordonia sp002477755	3	3	3	0.0	0.0
Gordonia sp004353055	2	1	1	0.0	0.0
Gordonia sp014041935	2	1	1	0.0	0.0
Gordonia sputi	5	10	10	90.0	7.0
Gordonia terrae	6	15	15	33.333333333333336	0.0
Gordonibacter massiliensis	3	3	3	66.66666666666667	2.0
Gordonibacter pamelaeae	5	10	10	80.0	8.0
Gordonibacter sp003339845	2	1	1	0.0	0.0
Gordonibacter urolithinfaciens	13	78	78	53.84615384615385	2.0
Gorillibacterium timonense	0	0	0	0	
Gottfriedia acidiceler	2	1	1	100.0	25.0
Gottfriedia luciferensis_B	3	3	3	0.0	0.0
Gottfriedia solisilvae	2	1	1	0.0	0.0
Gottfriedia sp002556365	3	3	3	100.0	4.0
Gottfriedia sp002564465	4	6	6	83.33333333333333	4.5
Gp1-AA112 sp003225175	3	3	3	33.333333333333336	1.0
Gp1-AA112 sp019243475	3	3	3	33.333333333333336	1.0
Gp1-AA122 sp003225055	2	1	1	100.0	20.0
Gp1-AA124 sp003225075	3	3	3	100.0	4.0
Gp1-AA133 sp003225465	3	3	3	100.0	4.0
Gp1-AA142 sp003224855	2	1	1	100.0	2.0
Gp1-AA145 sp003224755	2	1	1	100.0	2.0
Gp1-AA145 sp019241535	2	1	1	100.0	3.0
Gp13-AA77 sp003224635	2	1	1	100.0	6.0
Gp18-AA60 sp003225335	2	1	1	100.0	21.0
Gp22-AA3 sp003223135	2	1	1	0.0	1.0
Gp6-AA38 sp003223835	2	1	1	0.0	0.0
Gp6-AA40 sp001767195	2	1	1	0.0	0.0
Gp6-AA40 sp001767525	2	1	1	0.0	0.0
Gp6-AA40 sp003222635	2	1	1	100.0	4.0
Gp6-AA45 sp001917905	3	3	3	33.333333333333336	1.0
Gp6-AA45 sp003222395	4	6	6	83.33333333333333	8.5
Gp6-AA45 sp003222535	3	3	3	100.0	5.0
Gp7-AA6 sp003222385	2	1	1	100.0	4.0
Gracilibacillus dipsosauri	3	3	3	33.333333333333336	0.0
Gracilibacillus lacisalsi	4	6	6	50.0	2.0
Gracilibacillus massiliensis	0	0	0	0	
Gracilibacillus phocaeensis	2	1	1	100.0	5.0
Gracilibacillus sp002797295	0	0	0	0	
Gracilimonas sp002694685	9	36	36	16.666666666666668	0.0
Gracilimonas sp002696035	2	1	1	100.0	2.0
Gracilimonas sp017641085	2	1	1	0.0	0.0
Gramella echinicola	2	1	1	100.0	5.0
Gramella flava	3	3	3	0.0	0.0
Gramella forsetii	2	1	1	0.0	0.0
Granulibacter bethesdensis	8	28	28	21.428571428571427	0.0
Granulibacter bethesdensis_B	2	1	1	0.0	0.0
Granulicatella adiacens	9	36	36	11.11111111111111	1.0
Granulicatella sp001058355	6	15	15	0.0	0.0
Granulicatella sp015264885	2	1	1	100.0	2.0
Granulicoccus phenolivorans	2	1	1	0.0	0.0
Gryllotalpicola sp009780695	2	1	1	0.0	0.0
Gudongella oleilytica	13	78	78	28.205128205128204	1.0
Gulbenkiania mobilis	4	6	6	33.333333333333336	0.0
Gulosibacter molinativorax	0	0	0	0	
Gulosibacter sp900626105	2	1	1	0.0	0.0
Gulosibacter sp904848455	3	3	3	66.66666666666667	3.0
Guyparkeria halophila	2	1	1	100.0	3.0
Guyparkeria sp001641825	2	1	1	0.0	0.0
H1 sp001653155	2	1	1	100.0	6.0
H1-ARM1 sp001567425	10	45	45	66.66666666666667	2.0
H2-BAC3 sp015709675	2	1	1	0.0	0.0
HA3dbin3 sp002753495	2	1	1	100.0	6.0
HA3dbin3 sp015231175	2	1	1	100.0	10.0
HB2-32-21 sp002431545	2	1	1	100.0	2.0
HB2-32-21 sp003448675	2	1	1	100.0	3.0
HB2-32-21 sp003645535	2	1	1	0.0	0.0
HCH-1 sp001541255	3	3	3	0.0	0.0
HCH-1 sp002753305	2	1	1	100.0	4.0
HCHbin5 sp002753505	3	3	3	100.0	7.0
HCHbin5 sp903913345	2	1	1	0.0	1.0
HDB-SIOI813 sp001805205	6	15	15	26.666666666666668	0.0
HGM04593 sp015060835	3	3	3	100.0	3.0
HGM04593 sp015060885	3	3	3	66.66666666666667	3.0
HGM04593 sp015060905	2	1	1	0.0	0.0
HGM04593 sp017407905	2	1	1	100.0	3.0
HGM04593 sp017408685	2	1	1	0.0	1.0
HGM04593 sp017416705	4	6	6	50.0	1.5
HGM04593 sp017442185	3	3	3	33.333333333333336	0.0
HGM04593 sp017451695	2	1	1	100.0	3.0
HGM04593 sp017467015	2	1	1	0.0	0.0
HGM04593 sp017503645	2	1	1	100.0	3.0
HGM04593 sp017536695	3	3	3	100.0	5.0
HGM04593 sp017536765	2	1	1	0.0	1.0
HGM04593 sp017547585	2	1	1	100.0	4.0
HGM04593 sp017646665	2	1	1	100.0	2.0
HGM04593 sp017938245	2	1	1	100.0	2.0
HGM04593 sp900770655	2	1	1	100.0	2.0
HGM04593 sp904501775	2	1	1	0.0	0.0
HGM04593 sp904502185	2	1	1	0.0	0.0
HGM04593 sp904502235	2	1	1	0.0	0.0
HGM05376 sp017555745	2	1	1	100.0	2.0
HGM05376 sp017561155	2	1	1	0.0	0.0
HGM05376 sp900769785	3	3	3	66.66666666666667	17.0
HGM10890 sp900769965	4	6	6	0.0	0.0
HGM11372 sp900767715	2	1	1	0.0	0.0
HGM11377 sp900755035	2	1	1	0.0	0.0
HGM11412 sp900770185	2	1	1	100.0	14.0
HGM11416 sp900768525	2	1	1	100.0	8.0
HGM11501 sp900766735	2	1	1	100.0	4.0
HGM11507 sp900761005	2	1	1	100.0	10.0
HGM11521 sp900751885	2	1	1	0.0	0.0
HGM11530 sp900751685	2	1	1	100.0	2.0
HGM11604 sp016295665	2	1	1	0.0	0.0
HGM11616 sp900761075	2	1	1	0.0	1.0
HGM12619 sp015067305	2	1	1	100.0	3.0
HGM12619 sp900753195	2	1	1	0.0	0.0
HGM12619 sp902783255	3	3	3	0.0	0.0
HGM12619 sp904502105	2	1	1	0.0	0.0
HGM12669 sp900761935	4	6	6	50.0	1.5
HGM12713 sp017504545	2	1	1	100.0	5.0
HGM12713 sp900754175	2	1	1	0.0	1.0
HGM12713 sp904501715	2	1	1	0.0	0.0
HGM12789 sp015066215	3	3	3	0.0	1.0
HGM13006 sp900756575	2	1	1	0.0	1.0
HGM13006 sp900757695	2	1	1	0.0	0.0
HGM13006 sp902778525	2	1	1	0.0	1.0
HGM13010 sp900754965	2	1	1	0.0	1.0
HGM13222 sp900757485	3	3	3	100.0	3.0
HGM13618 sp900753975	2	1	1	100.0	4.0
HGM16780 sp900538765	4	6	6	83.33333333333333	2.0
HGW-15 sp002840535	2	1	1	100.0	10.0
HGW-17 sp002841825	4	6	6	50.0	1.5
HIGHO2-12-38-15 sp001801745	4	6	6	0.0	0.0
HIMB100 sp002700485	3	3	3	0.0	0.0
HIMB100 sp002722385	2	1	1	0.0	0.0
HIMB11 sp003486095	18	153	153	55.55555555555556	2.0
HIMB114 sp002171085	3	3	3	0.0	0.0
HIMB114 sp002684895	2	1	1	0.0	0.0
HIMB114 sp002692055	2	1	1	0.0	0.0
HIMB114 sp003209195	3	3	3	0.0	0.0
HIMB30 sp000227525	2	1	1	0.0	0.0
HIMB30 sp002691485	14	91	91	0.0	0.0
HIMB30 sp002705325	4	6	6	16.666666666666668	1.0
HIMB30 sp002705795	3	3	3	0.0	0.0
HIMB30 sp002714245	3	3	3	0.0	0.0
HIMB30 sp002717305	2	1	1	0.0	0.0
HIMB30 sp002731015	2	1	1	0.0	0.0
HIMB30 sp010024125	4	6	6	0.0	0.0
HIMB59 sp003216195	7	21	21	0.0	0.0
HIMB59 sp003281065	2	1	1	0.0	0.0
HIMB59 sp008638215	4	6	6	0.0	0.0
HIMB59 sp902514885	2	1	1	0.0	0.0
HIMB59 sp902518505	4	6	6	0.0	0.0
HIMB59 sp902521155	2	1	1	0.0	0.0
HIMB59 sp902521465	2	1	1	100.0	3.0
HIMB59 sp902521485	2	1	1	100.0	2.0
HIMB59 sp902524245	3	3	3	0.0	0.0
HIMB59 sp902527545	4	6	6	0.0	0.0
HIMB59 sp902530745	8	28	28	7.142857142857143	0.0
HIMB59 sp902538085	3	3	3	0.0	0.0
HIMB59 sp902542505	2	1	1	0.0	0.0
HIMB59 sp902543855	2	1	1	100.0	3.0
HIMB59 sp902546975	5	10	10	30.0	1.0
HIMB59 sp902555695	4	6	6	0.0	0.5
HIMB59 sp902557145	2	1	1	0.0	0.0
HIMB59 sp902560595	4	6	6	0.0	0.0
HIMB59 sp902575065	2	1	1	0.0	0.0
HIMB59 sp902588615	2	1	1	0.0	0.0
HIMB59 sp902591315	2	1	1	0.0	0.0
HIMB59 sp902594145	2	1	1	0.0	0.0
HIMB59 sp902599405	10	45	45	13.333333333333334	0.0
HIMB59 sp902610175	4	6	6	0.0	0.0
HIMB59 sp902610255	2	1	1	0.0	1.0
HIMB59 sp902610415	2	1	1	0.0	0.0
HIMB59 sp902613185	5	10	10	0.0	0.0
HIMB59 sp902613845	7	21	21	0.0	0.0
HIMB59 sp902615815	23	253	253	1.1857707509881423	0.0
HIMB59 sp902616855	3	3	3	0.0	0.0
HIMB59 sp902617465	5	10	10	10.0	0.0
HIMB59 sp902619375	2	1	1	0.0	1.0
HIMB59 sp902621205	4	6	6	0.0	0.5
HK1 sp000583135	2	1	1	0.0	1.0
HKB111 sp018725175	2	1	1	0.0	1.0
HKB111 sp018725485	2	1	1	0.0	0.0
HO2-37-13b sp001789395	2	1	1	0.0	0.0
HO2-39-17 sp001817425	2	1	1	0.0	0.0
HO2-43-120 sp001821295	6	15	15	0.0	0.0
HO2-43-30 sp001819985	2	1	1	0.0	0.0
HO2-45-11b sp001817055	3	3	3	0.0	0.0
HO2-45-13 sp001821765	7	21	21	0.0	0.0
HO2-45-28 sp001819395	2	1	1	0.0	0.0
HO2-49-34 sp001783515	2	1	1	0.0	0.0
HO2-FULL-38-9 sp001793095	4	6	6	0.0	0.0
HO2-FULL-47-45 sp001776775	4	6	6	0.0	0.0
HOT-345 sp013333295	3	3	3	0.0	0.0
HOT-345 sp013333605	2	1	1	100.0	2.0
HR10 sp011053445	0	0	0	0	
HR10 sp011058595	0	0	0	0	
HRBIN15 sp011055025	0	0	0	0	
HRBIN16 sp002898895	0	0	0	0	
HRBIN16 sp011053695	0	0	0	0	
HRBIN17 sp011055095	0	0	0	0	
HRBIN21 sp002898295	0	0	0	0	
HRBIN24 sp002898715	0	0	0	0	
HRBIN24 sp011380505	0	0	0	0	
HRBIN25 sp002898615	0	0	0	0	
HRBIN29 sp011048275	0	0	0	0	
HRBIN30 sp011054845	0	0	0	0	
HRBIN32 sp011053555	0	0	0	0	
HRBIN35 sp011055845	0	0	0	0	
HRBIN36 sp011053495	0	0	0	0	
HRBIN37 sp002898375	0	0	0	0	
HRBIN39 sp015490605	2	1	1	0.0	1.0
HTCC2207 sp000153445	4	6	6	83.33333333333333	2.0
HTCC2207 sp001438605	10	45	45	17.77777777777778	0.0
HTCC2207 sp002334915	2	1	1	0.0	0.0
HTCC2207 sp002335945	6	15	15	0.0	0.0
HTCC2207 sp002378645	12	66	66	1.5151515151515151	0.0
HTCC2207 sp002382445	2	1	1	0.0	1.0
HTCC2207 sp002457245	5	10	10	0.0	0.0
HTCC2207 sp002469845	3	3	3	0.0	0.0
HTCC2207 sp002685195	10	45	45	4.444444444444445	0.0
HTCC2207 sp003491845	2	1	1	0.0	0.0
HTCC2207 sp004211905	2	1	1	0.0	0.0
HTCC2207 sp012960115	2	1	1	0.0	0.0
HTCC2207 sp014381985	2	1	1	0.0	0.0
HTCC2207 sp017858135	3	3	3	0.0	0.0
HTCC2207 sp017858295	2	1	1	0.0	0.0
HTCC2207 sp018607525	2	1	1	0.0	0.0
HTCC2207 sp018654575	15	105	105	1.9047619047619047	0.0
HTCC2207 sp018663035	2	1	1	0.0	0.0
HTCC2207 sp018664075	2	1	1	0.0	0.0
HTCC2207 sp905181925	2	1	1	0.0	0.0
HUN007 sp017848115	2	1	1	0.0	1.0
HUN007 sp902789705	2	1	1	100.0	3.0
HY158 sp009660225	2	1	1	0.0	1.0
Hadarchaeum yellowstonense	0	0	0	0	
Haematobacter massiliensis	4	6	6	16.666666666666668	0.5
Haematobacter missouriensis	3	3	3	66.66666666666667	7.0
Haematobacter sp002196855	2	1	1	100.0	8.0
Haematospirillum jordaniae	11	55	55	14.545454545454545	0.0
Haematospirillum sp012102745	3	3	3	66.66666666666667	4.0
Haemophilus aegyptius	31	465	465	78.70967741935483	7.0
Haemophilus haemolyticus	29	406	406	82.01970443349754	14.5
Haemophilus haemolyticus_I	17	136	136	91.91176470588235	6.0
Haemophilus influenzae	379	71631	71631	76.27423880722034	4.0
Haemophilus influenzae_D	42	861	861	50.87108013937282	2.0
Haemophilus influenzae_E	69	2346	2346	77.36572890025576	3.0
Haemophilus influenzae_F	55	1485	1485	57.30639730639731	2.0
Haemophilus quentini	5	10	10	70.0	3.5
Haemophilus seminalis	26	325	325	65.53846153846153	6.0
Haemophilus sp001276515	3	3	3	66.66666666666667	3.0
Haemophilus_A parahaemolyticus	9	36	36	47.22222222222222	1.0
Haemophilus_A paraphrohaemolyticus	7	21	21	0.0	0.0
Haemophilus_A sputorum	6	15	15	46.666666666666664	1.0
Haemophilus_B ducreyi	31	465	465	94.19354838709677	7.0
Haemophilus_D parainfluenzae	32	496	496	21.774193548387096	0.0
Haemophilus_D parainfluenzae_A	2	1	1	0.0	0.0
Haemophilus_D parainfluenzae_J	5	10	10	20.0	0.0
Haemophilus_D parainfluenzae_K	19	171	171	21.637426900584796	0.0
Haemophilus_D parainfluenzae_L	7	21	21	19.047619047619047	0.0
Haemophilus_D parainfluenzae_M	14	91	91	48.35164835164835	2.0
Haemophilus_D parainfluenzae_N	5	10	10	30.0	0.0
Haemophilus_D parainfluenzae_O	3	3	3	0.0	0.0
Haemophilus_D pittmaniae	4	6	6	50.0	1.0
Haemophilus_D sp001679485	2	1	1	0.0	1.0
Haemophilus_D sp001815355	8	28	28	14.285714285714286	0.0
Haemophilus_D sp015255025	3	3	3	33.333333333333336	3.0
Haemophilus_D sp900755445	6	15	15	46.666666666666664	0.0
Haemophilus_D sp900756155	2	1	1	0.0	0.0
Haemophilus_D sp900756875	2	1	1	0.0	1.0
Haemophilus_D sp900764435	6	15	15	60.0	2.0
Haemophilus_D sp905214375	2	1	1	0.0	0.0
Haemophilus_D sp905215245	5	10	10	30.0	1.5
Hafnia alvei	29	406	406	82.75862068965517	5.0
Hafnia alvei_B	2	1	1	0.0	0.0
Hafnia paralvei	31	465	465	68.17204301075269	3.0
Hafnia proteus	4	6	6	33.333333333333336	1.0
Hahella sp004135205	2	1	1	0.0	0.0
Hakubanella thermoalkaliphilus	4	6	6	66.66666666666667	6.0
Haladaptatus paucihalophilus	4	6	6	50.0	7.0
Halalkalicoccus jeotgali	3	3	3	0.0	0.0
Halalkalirubrum sp003551725	2	1	1	100.0	5.0
Halanaeroarchaeum sulfurireducens	2	1	1	0.0	0.0
Halanaerobium congolense	19	171	171	63.1578947368421	2.0
Halanaerobium kushneri	2	1	1	0.0	1.0
Halanaerobium saccharolyticum_A	3	3	3	0.0	0.0
Halanaerobium saccharolyticum_B	2	1	1	100.0	5.0
Halapricum salinum	0	0	0	0	
Halapricum sp017094525	2	1	1	100.0	11.0
Halarchaeum acidiphilum	2	1	1	100.0	10.0
Halarchaeum grantii	2	1	1	100.0	6.0
Halarchaeum nitratireducens	2	1	1	100.0	5.0
Halarchaeum rubridurum	2	1	1	0.0	0.0
Halarcobacter anaerophilus	3	3	3	0.0	0.0
Halarcobacter bivalviorum	3	3	3	0.0	0.0
Halarcobacter ebronensis	3	3	3	100.0	2.0
Halarcobacter sp004116455	2	1	1	0.0	0.0
Halegenticoccus sp004116405	2	1	1	0.0	0.0
Haliea salexigens	15	105	105	43.80952380952381	1.0
Haliea sp002414665	2	1	1	0.0	1.0
Haliea sp002416125	2	1	1	0.0	0.0
Halioglobus japonicus	4	6	6	16.666666666666668	0.5
Halioglobus lutimaris	0	0	0	0	
Halioglobus sp000156295	6	15	15	20.0	0.0
Halioglobus sp002699145	2	1	1	0.0	1.0
Halioglobus sp016704305	2	1	1	100.0	49.0
Halioglobus_A pacificus	2	1	1	100.0	4.0
Hallerella intestinalis	4	6	6	100.0	11.5
Hallerella porci	2	1	1	100.0	4.0
Hallerella sp002390045	4	6	6	33.333333333333336	0.0
Hallerella succinigenes	2	1	1	0.0	0.0
Haloactinopolyspora alba	2	1	1	0.0	0.0
Haloarcula argentinensis	2	1	1	100.0	3.0
Haloarcula hispanica	11	55	55	76.36363636363636	3.0
Haloarcula marismortui	9	36	36	86.11111111111111	7.5
Haloarcula rubripromontorii	2	1	1	100.0	15.0
Haloarcula salina	2	1	1	0.0	0.0
Haloarcula sebkhae	2	1	1	100.0	3.0
Haloarcula sp008729015	2	1	1	100.0	8.0
Haloarcula taiwanensis	4	6	6	83.33333333333333	6.0
Haloarcula vallismortis	2	1	1	0.0	0.0
Halobacillus aidingensis	2	1	1	100.0	5.0
Halobacillus halophilus	2	1	1	0.0	0.0
Halobacillus karajensis	4	6	6	100.0	7.0
Halobacillus kuroshimensis	2	1	1	0.0	0.0
Halobacillus litoralis	2	1	1	0.0	0.0
Halobacillus litoralis_B	3	3	3	33.333333333333336	1.0
Halobacillus salinus	2	1	1	0.0	0.0
Halobacillus sp001592845	3	3	3	33.333333333333336	0.0
Halobacillus_A andaensis	2	1	1	0.0	0.0
Halobacteriovorax marinus	2	1	1	0.0	0.0
Halobacterium hubeiense	8	28	28	35.714285714285715	1.0
Halobacterium salinarum	6	15	15	73.33333333333333	3.0
Halobellus limi	2	1	1	0.0	0.0
Halobiforma lacisalsi	2	1	1	100.0	7.0
Halocella sp003953885	3	3	3	100.0	2.0
Halochromatium sp003562815	4	6	6	16.666666666666668	0.0
Halococcus hamelinensis	2	1	1	0.0	0.0
Halococcus salsus	2	1	1	100.0	6.0
Halococcus sp003022685	2	1	1	100.0	3.0
Halodesulfovibrio aestuarii	2	1	1	0.0	1.0
Halodesulfurarchaeum formicicum	2	1	1	100.0	3.0
Haloferax gibbonsii	5	10	10	100.0	4.0
Haloferax larsenii	2	1	1	100.0	9.0
Haloferax marisrubri	2	1	1	100.0	7.0
Haloferax massiliensis	3	3	3	66.66666666666667	6.0
Haloferax mediterranei	4	6	6	50.0	1.5
Haloferax prahovense	5	10	10	50.0	4.5
Haloferax sp009674585	2	1	1	0.0	0.0
Haloferax sp009674605	2	1	1	0.0	0.0
Haloferax sp009674625	2	1	1	0.0	0.0
Haloferax sulfurifontis	2	1	1	100.0	4.0
Haloferax volcanii	19	171	171	89.47368421052632	4.0
Haloferula sp004293445	4	6	6	0.0	0.0
Halogeometricum borinquense	4	6	6	100.0	30.5
Halogeometricum rufum	2	1	1	100.0	13.0
Halogranum rubrum	2	1	1	100.0	5.0
Halohasta sp001563795	2	1	1	0.0	0.0
Halolactibacillus alkaliphilus	3	3	3	33.333333333333336	0.0
Halolactibacillus halophilus	2	1	1	0.0	0.0
Halolactibacillus miurensis	3	3	3	0.0	0.0
Halolacustris primus	3	3	3	0.0	0.0
Halolacustris secundus	4	6	6	16.666666666666668	0.5
Halolamina pelagica	2	1	1	0.0	0.0
Halomicroarcula limicola	2	1	1	0.0	0.0
Halomicroarcula pellucida	2	1	1	100.0	2.0
Halomicrobium mukohataei	4	6	6	0.0	0.0
Halomicrobium sp009617995	3	3	3	100.0	20.0
Halomicronema excentricum	0	0	0	0	
Halomonas alkaliantarctica	3	3	3	100.0	7.0
Halomonas alkaliphila	11	55	55	74.54545454545455	5.0
Halomonas aquamarina	24	276	276	72.10144927536231	3.0
Halomonas boliviensis	2	1	1	100.0	7.0
Halomonas campaniensis_A	2	1	1	0.0	1.0
Halomonas caseinilytica	6	15	15	26.666666666666668	0.0
Halomonas cupida	2	1	1	0.0	0.0
Halomonas desiderata	3	3	3	100.0	5.0
Halomonas elongata	4	6	6	100.0	6.0
Halomonas fontilapidosi	0	0	0	0	
Halomonas glaciei	2	1	1	100.0	10.0
Halomonas halodenitrificans	2	1	1	100.0	3.0
Halomonas halophila	4	6	6	100.0	6.5
Halomonas hamiltonii	3	3	3	66.66666666666667	2.0
Halomonas heilongjiangensis	2	1	1	100.0	2.0
Halomonas huangheensis	2	1	1	0.0	0.0
Halomonas icarae	2	1	1	100.0	14.0
Halomonas litopenaei	10	45	45	66.66666666666667	2.0
Halomonas massiliensis	0	0	0	0	
Halomonas piezotolerans	3	3	3	0.0	0.0
Halomonas salina_B	2	1	1	0.0	1.0
Halomonas sedimenti	2	1	1	100.0	2.0
Halomonas shengliensis	2	1	1	100.0	4.0
Halomonas smyrnensis	2	1	1	100.0	6.0
Halomonas sp000235725	2	1	1	100.0	6.0
Halomonas sp000686925	2	1	1	0.0	0.0
Halomonas sp001507855	2	1	1	0.0	0.0
Halomonas sp001651035	4	6	6	50.0	4.0
Halomonas sp002119345	2	1	1	100.0	15.0
Halomonas sp002332255	3	3	3	0.0	0.0
Halomonas sp002696125	2	1	1	0.0	0.0
Halomonas sp002966495	2	1	1	0.0	1.0
Halomonas sp003031405	0	0	0	0	
Halomonas sp003182195	3	3	3	100.0	24.0
Halomonas sp003553625	4	6	6	16.666666666666668	0.0
Halomonas sp003990195	3	3	3	66.66666666666667	3.0
Halomonas sp007116835	2	1	1	0.0	0.0
Halomonas sp011050415	2	1	1	0.0	0.0
Halomonas sp014897985	2	1	1	100.0	3.0
Halomonas sp015992245	2	1	1	0.0	0.0
Halomonas sp900086985	3	3	3	66.66666666666667	2.0
Halomonas sp900163645	6	15	15	80.0	4.0
Halomonas stevensii	5	10	10	100.0	6.5
Halomonas subterranea	2	1	1	100.0	5.0
Halomonas sulfidaeris	2	1	1	0.0	0.0
Halomonas titanicae	22	231	231	37.66233766233766	2.0
Halomonas urumqiensis	3	3	3	0.0	1.0
Halomonas ventosae	2	1	1	100.0	9.0
Halomonas ventosae_B	4	6	6	50.0	3.0
Halomonas venusta	8	28	28	71.42857142857143	3.0
Halomonas zhaodongensis	2	1	1	0.0	1.0
Halomonas_A anticariensis	2	1	1	100.0	2.0
Halomonas_B sp013009075	3	3	3	100.0	39.0
Halomonas_C lutea	2	1	1	0.0	1.0
Halomonas_C xianhensis	2	1	1	100.0	3.0
Halomonas_E taeanensis	2	1	1	0.0	1.0
Halomonas_F pacifica	2	1	1	0.0	1.0
Halonotius sp000496215	2	1	1	0.0	
Halopelagius longus	2	1	1	0.0	0.0
Halopenitus persicus	3	3	3	33.333333333333336	4.0
Haloplanus aerogenes	2	1	1	0.0	0.0
Haloplanus rubicundus	2	1	1	0.0	0.0
Halopolyspora algeriensis	2	1	1	0.0	0.0
Haloprofundus halophilus	2	1	1	0.0	0.0
Haloquadratum walsbyi	6	15	15	66.66666666666667	3.0
Halorhabdus sp009690625	2	1	1	0.0	0.0
Halorhabdus tiamatea	2	1	1	0.0	1.0
Halorhodospira halochloris	2	1	1	100.0	2.0
Halorhodospira halophila	2	1	1	100.0	4.0
Halorhodospira halophila_A	2	1	1	100.0	3.0
Halorubrum californiense	2	1	1	100.0	5.0
Halorubrum distributum	7	21	21	95.23809523809524	9.0
Halorubrum ezzemoulense	16	120	120	84.16666666666667	4.0
Halorubrum halophilum	2	1	1	100.0	8.0
Halorubrum lacusprofundi	3	3	3	66.66666666666667	7.0
Halorubrum lipolyticum	0	0	0	0	
Halorubrum sodomense	3	3	3	66.66666666666667	4.0
Halorubrum sp000296615	2	1	1	0.0	0.0
Halorubrum sp001564205	2	1	1	0.0	0.0
Halorubrum sp002252755	5	10	10	100.0	5.5
Halorubrum sp002286985	2	1	1	100.0	8.0
Halorubrum sp003554605	2	1	1	0.0	0.0
Halorubrum sp003990725	2	1	1	0.0	1.0
Halorubrum tropicale	8	28	28	89.28571428571429	4.0
Halorussus rarus	2	1	1	0.0	0.0
Halorussus sp004765795	2	1	1	100.0	2.0
Halosimplex sp003023165	2	1	1	100.0	6.0
Halospina utahensis_B	3	3	3	66.66666666666667	2.0
Halostella pelagica	2	1	1	100.0	2.0
Halostella sp003675875	2	1	1	0.0	0.0
Haloterrigena salifodinae	2	1	1	100.0	3.0
Haloterrigena sp013342135	2	1	1	100.0	3.0
Halothiobacillus neapolitanus	3	3	3	66.66666666666667	5.0
Halothiobacillus sp002281295	5	10	10	0.0	0.0
Halothiobacillus sp002282715	3	3	3	0.0	0.0
Halovenus sp001564135	2	1	1	0.0	0.0
Halovenus sp003021015	2	1	1	100.0	19.0
Halovenus sp003022845	2	1	1	100.0	6.0
Hamadaea sp013361475	3	3	3	33.333333333333336	1.0
Hamiltonella defensa	13	78	78	82.05128205128206	4.0
Hamiltonella defensa_A	2	1	1	0.0	0.0
Hankyongella ginsenosidimutans	2	1	1	100.0	8.0
Harryflintia acetispora	5	10	10	90.0	4.0
Harrysmithimonas galli	4	6	6	50.0	1.5
Hassallia hofmanni	2	1	1	100.0	20.0
Hel1-33-131 sp018608625	3	3	3	0.0	0.0
Hel1-33-131 sp018608705	2	1	1	0.0	0.0
Hel1-33-131 sp905181825	2	1	1	0.0	0.0
Helcococcus kunzii	2	1	1	100.0	5.0
Helcococcus ovis	4	6	6	0.0	0.0
Helicobacter acinonychis	8	28	28	42.857142857142854	0.5
Helicobacter cetorum_B	3	3	3	100.0	5.0
Helicobacter pylori	750	280875	280875	92.13173119715175	6.0
Helicobacter pylori_A	36	630	630	54.92063492063492	2.0
Helicobacter pylori_BU	367	67161	67161	47.46802459760873	2.0
Helicobacter pylori_C	434	93961	93961	85.10871531805749	4.0
Helicobacter pylori_CG	8	28	28	53.57142857142857	2.0
Helicobacter pylori_CI	279	38781	38781	90.01057218741136	6.0
Helicobacter pylori_CJ	66	2145	2145	89.41724941724942	5.0
Helicobacter pylori_CK	16	120	120	55.0	2.0
Helicobacter pylori_CL	2	1	1	0.0	0.0
Helicobacter pylori_CM	2	1	1	100.0	6.0
Helicobacter_A aurati	2	1	1	0.0	0.0
Helicobacter_A bilis	5	10	10	40.0	3.0
Helicobacter_A bilis_B	3	3	3	66.66666666666667	2.0
Helicobacter_A muridarum	5	10	10	20.0	0.5
Helicobacter_A rappini	3	3	3	33.333333333333336	23.0
Helicobacter_A sanguini	5	10	10	0.0	0.0
Helicobacter_A trogontum	5	10	10	60.0	38.0
Helicobacter_B canis	4	6	6	33.333333333333336	1.0
Helicobacter_B fennelliae	5	10	10	80.0	5.0
Helicobacter_B macacae	2	1	1	100.0	6.0
Helicobacter_B sp001854545	4	6	6	83.33333333333333	2.5
Helicobacter_C cinaedi	38	703	703	47.08392603129445	1.0
Helicobacter_C hepaticus	3	3	3	100.0	7.0
Helicobacter_C japonicus	2	1	1	0.0	0.0
Helicobacter_C magdeburgensis	5	10	10	90.0	19.0
Helicobacter_C marmotae	2	1	1	100.0	2.0
Helicobacter_C typhlonius	7	21	21	42.857142857142854	1.0
Helicobacter_D apodemus	3	3	3	100.0	7.0
Helicobacter_D canadensis	5	10	10	10.0	0.0
Helicobacter_D ganmani	4	6	6	16.666666666666668	0.5
Helicobacter_D pullorum	28	378	378	38.35978835978836	1.0
Helicobacter_D rodentium	2	1	1	100.0	10.0
Helicobacter_D winghamensis	7	21	21	61.904761904761905	2.0
Helicobacter_E ailurogastricus	6	15	15	66.66666666666667	2.0
Helicobacter_E bizzozeronii	11	55	55	90.9090909090909	6.0
Helicobacter_E felis	23	253	253	62.055335968379445	3.0
Helicobacter_E heilmannii	9	36	36	50.0	1.5
Helicobacter_E labacensis	2	1	1	100.0	22.0
Helicobacter_E mehlei	3	3	3	100.0	4.0
Helicobacter_E salomonis	6	15	15	93.33333333333333	6.0
Helicobacter_E suis	27	351	351	82.90598290598291	4.0
Helicobacter_E suis_A	4	6	6	100.0	19.0
Helicobacter_E suis_B	3	3	3	66.66666666666667	16.0
Helicobacter_F sp002287135	3	3	3	33.333333333333336	1.0
Helicobacter_F sp003364115	2	1	1	100.0	3.0
Helicobacter_G cholecystus	3	3	3	0.0	0.0
Helicobacter_G pametensis	3	3	3	0.0	0.0
Helicobacter_H mustelae	3	3	3	66.66666666666667	4.0
Helicobacter_H sp900199585	2	1	1	0.0	0.0
Heliomicrobium gestii	2	1	1	0.0	0.0
Hellea sp018645985	3	3	3	0.0	0.0
Hemerobacter limicola	6	15	15	66.66666666666667	3.0
Henriciella pelagia	2	1	1	0.0	0.0
Henriciella sp002172915	2	1	1	0.0	0.0
Henriciella sp002733705	5	10	10	60.0	2.5
Henriciella sp003576285	3	3	3	0.0	0.0
Henriciella sp012960415	2	1	1	0.0	0.0
Henriciella sp017642885	2	1	1	100.0	2.0
Hepatobacter penaei	2	1	1	0.0	0.0
Herbaspirillum aquaticum	2	1	1	100.0	12.0
Herbaspirillum chlorophenolicum	2	1	1	0.0	0.0
Herbaspirillum frisingense	4	6	6	66.66666666666667	4.5
Herbaspirillum hiltneri	0	0	0	0	
Herbaspirillum huttiense	8	28	28	89.28571428571429	6.0
Herbaspirillum robiniae	3	3	3	100.0	9.0
Herbaspirillum rubrisubalbicans	8	28	28	96.42857142857143	6.5
Herbaspirillum seropedicae	6	15	15	26.666666666666668	0.0
Herbaspirillum sp000261365	2	1	1	0.0	1.0
Herbaspirillum sp004563925	4	6	6	0.0	0.0
Herbaspirillum sp006715495	4	6	6	83.33333333333333	3.5
Herbaspirillum sp013426985	2	1	1	0.0	0.0
Herbaspirillum sp014192645	2	1	1	0.0	0.0
Herbiconiux flava	2	1	1	0.0	1.0
Herbiconiux sp005502775	2	1	1	0.0	0.0
Herbidospora solisilvae	2	1	1	100.0	18.0
Herbivorax saccincola	5	10	10	10.0	0.0
Heritagella caecorum	2	1	1	0.0	0.0
Heritagella gallinarum	2	1	1	0.0	1.0
Heritagella intestinalis	2	1	1	0.0	0.0
Herminiimonas contaminans	2	1	1	0.0	0.0
Herminiimonas fonticola	2	1	1	0.0	0.0
Hermodarchaeum sp016550395	2	1	1	0.0	1.0
Hermodarchaeum sp016550425	2	1	1	0.0	0.0
Hermodarchaeum yapensis	3	3	3	33.333333333333336	1.0
Herpetosiphon aurantiacus	2	1	1	100.0	2.0
Hesperobacter lustricola	2	1	1	100.0	2.0
Heteroclostridium caecigallinarum	2	1	1	0.0	0.0
Heteroruminococcus faecigallinarum	2	1	1	0.0	0.0
Heteroscilispira lomanii	2	1	1	0.0	0.0
Heyndrickxia oleronia	4	6	6	83.33333333333333	3.0
Heyndrickxia sporothermodurans	38	703	703	15.789473684210526	0.0
Hippea sp015486965	3	3	3	0.0	0.0
Hirschia sp002709235	3	3	3	33.333333333333336	1.0
Histophilus somni	59	1711	1711	61.07539450613676	3.0
Hodarchaeum sp011364965	2	1	1	100.0	2.0
Hoeflea sp019084245	6	15	15	40.0	1.0
Hoeflea sp902498795	2	1	1	100.0	2.0
Holdemanella biformis	16	120	120	75.0	3.0
Holdemanella porci	20	190	190	52.63157894736842	2.0
Holdemanella sp003436425	5	10	10	80.0	5.0
Holdemanella sp003458715	6	15	15	46.666666666666664	1.0
Holdemanella sp900547815	3	3	3	0.0	1.0
Holdemanella sp900556915	3	3	3	33.333333333333336	1.0
Holdemania filiformis	3	3	3	66.66666666666667	31.0
Holdemania massiliensis	7	21	21	28.571428571428573	0.0
Holdemania sp900120005	5	10	10	80.0	2.5
Holophaga sp002068835	2	1	1	100.0	3.0
Holospora undulata_A	2	1	1	100.0	14.0
Holzapfelia floricola	2	1	1	0.0	0.0
Homoserinimonas hongtaonis	2	1	1	0.0	0.0
Homoserinimonas sp008001035	2	1	1	0.0	0.0
Hormoscilla sp014324065	3	3	3	100.0	24.0
Hornefia butyriciproducens	13	78	78	6.410256410256411	0.0
Hornefia nodata	2	1	1	100.0	4.0
Hornefia sp000688015	2	1	1	0.0	0.0
Hornefia sp900315125	2	1	1	0.0	0.0
Howiella intestinavium	2	1	1	100.0	3.0
Hoyosella altamirensis	2	1	1	0.0	1.0
Hoyosella rhizosphaerae	2	1	1	0.0	0.0
Huberarchaeum crystalense	11	55	55	0.0	0.0
Humidesulfovibrio sp018822105	2	1	1	0.0	0.0
Humidesulfovibrio sp903843965	12	66	66	27.272727272727273	1.0
Hungateiclostridium mesophilum	2	1	1	100.0	3.0
Hungateiclostridium sp001512505	2	1	1	0.0	0.0
Hungateiclostridium straminisolvens	2	1	1	0.0	1.0
Hungateiclostridium thermocellum	10	45	45	31.11111111111111	0.0
Hungatella effluvii	19	171	171	78.3625730994152	6.0
Hungatella pullicola	2	1	1	0.0	0.0
Hungatella sp005845265	11	55	55	80.0	10.0
Hungatella_A hathewayi_A	5	10	10	50.0	1.5
HyVt-337 sp011050235	2	1	1	0.0	1.0
Hydrocarboniclastica marina	3	3	3	0.0	1.0
Hydrococcus sp000317025	2	1	1	100.0	7.0
Hydrococcus sp012031035	3	3	3	100.0	14.0
Hydrogenedens terephthalicus	3	3	3	66.66666666666667	22.0
Hydrogenibacillus schlegelii	5	10	10	100.0	9.0
Hydrogeniiclostridium mannosilyticum	5	10	10	70.0	2.0
Hydrogenimonas sp015484905	2	1	1	0.0	1.0
Hydrogenivirga aeolica_A	7	21	21	0.0	0.0
Hydrogenivirga sp015490215	2	1	1	0.0	1.0
Hydrogenivirga sp015492115	2	1	1	0.0	1.0
Hydrogenoanaerobacterium saccharovorans	2	1	1	100.0	3.0
Hydrogenoanaerobacterium sp014384885	2	1	1	100.0	10.0
Hydrogenobacter thermophilus	4	6	6	33.333333333333336	1.0
Hydrogenobaculum sp000020785	2	1	1	0.0	0.0
Hydrogenobaculum sp000213785	4	6	6	0.0	0.0
Hydrogenophaga aromaticivorans	12	66	66	74.24242424242425	4.5
Hydrogenophaga borbori	7	21	21	38.095238095238095	1.0
Hydrogenophaga crassostreae	2	1	1	0.0	0.0
Hydrogenophaga intermedia	5	10	10	80.0	12.0
Hydrogenophaga pseudoflava	4	6	6	66.66666666666667	13.5
Hydrogenophaga sp001770905	3	3	3	66.66666666666667	4.0
Hydrogenophaga sp010104355	2	1	1	0.0	0.0
Hydrogenophaga sp011388215	2	1	1	100.0	6.0
Hydrogenophaga sp011772445	9	36	36	0.0	0.0
Hydrogenophaga sp013823485	2	1	1	0.0	1.0
Hydrogenophaga sp018903185	2	1	1	0.0	0.0
Hydrogenophilus thermoluteolus	2	1	1	100.0	3.0
Hydrogenothermus sp012961365	2	1	1	0.0	0.0
Hydrogenovibrio crunogenus_B	2	1	1	0.0	0.0
Hydrogenovibrio marinus	3	3	3	100.0	2.0
Hydrogenovibrio sp002779995	18	153	153	0.0	0.0
Hydrogenovibrio sp009296185	3	3	3	0.0	0.0
Hydrogenovibrio sp015484555	2	1	1	0.0	1.0
Hydrogenovibrio thermophilus	2	1	1	0.0	0.0
Hydromicrobium sp004376325	2	1	1	100.0	2.0
Hydromicrobium sp018894445	4	6	6	0.0	0.0
Hydrotalea flava	12	66	66	56.06060606060606	2.0
Hydrothermus pacificus	2	1	1	0.0	0.0
Hylemonella sp001797315	2	1	1	100.0	2.0
Hylemonella sp002342165	4	6	6	33.333333333333336	0.5
Hylemonella sp002633085	2	1	1	0.0	1.0
Hylemonella sp017856435	5	10	10	20.0	0.0
Hylemonella sp018815325	4	6	6	0.0	0.0
Hymenobacter defluvii	2	1	1	100.0	6.0
Hymenobacter jejuensis	2	1	1	0.0	0.0
Hymenobacter latericoloratus	2	1	1	0.0	0.0
Hymenobacter mucosus	2	1	1	0.0	0.0
Hymenobacter negativus_A	2	1	1	100.0	4.0
Hymenobacter properus	0	0	0	0	
Hymenobacter qilianensis	2	1	1	0.0	0.0
Hymenobacter radiodurans	2	1	1	0.0	0.0
Hymenobacter sp004684095	2	1	1	0.0	0.0
Hymenobacter sp012273015	2	1	1	100.0	2.0
Hymenobacter sp016427455	2	1	1	100.0	6.0
Hymenobacter sp018145755	2	1	1	0.0	0.0
Hymenobacter sp018967845	0	0	0	0	
Hyphobacterium sp002692855	2	1	1	100.0	7.0
Hyphomicrobium denitrificans	2	1	1	100.0	17.0
Hyphomicrobium sp000253295	2	1	1	100.0	3.0
Hyphomicrobium sp002279935	2	1	1	0.0	0.0
Hyphomicrobium sp002928395	2	1	1	0.0	0.0
Hyphomicrobium sp002928515	2	1	1	0.0	0.0
Hyphomicrobium sp002928735	2	1	1	0.0	1.0
Hyphomicrobium sp003987725	2	1	1	0.0	1.0
Hyphomicrobium sp018242295	2	1	1	0.0	0.0
Hyphomicrobium zavarzinii	2	1	1	100.0	2.0
Hyphomicrobium_A sulfonivorans	3	3	3	66.66666666666667	5.0
Hyphomonas adhaerens	4	6	6	83.33333333333333	2.5
Hyphomonas atlantica	6	15	15	40.0	1.0
Hyphomonas neptunium	2	1	1	0.0	0.0
Hyphomonas pacifica	3	3	3	0.0	0.0
Hyphomonas polymorpha	2	1	1	100.0	5.0
Hyphomonas sp000682735	3	3	3	66.66666666666667	6.0
Hyphomonas sp000682775	38	703	703	28.44950213371266	0.0
Hyphomonas sp001464545	2	1	1	100.0	5.0
Hyphomonas sp002414505	4	6	6	16.666666666666668	0.0
Hyphomonas sp002695785	2	1	1	100.0	3.0
Hyphomonas sp002700305	3	3	3	0.0	1.0
Hyphomonas sp013791775	4	6	6	16.666666666666668	1.0
Hyphomonas sp018827375	4	6	6	0.0	0.0
IB182353 sp014773435	2	1	1	0.0	0.0
IDS-52 sp018678395	2	1	1	0.0	0.0
IGN16 sp013112585	2	1	1	0.0	0.0
IGN2 sp013042995	5	10	10	0.0	0.0
IGN2 sp013285405	8	28	28	53.57142857142857	2.0
IGN3 sp002050295	2	1	1	0.0	0.0
IGN3 sp016707115	2	1	1	100.0	2.0
IGN3 sp900696555	4	6	6	33.333333333333336	0.5
IMCC26134_A sp000972765	9	36	36	36.111111111111114	1.0
IMCC26134_A sp903869675	3	3	3	0.0	0.0
IMCC26207 sp009700815	5	10	10	10.0	0.0
IMCC26207 sp009701845	3	3	3	0.0	0.0
IMCC26256 sp001023575	2	1	1	0.0	0.0
IMCC26256 sp009702955	4	6	6	33.333333333333336	1.0
IMCC34051 sp013042605	4	6	6	0.0	0.0
IMCC9063 sp000750175	2	1	1	0.0	0.0
IMCC9063 sp008638015	9	36	36	0.0	0.0
IMCC9063 sp008638205	4	6	6	0.0	0.0
IMCC9063 sp008638225	2	1	1	0.0	0.0
IN17 sp002440705	2	1	1	100.0	2.0
IN17 sp002694465	2	1	1	0.0	0.0
IN17 sp002707025	3	3	3	0.0	0.0
ISDg sp002308955	4	6	6	66.66666666666667	2.0
ISDg sp002311665	2	1	1	0.0	0.0
ISDg sp002479645	2	1	1	100.0	2.0
ISDg sp017546025	3	3	3	0.0	0.0
ISDg sp902783725	2	1	1	0.0	1.0
ISDg sp902787715	10	45	45	37.77777777777778	1.0
ISDg sp902795625	2	1	1	0.0	0.0
ISDg sp902797475	2	1	1	0.0	0.0
ISDg sp902798585	2	1	1	100.0	2.0
Ideonella sp016710065	3	3	3	66.66666666666667	4.0
Ideonella sp018069875	2	1	1	0.0	0.0
Idiomarina abyssalis	25	300	300	43.0	1.0
Idiomarina aquatica	2	1	1	100.0	2.0
Idiomarina baltica	8	28	28	39.285714285714285	0.0
Idiomarina fontislapidosi	2	1	1	0.0	0.0
Idiomarina loihiensis	17	136	136	52.94117647058823	2.0
Idiomarina piscisalsi_A	2	1	1	0.0	1.0
Idiomarina sp002685255	3	3	3	0.0	0.0
Idiomarina sp002729675	5	10	10	30.0	0.0
Idiomarina sp002808045	2	1	1	0.0	0.0
Idiomarina zobellii	9	36	36	19.444444444444443	0.0
Ignatzschineria cameli	5	10	10	40.0	0.0
Ignatzschineria indica	2	1	1	0.0	0.0
Ignatzschineria ureiclastica	2	1	1	0.0	0.0
Ignicoccus_A hospitalis	2	1	1	0.0	0.0
Ignisphaera aggregans_A	0	0	0	0	
Ignisphaera aggregans_B	0	0	0	0	
Ignisphaera aggregans_C	0	0	0	0	
Ignisphaera aggregans_D	0	0	0	0	
Ignisphaera aggregans_F	0	0	0	0	
Ileibacterium valens	4	6	6	0.0	0.0
Ilumatobacter_A sp002711735	2	1	1	0.0	0.0
Ilumatobacter_A sp018666235	4	6	6	0.0	0.0
Imperialibacter sp902498805	3	3	3	0.0	0.0
Inhella inkyongensis	2	1	1	0.0	0.0
Intestinibacter bartlettii	11	55	55	25.454545454545453	1.0
Intestinibacter sp900540355	4	6	6	83.33333333333333	6.0
Intestinibaculum porci	24	276	276	48.55072463768116	1.0
Intestinibaculum sp900317015	2	1	1	0.0	0.0
Intestinimonas butyriciproducens	17	136	136	77.94117647058823	3.0
Intestinimonas massiliensis	5	10	10	50.0	1.5
Intestinimonas merdavium	2	1	1	100.0	2.0
Intestinimonas pullistercoris	4	6	6	33.333333333333336	0.5
Intestinimonas stercoravium	3	3	3	33.333333333333336	1.0
Intrasporangium calvum	2	1	1	0.0	0.0
Iodidimonas muriae	4	6	6	16.666666666666668	0.5
Iodidimonas sp000710935	2	1	1	0.0	0.0
Iodobacter fluviatilis	2	1	1	0.0	0.0
Isachenkonia sp007118655	2	1	1	0.0	0.0
Isoptericola halotolerans_A	2	1	1	0.0	0.0
Isoptericola variabilis_A	2	1	1	0.0	0.0
Izhakiella sp002752165	7	21	21	0.0	0.0
J004 sp011051485	2	1	1	0.0	0.0
J005 sp015488115	2	1	1	0.0	0.0
J014 sp011058355	0	0	0	0	
J022 sp008363215	2	1	1	0.0	0.0
J029 sp014382465	2	1	1	0.0	0.0
JA-3-3Ab sp000013205	7	21	21	85.71428571428571	10.0
JA-3-3Ab sp011055065	2	1	1	100.0	3.0
JAABPW01 sp903934155	2	1	1	100.0	2.0
JAABPW01 sp903958395	3	3	3	66.66666666666667	3.0
JAABQG01 sp016721925	9	36	36	100.0	10.0
JAABRC01 sp011391115	3	3	3	100.0	2.0
JAABSP01 sp011390345	2	1	1	100.0	12.0
JAABYT01 sp011775625	18	153	153	0.0	0.0
JAACDM01 sp009936795	3	3	3	0.0	1.0
JAACEG01 sp011682665	2	1	1	0.0	0.0
JAACFB01 sp011772865	3	3	3	0.0	0.0
JAACPJ01 sp009995455	4	6	6	0.0	0.0
JAACUH01 sp009993005	2	1	1	0.0	0.0
JAADCY01 sp015520735	3	3	3	0.0	0.0
JAADFH01 sp015521945	3	3	3	0.0	0.0
JAADGB01 sp015523485	4	6	6	0.0	0.0
JAADHP01 sp011321725	3	3	3	100.0	2.0
JAADJD01 sp015485355	2	1	1	0.0	1.0
JAAEEP01 sp013415695	2	1	1	0.0	0.0
JAAFGM01 sp003696945	2	1	1	0.0	1.0
JAAFHB01 sp903834845	2	1	1	100.0	3.0
JAAFHB01 sp903897145	4	6	6	16.666666666666668	0.0
JAAFHB01 sp903905505	7	21	21	23.80952380952381	0.0
JAAFHB01 sp903907075	2	1	1	0.0	0.0
JAAFHB01 sp903923905	7	21	21	42.857142857142854	1.0
JAAFHG01 sp903895845	5	10	10	50.0	1.5
JAAFHV01 sp016720545	2	1	1	100.0	10.0
JAAFIP01 sp012036375	2	1	1	100.0	2.0
JAAFJM01 sp903888395	3	3	3	0.0	0.0
JAAFJM01 sp903901345	3	3	3	0.0	0.0
JAAFJR01 sp016705065	11	55	55	50.90909090909091	2.0
JAAKFJ01 sp011064745	2	1	1	0.0	0.0
JAAKFX01 sp011064875	3	3	3	0.0	0.0
JAAKGP01 sp016704435	2	1	1	100.0	7.0
JAALKI01 sp011088105	3	3	3	0.0	0.0
JAALLB01 sp011087745	2	1	1	0.0	0.0
JAANAU01 sp011089965	2	1	1	100.0	3.0
JAANAU01 sp015231775	2	1	1	100.0	5.0
JAANAU01 sp015232825	2	1	1	100.0	4.0
JAAOIL01 sp015163825	2	1	1	0.0	0.0
JAAOXT01 sp018221045	2	1	1	0.0	0.0
JAAOZO01 sp017601145	3	3	3	66.66666666666667	4.0
JAAOZP01 sp011363915	0	0	0	0	
JAAOZP01 sp017601395	2	1	1	100.0	6.0
JAAUOP01 sp012034805	2	1	1	100.0	6.0
JAAUQI01 sp012032345	3	3	3	100.0	6.0
JAAURB01 sp012033335	2	1	1	100.0	2.0
JAAUSF01 sp012033255	2	1	1	100.0	16.0
JAAUSQ01 sp012033195	2	1	1	0.0	0.0
JAAUTN01 sp012031415	2	1	1	100.0	24.0
JAAUTN01 sp014695345	4	6	6	100.0	11.0
JAAUTY01 sp012031265	2	1	1	100.0	14.0
JAAXHH01 sp009835325	2	1	1	0.0	0.0
JAAXHH01 sp009837395	5	10	10	0.0	0.0
JAAXHH01 sp009838645	3	3	3	0.0	0.0
JAAXHH01 sp009841265	3	3	3	0.0	0.0
JAAXHJ01 sp009838765	3	3	3	0.0	0.0
JAAXHJ01 sp009840115	2	1	1	0.0	0.0
JAAXHJ01 sp009841005	5	10	10	0.0	0.0
JAAXTX01 sp013334575	2	1	1	100.0	2.0
JAAXXJ01 sp013334545	2	1	1	100.0	6.0
JAAYBG01 sp012718985	2	1	1	0.0	0.0
JAAYHF01 sp017551505	2	1	1	0.0	0.0
JAAYJK01 sp016841425	2	1	1	100.0	2.0
JAAYLR01 sp012521815	5	10	10	0.0	0.0
JAAYLU01 sp018436725	4	6	6	50.0	2.0
JAAYPI01 sp012519885	8	28	28	0.0	0.0
JAAYPI01 sp017986765	2	1	1	0.0	0.0
JAAYUG01 sp012517825	0	0	0	0	
JAAYUI01 sp002070635	2	1	1	0.0	1.0
JAAYVG01 sp012517285	2	1	1	0.0	1.0
JAAYVZ01 sp012516935	2	1	1	100.0	2.0
JAAYZB01 sp016935515	2	1	1	0.0	0.0
JAAZCA01 sp012513515	2	1	1	0.0	0.0
JAAZKI01 sp002070945	3	3	3	100.0	4.0
JAAZLA01 sp012799545	2	1	1	0.0	0.0
JAAZNV01 sp018825365	2	1	1	0.0	0.0
JAAZPG01 sp012797375	2	1	1	100.0	3.0
JAAZVD01 sp017859335	2	1	1	0.0	0.0
JAAZVO01 sp018609045	2	1	1	0.0	0.0
JAAZWY01 sp014240455	2	1	1	0.0	0.0
JAAZWY01 sp018698915	2	1	1	0.0	0.0
JAAZYX01 sp018651745	16	120	120	8.333333333333334	0.0
JAAZZIT01 sp017451665	2	1	1	100.0	3.0
JABABD01 sp013001365	5	10	10	0.0	0.0
JABBGTR01 sp018646985	9	36	36	0.0	0.0
JABBGTR01 sp018830045	3	3	3	0.0	0.0
JABCPE02 sp013333255	2	1	1	100.0	3.0
JABCPH02 sp013333235	2	1	1	0.0	0.0
JABCYQ01 sp013290125	2	1	1	0.0	0.0
JABCZS01 sp013289085	2	1	1	0.0	0.0
JABCZS01 sp013289605	3	3	3	0.0	0.0
JABDAW01 sp903844645	4	6	6	83.33333333333333	3.0
JABDAW01 sp903911135	3	3	3	100.0	6.0
JABDCX01 sp013287915	3	3	3	66.66666666666667	3.0
JABDEE01 sp013287205	2	1	1	100.0	2.0
JABDFW01 sp013286305	2	1	1	100.0	4.0
JABDFW01 sp903882935	5	10	10	0.0	0.0
JABDIW01 sp013003515	3	3	3	0.0	0.0
JABDJB01 sp013003425	3	3	3	0.0	0.0
JABDJO01 sp009838075	2	1	1	0.0	0.0
JABDJY01 sp011087645	2	1	1	0.0	0.0
JABDJZ01 sp017643395	2	1	1	0.0	0.0
JABDLI01 sp013003065	3	3	3	100.0	32.0
JABDMD01 sp014075255	2	1	1	0.0	0.0
JABDMI01 sp013001575	3	3	3	0.0	0.0
JABDNZ01 sp013043565	2	1	1	0.0	1.0
JABDOU01 sp013043085	5	10	10	0.0	0.0
JABDPF01 sp013001885	4	6	6	0.0	0.0
JABDPF01 sp013042915	4	6	6	33.333333333333336	1.0
JABDQA01 sp013042475	4	6	6	0.0	0.0
JABDQW01 sp013042055	2	1	1	100.0	18.0
JABDQX01 sp013042035	2	1	1	100.0	6.0
JABDRL01 sp013041765	2	1	1	0.0	0.0
JABEUT01 sp013288205	2	1	1	100.0	2.0
JABEUT01 sp903863935	7	21	21	14.285714285714286	1.0
JABEUT01 sp903901055	4	6	6	0.0	0.0
JABEUT01 sp903916255	3	3	3	66.66666666666667	3.0
JABFGF01 sp013112635	3	3	3	0.0	1.0
JABFXA01 sp013361955	2	1	1	0.0	1.0
JABFXC01 sp013361935	3	3	3	0.0	0.0
JABFXX01 sp018058095	3	3	3	0.0	0.0
JABGPL01 sp018644935	3	3	3	100.0	3.0
JABGPZ01 sp018644725	2	1	1	0.0	1.0
JABGQH01 sp018648865	7	21	21	4.761904761904762	0.0
JABGQS01 sp018648645	2	1	1	0.0	1.0
JABGQW01 sp018648585	4	6	6	0.0	0.0
JABGRK01 sp018648325	3	3	3	0.0	0.0
JABGUH01 sp018646675	4	6	6	33.333333333333336	0.5
JABGUJ01 sp018646625	6	15	15	0.0	0.0
JABGVJ01 sp018646105	5	10	10	0.0	0.0
JABGXB01 sp018675975	8	28	28	0.0	0.0
JABHCC01 sp018669475	7	21	21	28.571428571428573	1.0
JABHEG01 sp018676675	4	6	6	100.0	2.5
JABHGC01 sp018672285	2	1	1	0.0	1.0
JABHGM01 sp018672055	10	45	45	0.0	0.0
JABHGV01 sp018671895	6	15	15	0.0	0.0
JABHGY01 sp018658715	14	91	91	16.483516483516482	0.0
JABHGY01 sp018671775	16	120	120	0.0	0.0
JABHHG01 sp018671635	4	6	6	0.0	0.0
JABHHM01 sp018671575	2	1	1	100.0	5.0
JABHHN01 sp018671515	4	6	6	0.0	0.0
JABHIB01 sp018671245	4	6	6	0.0	0.0
JABHIE01 sp018671175	7	21	21	23.80952380952381	0.0
JABHKC01 sp018692315	4	6	6	16.666666666666668	1.0
JABHLN01 sp018693105	4	6	6	83.33333333333333	4.0
JABHMO01 sp018693855	2	1	1	0.0	0.0
JABHNK01 sp018694295	6	15	15	20.0	0.0
JABHQR01 sp018696395	6	15	15	26.666666666666668	0.0
JABHVE01 sp018658465	2	1	1	0.0	0.0
JABHVW01 sp018658105	4	6	6	0.0	0.0
JABHWU01 sp018657625	2	1	1	0.0	1.0
JABHWZ01 sp018657525	5	10	10	0.0	0.0
JABHXA01 sp018657495	15	105	105	21.904761904761905	0.0
JABHXC01 sp018657475	2	1	1	0.0	0.0
JABHXF01 sp018661705	5	10	10	0.0	0.0
JABHYY01 sp018653605	2	1	1	0.0	0.0
JABHZQ01 sp018656555	3	3	3	0.0	0.0
JABHZW01 sp018656005	8	28	28	0.0	0.0
JABIAG01 sp018653365	7	21	21	0.0	0.0
JABIAL01 sp018653315	2	1	1	0.0	0.0
JABIBH01 sp018652925	2	1	1	0.0	0.0
JABIBT01 sp018652625	3	3	3	33.333333333333336	1.0
JABIBU01 sp018652595	4	6	6	0.0	0.0
JABICL01 sp018652265	4	6	6	0.0	0.0
JABICX01 sp018652045	3	3	3	0.0	0.0
JABIDK01 sp018651725	2	1	1	0.0	0.0
JABIDS01 sp018653485	3	3	3	0.0	0.0
JABIDZ01 sp018651445	2	1	1	0.0	0.0
JABIDZ01 sp018691995	2	1	1	0.0	0.0
JABIEQ01 sp018651085	7	21	21	0.0	0.0
JABIJZ01 sp018655275	2	1	1	0.0	0.0
JABIKK01 sp018655015	2	1	1	0.0	0.0
JABIKK01 sp018658265	2	1	1	0.0	0.0
JABIKK01 sp018658955	13	78	78	0.0	0.0
JABILA01 sp018650465	4	6	6	0.0	0.0
JABILA01 sp018654745	4	6	6	16.666666666666668	0.5
JABILX01 sp018654255	4	6	6	0.0	0.0
JABIME01 sp018654125	3	3	3	0.0	0.0
JABINZ01 sp018698135	13	78	78	37.17948717948718	1.0
JABIPD01 sp018698735	4	6	6	33.333333333333336	0.0
JABIRP01 sp018699735	2	1	1	0.0	0.0
JABIRQ01 sp018699755	2	1	1	0.0	0.0
JABIRX01 sp018667735	2	1	1	0.0	0.0
JABISG01 sp018699955	3	3	3	0.0	1.0
JABJBS01 sp018668695	3	3	3	33.333333333333336	1.0
JABJCN01 sp018668635	6	15	15	0.0	0.0
JABJCP01 sp018668595	3	3	3	0.0	0.0
JABJEI01 sp018663245	6	15	15	13.333333333333334	1.0
JABJES01 sp018663165	4	6	6	0.0	0.0
JABJFC01 sp018662925	4	6	6	33.333333333333336	1.0
JABJGH01 sp018662365	12	66	66	1.5151515151515151	0.0
JABJGO01 sp018662225	10	45	45	66.66666666666667	3.0
JABJGS01 sp018703155	3	3	3	0.0	0.0
JABJJH01 sp018660965	3	3	3	33.333333333333336	0.0
JABJKH01 sp018660465	5	10	10	40.0	1.0
JABJKO01 sp018660305	2	1	1	100.0	2.0
JABJMC01 sp018659585	2	1	1	0.0	0.0
JABJNO01 sp018664825	2	1	1	0.0	0.0
JABJOK01 sp018664365	2	1	1	0.0	0.0
JABJOX01 sp018696595	5	10	10	0.0	0.0
JABJPM01 sp018663865	5	10	10	0.0	0.0
JABLTI01 sp019058275	2	1	1	100.0	5.0
JABMMZ01 sp903953615	2	1	1	0.0	0.0
JABMPJ01 sp018648805	3	3	3	66.66666666666667	8.0
JABMPR01 sp014382565	3	3	3	33.333333333333336	1.0
JABMPR01 sp018650445	5	10	10	20.0	0.0
JABMPR01 sp018650795	14	91	91	7.6923076923076925	0.0
JABMPR01 sp018673925	16	120	120	0.0	0.0
JABMQB01 sp016930735	2	1	1	0.0	0.0
JABMRF01 sp018674305	5	10	10	0.0	0.0
JABWBB01 sp013360675	2	1	1	0.0	0.0
JABWBH01 sp013360585	4	6	6	33.333333333333336	1.0
JABWCC01 sp013359315	2	1	1	100.0	3.0
JABWCL01 sp903843135	7	21	21	4.761904761904762	1.0
JABWCQ01 sp016702305	2	1	1	100.0	13.0
JABZFP01 sp014237395	3	3	3	66.66666666666667	6.0
JACABE01 sp903911455	2	1	1	100.0	4.0
JACAFH01 sp013538715	2	1	1	0.0	1.0
JACCZZ01 sp016704325	2	1	1	100.0	5.0
JACDAU01 sp016781845	4	6	6	0.0	0.0
JACDHN01 sp013821025	2	1	1	100.0	3.0
JACEMX01 sp011773785	4	6	6	0.0	0.0
JACEMX01 sp013867335	5	10	10	0.0	0.0
JACIWP01 sp014360855	0	0	0	0	
JACMLA01 sp016178155	2	1	1	100.0	5.0
JACMLD01 sp004295245	2	1	1	0.0	0.0
JACNFI01 sp014384665	2	1	1	0.0	0.0
JACNGX01 sp013334825	2	1	1	0.0	0.0
JACNIV01 sp014382915	2	1	1	0.0	0.0
JACNIZ01 sp014382805	2	1	1	0.0	0.0
JACNJF01 sp014382695	2	1	1	100.0	4.0
JACNJF01 sp018669845	11	55	55	32.72727272727273	1.0
JACNJR01 sp014382495	2	1	1	0.0	0.0
JACNJU01 sp014382375	2	1	1	0.0	0.0
JACNJU01 sp018662005	5	10	10	0.0	0.0
JACNKH01 sp014382155	2	1	1	0.0	0.0
JACNKV01 sp014381855	2	1	1	0.0	0.0
JACNLC01 sp014381725	3	3	3	0.0	0.0
JACNLN01 sp014381485	2	1	1	0.0	0.0
JACOSB01 sp016179105	3	3	3	0.0	1.0
JACOSC01 sp016179055	2	1	1	100.0	7.0
JACOST01 sp016178705	2	1	1	100.0	3.0
JACOSX01 sp016178625	2	1	1	0.0	1.0
JACOSY01 sp016178595	2	1	1	0.0	0.0
JACOTA01 sp016178585	2	1	1	0.0	0.0
JACOTD01 sp016178535	2	1	1	0.0	0.0
JACOTG01 sp016178505	2	1	1	100.0	2.0
JACOTK01 sp016178435	2	1	1	0.0	1.0
JACOTS01 sp016178265	2	1	1	0.0	0.0
JACOTV01 sp016699265	3	3	3	0.0	0.0
JACOTW01 sp016178135	2	1	1	100.0	2.0
JACOUC01 sp016178055	2	1	1	0.0	0.0
JACOZO01 sp016181325	3	3	3	33.333333333333336	0.0
JACPAJ01 sp016180865	2	1	1	100.0	2.0
JACPAL01 sp016180855	3	3	3	33.333333333333336	0.0
JACPAP01 sp016180765	4	6	6	16.666666666666668	0.0
JACPAU01 sp016180705	2	1	1	0.0	0.0
JACPAW01 sp016180605	3	3	3	0.0	0.0
JACPCL1 sp016179765	2	1	1	100.0	5.0
JACPFE01 sp016183145	6	15	15	100.0	7.0
JACPFL01 sp016183025	2	1	1	0.0	1.0
JACPGD01 sp016182645	2	1	1	100.0	2.0
JACPHD01 sp018827685	6	15	15	0.0	0.0
JACPRY01 sp016193565	2	1	1	100.0	2.0
JACPSQ01 sp016193175	2	1	1	100.0	2.0
JACPST01 sp016193105	2	1	1	0.0	0.0
JACPTA01 sp016193005	2	1	1	0.0	0.0
JACPWO01 sp016197005	2	1	1	0.0	0.0
JACPWU01 sp016196885	2	1	1	100.0	5.0
JACPWY01 sp016196825	2	1	1	0.0	1.0
JACPYM01 sp016196035	2	1	1	100.0	6.0
JACPZM01 sp016195485	2	1	1	0.0	1.0
JACQAG01 sp016195085	2	1	1	0.0	1.0
JACQBR01 sp016194335	2	1	1	0.0	0.0
JACQBW01 sp016194305	2	1	1	100.0	2.0
JACQCZ01 sp016201405	2	1	1	0.0	0.0
JACQDE01 sp016201285	2	1	1	0.0	0.0
JACQEC01 sp016200765	2	1	1	0.0	1.0
JACQED01 sp016200785	2	1	1	0.0	0.0
JACQFL01 sp016200085	2	1	1	0.0	0.0
JACQGQ01 sp016199495	2	1	1	0.0	1.0
JACQHT01 sp016198835	2	1	1	0.0	0.0
JACQUS01 sp016210125	2	1	1	0.0	1.0
JACQWY01 sp016209015	2	1	1	100.0	6.0
JACQYG01 sp016208345	2	1	1	0.0	0.0
JACRBQ01 sp016213135	2	1	1	0.0	1.0
JACRCG01 sp001802125	4	6	6	0.0	0.0
JACRCG01 sp013336525	2	1	1	0.0	0.0
JACRCG01 sp903845365	4	6	6	100.0	7.5
JACRCG01 sp903852495	26	325	325	54.76923076923077	2.0
JACRCG01 sp903862245	4	6	6	33.333333333333336	1.0
JACRCG01 sp903875605	3	3	3	0.0	0.0
JACRCG01 sp903901875	2	1	1	100.0	2.0
JACRCG01 sp903925005	4	6	6	100.0	6.0
JACRCG01 sp903939115	10	45	45	91.11111111111111	4.0
JACRCG01 sp903958085	2	1	1	0.0	0.0
JACRGX01 sp016207865	2	1	1	0.0	0.0
JACRHJ01 sp016212105	2	1	1	100.0	2.0
JACRLA01 sp016215145	2	1	1	100.0	4.0
JACROW01 sp016214245	2	1	1	0.0	0.0
JACTMZ01 sp903934135	2	1	1	0.0	0.0
JACTMZ01 sp903953565	2	1	1	0.0	0.0
JACVSF01 sp014534085	2	1	1	0.0	1.0
JACXVD01 sp014763545	2	1	1	0.0	0.0
JACXWA01 sp014764485	2	1	1	0.0	0.0
JACYLU01 sp015272325	2	1	1	100.0	3.0
JADDRA01 sp016781105	2	1	1	0.0	0.0
JADFAT01 sp015122075	5	10	10	0.0	0.0
JADFXG01 sp015233895	3	3	3	66.66666666666667	3.0
JADFXK01 sp015233285	2	1	1	100.0	27.0
JADFXP01 sp015233465	2	1	1	0.0	0.0
JADFXV01 sp015233395	2	1	1	100.0	2.0
JADFZP01 sp015232485	3	3	3	100.0	12.0
JADFZZ01 sp015232315	2	1	1	100.0	84.0
JADGAN01 sp015231955	2	1	1	100.0	2.0
JADGAO01 sp015231995	2	1	1	100.0	7.0
JADGBG01 sp015231605	2	1	1	100.0	8.0
JADGCL01 sp015229005	2	1	1	100.0	6.0
JADGDA01 sp015228695	2	1	1	100.0	5.0
JADGNZ01 sp019247495	3	3	3	66.66666666666667	3.0
JADHLI01 sp016780775	2	1	1	0.0	0.0
JADHTT01 sp018662405	13	78	78	0.0	0.0
JADIYM01 sp016705245	2	1	1	100.0	8.0
JADIYW01 sp016705125	10	45	45	88.88888888888889	8.0
JADJAH01 sp016704345	3	3	3	100.0	35.0
JADJBS01 sp016703665	3	3	3	66.66666666666667	5.0
JADJCH01 sp016703325	2	1	1	100.0	4.0
JADJEF01 sp016702335	2	1	1	100.0	16.0
JADJEF01 sp016718525	2	1	1	0.0	0.0
JADJEF01 sp016721505	5	10	10	80.0	5.5
JADJEI01 sp016709155	2	1	1	100.0	25.0
JADJGJ01 sp016708105	2	1	1	100.0	18.0
JADJGJ01 sp016709005	3	3	3	100.0	11.0
JADJJE01 sp016706685	7	21	21	100.0	21.0
JADJJR01 sp016706425	15	105	105	77.14285714285714	4.0
JADJKB01 sp015075635	2	1	1	100.0	31.0
JADJLO01 sp016710075	4	6	6	100.0	20.5
JADJLQ01 sp016709995	17	136	136	80.1470588235294	6.0
JADJMO01 sp016709545	2	1	1	100.0	15.0
JADJOM01 sp016713785	10	45	45	82.22222222222223	6.0
JADJOU01 sp016713645	2	1	1	0.0	1.0
JADJOV01 sp016713585	2	1	1	100.0	13.0
JADJPF01 sp016713405	3	3	3	66.66666666666667	2.0
JADJPL01 sp016707205	3	3	3	66.66666666666667	4.0
JADJPL01 sp016713275	5	10	10	80.0	4.0
JADJPO01 sp016713225	3	3	3	100.0	7.0
JADJSS01 sp016711605	3	3	3	66.66666666666667	2.0
JADJSS01 sp017984135	2	1	1	0.0	0.0
JADJTI01 sp016711265	3	3	3	100.0	7.0
JADJTT01 sp016703765	3	3	3	100.0	11.0
JADJTT01 sp016711045	2	1	1	100.0	11.0
JADJUE01 sp016710785	2	1	1	100.0	9.0
JADJUV01 sp018004935	2	1	1	0.0	0.0
JADJVA01 sp016716765	2	1	1	100.0	23.0
JADJWL01 sp016178945	2	1	1	100.0	3.0
JADJXA01 sp016705235	6	15	15	100.0	8.0
JADJXA01 sp017993775	2	1	1	0.0	0.0
JADJYF01 sp016719885	2	1	1	100.0	20.0
JADJYJ01 sp016719785	4	6	6	100.0	32.0
JADKAC01 sp016715425	9	36	36	69.44444444444444	3.0
JADKBO01 sp016715105	2	1	1	100.0	21.0
JADKBO01 sp016717655	7	21	21	100.0	10.0
JADKBO01 sp017987975	2	1	1	0.0	0.0
JADKCL01 sp016718825	3	3	3	66.66666666666667	3.0
JADKCZ01 sp016718565	2	1	1	100.0	8.0
JADKFE01 sp016717595	3	3	3	100.0	44.0
JADKFV01 sp016717325	2	1	1	100.0	19.0
JADKGY01 sp016721905	2	1	1	100.0	14.0
JADKHK01 sp016703225	2	1	1	100.0	39.0
JADKHK01 sp016708465	3	3	3	0.0	0.0
JADKHK01 sp016721845	3	3	3	33.333333333333336	0.0
JADKHR01 sp016715645	3	3	3	33.333333333333336	1.0
JADKIH01 sp016708785	5	10	10	80.0	9.5
JADKIH01 sp016711505	6	15	15	73.33333333333333	4.0
JADKJB01 sp016713525	9	36	36	100.0	14.0
JADKJP01 sp016720655	7	21	21	80.95238095238095	3.0
JADKJP01 sp016720935	3	3	3	100.0	6.0
JADKKF01 sp016720635	2	1	1	100.0	3.0
JAEDEU01 sp016293155	2	1	1	0.0	0.0
JAEDMO01 sp016302935	2	1	1	0.0	0.0
JAEEUO01 sp016286935	2	1	1	100.0	2.0
JAEKNW01 sp016838885	2	1	1	0.0	0.0
JAENIX01 sp016844415	2	1	1	0.0	1.0
JAENYK01 sp016841825	3	3	3	100.0	2.0
JAENYO01 sp016841745	2	1	1	0.0	0.0
JAENYX01 sp016841565	2	1	1	0.0	0.0
JAERRO01 sp016735395	2	1	1	0.0	0.0
JAEUNL01 sp016707455	4	6	6	83.33333333333333	5.0
JAEUPI01 sp008933545	2	1	1	0.0	1.0
JAEUSI01 sp016709315	8	28	28	100.0	16.5
JAEUUX01 sp016718845	2	1	1	100.0	5.0
JAFAHD01 sp019235715	2	1	1	0.0	0.0
JAFAHZ01 sp019236975	4	6	6	16.666666666666668	0.0
JAFALY01 sp019233975	2	1	1	0.0	0.0
JAFAMB01 sp019236035	2	1	1	100.0	3.0
JAFAMB01 sp019246215	3	3	3	100.0	7.0
JAFANK01 sp019232725	7	21	21	14.285714285714286	0.0
JAFARE01 sp019245575	2	1	1	0.0	0.0
JAFARW01 sp019245275	2	1	1	0.0	0.0
JAFATZ01 sp019243675	3	3	3	66.66666666666667	2.0
JAFAVN01 sp019242435	2	1	1	0.0	1.0
JAFAXD01 sp019241285	2	1	1	100.0	2.0
JAFCCC01 sp017610385	3	3	3	0.0	0.0
JAFCDU01 sp017609535	2	1	1	0.0	0.0
JAFCDW01 sp017609475	2	1	1	0.0	1.0
JAFCDY01 sp017609445	2	1	1	0.0	0.0
JAFCDZ01 sp017609405	2	1	1	0.0	0.0
JAFCEU01 sp017608995	3	3	3	0.0	0.0
JAFCEV01 sp017608985	2	1	1	0.0	0.0
JAFCEV01 sp017609755	2	1	1	0.0	0.0
JAFCEY01 sp017608945	3	3	3	0.0	0.0
JAFCFJ01 sp017608705	3	3	3	0.0	0.0
JAFCFN01 sp017608625	4	6	6	0.0	0.0
JAFCFP01 sp017608575	4	6	6	0.0	0.0
JAFCFX01 sp017608405	2	1	1	0.0	0.0
JAFCGN01 sp017608045	2	1	1	0.0	0.0
JAFDVJ01 sp016715115	3	3	3	100.0	24.0
JAFDYH01 sp018267535	2	1	1	0.0	0.0
JAFEBO01 sp017303555	2	1	1	100.0	4.0
JAFGBH01 sp016933215	2	1	1	0.0	0.0
JAFGDI01 sp016932145	2	1	1	0.0	0.0
JAFGJV01 sp016928955	2	1	1	0.0	0.0
JAFGMC01 sp016927735	2	1	1	0.0	0.0
JAFGNN01 sp018262985	2	1	1	0.0	0.0
JAFGQE01 sp016929655	2	1	1	0.0	0.0
JAFGRW01 sp016934935	2	1	1	0.0	0.0
JAFGTE01 sp018825145	4	6	6	0.0	0.0
JAFGUR01 sp016938425	2	1	1	0.0	0.0
JAFGUR01 sp017988045	4	6	6	0.0	0.0
JAFGUZ01 sp016938275	2	1	1	0.0	0.0
JAFGVC01 sp016938195	2	1	1	0.0	0.0
JAFGVL01 sp016938015	2	1	1	0.0	0.0
JAFGWU01 sp016936975	2	1	1	0.0	0.0
JAFGXF01 sp016936755	2	1	1	0.0	0.0
JAFGXQ01 sp016936575	2	1	1	0.0	0.0
JAFLCP01 sp017303505	2	1	1	100.0	4.0
JAFMDF01 sp017857395	3	3	3	66.66666666666667	7.0
JAFMKE01 sp017853115	2	1	1	0.0	0.0
JAGCJX01 sp017647795	3	3	3	0.0	0.0
JAGFWP01 sp017639935	8	28	28	0.0	0.0
JAGHEK01 sp017889265	2	1	1	0.0	0.0
JAGNDO01 sp018003515	4	6	6	0.0	0.0
JAGNEX01 sp018003035	2	1	1	0.0	0.0
JAGNGI01 sp018002295	2	1	1	0.0	0.0
JAGNKE01 sp016699735	2	1	1	0.0	0.0
JAGNKE01 sp018000295	4	6	6	33.333333333333336	0.0
JAGNPU01 sp017991555	2	1	1	0.0	0.0
JAGNSI01 sp017988135	2	1	1	0.0	0.0
JAGNZR01 sp017984315	3	3	3	0.0	0.0
JAGOEZ01 sp017997455	3	3	3	0.0	0.0
JAGOQQ01 sp017991395	2	1	1	0.0	0.0
JAGOQX01 sp903893445	3	3	3	0.0	0.0
JAGORM01 sp018062815	2	1	1	0.0	0.0
JAGOSH01 sp018062425	2	1	1	0.0	0.0
JAGOSP01 sp017983435	2	1	1	0.0	0.0
JAGOSP01 sp018062205	2	1	1	0.0	0.0
JAGOTH01 sp018061865	3	3	3	0.0	0.0
JAGOUA01 sp018061025	2	1	1	0.0	0.0
JAGOUJ01 sp018061325	2	1	1	0.0	0.0
JAGOWQ01 sp018060185	4	6	6	0.0	0.0
JAGOYM01 sp018059165	6	15	15	0.0	0.0
JAGOZV01 sp018064165	2	1	1	0.0	0.0
JAGPAO01 sp018063805	3	3	3	0.0	0.0
JAGPBS01 sp018063245	2	1	1	0.0	0.0
JAGPCK01 sp018058135	4	6	6	0.0	0.0
JAGPDF01 sp018057705	2	1	1	0.0	1.0
JAGPDM01 sp018057585	2	1	1	0.0	0.0
JAGPMH01 sp018052945	4	6	6	0.0	0.0
JAGPUQ01 sp016708925	3	3	3	100.0	25.0
JAGTQU01 sp018396695	2	1	1	0.0	1.0
JAGVXH01 sp018694115	6	15	15	0.0	0.0
JAGVXH01 sp018697035	2	1	1	0.0	0.0
JAGVXH01 sp018697295	5	10	10	0.0	0.0
JAGXLC01 sp018334875	2	1	1	0.0	0.0
JAGXLP01 sp018334615	3	3	3	0.0	0.0
JAGXLP01 sp018335015	2	1	1	100.0	2.0
JAGZEG01 sp018368455	2	1	1	0.0	0.0
JAHDSC01 sp018432925	2	1	1	100.0	3.0
JAHIDZ01 sp018901755	2	1	1	0.0	0.0
JAHIEL01 sp018901715	3	3	3	0.0	0.0
JAHIEM01 sp018901625	2	1	1	0.0	1.0
JAHIEN01 sp018814825	2	1	1	0.0	0.0
JAHIEN01 sp018901615	2	1	1	0.0	0.0
JAHIER01 sp018827845	3	3	3	0.0	0.0
JAHIHE01 sp018896765	2	1	1	100.0	3.0
JAHIHE01 sp018899995	4	6	6	33.333333333333336	0.5
JAHIHG01 sp018898425	2	1	1	0.0	1.0
JAHIIS01 sp018899075	2	1	1	0.0	1.0
JAHIJO01 sp018898455	4	6	6	0.0	0.5
JAHIKV01 sp018897395	2	1	1	100.0	3.0
JAHILA01 sp018897295	2	1	1	0.0	0.0
JAHILH01 sp018897195	4	6	6	0.0	0.0
JAHILJ01 sp018897135	2	1	1	0.0	0.0
JAHILY01 sp018896815	2	1	1	0.0	0.0
JAHIMF01 sp018896645	2	1	1	0.0	0.0
JAHIMK01 sp018896675	3	3	3	33.333333333333336	0.0
JAHINB01 sp018896215	2	1	1	0.0	1.0
JAHIOM01 sp018895235	2	1	1	0.0	0.0
JAHIOQ01 sp018895275	2	1	1	100.0	2.0
JAHIOW01 sp018895075	2	1	1	0.0	0.0
JAHIOX01 sp018895015	2	1	1	0.0	0.0
JAHIPE01 sp018894655	3	3	3	66.66666666666667	2.0
JAHIPE01 sp018896525	5	10	10	40.0	1.0
JAHIPI01 sp018894435	2	1	1	0.0	0.0
JAHIPL01 sp018894615	6	15	15	26.666666666666668	1.0
JAHIPS01 sp018902915	2	1	1	0.0	0.0
JAHIPV01 sp018902845	6	15	15	26.666666666666668	0.0
JAHIRU01 sp018818465	3	3	3	0.0	1.0
JAHISW01 sp018817995	2	1	1	0.0	0.0
JAHITL01 sp018817545	4	6	6	16.666666666666668	1.0
JAHIUF01 sp018817005	3	3	3	0.0	0.0
JAHIUG01 sp018817245	2	1	1	0.0	1.0
JAHIVO01 sp018816445	2	1	1	0.0	0.0
JAHIVQ01 sp018816585	2	1	1	0.0	0.0
JAHIWS01 sp018815925	2	1	1	0.0	0.0
JAHIYU01 sp018814885	3	3	3	66.66666666666667	2.0
JAHIYV01 sp018814635	6	15	15	6.666666666666667	0.0
JAHIZJ01 sp018814765	2	1	1	0.0	0.0
JAHIZR01 sp018814465	3	3	3	0.0	1.0
JAHJAA01 sp018814305	2	1	1	0.0	0.0
JAHJAM01 sp018814025	2	1	1	0.0	0.0
JAHJAO01 sp018813905	2	1	1	0.0	0.0
JAHJAP01 sp018813805	2	1	1	0.0	0.0
JAHJAQ01 sp018813975	2	1	1	0.0	0.0
JAHJAU01 sp018813785	3	3	3	0.0	0.0
JAHJAV01 sp018813685	3	3	3	0.0	1.0
JAHJAY01 sp018813815	2	1	1	0.0	0.0
JAHJBY01 sp018813285	4	6	6	0.0	0.0
JAHJBZ01 sp018813295	3	3	3	0.0	1.0
JAHJCH01 sp018813065	3	3	3	33.333333333333336	0.0
JAHJCL01 sp018813025	2	1	1	0.0	0.0
JAHJCO01 sp018831265	3	3	3	33.333333333333336	1.0
JAHJDB01 sp018812765	3	3	3	0.0	0.0
JAHJDF01 sp018812595	3	3	3	33.333333333333336	0.0
JAHJDG01 sp018812265	2	1	1	0.0	0.0
JAHJDP01 sp018831195	3	3	3	33.333333333333336	1.0
JAHJDQ01 sp018812355	2	1	1	0.0	0.0
JAHJDR01 sp018812345	2	1	1	100.0	3.0
JAHJDW01 sp018812245	2	1	1	0.0	0.0
JAHJEW01 sp018825335	3	3	3	0.0	0.0
JAHJEX01 sp018825385	3	3	3	0.0	0.0
JAHJFH01 sp018824925	2	1	1	0.0	0.0
JAHJFT01 sp018824325	2	1	1	0.0	0.0
JAHJFW01 sp018824765	3	3	3	0.0	0.0
JAHJGG01 sp018824545	2	1	1	0.0	0.0
JAHJGQ01 sp018824365	3	3	3	0.0	0.0
JAHJGY01 sp018824115	2	1	1	0.0	0.0
JAHJHC01 sp018824145	2	1	1	0.0	0.0
JAHJHG01 sp018823885	5	10	10	0.0	0.0
JAHJHM01 sp018823915	5	10	10	60.0	2.0
JAHJIN01 sp018823415	2	1	1	100.0	4.0
JAHJIQ01 sp018823285	2	1	1	0.0	0.0
JAHJIW01 sp018823125	4	6	6	0.0	0.0
JAHJIX01 sp018650085	2	1	1	0.0	0.0
JAHJIX01 sp018823045	3	3	3	0.0	0.0
JAHJIY01 sp018823175	2	1	1	0.0	0.0
JAHJJA01 sp018822885	2	1	1	0.0	1.0
JAHJJF01 sp018823135	2	1	1	0.0	0.0
JAHJJO01 sp018822835	5	10	10	0.0	0.0
JAHJKD01 sp018822435	3	3	3	0.0	0.0
JAHJML01 sp018821365	2	1	1	0.0	1.0
JAHJMN01 sp018821305	3	3	3	100.0	7.0
JAHJMO01 sp018821245	4	6	6	0.0	0.0
JAHJOQ01 sp018820315	3	3	3	33.333333333333336	1.0
JAHJOV01 sp018820085	2	1	1	0.0	0.0
JAHJRI01 sp018645005	6	15	15	80.0	6.0
JAHJRJ01 sp018830765	3	3	3	0.0	0.0
JAHJRN01 sp018830865	2	1	1	0.0	0.0
JAHJRX01 sp018830565	4	6	6	0.0	0.0
JAHJSM01 sp018830295	4	6	6	0.0	0.0
JAHJTX01 sp018829545	3	3	3	33.333333333333336	1.0
JAHJUI01 sp018829185	5	10	10	0.0	0.0
JAHJVF01 sp018828505	2	1	1	0.0	0.0
JAHKAJ01 sp018826075	3	3	3	0.0	0.0
JAHKAL01 sp018826545	2	1	1	0.0	0.0
JAHKAP01 sp018825985	5	10	10	0.0	0.0
JAHLMN01 sp018920345	2	1	1	0.0	0.0
JCVI-SCAAA005 sp000224765	3	3	3	0.0	0.0
JCVI-SCAAA005 sp002450295	8	28	28	14.285714285714286	0.0
JCVI-SCAAA005 sp002683655	3	3	3	66.66666666666667	3.0
JGI-0000106-J15 sp011337925	2	1	1	100.0	3.0
JGI-0000106-J15 sp011364615	0	0	0	0	
JGI-OTU-1 sp000494145	2	1	1	100.0	8.0
JGI-OTU-1 sp011364265	0	0	0	0	
JGIOTU-2 sp000404785	13	78	78	94.87179487179488	11.5
JJ008 sp002342205	4	6	6	0.0	0.0
JJ008 sp002378975	2	1	1	0.0	0.0
JJ008 sp003489485	3	3	3	0.0	0.0
JJ008 sp005791465	5	10	10	0.0	0.0
JJ008 sp014190475	2	1	1	0.0	0.0
JJ008 sp016706055	2	1	1	100.0	3.0
JJ008 sp016708765	6	15	15	40.0	0.0
JJ008 sp016719015	9	36	36	61.111111111111114	2.0
JJ008 sp016719165	3	3	3	100.0	9.0
JJ008 sp016719815	2	1	1	100.0	7.0
JJ008 sp016720585	4	6	6	66.66666666666667	6.0
JJ008 sp016720745	2	1	1	0.0	0.0
JJ008 sp016720825	2	1	1	100.0	12.0
JJ008 sp903879995	3	3	3	0.0	0.0
JWKY01 sp016176815	2	1	1	0.0	0.0
Janibacter anophelis	2	1	1	0.0	1.0
Janibacter hoylei	2	1	1	0.0	1.0
Janibacter indicus	4	6	6	83.33333333333333	7.5
Janibacter terrae	4	6	6	66.66666666666667	3.5
Jannaschia aquimarina	2	1	1	0.0	1.0
Jannaschia rubra	2	1	1	0.0	0.0
Jannaschia seohaensis	2	1	1	0.0	0.0
Janthinobacterium agaricidamnosum	2	1	1	100.0	11.0
Janthinobacterium lividum	12	66	66	89.39393939393939	6.0
Janthinobacterium lividum_C	5	10	10	90.0	10.0
Janthinobacterium lividum_D	2	1	1	100.0	3.0
Janthinobacterium lividum_E	4	6	6	100.0	4.0
Janthinobacterium sp000745325	3	3	3	100.0	3.0
Janthinobacterium sp001758725	7	21	21	100.0	6.0
Janthinobacterium sp002002885	2	1	1	100.0	2.0
Janthinobacterium sp002127585	4	6	6	33.333333333333336	1.0
Janthinobacterium sp002127655	4	6	6	100.0	3.5
Janthinobacterium sp002797895	2	1	1	100.0	10.0
Janthinobacterium sp002846335	2	1	1	0.0	0.0
Janthinobacterium sp009208735	2	1	1	100.0	12.0
Janthinobacterium sp014200675	2	1	1	0.0	0.0
Janthinobacterium sp014200725	3	3	3	0.0	0.0
Janthinobacterium sp900112025	2	1	1	100.0	2.0
Janthinobacterium tructae	8	28	28	78.57142857142857	3.5
Janthinobacterium violaceinigrum	2	1	1	100.0	5.0
JdFR-07 sp003601605	2	1	1	0.0	0.0
JdFR-11 sp002011035	0	0	0	0	
JdFR-21 sp002011165	0	0	0	0	
JdFR-42 sp002010305	2	1	1	0.0	0.0
JdFR-54 sp002011475	2	1	1	0.0	0.0
JdFR-56 sp002011495	2	1	1	0.0	0.0
JdFR-78 sp002010665	2	1	1	0.0	0.0
JdFR-88 sp002011795	4	6	6	33.333333333333336	1.0
Jejubacter calystegiae	2	1	1	100.0	3.0
Jejubacter sp019140855	3	3	3	66.66666666666667	3.0
Jejuia pacifica	2	1	1	0.0	0.0
Jejuia pallidilutea	4	6	6	50.0	1.5
Jeotgalibaca arthritidis	3	3	3	33.333333333333336	0.0
Jeotgalibaca ciconiae	2	1	1	100.0	8.0
Jeotgalibaca dankookensis	3	3	3	0.0	0.0
Jeotgalibaca porci	2	1	1	0.0	0.0
Jeotgalicoccus aerolatus	4	6	6	33.333333333333336	0.0
Jeotgalicoccus coquinae	3	3	3	0.0	0.0
Jeotgalicoccus marinus	3	3	3	66.66666666666667	2.0
Jeotgalicoccus meleagridis	2	1	1	0.0	0.0
Jeotgalicoccus nanhaiensis	3	3	3	0.0	0.0
Jeotgalicoccus psychrophilus	2	1	1	0.0	0.0
Jeotgalicoccus_A pinnipedialis	2	1	1	0.0	0.0
Jeotgalicoccus_A schoeneichii	2	1	1	100.0	4.0
Jettenia caeni	6	15	15	73.33333333333333	2.0
Jiangella alba	3	3	3	66.66666666666667	3.0
Jiangella alkaliphila	2	1	1	0.0	0.0
Jiulongibacter sediminis	2	1	1	0.0	0.0
Johnsonella sp900766185	2	1	1	100.0	3.0
Jonesia denitrificans	4	6	6	0.0	0.0
Jonquetella anthropi	4	6	6	16.666666666666668	0.0
KLE1615 sp900066985	11	55	55	50.90909090909091	2.0
KS41 sp003584865	9	36	36	13.88888888888889	0.0
KS41 sp003584875	9	36	36	100.0	7.5
KS41 sp003584895	12	66	66	10.606060606060606	0.0
KS41 sp903839855	3	3	3	0.0	0.0
KS41 sp903859415	3	3	3	0.0	0.0
KS41 sp903863905	33	528	528	25.37878787878788	1.0
KS41 sp903866825	2	1	1	0.0	0.0
KS41 sp903873165	2	1	1	0.0	0.0
KS41 sp903905335	5	10	10	20.0	1.0
KS41 sp903908165	10	45	45	6.666666666666667	0.0
KS41 sp903910205	2	1	1	100.0	3.0
KS41 sp903917345	10	45	45	4.444444444444445	0.0
KS41 sp903918335	5	10	10	0.0	0.0
KS41 sp903934035	3	3	3	100.0	6.0
KS41 sp903938485	15	105	105	15.238095238095237	0.0
KS41 sp903939355	2	1	1	0.0	1.0
Kaistella antarctica	3	3	3	33.333333333333336	1.0
Kaistella carnis	4	6	6	83.33333333333333	4.5
Kaistella daneshvariae	2	1	1	0.0	0.0
Kaistella haifensis	2	1	1	100.0	5.0
Kaistella jeonii	3	3	3	0.0	0.0
Kaistella koreensis	2	1	1	0.0	1.0
Kaistella sp001898255	2	1	1	0.0	0.0
Kaistella sp002197835	2	1	1	100.0	3.0
Kaistella sp002205795	3	3	3	0.0	0.0
Kaistella sp002426785	4	6	6	16.666666666666668	0.0
Kaistella sp002453895	2	1	1	0.0	0.0
Kaistella sp002454815	2	1	1	0.0	0.0
Kaistella sp002477665	5	10	10	70.0	3.0
Kaistella sp015999765	2	1	1	0.0	0.0
Kaistia hirudinis	2	1	1	0.0	0.0
Kallipyga gabonensis	0	0	0	0	
Kallipyga massiliensis	2	1	1	0.0	0.0
Kamptonema formosum	2	1	1	100.0	84.0
Kandleria vitulina	19	171	171	22.22222222222222	0.0
Kangiella profundi	2	1	1	100.0	2.0
Kangiella spongicola	2	1	1	0.0	1.0
Kapabacteria thiocyanatum	2	1	1	0.0	0.0
Kariarchaeum pelagius	4	6	6	0.0	0.0
Kazan-3B-28 sp001029795	6	15	15	26.666666666666668	1.0
Kazan-3B-28 sp001771185	2	1	1	0.0	0.0
Keratinibaculum paraultunense	2	1	1	0.0	0.0
Kerstersia gyiorum	5	10	10	70.0	3.0
Ketobacter sp002471665	14	91	91	30.76923076923077	0.0
Ketobacter sp003667185	2	1	1	100.0	3.0
Ketogulonicigenium vulgare	5	10	10	60.0	2.0
Khoudiadiopia massiliensis	2	1	1	0.0	0.0
Kibdelosporangium phytohabitans	2	1	1	100.0	2.0
Kibdelosporangium sp000720375	2	1	1	0.0	1.0
Kiloniella majae	3	3	3	0.0	0.0
Kineococcus radiotolerans	2	1	1	100.0	3.0
Kineosphaera limosa	2	1	1	0.0	0.0
Kineothrix alysoides	2	1	1	0.0	0.0
Kineothrix sp000403275	4	6	6	66.66666666666667	2.0
Kineothrix sp011958945	3	3	3	100.0	7.0
Kinetoplastibacterium blastocrithidii	2	1	1	100.0	3.0
Kinetoplastibacterium crithidii	2	1	1	100.0	2.0
Kingella kingae	36	630	630	14.761904761904763	15.0
Kingella negevensis	3	3	3	33.333333333333336	6.0
Kingella_A denitrificans	4	6	6	50.0	6.5
Kingella_B oralis	3	3	3	33.333333333333336	9.0
Kitasatospora aureofaciens	8	28	28	92.85714285714286	5.0
Kitasatospora cineracea	3	3	3	100.0	9.0
Kitasatospora griseola	3	3	3	100.0	11.0
Kitasatospora herbaricolor	0	0	0	0	
Kitasatospora novaecaesareae	2	1	1	0.0	0.0
Kitasatospora purpeofusca	3	3	3	100.0	21.0
Kitasatospora setae	3	3	3	0.0	0.0
Kitasatospora sp001424875	2	1	1	100.0	6.0
Kitasatospora sp001905545	2	1	1	100.0	7.0
Kitasatospora sp002754615	2	1	1	0.0	0.0
Kitasatospora sp002813165	2	1	1	100.0	16.0
Kitasatospora sp002846355	2	1	1	100.0	31.0
Kitasatospora sp002953255	3	3	3	66.66666666666667	16.0
Kitasatospora sp900199205	2	1	1	0.0	1.0
Klebsiella aerogenes	339	57291	57291	61.73220924752579	3.0
Klebsiella africana	27	351	351	68.37606837606837	3.0
Klebsiella electrica	5	10	10	70.0	2.0
Klebsiella grimontii	138	9453	9453	87.14693748016502	5.0
Klebsiella huaxiensis	9	36	36	86.11111111111111	6.5
Klebsiella indica	2	1	1	100.0	3.0
Klebsiella michiganensis	263	34453	34453	78.53597654776071	4.0
Klebsiella ornithinolytica	92	4186	4186	49.187768752986145	2.0
Klebsiella oxytoca	177	15576	15576	67.96353364149974	4.0
Klebsiella planticola	41	820	820	65.48780487804878	3.0
Klebsiella pneumoniae	10810	58422645	58422645	79.5714624012658	5.0
Klebsiella quasipneumoniae	566	159895	159895	69.0252978517152	3.0
Klebsiella sp002270295	2	1	1	0.0	0.0
Klebsiella sp003752615	5	10	10	50.0	1.5
Klebsiella spallanzanii	4	6	6	100.0	6.0
Klebsiella terrigena	68	2278	2278	70.80772607550483	3.0
Klebsiella variicola	505	127260	127260	68.95961024673896	3.0
Klenkia sp001424455	2	1	1	100.0	10.0
Klenkia taihuensis	2	1	1	0.0	0.0
Kluyvera ascorbata	4	6	6	50.0	2.0
Kluyvera ascorbata_B	9	36	36	94.44444444444444	10.5
Kluyvera cryocrescens	4	6	6	83.33333333333333	7.5
Kluyvera georgiana	2	1	1	0.0	1.0
Kluyvera georgiana_A	2	1	1	0.0	0.0
Kluyvera intermedia	4	6	6	33.333333333333336	1.0
Knoellia flava	2	1	1	0.0	0.0
Kocuria carniphila	2	1	1	100.0	10.0
Kocuria flava	3	3	3	66.66666666666667	5.0
Kocuria marina	16	120	120	70.0	3.0
Kocuria marina_A	2	1	1	0.0	1.0
Kocuria palustris	14	91	91	63.73626373626374	3.0
Kocuria rhizophila	17	136	136	27.205882352941178	1.0
Kocuria rhizophila_A	9	36	36	55.55555555555556	2.0
Kocuria rosea	14	91	91	72.52747252747253	3.0
Kocuria salsicia	8	28	28	71.42857142857143	3.5
Kocuria soli	2	1	1	100.0	3.0
Kocuria sp014698015	0	0	0	0	
Kocuria subflava	3	3	3	33.333333333333336	1.0
Kocuria turfanensis	5	10	10	90.0	6.5
Kocuria tytonicola	2	1	1	100.0	2.0
Kocuria varians	2	1	1	0.0	1.0
Koleobacter methoxysyntrophicus	2	1	1	100.0	14.0
Komagataeibacter cocois	4	6	6	100.0	10.0
Komagataeibacter diospyri	2	1	1	100.0	3.0
Komagataeibacter entanii	2	1	1	100.0	6.0
Komagataeibacter europaeus	8	28	28	64.28571428571429	2.0
Komagataeibacter hansenii	11	55	55	63.63636363636363	3.0
Komagataeibacter intermedius	2	1	1	0.0	0.0
Komagataeibacter kakiaceti	2	1	1	0.0	0.0
Komagataeibacter maltaceti	2	1	1	0.0	0.0
Komagataeibacter medellinensis	2	1	1	100.0	11.0
Komagataeibacter melomenusus	2	1	1	100.0	3.0
Komagataeibacter nataicola	2	1	1	100.0	5.0
Komagataeibacter oboediens	9	36	36	69.44444444444444	3.0
Komagataeibacter rhaeticus	6	15	15	66.66666666666667	7.5
Komagataeibacter saccharivorans	4	6	6	83.33333333333333	11.0
Komagataeibacter swingsii	2	1	1	100.0	5.0
Komagataeibacter xylinus	3	3	3	66.66666666666667	8.0
Korarchaeum cryptofilum	2	1	1	100.0	3.0
Kordiimonas gwangyangensis	2	1	1	100.0	2.0
Kordiimonas lacus	3	3	3	66.66666666666667	4.0
Kordiimonas sp017640725	3	3	3	33.333333333333336	1.0
Kosakonia arachidis	2	1	1	0.0	0.0
Kosakonia cowanii	18	153	153	77.77777777777777	3.0
Kosakonia oryzae	3	3	3	66.66666666666667	2.0
Kosakonia oryzendophytica	4	6	6	83.33333333333333	3.5
Kosakonia pseudosacchari	3	3	3	66.66666666666667	5.0
Kosakonia radicincitans	13	78	78	74.35897435897436	3.0
Kosakonia sacchari	5	10	10	60.0	2.0
Kosakonia sacchari_B	2	1	1	0.0	0.0
Kosakonia sp000410515	5	10	10	80.0	2.5
Kosmotoga olearia	2	1	1	100.0	13.0
Kosmotoga_B pacifica	2	1	1	0.0	0.0
Kosmotoga_B sp003643975	2	1	1	0.0	1.0
Kozakia baliensis	4	6	6	83.33333333333333	3.5
Kribbella sandramycini	2	1	1	0.0	0.0
Kribbella sindirgiensis	3	3	3	100.0	5.0
Kribbella sp004345365	3	3	3	66.66666666666667	36.0
Kribbella sp004366075	3	3	3	100.0	9.0
Kroppenstedtia eburnea	3	3	3	0.0	0.0
Krumholzibacterium sp003369535	2	1	1	0.0	0.0
Krumholzibacterium zodletonense	2	1	1	0.0	0.0
Kryptonium mobile	2	1	1	0.0	0.0
Kryptonium tengchongense	7	21	21	61.904761904761905	2.0
Kryptonium thompsoni	14	91	91	97.8021978021978	10.0
Kuenenia stuttgartiensis	9	36	36	47.22222222222222	1.0
Kurthia gibsonii	4	6	6	16.666666666666668	0.0
Kurthia huakuii	2	1	1	0.0	0.0
Kurthia intestinigallinarum	8	28	28	46.42857142857143	2.0
Kurthia massiliensis	0	0	0	0	
Kurthia senegalensis	2	1	1	0.0	0.0
Kurthia sibirica	2	1	1	0.0	0.0
Kurthia zopfii	4	6	6	50.0	5.0
Kushneria marisflavi	2	1	1	0.0	0.0
Kushneria phosphatilytica	2	1	1	0.0	0.0
Kutzneria viridogrisea	2	1	1	100.0	6.0
Kyrpidia spormannii	5	10	10	0.0	0.0
Kyrpidia tusciae	2	1	1	0.0	1.0
Kytococcus schroeteri	3	3	3	0.0	0.0
Kytococcus sedentarius	5	10	10	70.0	3.0
LB3-1 sp016781505	6	15	15	0.0	0.0
LC2-1 sp016781925	4	6	6	0.0	0.0
LC3-1 sp016781735	2	1	1	0.0	0.0
LC30 sp019058495	2	1	1	0.0	0.0
LC5-1 sp016781085	2	1	1	0.0	0.0
LC5-5 sp016781135	8	28	28	7.142857142857143	0.0
LD21 sp001768195	8	28	28	42.857142857142854	0.5
LD21 sp002070505	2	1	1	0.0	0.0
LD21 sp002428385	4	6	6	33.333333333333336	0.5
LD21 sp003141525	2	1	1	100.0	8.0
LD21 sp003141895	2	1	1	100.0	9.0
LD21 sp003142255	3	3	3	66.66666666666667	3.0
LD21 sp003152835	3	3	3	66.66666666666667	2.0
LD21 sp003157015	2	1	1	0.0	1.0
LD21 sp003157075	2	1	1	0.0	1.0
LD21 sp003520925	2	1	1	0.0	0.0
LD21 sp012517605	2	1	1	0.0	0.0
LD21 sp012519515	6	15	15	40.0	1.0
LD21 sp016709865	2	1	1	100.0	2.0
LD21 sp016715075	2	1	1	100.0	2.0
LD21 sp016936435	2	1	1	0.0	0.0
LD21 sp903824785	4	6	6	0.0	0.0
LDYB01 sp001442985	7	21	21	85.71428571428571	11.0
LEGE-07092 sp015207375	2	1	1	100.0	10.0
LFER01 sp001510135	7	21	21	4.761904761904762	0.0
LFER01 sp011525185	2	1	1	0.0	1.0
LFW-46 sp018897155	3	3	3	0.0	0.0
LGRT01 sp001642945	20	190	190	7.894736842105263	0.0
LGRT01 sp016778765	8	28	28	35.714285714285715	1.0
LLD-282 sp009927065	2	1	1	0.0	0.0
LPB0142 sp001856665	0	0	0	0	
LS-NOB sp002454045	2	1	1	0.0	0.0
LS-NOB sp003545625	2	1	1	100.0	2.0
LS-NOB sp009873635	3	3	3	100.0	5.0
LS-NOB sp014382285	2	1	1	0.0	0.0
LS-NOB sp018653085	14	91	91	12.087912087912088	0.0
LS-NOB sp018673915	12	66	66	4.545454545454546	0.0
LS-NOB sp018702695	4	6	6	16.666666666666668	0.0
LSCE01 sp007125985	3	3	3	0.0	0.0
LW60-42 sp019058515	2	1	1	100.0	7.0
LZORAL124-64-63 sp002747875	2	1	1	0.0	0.0
LZORAL124-64-63 sp002790835	2	1	1	0.0	0.0
Labedella gwakjiensis	2	1	1	0.0	0.0
Labilibaculum euxinus	3	3	3	66.66666666666667	4.0
Labrys okinawensis	2	1	1	100.0	10.0
Laceyella sacchari	3	3	3	33.333333333333336	0.0
Laceyella sediminis	2	1	1	100.0	5.0
Lachnoanaerobaculum orale	6	15	15	20.0	1.5
Lachnoanaerobaculum saburreum	3	3	3	100.0	4.0
Lachnoanaerobaculum sp000209465	2	1	1	100.0	10.0
Lachnoanaerobaculum sp000287675	2	1	1	0.0	0.0
Lachnoanaerobaculum sp000296385	2	1	1	0.0	0.0
Lachnoanaerobaculum umeaense	3	3	3	0.0	0.0
Lachnobacterium bovis	4	6	6	0.0	0.0
Lachnobacterium bovis_A	4	6	6	66.66666666666667	2.5
Lachnoclostridium phytofermentans_A	4	6	6	0.0	0.0
Lachnoclostridium sp900078195	0	0	0	0	
Lachnoclostridium_A avicola	3	3	3	66.66666666666667	2.0
Lachnoclostridium_A edouardi	2	1	1	0.0	0.0
Lachnoclostridium_A pullistercoris	2	1	1	0.0	0.0
Lachnoclostridium_A sp002160755	2	1	1	100.0	4.0
Lachnoclostridium_A sp003464085	0	0	0	0	
Lachnoclostridium_A stercoravium	2	1	1	0.0	0.0
Lachnoclostridium_A stercorigallinarum	2	1	1	0.0	0.0
Lachnoclostridium_A stercoripullorum	2	1	1	0.0	0.0
Lachnoclostridium_B faecipullorum	5	10	10	40.0	1.0
Lachnoclostridium_B phocaeense	2	1	1	100.0	4.0
Lachnoclostridium_B sp000765215	8	28	28	46.42857142857143	1.0
Lachnoclostridium_B sp900066555	5	10	10	60.0	4.5
Lachnoclostridium_B sp900066765	3	3	3	66.66666666666667	2.0
Lachnoclostridium_B stercoravium	2	1	1	100.0	2.0
Lachnospira eligens	3	3	3	0.0	0.0
Lachnospira eligens_A	33	528	528	39.583333333333336	1.0
Lachnospira multipara	4	6	6	33.333333333333336	0.5
Lachnospira multipara_A	3	3	3	33.333333333333336	1.0
Lachnospira rogosae_A	14	91	91	12.087912087912088	0.0
Lachnospira sp000436475	10	45	45	37.77777777777778	1.0
Lachnospira sp000436535	6	15	15	80.0	4.0
Lachnospira sp000437735	10	45	45	40.0	1.0
Lachnospira sp002394205	3	3	3	0.0	0.0
Lachnospira sp003451515	9	36	36	27.77777777777778	0.0
Lachnospira sp003537285	7	21	21	38.095238095238095	0.0
Lachnospira sp900316325	10	45	45	15.555555555555555	0.0
Lachnospira sp900545725	3	3	3	100.0	6.0
Lachnospira sp900547255	2	1	1	100.0	2.0
Lachnospira sp900551945	3	3	3	33.333333333333336	1.0
Lachnospira sp900552795	3	3	3	66.66666666666667	2.0
Lachnotalea glycerini	2	1	1	100.0	2.0
Lachnotalea soehngenii	2	1	1	0.0	0.0
Lacibacter sp002336115	2	1	1	0.0	0.0
Lacimicrobium alkaliphilum	2	1	1	0.0	0.0
Lacinutrix venerupis	2	1	1	0.0	1.0
Lacipirellula limnantheis	2	1	1	100.0	12.0
Lacrimispora celerecrescens	2	1	1	100.0	3.0
Lacrimispora celerecrescens_B	4	6	6	100.0	6.0
Lacrimispora indolis	3	3	3	100.0	3.0
Lacrimispora saccharolytica	2	1	1	100.0	2.0
Lacrimispora sp000526575	3	3	3	33.333333333333336	1.0
Lacrimispora sp002429965	2	1	1	100.0	18.0
Lacrimispora sp002478865	2	1	1	100.0	2.0
Lacrimispora sphenoides	3	3	3	0.0	0.0
Lacrimispora sphenoides_A	3	3	3	66.66666666666667	6.0
Lacrimispora xylanolytica	2	1	1	0.0	0.0
Lacrimispora xylanolytica_B	2	1	1	100.0	3.0
Lacticaseibacillus camelliae	2	1	1	0.0	0.0
Lacticaseibacillus casei	18	153	153	67.97385620915033	3.0
Lacticaseibacillus chiayiensis	3	3	3	33.333333333333336	1.0
Lacticaseibacillus hegangensis	3	3	3	100.0	4.0
Lacticaseibacillus manihotivorans	3	3	3	0.0	0.0
Lacticaseibacillus nasuensis	2	1	1	0.0	0.0
Lacticaseibacillus pantheris	3	3	3	0.0	0.0
Lacticaseibacillus paracasei	223	24753	24753	81.65474891932291	5.0
Lacticaseibacillus rhamnosus	222	24531	24531	69.03917492152786	3.0
Lacticaseibacillus saniviri	3	3	3	0.0	0.0
Lacticaseibacillus sharpeae	2	1	1	0.0	0.0
Lacticaseibacillus sp016861765	3	3	3	100.0	8.0
Lacticaseibacillus sp900540605	3	3	3	66.66666666666667	3.0
Lacticaseibacillus suibinensis	2	1	1	100.0	2.0
Lacticaseibacillus thailandensis	2	1	1	0.0	0.0
Lacticaseibacillus zeae	9	36	36	58.333333333333336	2.0
Lacticaseibacillus zhaodongensis	0	0	0	0	
Lactiplantibacillus fabifermentans	2	1	1	0.0	
Lactiplantibacillus mudanjiangensis	4	6	6	83.33333333333333	3.5
Lactiplantibacillus paraplantarum	12	66	66	62.121212121212125	3.0
Lactiplantibacillus pentosus	53	1378	1378	80.26124818577648	3.0
Lactiplantibacillus plantarum	585	170820	170820	48.933965577801196	3.0
Lactiplantibacillus plantarum_A	0	0	0	0	
Lactobacillus acetotolerans	26	325	325	9.538461538461538	0.0
Lactobacillus acidophilus	59	1711	1711	20.92343658679135	0.0
Lactobacillus amylolyticus	7	21	21	52.38095238095238	2.0
Lactobacillus amylovorus	22	231	231	55.84415584415584	3.0
Lactobacillus apis	10	45	45	11.11111111111111	0.0
Lactobacillus bombicola	11	55	55	34.54545454545455	1.0
Lactobacillus crispatus	157	12246	12246	76.12281561326148	4.0
Lactobacillus delbrueckii	95	4465	4465	80.26875699888018	5.0
Lactobacillus equicursoris	5	10	10	20.0	1.0
Lactobacillus gallinarum	16	120	120	70.0	3.0
Lactobacillus gasseri	36	630	630	30.158730158730158	1.0
Lactobacillus gigeriorum	2	1	1	0.0	0.0
Lactobacillus hamsteri	2	1	1	0.0	0.0
Lactobacillus helsingborgensis	6	15	15	33.333333333333336	1.0
Lactobacillus helveticus	144	10296	10296	83.56643356643356	5.0
Lactobacillus hominis	4	6	6	33.333333333333336	0.5
Lactobacillus iners	25	300	300	20.666666666666668	0.0
Lactobacillus intestinalis	6	15	15	46.666666666666664	1.0
Lactobacillus jensenii	26	325	325	26.153846153846153	1.0
Lactobacillus johnsonii	59	1711	1711	47.57451782583285	1.0
Lactobacillus kefiranofaciens	8	28	28	75.0	3.5
Lactobacillus kitasatonis	3	3	3	66.66666666666667	2.0
Lactobacillus kullabergensis	3	3	3	66.66666666666667	3.0
Lactobacillus melliventris	9	36	36	58.333333333333336	2.5
Lactobacillus mulieris	7	21	21	61.904761904761905	2.0
Lactobacillus nasalidis	3	3	3	66.66666666666667	2.0
Lactobacillus paragasseri	37	666	666	44.5945945945946	1.0
Lactobacillus pasteurii	3	3	3	66.66666666666667	3.0
Lactobacillus porci	4	6	6	100.0	18.0
Lactobacillus psittaci	2	1	1	0.0	1.0
Lactobacillus sp000760615	2	1	1	0.0	1.0
Lactobacillus sp002418055	3	3	3	0.0	0.0
Lactobacillus sp003692965	4	6	6	0.0	0.0
Lactobacillus sp016100975	3	3	3	0.0	0.0
Lactobacillus sp910589675	6	15	15	26.666666666666668	1.0
Lactobacillus taiwanensis	31	465	465	43.655913978494624	1.0
Lactobacillus ultunensis	3	3	3	33.333333333333336	2.0
Lactobacillus xujianguonis	3	3	3	0.0	0.0
Lactococcus cremoris	55	1485	1485	59.93265993265993	2.0
Lactococcus formosensis	3	3	3	33.333333333333336	0.0
Lactococcus fujiensis	2	1	1	0.0	0.0
Lactococcus garvieae	26	325	325	50.76923076923077	2.0
Lactococcus garvieae_A	3	3	3	33.333333333333336	1.0
Lactococcus lactis	197	19306	19306	83.9738941261784	4.0
Lactococcus petauri	20	190	190	32.63157894736842	1.0
Lactococcus sp002492185	5	10	10	40.0	1.0
Lactococcus sp006965445	2	1	1	100.0	7.0
Lactococcus sp009601055	3	3	3	0.0	0.0
Lactococcus sp009779335	3	3	3	0.0	0.0
Lactococcus taiwanensis	5	10	10	60.0	2.0
Lactococcus_A carnosus	3	3	3	66.66666666666667	2.0
Lactococcus_A chungangensis	4	6	6	66.66666666666667	2.0
Lactococcus_A laudensis	0	0	0	0	
Lactococcus_A paracarnosus	0	0	0	0	
Lactococcus_A plantarum	3	3	3	0.0	0.0
Lactococcus_A raffinolactis	14	91	91	50.54945054945055	2.0
Lactonifactor longoviformis	2	1	1	100.0	4.0
Lactonifactor sp009677585	7	21	21	52.38095238095238	2.0
Lactovum miscens	2	1	1	0.0	1.0
Lacunisphaera sp005787865	4	6	6	66.66666666666667	2.0
Lacunisphaera sp903856725	10	45	45	26.666666666666668	0.0
Lacunisphaera sp903898675	5	10	10	10.0	0.0
Lacunisphaera sp903906135	2	1	1	0.0	0.0
Lagierella massiliensis	0	0	0	0	
Lamprocystis purpurea	2	1	1	100.0	8.0
Lamprocystis sp903933125	5	10	10	100.0	14.5
Lampropedia populi	2	1	1	0.0	0.0
Lampropedia sp002285265	3	3	3	100.0	31.0
Lampropedia sp002285285	6	15	15	80.0	6.0
Lampropedia sp003703475	4	6	6	100.0	9.5
Lancefieldella parvula	2	1	1	0.0	0.0
Lancefieldella rimae	4	6	6	33.333333333333336	1.0
Lancefieldella sp000411555	2	1	1	100.0	2.0
Lancefieldella sp000564995	23	253	253	37.944664031620555	1.0
Lancefieldella sp015259035	2	1	1	0.0	0.0
Lancefieldella sp015259045	2	1	1	0.0	0.0
Lancefieldella sp015259105	2	1	1	100.0	2.0
Lapidilactobacillus concavus	2	1	1	0.0	0.0
Lapidilactobacillus dextrinicus	3	3	3	0.0	0.0
Laribacter hongkongensis	5	10	10	90.0	7.5
Laribacter sp018055005	2	1	1	0.0	1.0
Laterigemmans baculatus	2	1	1	0.0	0.0
Latilactobacillus curvatus	24	276	276	48.18840579710145	2.0
Latilactobacillus curvatus_A	3	3	3	66.66666666666667	4.0
Latilactobacillus fuchuensis	3	3	3	0.0	0.0
Latilactobacillus graminis	2	1	1	100.0	2.0
Latilactobacillus sakei	56	1540	1540	27.727272727272727	0.0
Lautropia dentalis	2	1	1	0.0	1.0
Lautropia mirabilis	6	15	15	80.0	2.0
Lawsonella clevelandensis	4	6	6	16.666666666666668	0.0
Lawsonella clevelandensis_A	2	1	1	0.0	0.0
Lawsonia intracellularis	7	21	21	0.0	0.0
Lawsonibacter asaccharolyticus	5	10	10	20.0	1.0
Lawsonibacter pullicola	3	3	3	100.0	6.0
Lawsonibacter sp000177015	5	10	10	30.0	1.5
Lawsonibacter sp003478995	0	0	0	0	
Lawsonibacter sp014287875	3	3	3	66.66666666666667	2.0
Lawsonibacter sp900066645	7	21	21	95.23809523809524	10.0
Lawsonibacter sp900066825	4	6	6	66.66666666666667	2.5
Lawsonibacter sp900545895	4	6	6	100.0	4.0
Lawsonibacter sp900549405	2	1	1	100.0	2.0
Lawsonibacter sp900754605	3	3	3	0.0	0.0
Lawsonibacter sp900764755	2	1	1	0.0	1.0
Lawsonibacter sp900766145	2	1	1	0.0	0.0
Lawsonibacter sp902363045	4	6	6	66.66666666666667	3.5
Leadbetterella sp002256295	2	1	1	100.0	4.0
Leadbetterella sp002483125	2	1	1	100.0	2.0
Leadbetterella sp016722655	5	10	10	100.0	6.0
Lebetimonas sp000523275	6	15	15	0.0	0.0
Leclercia adecarboxylata	85	3570	3570	74.39775910364146	3.0
Leclercia adecarboxylata_A	4	6	6	50.0	1.0
Leclercia adecarboxylata_B	2	1	1	0.0	0.0
Leclercia adecarboxylata_C	13	78	78	75.64102564102564	3.0
Leclercia sp002902985	16	120	120	90.0	7.0
Leclercia sp003024485	0	0	0	0	
Lederbergia galactosidilytica	3	3	3	100.0	5.0
Lederbergia ruris	2	1	1	100.0	4.0
Lederbergia sp017355205	2	1	1	0.0	0.0
Leeuwenhoekiella aestuarii	2	1	1	0.0	0.0
Leeuwenhoekiella blandensis	11	55	55	34.54545454545455	1.0
Leeuwenhoekiella marinoflava	2	1	1	0.0	0.0
Leeuwenhoekiella nanhaiensis	2	1	1	0.0	0.0
Leeuwenhoekiella palythoae	9	36	36	16.666666666666668	0.0
Leeuwenhoekiella sp002708845	5	10	10	0.0	0.0
Leeuwenhoekiella sp002710685	2	1	1	0.0	0.0
Legionella anisa	6	15	15	66.66666666666667	12.0
Legionella bozemanae	5	10	10	80.0	5.5
Legionella cherrii	4	6	6	66.66666666666667	4.0
Legionella cincinnatiensis	3	3	3	100.0	7.0
Legionella dumoffii	4	6	6	50.0	11.0
Legionella fraseri	35	595	595	43.36134453781513	1.0
Legionella gormanii	6	15	15	46.666666666666664	1.0
Legionella gratiana	3	3	3	100.0	17.0
Legionella longbeachae	9	36	36	63.888888888888886	2.0
Legionella moravica	5	10	10	90.0	7.5
Legionella parisiensis	4	6	6	66.66666666666667	4.5
Legionella pascullei	8	28	28	25.0	0.0
Legionella pneumophila	776	300700	300700	77.85833056202195	3.0
Legionella qingyii	3	3	3	33.333333333333336	1.0
Legionella quateirensis	3	3	3	66.66666666666667	8.0
Legionella sainthelensi	8	28	28	75.0	4.5
Legionella santicrucis	2	1	1	100.0	17.0
Legionella shakespearei	2	1	1	100.0	39.0
Legionella sp001899505	2	1	1	0.0	0.0
Legionella sp002786205	2	1	1	0.0	0.0
Legionella sp016786215	3	3	3	100.0	17.0
Legionella steelei	3	3	3	66.66666666666667	4.0
Legionella steigerwaltii	3	3	3	100.0	4.0
Legionella tucsonensis	2	1	1	100.0	2.0
Legionella wadsworthii	3	3	3	0.0	0.0
Legionella waltersii	3	3	3	100.0	10.0
Legionella worsleiensis	2	1	1	100.0	12.0
Legionella_A adelaidensis	3	3	3	100.0	8.0
Legionella_A impletisoli	2	1	1	0.0	0.0
Legionella_A londiniensis	3	3	3	100.0	2.0
Legionella_A oakridgensis	5	10	10	40.0	0.0
Legionella_A septentrionalis	4	6	6	50.0	1.5
Legionella_B geestiana	6	15	15	73.33333333333333	6.0
Legionella_C beliardensis	2	1	1	100.0	4.0
Legionella_C birminghamensis	3	3	3	100.0	6.0
Legionella_C busanensis	2	1	1	100.0	7.0
Legionella_C erythra	2	1	1	100.0	15.0
Legionella_C quinlivanii	4	6	6	83.33333333333333	4.0
Legionella_C quinlivanii_A	2	1	1	100.0	5.0
Legionella_C rubrilucens	2	1	1	100.0	5.0
Legionella_C spiritensis	4	6	6	100.0	12.0
Legionella_C taurinensis	16	120	120	40.0	0.0
Legionella_D israelensis	7	21	21	90.47619047619048	8.0
Leifsonia aquatica	3	3	3	33.333333333333336	8.0
Leifsonia soli	2	1	1	0.0	0.0
Leifsonia sp002105485	2	1	1	100.0	4.0
Leifsonia sp017565305	2	1	1	100.0	7.0
Leifsonia sp900100265	9	36	36	47.22222222222222	2.0
Leifsonia sp900114565	2	1	1	0.0	0.0
Leifsonia xyli_C	2	1	1	0.0	0.0
Leifsonia_A flava	0	0	0	0	
Leifsonia_A sp001422325	0	0	0	0	
Leifsonia_A sp001425325	2	1	1	0.0	0.0
Leisingera aquaemixtae	3	3	3	66.66666666666667	3.0
Leisingera daeponensis	2	1	1	0.0	
Leisingera sp000203975	6	15	15	73.33333333333333	3.0
Leisingera sp004123675	3	3	3	100.0	36.0
Lelliottia amnigena	15	105	105	59.04761904761905	2.0
Lelliottia jeotgali	9	36	36	58.333333333333336	2.0
Lelliottia nimipressuralis	9	36	36	30.555555555555557	1.0
Lelliottia sp000016325	0	0	0	0	
Leminorella grimontii	4	6	6	16.666666666666668	0.5
Leminorella richardii	2	1	1	0.0	0.0
Lenti-01 sp002071335	3	3	3	66.66666666666667	3.0
Lenti-01 sp002304915	4	6	6	83.33333333333333	9.5
Lenti-01 sp002347655	2	1	1	100.0	3.0
Lenti-01 sp012514035	2	1	1	0.0	0.0
Lentibacillus cibarius	3	3	3	0.0	1.0
Lentibacillus subterraneus	2	1	1	0.0	1.0
Lentilactobacillus buchneri	27	351	351	64.95726495726495	3.0
Lentilactobacillus diolivorans	3	3	3	33.333333333333336	0.0
Lentilactobacillus farraginis	2	1	1	0.0	0.0
Lentilactobacillus hilgardii	9	36	36	25.0	1.0
Lentilactobacillus kefiri	9	36	36	5.555555555555555	0.0
Lentilactobacillus kisonensis	3	3	3	0.0	0.0
Lentilactobacillus otakiensis	3	3	3	0.0	0.0
Lentilactobacillus parabuchneri	27	351	351	58.40455840455841	2.0
Lentilactobacillus parafarraginis	5	10	10	30.0	2.0
Lentilactobacillus parakefiri	4	6	6	0.0	0.0
Lentilactobacillus rapi	3	3	3	0.0	0.0
Lentilactobacillus senioris	3	3	3	0.0	0.0
Lentilactobacillus sp002418005	2	1	1	0.0	0.0
Lentilactobacillus sp019061365	2	1	1	0.0	1.0
Lentilactobacillus sunkii	2	1	1	100.0	5.0
Lentimicrobium sp002410555	3	3	3	66.66666666666667	3.0
Lentimicrobium sp002412885	2	1	1	100.0	4.0
Lentimicrobium sp002426025	2	1	1	0.0	0.0
Lentimicrobium sp002433025	2	1	1	0.0	0.0
Lentimicrobium sp016705005	2	1	1	100.0	14.0
Lentzea aerocolonigenes	2	1	1	0.0	0.0
Lentzea albidocapillata	2	1	1	100.0	3.0
Lentzea atacamensis	2	1	1	100.0	14.0
Lentzea flaviverrucosa	2	1	1	0.0	0.0
Leptolinea tardivitalis	2	1	1	0.0	1.0
Leptolyngbya boryana	9	36	36	80.55555555555556	5.0
Leptolyngbya sp014695195	2	1	1	100.0	13.0
Leptolyngbya_A sp014695325	2	1	1	100.0	9.0
Leptonema illini	4	6	6	50.0	1.5
Leptospira adleri	3	3	3	100.0	4.0
Leptospira alexanderi	6	15	15	80.0	3.0
Leptospira alstonii	5	10	10	40.0	0.0
Leptospira barantonii	2	1	1	0.0	1.0
Leptospira borgpetersenii	148	10878	10878	65.22338665195808	3.0
Leptospira gomenensis	4	6	6	50.0	1.5
Leptospira interrogans	339	57291	57291	87.56872807247211	8.0
Leptospira kirschneri	34	561	561	99.82174688057042	15.0
Leptospira kmetyi	7	21	21	28.571428571428573	1.0
Leptospira mayottensis	6	15	15	93.33333333333333	11.0
Leptospira noguchii	17	136	136	97.05882352941177	19.0
Leptospira santarosai	42	861	861	99.65156794425087	14.0
Leptospira stimsonii_A	3	3	3	100.0	6.0
Leptospira weilii	18	153	153	83.66013071895425	4.0
Leptospira yasudae	7	21	21	52.38095238095238	2.0
Leptospira_A bandrabouensis	2	1	1	0.0	0.0
Leptospira_A biflexa	7	21	21	42.857142857142854	1.0
Leptospira_A bourretii	4	6	6	33.333333333333336	0.5
Leptospira_A bouyouniensis	3	3	3	0.0	0.0
Leptospira_A brenneri	2	1	1	0.0	0.0
Leptospira_A congkakensis	3	3	3	33.333333333333336	1.0
Leptospira_A harrisiae	2	1	1	0.0	0.0
Leptospira_A jelokensis	2	1	1	0.0	0.0
Leptospira_A kanakyensis	3	3	3	33.333333333333336	1.0
Leptospira_A levettii	14	91	91	27.47252747252747	0.0
Leptospira_A meyeri	11	55	55	52.72727272727273	2.0
Leptospira_A montravelensis	2	1	1	0.0	0.0
Leptospira_A vanthielii	2	1	1	0.0	1.0
Leptospira_A yanagawae	2	1	1	0.0	0.0
Leptospira_B haakeii	2	1	1	0.0	0.0
Leptospira_B hartskeerlii	2	1	1	0.0	1.0
Leptospira_B inadai	2	1	1	100.0	22.0
Leptospira_B langatensis	2	1	1	0.0	0.0
Leptospira_B licerasiae	5	10	10	70.0	2.5
Leptospira_B perolatii	2	1	1	0.0	0.0
Leptospira_B selangorensis	3	3	3	0.0	1.0
Leptospira_B venezuelensis	3	3	3	0.0	0.0
Leptospira_B wolffii	7	21	21	42.857142857142854	1.0
Leptospirillum_A ferriphilum	2	1	1	0.0	0.0
Leptospirillum_A rubarum	19	171	171	23.391812865497077	0.0
Leptothoe sp011009555	2	1	1	100.0	318.0
Leptotrichia hofstadii	3	3	3	0.0	0.0
Leptotrichia massiliensis	3	3	3	0.0	0.0
Leptotrichia shahii	2	1	1	0.0	
Leptotrichia sp002240055	2	1	1	0.0	0.0
Leptotrichia trevisanii	4	6	6	100.0	6.0
Leptotrichia wadei	7	21	21	14.285714285714286	1.5
Leptotrichia wadei_A	4	6	6	66.66666666666667	2.0
Leptotrichia_A sp001274535	2	1	1	0.0	1.0
Leucobacter aridicollis	2	1	1	100.0	2.0
Leucobacter chromiiresistens	2	1	1	0.0	
Leucobacter luti	2	1	1	0.0	1.0
Leucobacter luti_A	2	1	1	0.0	1.0
Leucobacter muris	2	1	1	0.0	0.0
Leucobacter musarum	2	1	1	100.0	9.0
Leucobacter sp001373475	2	1	1	0.0	0.0
Leucobacter sp002752355	9	36	36	38.888888888888886	1.0
Leucobacter sp014529985	2	1	1	0.0	0.0
Leucobacter sp014530035	2	1	1	0.0	0.0
Leuconostoc carnosum	17	136	136	32.35294117647059	1.0
Leuconostoc citreum	33	528	528	42.234848484848484	1.0
Leuconostoc falkenbergense	9	36	36	72.22222222222223	2.5
Leuconostoc gelidum	3	3	3	0.0	0.0
Leuconostoc inhae	13	78	78	47.43589743589744	1.0
Leuconostoc kimchii	3	3	3	66.66666666666667	2.0
Leuconostoc lactis	21	210	210	52.857142857142854	2.0
Leuconostoc lactis_A	7	21	21	52.38095238095238	2.0
Leuconostoc mesenteroides	85	3570	3570	39.719887955182074	1.0
Leuconostoc mesenteroides_B	0	0	0	0	
Leuconostoc pseudomesenteroides	10	45	45	55.55555555555556	2.0
Leuconostoc suionicum	7	21	21	23.80952380952381	0.0
Leuconostoc_B fallax	3	3	3	0.0	0.0
Levilactobacillus acidifarinae	2	1	1	0.0	0.0
Levilactobacillus brevis	82	3321	3321	65.8837699488106	3.0
Levilactobacillus koreensis	2	1	1	100.0	2.0
Levilactobacillus namurensis	5	10	10	50.0	1.5
Levilactobacillus parabrevis	3	3	3	0.0	0.0
Levilactobacillus senmaizukei	2	1	1	0.0	1.0
Levilactobacillus sp012641185	2	1	1	0.0	0.0
Levilactobacillus sp016861585	2	1	1	0.0	0.0
Levilactobacillus sp016861655	2	1	1	0.0	1.0
Levilactobacillus spicheri	3	3	3	66.66666666666667	2.0
Levilactobacillus suantsaii	2	1	1	0.0	1.0
Levilactobacillus zymae	4	6	6	16.666666666666668	0.5
Levilinea saccharolytica	2	1	1	100.0	18.0
Levyella massiliensis	2	1	1	100.0	3.0
Lewinella sp003045895	2	1	1	0.0	1.0
Lewinella_A marina	2	1	1	0.0	0.0
Liberibacter africanus	2	1	1	0.0	0.0
Liberibacter americanus	2	1	1	0.0	0.0
Liberibacter asiaticus	29	406	406	13.300492610837438	0.0
Liberibacter crescens	2	1	1	0.0	0.0
Liberibacter solanacearum	7	21	21	90.47619047619048	7.0
Lichenicola cladoniae	2	1	1	0.0	0.0
Lichenicola sp903844135	2	1	1	0.0	0.0
Lichenihabitans psoromatis	2	1	1	100.0	19.0
Ligilactobacillus acidipiscis	9	36	36	36.111111111111114	1.0
Ligilactobacillus agilis	29	406	406	71.92118226600985	4.0
Ligilactobacillus animalis	10	45	45	15.555555555555555	0.0
Ligilactobacillus apodemi	2	1	1	100.0	2.0
Ligilactobacillus aviarius	5	10	10	0.0	0.0
Ligilactobacillus aviarius_B	16	120	120	64.16666666666667	2.0
Ligilactobacillus ceti	2	1	1	0.0	0.0
Ligilactobacillus equi	3	3	3	66.66666666666667	3.0
Ligilactobacillus excrementavium	2	1	1	100.0	5.0
Ligilactobacillus hayakitensis	2	1	1	100.0	2.0
Ligilactobacillus murinus	60	1770	1770	58.53107344632768	2.0
Ligilactobacillus pobuzihii	4	6	6	16.666666666666668	0.5
Ligilactobacillus ruminis	53	1378	1378	67.9245283018868	3.0
Ligilactobacillus ruminis_A	2	1	1	0.0	0.0
Ligilactobacillus saerimneri	5	10	10	60.0	2.5
Ligilactobacillus salivarius	183	16653	16653	66.98492764066535	2.0
Ligilactobacillus sp900765635	2	1	1	0.0	0.0
Limadaptatus sp900754695	2	1	1	100.0	4.0
Limadaptatus stercoravium	2	1	1	100.0	6.0
Limadaptatus stercorigallinarum	4	6	6	83.33333333333333	2.5
Limenecus avicola	8	28	28	14.285714285714286	0.0
Limimaricola hongkongensis	2	1	1	0.0	
Limimaricola soesokkakensis	2	1	1	0.0	1.0
Limimorpha sp001543395	2	1	1	100.0	2.0
Limimorpha sp002310075	9	36	36	63.888888888888886	2.0
Limimorpha sp015061295	3	3	3	0.0	0.0
Limimorpha sp015061315	2	1	1	100.0	3.0
Limimorpha sp015061365	3	3	3	33.333333333333336	1.0
Limimorpha sp016284305	2	1	1	0.0	0.0
Limimorpha sp017381865	2	1	1	0.0	1.0
Limimorpha sp017531225	2	1	1	100.0	4.0
Limimorpha sp017549605	2	1	1	0.0	1.0
Limimorpha sp017561025	2	1	1	0.0	1.0
Limimorpha sp017630195	2	1	1	100.0	2.0
Limimorpha sp017645275	2	1	1	0.0	0.0
Limimorpha sp017649945	3	3	3	100.0	3.0
Limimorpha sp017965765	2	1	1	0.0	1.0
Limimorpha sp900315175	4	6	6	0.0	0.0
Limimorpha sp900317055	2	1	1	0.0	0.0
Limimorpha sp900317155	7	21	21	90.47619047619048	8.0
Limimorpha sp900318085	12	66	66	59.09090909090909	2.0
Limimorpha sp900318265	7	21	21	66.66666666666667	2.0
Limimorpha sp900318465	3	3	3	66.66666666666667	24.0
Limimorpha sp900321315	2	1	1	0.0	0.0
Limimorpha sp900542475	2	1	1	0.0	0.0
Limimorpha sp900769945	4	6	6	33.333333333333336	0.5
Limimorpha sp902770835	4	6	6	100.0	16.5
Limimorpha sp902774295	3	3	3	33.333333333333336	1.0
Limimorpha sp902785755	3	3	3	33.333333333333336	1.0
Limimorpha sp902786745	4	6	6	33.333333333333336	1.0
Limimorpha sp902787095	4	6	6	50.0	1.5
Limimorpha sp902789915	2	1	1	100.0	4.0
Limimorpha sp902791165	7	21	21	90.47619047619048	4.0
Limimorpha sp902800965	3	3	3	0.0	0.0
Limimorpha sp902801465	3	3	3	33.333333333333336	1.0
Limimorpha sp902802535	2	1	1	100.0	12.0
Limimorpha sp905234275	2	1	1	0.0	0.0
Limimorpha sp905236635	2	1	1	0.0	0.0
Limiplasma merdipullorum	6	15	15	80.0	2.0
Limiplasma pullistercoris	3	3	3	33.333333333333336	1.0
Limiplasma sp004556545	3	3	3	66.66666666666667	2.0
Limiplasma sp900548145	4	6	6	100.0	6.0
Limiplasma sp900550955	2	1	1	0.0	0.0
Limisoma gallistercoris	4	6	6	83.33333333333333	7.0
Limisoma intestinavium	3	3	3	100.0	5.0
Limisoma sp000437795	12	66	66	33.333333333333336	0.0
Limisoma sp004561555	2	1	1	0.0	1.0
Limisoma sp900541935	3	3	3	33.333333333333336	1.0
Limisoma sp900544305	3	3	3	100.0	5.0
Limisoma sp900548875	2	1	1	100.0	7.0
Limisphaera sp011058495	0	0	0	0	
Limivicinus sp002320035	5	10	10	80.0	6.5
Limivicinus sp002350825	2	1	1	0.0	0.0
Limivicinus sp002371675	7	21	21	33.333333333333336	1.0
Limivicinus sp002431965	5	10	10	50.0	1.5
Limivicinus sp002450075	6	15	15	33.333333333333336	1.0
Limivicinus sp003150355	6	15	15	46.666666666666664	1.0
Limivicinus sp004560305	2	1	1	0.0	0.0
Limivicinus sp017395085	3	3	3	33.333333333333336	1.0
Limivicinus sp017430455	2	1	1	0.0	0.0
Limivicinus sp017432615	2	1	1	0.0	0.0
Limivicinus sp900316205	3	3	3	0.0	1.0
Limivicinus sp900316255	4	6	6	33.333333333333336	0.5
Limivicinus sp900317375	56	1540	1540	34.54545454545455	1.0
Limivicinus sp900319275	4	6	6	66.66666666666667	3.0
Limivicinus sp900319465	4	6	6	0.0	0.5
Limivicinus sp900319635	6	15	15	60.0	2.0
Limivicinus sp900319695	8	28	28	78.57142857142857	5.0
Limivicinus sp900319835	2	1	1	0.0	0.0
Limivicinus sp900319935	6	15	15	6.666666666666667	1.0
Limivicinus sp900320465	2	1	1	0.0	0.0
Limivicinus sp900320595	4	6	6	0.0	1.0
Limivicinus sp900321275	7	21	21	66.66666666666667	3.0
Limivicinus sp900546515	2	1	1	0.0	0.0
Limivicinus sp900547315	3	3	3	100.0	5.0
Limivicinus sp900549485	2	1	1	100.0	6.0
Limivicinus sp900549545	3	3	3	66.66666666666667	8.0
Limivicinus sp900549645	3	3	3	0.0	0.0
Limivicinus sp900549865	3	3	3	100.0	15.0
Limivicinus sp900754515	2	1	1	100.0	2.0
Limivicinus sp902775985	5	10	10	50.0	1.5
Limivicinus sp902778115	3	3	3	100.0	7.0
Limivicinus sp902778285	2	1	1	100.0	4.0
Limivicinus sp902778665	4	6	6	66.66666666666667	2.0
Limivicinus sp902793285	2	1	1	100.0	3.0
Limivicinus sp902795045	4	6	6	83.33333333333333	2.5
Limivicinus sp902795885	2	1	1	0.0	0.0
Limivicinus sp902802045	5	10	10	0.0	0.0
Limivicinus sp902802215	2	1	1	100.0	3.0
Limivicinus sp905233785	2	1	1	100.0	6.0
Limivivens intestinipullorum	2	1	1	0.0	0.0
Limivivens merdigallinarum	2	1	1	0.0	0.0
Limivivens sp900066135	5	10	10	60.0	2.5
Limivivens sp900543575	4	6	6	33.333333333333336	1.0
Limnobacter sp000170915	5	10	10	40.0	1.0
Limnobacter sp002954425	19	171	171	46.78362573099415	1.0
Limnobacter sp018815245	9	36	36	0.0	0.0
Limnobaculum allomyrinae	2	1	1	0.0	0.0
Limnobaculum xujianqingii	4	6	6	83.33333333333333	5.5
Limnobaculum zhutongyuii	2	1	1	0.0	0.0
Limnochorda sp012799445	2	1	1	0.0	0.0
Limnocylindrus sp003670475	2	1	1	100.0	3.0
Limnocylindrus sp009919005	2	1	1	0.0	0.0
Limnocylindrus sp016463555	3	3	3	0.0	0.0
Limnocylindrus sp903851225	2	1	1	0.0	0.0
Limnocylindrus sp903864185	6	15	15	6.666666666666667	0.0
Limnocylindrus sp903944295	11	55	55	1.8181818181818181	0.0
Limnohabitans curvus	2	1	1	100.0	5.0
Limnohabitans sp002282445	3	3	3	0.0	0.0
Limnohabitans sp002347905	2	1	1	0.0	0.0
Limnohabitans sp002778315	2	1	1	0.0	1.0
Limnohabitans sp005789825	2	1	1	0.0	1.0
Limnohabitans sp009919175	2	1	1	0.0	1.0
Limnohabitans sp009921265	3	3	3	33.333333333333336	0.0
Limnohabitans sp009923505	2	1	1	0.0	0.0
Limnohabitans sp009925585	2	1	1	0.0	0.0
Limnohabitans sp009927495	2	1	1	0.0	0.0
Limnohabitans sp903828695	15	105	105	4.761904761904762	0.0
Limnohabitans sp903832625	4	6	6	16.666666666666668	0.0
Limnohabitans sp903838355	43	903	903	25.47065337763012	1.0
Limnohabitans sp903842945	4	6	6	0.0	0.5
Limnohabitans sp903844385	2	1	1	0.0	0.0
Limnohabitans sp903861115	13	78	78	10.256410256410257	0.0
Limnohabitans sp903864315	3	3	3	33.333333333333336	1.0
Limnohabitans sp903865035	7	21	21	33.333333333333336	1.0
Limnohabitans sp903871545	4	6	6	16.666666666666668	0.0
Limnohabitans sp903880855	4	6	6	0.0	0.0
Limnohabitans sp903886485	3	3	3	0.0	0.0
Limnohabitans sp903887325	5	10	10	50.0	1.5
Limnohabitans sp903887655	2	1	1	0.0	1.0
Limnohabitans sp903892175	4	6	6	0.0	0.0
Limnohabitans sp903896615	3	3	3	33.333333333333336	0.0
Limnohabitans sp903910745	16	120	120	12.5	0.0
Limnohabitans sp903933115	2	1	1	0.0	0.0
Limnohabitans sp903949285	13	78	78	44.87179487179487	1.0
Limnohabitans sp903952885	2	1	1	0.0	1.0
Limnohabitans_A sp001412575	3	3	3	0.0	0.0
Limnohabitans_A sp001517545	4	6	6	33.333333333333336	1.0
Limnohabitans_A sp003063265	2	1	1	100.0	20.0
Limnohabitans_A sp003063335	2	1	1	100.0	17.0
Limnohabitans_A sp003063665	4	6	6	16.666666666666668	0.0
Limnohabitans_A sp009928125	5	10	10	100.0	5.0
Limnohabitans_A sp017848645	5	10	10	0.0	0.5
Limnohabitans_A sp903822825	3	3	3	0.0	0.0
Limnohabitans_A sp903870145	26	325	325	18.153846153846153	0.0
Limnohabitans_A sp903894995	3	3	3	33.333333333333336	1.0
Limnohabitans_A sp903916355	2	1	1	0.0	0.0
Limnohabitans_A sp903932865	2	1	1	0.0	0.0
Limnohabitans_A sp903935585	6	15	15	6.666666666666667	0.0
Limnohabitans_A sp903953985	2	1	1	0.0	1.0
Limnohabitans_A sp903961095	3	3	3	0.0	0.0
Limnospira fusiformis	6	15	15	93.33333333333333	5.0
Limnospira platensis	10	45	45	66.66666666666667	4.0
Limnothrix sp001693275	11	55	55	56.36363636363637	2.0
Limnothrix sp002356215	2	1	1	0.0	0.0
Limosilactobacillus agrestis	3	3	3	100.0	5.0
Limosilactobacillus alvi	2	1	1	100.0	5.0
Limosilactobacillus antri	2	1	1	100.0	3.0
Limosilactobacillus balticus	2	1	1	100.0	2.0
Limosilactobacillus caviae	4	6	6	50.0	1.5
Limosilactobacillus coleohominis	8	28	28	17.857142857142858	0.0
Limosilactobacillus equigenerosi	3	3	3	0.0	0.0
Limosilactobacillus excrementigallinarum	2	1	1	100.0	2.0
Limosilactobacillus fastidiosus	2	1	1	100.0	3.0
Limosilactobacillus fermentum	97	4656	4656	69.5446735395189	3.0
Limosilactobacillus frumenti	3	3	3	0.0	0.0
Limosilactobacillus gallistercoris	3	3	3	33.333333333333336	0.0
Limosilactobacillus gastricus	3	3	3	0.0	0.0
Limosilactobacillus ingluviei	5	10	10	40.0	4.0
Limosilactobacillus intestinigallinarum	2	1	1	0.0	1.0
Limosilactobacillus intestinipullorum	3	3	3	33.333333333333336	0.0
Limosilactobacillus merdavium	2	1	1	0.0	0.0
Limosilactobacillus mucosae	22	231	231	52.81385281385281	2.0
Limosilactobacillus oris	8	28	28	35.714285714285715	0.5
Limosilactobacillus panis	2	1	1	0.0	0.0
Limosilactobacillus pontis	3	3	3	33.333333333333336	0.0
Limosilactobacillus portuensis	4	6	6	50.0	2.0
Limosilactobacillus reuteri	131	8515	8515	63.79330593071051	3.0
Limosilactobacillus reuteri_D	32	496	496	66.73387096774194	2.0
Limosilactobacillus reuteri_E	49	1176	1176	63.095238095238095	3.0
Limosilactobacillus rudii	2	1	1	0.0	0.0
Limosilactobacillus sp002299975	2	1	1	100.0	3.0
Limosilactobacillus sp009663775	2	1	1	100.0	2.0
Limosilactobacillus sp012843675	2	1	1	100.0	8.0
Limosilactobacillus timonensis	2	1	1	100.0	2.0
Limosilactobacillus urinaemulieris	2	1	1	100.0	3.0
Limosilactobacillus vaginalis	7	21	21	52.38095238095238	3.0
Limousia pullorum	4	6	6	33.333333333333336	1.0
Liquorilactobacillus hordei	2	1	1	0.0	0.0
Liquorilactobacillus mali	4	6	6	50.0	1.0
Liquorilactobacillus nagelii	2	1	1	0.0	0.0
Liquorilactobacillus satsumensis	2	1	1	100.0	3.0
Liquorilactobacillus sucicola	2	1	1	0.0	0.0
Liquorilactobacillus vini	3	3	3	0.0	0.0
Listeria aquatica	2	1	1	100.0	5.0
Listeria cayugensis	2	1	1	100.0	2.0
Listeria cossartiae	9	36	36	36.111111111111114	0.5
Listeria farberi	5	10	10	30.0	0.0
Listeria fleischmannii	9	36	36	36.111111111111114	1.0
Listeria goaensis	8	28	28	46.42857142857143	1.0
Listeria grayi	5	10	10	30.0	1.0
Listeria immobilis	9	36	36	80.55555555555556	3.0
Listeria innocua	97	4656	4656	33.56958762886598	0.0
Listeria ivanovii	26	325	325	0.0	0.0
Listeria kieliensis_A	2	1	1	100.0	5.0
Listeria londoniensis	17	136	136	52.94117647058823	2.0
Listeria marthii	34	561	561	13.01247771836007	0.0
Listeria monocytogenes	1946	1892485	1892485	35.640705210345125	1.0
Listeria monocytogenes_B	1662	1380291	1380291	38.106674607021276	1.0
Listeria monocytogenes_C	176	15400	15400	29.545454545454547	0.0
Listeria seeligeri	167	13861	13861	48.26491595123007	1.0
Listeria welshimeri	49	1176	1176	34.77891156462585	1.0
Listeria_A booriae	92	4186	4186	60.22455805064501	2.0
Listeria_A grandensis	4	6	6	83.33333333333333	6.5
Listeria_A newyorkensis	8	28	28	82.14285714285714	6.0
Listeria_A rocourtiae	4	6	6	100.0	4.0
Listeria_A weihenstephanensis	3	3	3	66.66666666666667	2.0
Litoribacter ruber	2	1	1	100.0	3.0
Litoricola sp012269655	2	1	1	100.0	3.0
Litorilinea aerophila	2	1	1	0.0	1.0
Litorivita pollutaquae	2	1	1	0.0	0.0
Litorivivens sp002415025	3	3	3	66.66666666666667	2.0
Loigolactobacillus backii	9	36	36	91.66666666666667	11.0
Loigolactobacillus bifermentans	2	1	1	0.0	0.0
Loigolactobacillus coryniformis	9	36	36	66.66666666666667	4.0
Loki-b32 sp005223125	3	3	3	0.0	0.0
Loki-b32 sp019057865	7	21	21	23.80952380952381	1.0
Loktanella salsilacus	3	3	3	0.0	1.0
Lonepinella koalarum	3	3	3	66.66666666666667	12.0
Longibaculum muris	6	15	15	26.666666666666668	1.0
Longicatena caecimuris	20	190	190	77.89473684210526	6.0
Longimicrobium terrae	3	3	3	0.0	1.0
Longispora fulva	2	1	1	0.0	0.0
Lonsdalea britannica	3	3	3	0.0	0.0
Lonsdalea iberica	2	1	1	0.0	0.0
Lonsdalea populi	25	300	300	8.666666666666666	0.0
Lonsdalea quercina	2	1	1	0.0	1.0
Lonsdalea quercina_D	2	1	1	100.0	2.0
Lujinxingia sediminis	3	3	3	66.66666666666667	4.0
Luminiphilus sp000169115	5	10	10	0.0	0.0
Luminiphilus sp002389505	2	1	1	0.0	1.0
Luminiphilus sp002390485	5	10	10	0.0	0.0
Luminiphilus sp002456975	3	3	3	0.0	0.0
Luminiphilus sp002683335	2	1	1	100.0	2.0
Luminiphilus sp002683395	2	1	1	0.0	0.0
Luminiphilus sp002689915	2	1	1	0.0	0.0
Luminiphilus sp002691565	3	3	3	0.0	1.0
Luminiphilus sp002721785	2	1	1	0.0	1.0
Luminiphilus sp002862405	4	6	6	0.0	0.0
Luminiphilus sp003331335	4	6	6	33.333333333333336	0.0
Luminiphilus sp009886815	3	3	3	0.0	0.0
Luminiphilus sp011524755	2	1	1	0.0	0.0
Luminiphilus sp012270045	2	1	1	0.0	0.0
Luminiphilus sp016779445	3	3	3	0.0	0.0
Luminiphilus sp018666295	4	6	6	0.0	0.0
Luminiphilus sp902520195	3	3	3	0.0	0.0
Luminiphilus sp902631395	2	1	1	0.0	1.0
Luminiphilus sp905479205	2	1	1	0.0	0.0
Lustribacter telmatis	2	1	1	100.0	14.0
Luteibacter rhizovicinus	2	1	1	100.0	2.0
Luteibacter sp000745055	5	10	10	60.0	4.0
Luteibacter sp015905245	3	3	3	0.0	0.0
Luteibacter sp900110505	2	1	1	0.0	0.0
Luteibacter yeojuensis_B	0	0	0	0	
Luteimonas chenhongjianii	2	1	1	100.0	3.0
Luteimonas sp000472505	2	1	1	0.0	0.0
Luteimonas sp002324875	3	3	3	33.333333333333336	1.0
Luteimonas sp002849595	0	0	0	0	
Luteimonas sp014212025	3	3	3	0.0	0.0
Luteimonas sp016615815	3	3	3	0.0	1.0
Luteimonas sp016615955	3	3	3	100.0	3.0
Luteimonas terrae	2	1	1	0.0	0.0
Luteimonas terricola	2	1	1	100.0	3.0
Luteimonas wenzhouensis	2	1	1	0.0	1.0
Luteimonas yindakuii	2	1	1	100.0	2.0
Luteithermobacter gelatinilyticus	2	1	1	0.0	1.0
Luteococcus avicola	2	1	1	100.0	8.0
Luteococcus japonicus	2	1	1	100.0	16.0
Luteolibacter sp004294095	2	1	1	100.0	6.0
Luteolibacter sp007126655	2	1	1	0.0	1.0
Luteolibacter sp009885905	5	10	10	10.0	0.5
Luteolibacter sp903826205	3	3	3	33.333333333333336	0.0
Luteolibacter sp903827375	16	120	120	96.66666666666667	6.0
Luteolibacter sp903888515	2	1	1	100.0	4.0
Luteolibacter sp903906515	3	3	3	66.66666666666667	2.0
Luteolibacter sp903919975	3	3	3	66.66666666666667	2.0
Luteolibacter sp903934285	3	3	3	66.66666666666667	8.0
Luteolibacter sp905182475	2	1	1	100.0	2.0
Luteolibacter sp905478925	2	1	1	100.0	2.0
Lutibacter litoralis	2	1	1	0.0	0.0
Lutibacter oceani	2	1	1	0.0	1.0
Lutibacter sp002733285	2	1	1	0.0	0.0
Lutibacter sp003516285	2	1	1	0.0	0.0
Lutibacter sp013041805	2	1	1	0.0	0.0
Lutimaribacter pacificus	2	1	1	0.0	0.0
Luxibacter massiliensis	3	3	3	66.66666666666667	2.0
Lysinibacillus boronitolerans	4	6	6	16.666666666666668	0.5
Lysinibacillus capsici	12	66	66	56.06060606060606	2.0
Lysinibacillus fusiformis	30	435	435	54.252873563218394	2.0
Lysinibacillus fusiformis_D	8	28	28	21.428571428571427	1.0
Lysinibacillus macroides	2	1	1	100.0	4.0
Lysinibacillus mangiferihumi	2	1	1	100.0	6.0
Lysinibacillus pakistanensis	3	3	3	66.66666666666667	9.0
Lysinibacillus parviboronicapiens	4	6	6	66.66666666666667	2.0
Lysinibacillus sp001278875	2	1	1	100.0	2.0
Lysinibacillus sp002237755	5	10	10	60.0	2.0
Lysinibacillus sp002340205	4	6	6	50.0	3.5
Lysinibacillus sp006864135	0	0	0	0	
Lysinibacillus sphaericus	10	45	45	31.11111111111111	0.0
Lysinibacillus sphaericus_A	28	378	378	66.13756613756614	3.0
Lysinibacillus sphaericus_D	2	1	1	100.0	5.0
Lysinibacillus xylanilyticus	4	6	6	83.33333333333333	10.0
Lysinibacillus_B odysseyi	4	6	6	50.0	1.5
Lysobacter antibioticus	2	1	1	100.0	76.0
Lysobacter capsici	5	10	10	60.0	8.0
Lysobacter concretionis	2	1	1	0.0	1.0
Lysobacter defluvii	2	1	1	100.0	3.0
Lysobacter enzymogenes	3	3	3	100.0	4.0
Lysobacter enzymogenes_B	2	1	1	100.0	14.0
Lysobacter maris	2	1	1	100.0	4.0
Lysobacter soli	2	1	1	100.0	16.0
Lysobacter sp001428685	4	6	6	66.66666666666667	3.0
Lysobacter sp001429785	3	3	3	66.66666666666667	6.0
Lysobacter sp001830245	2	1	1	100.0	2.0
Lysobacter sp015209725	2	1	1	0.0	0.0
Lysobacter sp015209765	2	1	1	100.0	2.0
Lysobacter sp018612875	4	6	6	0.0	0.0
Lysobacter tengchongensis	2	1	1	0.0	0.0
Lysobacter thermophilus	2	1	1	0.0	0.0
Lysobacter_A helvus	2	1	1	0.0	0.0
Lysobacter_B sp002798195	4	6	6	66.66666666666667	2.5
Lysobacter_B sp002798275	2	1	1	0.0	1.0
Lysobacter_B sp018242425	2	1	1	0.0	0.0
M0103 sp903873915	3	3	3	66.66666666666667	2.0
M0103 sp903945495	6	15	15	6.666666666666667	0.0
M0108 sp018435665	2	1	1	0.0	1.0
M0603 sp006226755	2	1	1	0.0	0.0
M10-OD1-1 sp003056145	2	1	1	0.0	0.0
M10-OD1-4 sp003056085	2	1	1	100.0	2.0
M2005 sp011192085	3	3	3	0.0	0.0
M3 sp001689445	2	1	1	100.0	3.0
M3007 sp016719895	2	1	1	100.0	12.0
M3007 sp903836265	7	21	21	9.523809523809524	1.0
M3007 sp903905445	3	3	3	66.66666666666667	3.0
M3007 sp903933805	6	15	15	80.0	6.0
M30B28 sp018402425	3	3	3	100.0	5.0
M30B53 sp016779265	5	10	10	10.0	0.0
M30B53 sp018401745	3	3	3	66.66666666666667	4.0
M30B80 sp015689775	2	1	1	100.0	5.0
M30B80 sp015693905	8	28	28	60.714285714285715	3.0
M50B103 sp018400915	2	1	1	0.0	1.0
M50B96 sp018401015	2	1	1	0.0	1.0
MAG-120531 sp000173115	33	528	528	1.1363636363636365	0.0
MAG-120531 sp013373635	2	1	1	0.0	0.0
MAG-120802 sp002347935	28	378	378	18.253968253968253	0.0
MAG-120802 sp003569145	2	1	1	0.0	1.0
MAG-120802 sp005777515	3	3	3	0.0	0.0
MAG-120802 sp009927705	2	1	1	0.0	1.0
MAG-120802 sp010023045	12	66	66	27.272727272727273	1.0
MAG-120802 sp010032085	3	3	3	66.66666666666667	2.0
MAG-120802 sp010032125	3	3	3	0.0	0.0
MAG-121220-bin8 sp002700465	3	3	3	0.0	0.0
MAG-121220-bin8 sp002705485	4	6	6	0.0	0.0
MAG-121220-bin8 sp004214185	5	10	10	0.0	0.0
MAG-121220-bin8 sp012959395	13	78	78	0.0	0.0
MAG-121220-bin8 sp014239275	4	6	6	0.0	0.0
MAG-121220-bin8 sp016780345	2	1	1	0.0	1.0
MAG-121220-bin8 sp018662905	2	1	1	0.0	0.0
MAG-121220-bin8 sp902511755	3	3	3	0.0	0.0
MAG-121220-bin8 sp902559035	6	15	15	0.0	0.0
MAG-121220-bin8 sp902635895	2	1	1	0.0	0.0
MAG-121220-bin8 sp905479415	8	28	28	0.0	0.0
MB-PLM-1 sp003388505	4	6	6	100.0	8.0
MB-PLM-2 sp003389215	4	6	6	83.33333333333333	10.5
MB11C04 sp002167605	2	1	1	0.0	0.0
MB11C04 sp002171765	2	1	1	0.0	0.0
MB11C04 sp002364975	3	3	3	0.0	0.0
MB11C04 sp002477515	5	10	10	0.0	0.0
MB11C04 sp002500665	7	21	21	47.61904761904762	1.0
MB11C04 sp002686835	2	1	1	100.0	2.0
MB11C04 sp002692605	7	21	21	9.523809523809524	0.0
MB11C04 sp002713685	2	1	1	0.0	0.0
MB11C04 sp018607205	2	1	1	0.0	0.0
MCBC01 sp001723855	2	1	1	100.0	3.0
MD308 sp000403475	2	1	1	100.0	2.0
MD308 sp010206225	2	1	1	100.0	18.0
MD308 sp910575105	2	1	1	100.0	6.0
MEBICO9517 sp003285105	3	3	3	100.0	5.0
MED-G09 sp002704345	2	1	1	0.0	0.0
MED-G09 sp003278145	4	6	6	0.0	0.0
MED-G09 sp003279705	3	3	3	0.0	0.0
MED-G10 sp002457065	3	3	3	0.0	0.0
MED-G10 sp902547955	5	10	10	30.0	1.0
MED-G11 sp002457075	2	1	1	0.0	0.0
MED-G11 sp002729755	2	1	1	0.0	0.0
MED-G11 sp004213645	2	1	1	0.0	0.0
MED-G11 sp004214015	4	6	6	0.0	0.0
MED-G11 sp014239615	17	136	136	0.0	0.0
MED-G11 sp014239665	10	45	45	0.0	0.0
MED-G11 sp016780245	2	1	1	0.0	0.0
MED-G11 sp017856235	4	6	6	0.0	0.0
MED-G11 sp902509805	2	1	1	0.0	0.0
MED-G11 sp902519955	3	3	3	0.0	0.0
MED-G11 sp902577515	2	1	1	0.0	0.0
MED-G11 sp902583445	3	3	3	0.0	0.0
MED-G11 sp902586435	5	10	10	30.0	0.0
MED-G11 sp902593165	2	1	1	0.0	0.0
MED-G11 sp902594485	3	3	3	33.333333333333336	0.0
MED-G11 sp902594745	2	1	1	0.0	0.0
MED-G11 sp902598525	2	1	1	0.0	0.0
MED-G11 sp902617285	4	6	6	16.666666666666668	1.0
MED-G11 sp902620455	7	21	21	23.80952380952381	1.0
MED-G11 sp902622595	12	66	66	6.0606060606060606	0.0
MED-G13 sp002691265	4	6	6	0.0	0.0
MED-G13 sp902510415	2	1	1	0.0	0.0
MED-G13 sp902518355	4	6	6	33.333333333333336	1.0
MED-G13 sp902557655	2	1	1	0.0	1.0
MED-G13 sp902560045	3	3	3	0.0	0.0
MED-G13 sp902602415	5	10	10	30.0	1.0
MED-G13 sp902604715	2	1	1	0.0	0.0
MED-G13 sp902626365	2	1	1	0.0	0.0
MED-G14 sp002457715	3	3	3	0.0	0.0
MED-G14 sp002697465	14	91	91	6.593406593406593	0.0
MED-G14 sp003331885	2	1	1	0.0	0.0
MED-G14 sp004321735	4	6	6	0.0	0.0
MED-G14 sp902526165	2	1	1	0.0	0.0
MED-G14 sp902544085	2	1	1	0.0	0.0
MED-G14 sp902550325	4	6	6	16.666666666666668	0.0
MED-G14 sp902554655	2	1	1	0.0	0.0
MED-G14 sp902587325	10	45	45	2.2222222222222223	0.0
MED-G14 sp902595555	8	28	28	17.857142857142858	0.0
MED-G14 sp902597545	5	10	10	30.0	0.0
MED-G16 sp002692105	3	3	3	0.0	0.0
MED-G16 sp002696995	2	1	1	0.0	0.0
MED-G16 sp002697405	2	1	1	0.0	0.0
MED-G16 sp002701745	2	1	1	100.0	2.0
MED-G16 sp902523065	9	36	36	0.0	0.0
MED-G17 sp002457675	2	1	1	0.0	0.0
MED-G20 sp002686655	2	1	1	0.0	0.0
MED-G20 sp002691605	3	3	3	33.333333333333336	1.0
MED-G20 sp016780365	6	15	15	0.0	0.0
MED-G20 sp905182525	2	1	1	0.0	0.0
MED-G40 sp002457515	2	1	1	0.0	0.0
MED-G40 sp003213115	6	15	15	0.0	0.0
MED-G52 sp001627375	16	120	120	10.0	0.0
MED-G52 sp001627925	8	28	28	35.714285714285715	0.0
MED-G52 sp002457055	11	55	55	3.6363636363636362	0.0
MED-G52 sp002711145	3	3	3	0.0	0.0
MED-G52 sp003332035	2	1	1	0.0	1.0
MED-G52 sp902554885	2	1	1	100.0	2.0
MED-G52 sp902602765	4	6	6	16.666666666666668	0.5
MED-G78 sp902509965	2	1	1	0.0	0.0
MED-G78 sp902514105	2	1	1	100.0	2.0
MED-G78 sp902558645	6	15	15	6.666666666666667	0.0
MED-G82 sp902594515	3	3	3	0.0	0.0
MED-G82 sp902600705	10	45	45	20.0	0.0
MED-G82 sp902601475	4	6	6	0.0	0.0
MED-G85 sp003331505	6	15	15	0.0	0.0
MED660 sp002691025	2	1	1	0.0	0.0
MED727 sp002689245	2	1	1	0.0	0.0
MED727 sp902553555	2	1	1	0.0	1.0
MED727 sp902561155	2	1	1	0.0	0.0
MED727 sp902587145	2	1	1	0.0	0.0
MED727 sp902596745	2	1	1	0.0	1.0
MED727 sp902605645	2	1	1	0.0	0.0
MEDG-81 sp003213595	3	3	3	0.0	0.0
MEDG-81 sp003279605	2	1	1	0.0	0.0
MEDG-81 sp003331625	3	3	3	0.0	0.0
MEDG-81 sp902540995	2	1	1	0.0	1.0
MEDG-81 sp902561325	2	1	1	100.0	3.0
MEDG-81 sp902563105	5	10	10	40.0	0.5
MEDG-81 sp902627595	2	1	1	0.0	0.0
MFDM01 sp001776905	2	1	1	0.0	0.0
MFSY01 sp001785175	2	1	1	100.0	5.0
MGBC124762 sp900554075	2	1	1	0.0	0.0
MGBC133411 sp017935485	2	1	1	0.0	0.0
MGBC133411 sp900540425	3	3	3	33.333333333333336	1.0
MGBC164599 sp910575625	2	1	1	100.0	4.0
MGDU01 sp001790815	6	15	15	40.0	1.0
MGIIa-I sp002696315	2	1	1	0.0	0.0
MGIIa-I sp002720095	4	6	6	0.0	0.0
MGIIa-I sp002720275	2	1	1	0.0	0.0
MGIIa-K1 sp002498185	3	3	3	0.0	0.0
MGIIa-K1 sp002507425	2	1	1	0.0	0.0
MGIIa-K1 sp002706615	2	1	1	0.0	0.0
MGIIa-K1 sp002710015	2	1	1	0.0	0.0
MGIIa-K1 sp002715725	2	1	1	0.0	0.0
MGIIa-K1 sp003602415	2	1	1	0.0	1.0
MGIIa-K1 sp004195515	3	3	3	0.0	0.0
MGIIa-K1 sp009936765	3	3	3	0.0	0.0
MGIIa-K1 sp018650165	3	3	3	0.0	0.0
MGIIa-K1 sp902563095	4	6	6	0.0	0.0
MGIIa-K2 sp002719395	6	15	15	0.0	0.0
MGIIa-L1 sp000246735	6	15	15	20.0	0.0
MGIIa-L1 sp002172355	3	3	3	0.0	0.0
MGIIa-L1 sp002495945	2	1	1	0.0	0.0
MGIIa-L1 sp002496955	3	3	3	0.0	0.0
MGIIa-L1 sp002499545	2	1	1	0.0	0.0
MGIIa-L1 sp002502605	3	3	3	0.0	0.0
MGIIa-L1 sp002506275	5	10	10	0.0	0.0
MGIIa-L1 sp002687075	4	6	6	16.666666666666668	0.0
MGIIa-L1 sp002697705	2	1	1	0.0	0.0
MGIIa-L1 sp002702945	3	3	3	0.0	0.0
MGIIa-L1 sp002726395	2	1	1	0.0	0.0
MGIIa-L1 sp002729095	6	15	15	0.0	0.0
MGIIa-L1 sp009887195	3	3	3	0.0	0.0
MGIIa-L1 sp018650105	2	1	1	0.0	0.0
MGIIa-L1 sp018659375	2	1	1	0.0	0.0
MGIIa-L1 sp018662825	8	28	28	17.857142857142858	0.0
MGIIa-L1 sp018667575	4	6	6	0.0	0.0
MGIIa-L1 sp018701175	5	10	10	10.0	0.0
MGIIa-L1 sp8160u	4	6	6	0.0	0.0
MGIIa-L1 sp8725u	2	1	1	0.0	0.0
MGIIa-L1 sp8734u	2	1	1	0.0	0.0
MGIIa-L1 sp9354u	3	3	3	0.0	0.0
MGIIa-L1 sp9513u	2	1	1	0.0	0.0
MGIIa-L1 sp9596u	4	6	6	0.0	0.0
MGIIa-L2 sp002499195	5	10	10	0.0	0.0
MGIIa-L2 sp002502215	4	6	6	0.0	0.0
MGIIa-L2 sp002698145	7	21	21	4.761904761904762	0.0
MGIIa-L2 sp002722615	4	6	6	33.333333333333336	0.0
MGIIa-L2 sp002726845	2	1	1	0.0	0.0
MGIIa-L2 sp009887135	3	3	3	0.0	0.0
MGIIa-L2 sp016777125	2	1	1	0.0	0.0
MGIIa-L2 sp018666575	2	1	1	0.0	0.0
MGIIa-L2 sp8574u	2	1	1	0.0	0.0
MGIIa-L3 sp002496845	2	1	1	0.0	0.0
MGIIa-L3 sp002722135	4	6	6	16.666666666666668	0.0
MGIIa-L3 sp002723635	2	1	1	0.0	0.0
MGIIa-L3 sp002731395	3	3	3	0.0	0.0
MGIIa-L3 sp11892u	5	10	10	20.0	1.0
MGIIa-L3 sp12206u	2	1	1	0.0	0.0
MGIIa-L4 sp002718195	2	1	1	0.0	0.0
MGIIb-N1 sp002499585	12	66	66	10.606060606060606	0.0
MGIIb-N1 sp002504845	5	10	10	0.0	0.0
MGIIb-N1 sp002505455	5	10	10	0.0	0.0
MGIIb-N1 sp002505695	6	15	15	6.666666666666667	0.0
MGIIb-N1 sp011523055	7	21	21	0.0	0.0
MGIIb-N2 sp002497905	3	3	3	0.0	0.0
MGIIb-N2 sp002502625	3	3	3	0.0	0.0
MGIIb-N2 sp002506875	3	3	3	0.0	0.0
MGIIb-N2 sp002697105	2	1	1	0.0	0.0
MGIIb-N2 sp002712285	3	3	3	0.0	0.0
MGIIb-N2 sp002713585	4	6	6	0.0	0.0
MGIIb-O1 sp002457555	2	1	1	0.0	0.0
MGIIb-O1 sp002496905	3	3	3	0.0	0.0
MGIIb-O1 sp002497025	4	6	6	0.0	0.0
MGIIb-O1 sp002497895	4	6	6	0.0	0.0
MGIIb-O1 sp002498525	6	15	15	0.0	0.0
MGIIb-O1 sp002498725	4	6	6	0.0	0.0
MGIIb-O1 sp002502175	11	55	55	0.0	0.0
MGIIb-O1 sp002502365	2	1	1	0.0	0.0
MGIIb-O1 sp002685415	3	3	3	0.0	0.0
MGIIb-O1 sp12570u	2	1	1	0.0	0.0
MGIIb-O1 sp8684u	4	6	6	0.0	0.0
MGIIb-O2 sp002494975	24	276	276	8.333333333333334	0.0
MGIIb-O2 sp002495525	3	3	3	0.0	0.0
MGIIb-O2 sp002497245	2	1	1	0.0	0.0
MGIIb-O2 sp002498985	4	6	6	16.666666666666668	0.0
MGIIb-O2 sp002499785	15	105	105	0.0	0.0
MGIIb-O2 sp002504905	6	15	15	0.0	0.0
MGIIb-O2 sp002686525	10	45	45	0.0	0.0
MGIIb-O2 sp004195525	3	3	3	0.0	0.0
MGIIb-O2 sp902511005	2	1	1	0.0	0.0
MGIIb-O2 sp902514485	2	1	1	100.0	3.0
MGIIb-O3 sp001628485	10	45	45	20.0	0.0
MGIIb-O3 sp001629235	7	21	21	4.761904761904762	0.0
MGIIb-O3 sp001629255	6	15	15	6.666666666666667	0.0
MGIIb-O3 sp002172185	2	1	1	0.0	0.0
MGIIb-O3 sp002457145	3	3	3	0.0	0.0
MGIIb-O3 sp002496485	2	1	1	0.0	0.0
MGIIb-O3 sp002503285	11	55	55	0.0	0.0
MGIIb-O3 sp002506755	2	1	1	0.0	0.0
MGIIb-O3 sp002716085	2	1	1	0.0	0.0
MGIIb-O3 sp002722735	4	6	6	0.0	0.0
MGIIb-O3 sp002725315	5	10	10	10.0	0.0
MGIIb-O3 sp003602515	2	1	1	0.0	0.0
MGIIb-O3 sp004195615	3	3	3	0.0	0.0
MGIIb-O5 sp002496725	2	1	1	0.0	0.0
MGIIb-O5 sp002497985	2	1	1	0.0	0.0
MGIIb-O5 sp002498925	9	36	36	0.0	0.0
MGIIb-O5 sp002499325	2	1	1	0.0	0.0
MGIIb-O5 sp002499345	4	6	6	0.0	0.0
MGIIb-O5 sp002499865	3	3	3	0.0	0.0
MGIIb-O5 sp002501605	6	15	15	13.333333333333334	0.0
MGIIb-O5 sp002501805	5	10	10	0.0	0.0
MGIIb-O5 sp002502095	6	15	15	0.0	0.0
MGIIb-O5 sp002504435	2	1	1	0.0	0.0
MGIIb-O5 sp002505775	5	10	10	0.0	0.0
MGIIb-O5 sp002506825	3	3	3	0.0	0.0
MGIIb-O5 sp002718995	5	10	10	20.0	0.0
MGIIb-O5 sp002730095	5	10	10	0.0	0.0
MGIIb-P sp002498455	6	15	15	0.0	0.0
MGIIb-P sp002505685	2	1	1	0.0	0.0
MGIIb-P sp002724815	2	1	1	0.0	1.0
MGIIb-Q1 sp002685895	3	3	3	0.0	0.0
MGIIb-Q1 sp002727675	2	1	1	0.0	0.0
MGIIb-Q1 sp012964335	8	28	28	0.0	0.0
MH13 sp017642935	5	10	10	0.0	0.0
MHLP01 sp001819095	2	1	1	0.0	0.0
MHLP01 sp001821395	2	1	1	0.0	0.0
MHLP01 sp001821435	2	1	1	0.0	0.0
ML8-F1 sp018399635	2	1	1	100.0	14.0
MMGLQ5-1 sp013155265	4	6	6	0.0	0.0
MNVX01 sp001872185	3	3	3	33.333333333333336	0.0
MP8T-1 sp002825465	2	1	1	0.0	0.0
MP8T-1 sp016839275	2	1	1	0.0	1.0
MP8T-1 sp018238205	2	1	1	100.0	6.0
MP8T-1 sp018238825	2	1	1	100.0	5.0
MPNP01 sp009842205	5	10	10	30.0	1.0
MPNP01 sp011523445	3	3	3	0.0	0.0
MR-S7 sp000400995	2	1	1	100.0	10.0
MS024-2A sp000173095	16	120	120	4.166666666666667	0.0
MS024-2A sp002167525	2	1	1	0.0	0.0
MS024-2A sp002292265	6	15	15	6.666666666666667	0.0
MS024-2A sp002384715	2	1	1	0.0	0.0
MS024-2A sp002457295	3	3	3	0.0	0.0
MS024-2A sp008081175	6	15	15	6.666666666666667	0.0
MS024-2A sp017851655	3	3	3	0.0	0.0
MS024-2A sp017852075	3	3	3	0.0	0.0
MS024-2A sp018699935	2	1	1	0.0	0.0
MS024-2A sp902618245	3	3	3	0.0	0.0
MS024-2A sp905480425	2	1	1	0.0	1.0
MSPOR6 sp009839975	2	1	1	100.0	3.0
MTP4 sp000970045	2	1	1	100.0	2.0
MVCY01 sp002049985	3	3	3	0.0	0.0
MVQI01 sp002067795	2	1	1	0.0	0.0
MVQK01 sp002067395	2	1	1	100.0	2.0
MVYY01 sp002068215	5	10	10	0.0	0.0
MVYY01 sp012517575	3	3	3	0.0	0.0
MVZN01 sp002069125	2	1	1	0.0	1.0
MW101C3 sp002252635	2	1	1	100.0	4.0
MWBV01 sp002069705	2	1	1	0.0	0.0
MWDD01 sp002070375	2	1	1	0.0	0.0
MWDT01 sp002070825	3	3	3	33.333333333333336	0.0
MWDV01 sp002070715	2	1	1	0.0	1.0
MWEH01 sp002070965	2	1	1	0.0	0.0
MWEI01 sp002071045	2	1	1	0.0	0.0
MWEM01 sp002071085	3	3	3	66.66666666666667	6.0
MWEM01 sp012744415	2	1	1	0.0	0.0
MWEV01 sp002071245	4	6	6	0.0	0.0
MWFE01 sp002071445	9	36	36	25.0	0.0
MWFF01 sp002071485	3	3	3	66.66666666666667	6.0
MWH-TA3 sp009703545	2	1	1	0.0	0.0
MWH-TA3 sp903940225	7	21	21	0.0	0.0
MX-02 sp006954405	4	6	6	0.0	0.0
MYbin3 sp002753335	2	1	1	100.0	2.0
Macellibacteroides fermentans	4	6	6	100.0	5.0
Macellibacteroides sp018054455	5	10	10	0.0	0.0
Macondimonas diazotrophica	6	15	15	0.0	0.0
Macrococcus hajekii	2	1	1	0.0	0.0
Macrococcus sp002438305	2	1	1	0.0	1.0
Macrococcus_B bohemicus	4	6	6	33.333333333333336	0.0
Macrococcus_B canis	13	78	78	17.94871794871795	0.0
Macrococcus_B caseolyticus	52	1326	1326	47.43589743589744	1.0
Macrococcus_B goetzii	0	0	0	0	
Mageeibacillus indolicus	3	3	3	33.333333333333336	1.0
Magnetaquicoccus sp002753095	3	3	3	100.0	5.0
Magnetaquicoccus sp002753135	2	1	1	0.0	1.0
Magnetobacterium casensis	3	3	3	100.0	6.0
Magnetobacterium sp002753395	2	1	1	100.0	20.0
Magnetobacterium sp002753685	4	6	6	100.0	9.0
Magnetobacterium sp015233725	2	1	1	100.0	3.0
Magnetomorum sp002753725	2	1	1	0.0	0.0
Magnetospirillum gryphiswaldense	3	3	3	66.66666666666667	28.0
Magnetospirillum moscoviense	3	3	3	100.0	12.0
Magnetospirillum sp001898825	2	1	1	100.0	10.0
Magnetospirillum sp006218045	2	1	1	0.0	1.0
Magnetospirillum sp903941095	2	1	1	0.0	1.0
Mailhella excrementigallinarum	5	10	10	100.0	14.5
Mailhella merdigallinarum	5	10	10	80.0	2.0
Mailhella sp003512875	3	3	3	100.0	7.0
Mailhella sp017408905	2	1	1	100.0	3.0
Mailhella sp902783285	3	3	3	0.0	1.0
Malaciobacter halophilus	2	1	1	0.0	0.0
Malaciobacter marinus	12	66	66	13.636363636363637	0.0
Malaciobacter molluscorum	3	3	3	66.66666666666667	3.0
Malaciobacter mytili	3	3	3	33.333333333333336	1.0
Malacoplasma iowae	3	3	3	0.0	0.0
Malacoplasma penetrans	2	1	1	0.0	0.0
Malacoplasma_A girerdii	2	1	1	100.0	2.0
Malacoplasma_A sp002372615	2	1	1	0.0	0.0
Malacoplasma_A sp900316595	3	3	3	0.0	0.0
Malacoplasma_A sp902782585	2	1	1	0.0	0.0
Malacoplasma_A sp902791895	3	3	3	0.0	0.0
Malacoplasma_A sp902800015	4	6	6	0.0	0.0
Malikia spinosa	3	3	3	100.0	21.0
Mameliella alba	12	66	66	71.21212121212122	3.0
Mammaliicoccus fleurettii	9	36	36	30.555555555555557	1.0
Mammaliicoccus lentus	20	190	190	27.894736842105264	0.0
Mammaliicoccus sciuri	107	5671	5671	26.908834420737083	1.0
Mammaliicoccus stepanovicii	3	3	3	0.0	0.0
Mammaliicoccus vitulinus	19	171	171	35.08771929824562	1.0
Mangrovibacter plantisponsor	2	1	1	100.0	4.0
Mangrovimonas sp001280515	2	1	1	100.0	2.0
Mangrovimonas yunxiaonensis	3	3	3	0.0	0.0
Mangrovimonas_A xylaniphaga	2	1	1	100.0	2.0
Mannheimia granulomatis	5	10	10	10.0	0.0
Mannheimia haemolytica	194	18721	18721	88.04551038940228	8.0
Mannheimia pernigra	5	10	10	100.0	6.0
Mannheimia varigena	7	21	21	9.523809523809524	0.0
Margalitia camelliae	0	0	0	0	
Margalitia shackletonii	2	1	1	100.0	11.0
Maribacter cobaltidurans	2	1	1	100.0	3.0
Maribacter dokdonensis	13	78	78	38.46153846153846	1.0
Maribacter flavus	2	1	1	100.0	5.0
Maribacter hydrothermalis	2	1	1	0.0	1.0
Maribacter litoralis	2	1	1	0.0	
Maribacter sedimenticola	2	1	1	100.0	2.0
Maribacter sp002742365	2	1	1	100.0	4.0
Maribacter sp011050675	2	1	1	0.0	0.0
Maribacter stanieri	2	1	1	0.0	0.0
Maribacter_A polysiphoniae	3	3	3	33.333333333333336	1.0
Maribacter_A sp013001935	3	3	3	0.0	0.0
Maribacter_A sp018679695	2	1	1	0.0	0.0
Maricaulis maris	2	1	1	100.0	3.0
Maricaulis maris_A	3	3	3	100.0	5.0
Maricaulis sp002707795	3	3	3	0.0	1.0
Maricaulis sp017643585	3	3	3	33.333333333333336	1.0
Marichromatium gracile	6	15	15	100.0	5.0
Maridesulfovibrio ferrireducens	2	1	1	100.0	4.0
Maridesulfovibrio hydrothermalis	2	1	1	0.0	1.0
Maridesulfovibrio sp002340305	2	1	1	100.0	6.0
Marihabitans melonis	16	120	120	76.66666666666667	9.0
Marinagarivorans algicola	2	1	1	100.0	2.0
MarineAlpha4-Bin1 sp002937525	2	1	1	0.0	0.0
MarineAlpha5-Bin12 sp002937855	2	1	1	0.0	0.0
MarineAlpha5-Bin3 sp002938255	3	3	3	0.0	0.0
MarineAlpha5-Bin3 sp902577425	2	1	1	0.0	0.0
MarineAlpha5-Bin7 sp002938195	3	3	3	0.0	0.0
MarineAlpha9-Bin2 sp002937675	2	1	1	0.0	0.0
MarineAlpha9-Bin7 sp002937585	7	21	21	19.047619047619047	0.0
Marinibacterium sp003217735	3	3	3	66.66666666666667	3.0
Mariniblastus fucicola	2	1	1	100.0	9.0
Marinicauda algicola	2	1	1	0.0	0.0
Marinicauda pacifica	3	3	3	0.0	0.0
Marinicaulis sp013002535	3	3	3	0.0	0.0
Marinicaulis sp013151435	2	1	1	0.0	0.0
Marinicella litoralis	2	1	1	0.0	0.0
Mariniflexile sp002426835	2	1	1	0.0	0.0
Mariniflexile sp002848895	2	1	1	0.0	1.0
Marinilabilia salmonicolor	2	1	1	100.0	2.0
Marinilabilia salmonicolor_A	2	1	1	100.0	5.0
Marinilactibacillus piezotolerans	2	1	1	100.0	2.0
Marinilactibacillus psychrotolerans	5	10	10	10.0	1.0
Marinimicrobium koreense	5	10	10	70.0	6.0
Marinirhabdus sp002337605	2	1	1	0.0	0.0
Marinirhabdus sp002375495	8	28	28	21.428571428571427	0.0
Marinirhabdus sp002707745	2	1	1	0.0	1.0
Marinisoma atlanticum	4	6	6	83.33333333333333	3.0
Marinisoma sp000402655	4	6	6	0.0	0.0
Marinisoma sp000402755	17	136	136	11.029411764705882	0.0
Marinisoma sp002348725	4	6	6	0.0	0.0
Marinisoma sp002710515	7	21	21	0.0	0.0
Marinisoma sp014240005	2	1	1	0.0	1.0
Marinisoma sp902538565	3	3	3	66.66666666666667	3.0
Marinisoma sp902576865	2	1	1	0.0	1.0
Marinisoma sp902599655	3	3	3	0.0	0.0
Marinisoma sp902629855	5	10	10	20.0	0.5
Marinisubtilis indicus	6	15	15	80.0	4.0
Marinisubtilis pacificus	2	1	1	100.0	5.0
Marinitenerispora sediminis	3	3	3	66.66666666666667	6.0
Marinitoga piezophila	4	6	6	83.33333333333333	7.0
Marinitoga sp001021165	3	3	3	66.66666666666667	3.0
Marinobacter adhaerens	3	3	3	66.66666666666667	2.0
Marinobacter alexandrii	2	1	1	0.0	0.0
Marinobacter aromaticivorans	2	1	1	0.0	0.0
Marinobacter confluentis	2	1	1	0.0	1.0
Marinobacter daepoensis	2	1	1	100.0	3.0
Marinobacter daqiaonensis	2	1	1	0.0	0.0
Marinobacter excellens	2	1	1	0.0	0.0
Marinobacter flavimaris	14	91	91	72.52747252747253	3.0
Marinobacter halophilus	2	1	1	0.0	0.0
Marinobacter hydrocarbonoclasticus	25	300	300	54.333333333333336	2.0
Marinobacter litoralis	2	1	1	0.0	0.0
Marinobacter lutaoensis	6	15	15	20.0	0.0
Marinobacter manganoxydans_A	5	10	10	100.0	8.0
Marinobacter maritimus	2	1	1	0.0	0.0
Marinobacter nitratireducens	3	3	3	0.0	0.0
Marinobacter orientalis	2	1	1	0.0	0.0
Marinobacter persicus	2	1	1	100.0	3.0
Marinobacter persicus_A	3	3	3	0.0	0.0
Marinobacter piscensis	0	0	0	0	
Marinobacter profundi	2	1	1	100.0	3.0
Marinobacter psychrophilus	4	6	6	66.66666666666667	2.5
Marinobacter salarius	20	190	190	56.8421052631579	3.0
Marinobacter salsuginis	12	66	66	74.24242424242425	3.0
Marinobacter shengliensis	7	21	21	71.42857142857143	2.0
Marinobacter sp000686085	2	1	1	0.0	0.0
Marinobacter sp001650915	4	6	6	66.66666666666667	4.0
Marinobacter sp001858325	2	1	1	100.0	8.0
Marinobacter sp002563885	2	1	1	100.0	9.0
Marinobacter sp002726615	3	3	3	66.66666666666667	2.0
Marinobacter sp008795955	2	1	1	0.0	0.0
Marinobacter sp016597815	2	1	1	100.0	5.0
Marinobacter sp018066865	2	1	1	100.0	2.0
Marinobacter sp018402255	2	1	1	0.0	0.0
Marinobacter sp900215155	0	0	0	0	
Marinobacter subterrani	2	1	1	100.0	2.0
Marinobacter vinifirmus	7	21	21	61.904761904761905	2.0
Marinobacter vulgaris	2	1	1	0.0	0.0
Marinobacter_A bohaiensis	2	1	1	0.0	0.0
Marinobacter_A sp002717955	4	6	6	50.0	1.0
Marinobacter_A sp003789045	2	1	1	0.0	0.0
Marinobacterium georgiense	2	1	1	100.0	7.0
Marinobacterium halophilum	2	1	1	100.0	3.0
Marinobacterium litorale	2	1	1	100.0	10.0
Marinobacterium sp000705555	2	1	1	0.0	0.0
Marinobacterium sp013283365	16	120	120	75.83333333333333	3.0
Marinobacterium stanieri	2	1	1	100.0	5.0
Marinococcus halophilus	3	3	3	66.66666666666667	2.0
Marinomonas alcarazii	2	1	1	0.0	0.0
Marinomonas aquimarina	2	1	1	0.0	0.0
Marinomonas arctica	3	3	3	33.333333333333336	1.0
Marinomonas communis	3	3	3	66.66666666666667	5.0
Marinomonas foliarum	2	1	1	0.0	1.0
Marinomonas fungiae	2	1	1	0.0	0.0
Marinomonas gallaica	3	3	3	0.0	0.0
Marinomonas polaris	9	36	36	16.666666666666668	1.0
Marinomonas primoryensis	2	1	1	100.0	12.0
Marinomonas rhizomae	2	1	1	0.0	0.0
Marinomonas sp000017285	2	1	1	100.0	12.0
Marinomonas sp001624705	3	3	3	66.66666666666667	2.0
Marinomonas sp013373235	2	1	1	100.0	6.0
Marinomonas spartinae	2	1	1	100.0	4.0
Marinoscillum sp002729235	4	6	6	66.66666666666667	3.0
Marinovum algicola	2	1	1	100.0	3.0
Mariprofundus erugo	2	1	1	100.0	3.0
Mariprofundus ferrooxydans	4	6	6	50.0	10.0
Mariprofundus sp002791575	4	6	6	33.333333333333336	1.0
Maritalea myrionectae	2	1	1	100.0	6.0
Marithrix sp001723685	6	15	15	60.0	6.0
Maritimibacter alkaliphilus	4	6	6	83.33333333333333	13.5
Maritimibacter sp001626765	2	1	1	100.0	2.0
Maritimibacter sp002695005	2	1	1	0.0	1.0
Marivirga lumbricoides	2	1	1	100.0	9.0
Marivita cryptomonadis	31	465	465	6.666666666666667	0.0
Marivita geojedonensis	2	1	1	0.0	0.0
Marivivens sp001908835	3	3	3	33.333333333333336	0.0
Marixanthomonas sp002360635	4	6	6	50.0	1.5
Marixanthomonas sp002379985	4	6	6	16.666666666666668	0.0
Marortus aliphaticivorans_A	2	1	1	0.0	0.0
Marortus luteolus	2	1	1	100.0	9.0
Martelella mediterranea	4	6	6	83.33333333333333	21.5
Martelella sp001578105	3	3	3	66.66666666666667	9.0
Martelella sp013459645	2	1	1	0.0	0.0
Marvinbryantia formatexigens	2	1	1	100.0	2.0
Marvinbryantia sp014385005	2	1	1	0.0	1.0
Marvinbryantia sp900066075	3	3	3	66.66666666666667	7.0
Marvinbryantia sp900550755	3	3	3	66.66666666666667	2.0
Massilia alkalitolerans	4	6	6	100.0	7.5
Massilia aurea_A	2	1	1	100.0	15.0
Massilia aurea_B	2	1	1	100.0	5.0
Massilia oculi	2	1	1	100.0	4.0
Massilia psychrophila	2	1	1	0.0	0.0
Massilia rubra	3	3	3	100.0	18.0
Massilia sp001412595	2	1	1	100.0	20.0
Massilia sp001426525	3	3	3	33.333333333333336	1.0
Massilia sp001485665	0	0	0	0	
Massilia sp014171595	2	1	1	0.0	0.0
Massilia sp014841595	4	6	6	100.0	6.5
Massilia sp014842025	2	1	1	0.0	1.0
Massilia sp018119395	2	1	1	100.0	8.0
Massilia timonae	7	21	21	90.47619047619048	11.0
Massilibacterium senegalense	0	0	0	0	
Massilicoli timonensis	5	10	10	40.0	0.0
Massilimaliae sp900752435	2	1	1	0.0	1.0
Massilimaliae timonensis	5	10	10	90.0	5.0
Massilioclostridium coli	3	3	3	33.333333333333336	0.0
Massilioclostridium methylpentosum	0	0	0	0	
Massiliomicrobiota merdigallinarum	10	45	45	62.22222222222222	4.0
Massiliomicrobiota sp002160865	4	6	6	50.0	2.5
Massilistercora timonensis	4	6	6	100.0	7.5
Mawsoniella australis	2	1	1	0.0	0.0
MedAcidi-G1 sp000817085	6	15	15	0.0	0.0
MedAcidi-G1 sp002294285	5	10	10	0.0	0.0
MedAcidi-G1 sp002699555	2	1	1	0.0	0.0
MedAcidi-G1 sp002713545	3	3	3	33.333333333333336	1.0
MedAcidi-G1 sp002716285	4	6	6	0.0	0.0
MedAcidi-G1 sp002729765	2	1	1	0.0	0.0
MedAcidi-G1 sp003214465	3	3	3	0.0	0.0
MedAcidi-G2B sp003215175	6	15	15	20.0	0.0
MedAcidi-G2B sp012959995	18	153	153	9.15032679738562	0.0
MedAcidi-G3 sp000817105	11	55	55	3.6363636363636362	0.0
MedAcidi-G3 sp002722565	4	6	6	16.666666666666668	0.5
MedAcidi-G3 sp003445455	2	1	1	0.0	0.0
Mediterraneibacter avicola	2	1	1	0.0	0.0
Mediterraneibacter caccavium	2	1	1	100.0	3.0
Mediterraneibacter caccogallinarum	10	45	45	2.2222222222222223	0.0
Mediterraneibacter colneyensis	2	1	1	0.0	1.0
Mediterraneibacter cottocaccae	2	1	1	100.0	5.0
Mediterraneibacter excrementigallinarum_A	3	3	3	66.66666666666667	2.0
Mediterraneibacter excrementipullorum	8	28	28	60.714285714285715	2.0
Mediterraneibacter faecavium	2	1	1	0.0	1.0
Mediterraneibacter faecigallinarum	4	6	6	0.0	0.0
Mediterraneibacter faecis	29	406	406	77.0935960591133	6.0
Mediterraneibacter intestinavium	2	1	1	0.0	0.0
Mediterraneibacter intestinipullorum	2	1	1	0.0	0.0
Mediterraneibacter lactaris	11	55	55	52.72727272727273	2.0
Mediterraneibacter massiliensis	3	3	3	100.0	5.0
Mediterraneibacter merdavium	2	1	1	0.0	1.0
Mediterraneibacter norwichensis	3	3	3	0.0	0.0
Mediterraneibacter ornithocaccae	3	3	3	66.66666666666667	2.0
Mediterraneibacter pullicola	2	1	1	0.0	0.0
Mediterraneibacter pullistercoris	2	1	1	0.0	0.0
Mediterraneibacter sp014287475	2	1	1	0.0	0.0
Mediterraneibacter sp900541505	2	1	1	0.0	1.0
Mediterraneibacter sp900752395	2	1	1	0.0	0.0
Mediterraneibacter stercoravium	3	3	3	0.0	0.0
Mediterraneibacter stercorigallinarum	2	1	1	100.0	3.0
Mediterraneibacter stercoripullorum	2	1	1	100.0	2.0
Mediterraneibacter surreyensis	3	3	3	0.0	1.0
Mediterraneibacter torques	24	276	276	59.05797101449275	5.0
Mediterraneibacter vanvlietii	3	3	3	33.333333333333336	1.0
Mediterraneibacter_A butyricigenes	2	1	1	100.0	3.0
Megalodesulfovibrio gigas	2	1	1	100.0	3.0
Megamonas funiformis	25	300	300	40.0	2.0
Megamonas gallistercoris	2	1	1	0.0	0.0
Megamonas hypermegale	6	15	15	46.666666666666664	1.0
Megamonas sp900556715	3	3	3	33.333333333333336	0.0
Megasphaera cerevisiae	3	3	3	100.0	6.0
Megasphaera elsdenii	28	378	378	39.15343915343915	1.0
Megasphaera hutchinsoni	5	10	10	70.0	3.0
Megasphaera lornae	4	6	6	33.333333333333336	2.0
Megasphaera massiliensis	7	21	21	71.42857142857143	4.0
Megasphaera sp000417505	11	55	55	52.72727272727273	2.0
Megasphaera sp001546855	9	36	36	5.555555555555555	0.0
Megasphaera sp002319965	4	6	6	50.0	1.5
Megasphaera sp002431345	5	10	10	60.0	2.0
Megasphaera sp900539295	2	1	1	0.0	0.0
Megasphaera sp900540735	2	1	1	0.0	1.0
Megasphaera sp900548635	3	3	3	0.0	0.0
Megasphaera sp900554215	2	1	1	100.0	3.0
Megasphaera sp902388315	3	3	3	33.333333333333336	1.0
Megasphaera stantonii	7	21	21	76.19047619047619	5.0
Meinhardsimonia xiamenensis	2	1	1	0.0	0.0
Meiothermus granaticius	2	1	1	0.0	0.0
Meiothermus hypogaeus	2	1	1	0.0	0.0
Meiothermus luteus	2	1	1	0.0	0.0
Meiothermus ruber	4	6	6	50.0	8.0
Meiothermus taiwanensis	5	10	10	50.0	1.5
Meiothermus_B silvanus	2	1	1	100.0	14.0
Meiothermus_B sp003226535	2	1	1	100.0	13.0
Melaminivora alkalimesophila	2	1	1	100.0	4.0
Melissococcus plutonius	18	153	153	52.287581699346404	2.0
Merdibacter merdavium	4	6	6	83.33333333333333	4.5
Merdibacter merdigallinarum	3	3	3	66.66666666666667	2.0
Merdibacter merdipullorum	4	6	6	66.66666666666667	2.5
Merdibacter sp900759455	2	1	1	0.0	1.0
Merdicola faecigallinarum	2	1	1	0.0	0.0
Merdicola sp001915925	5	10	10	10.0	0.5
Merdicola sp018371855	3	3	3	0.0	0.0
Merdicola sp900552655	4	6	6	16.666666666666668	0.0
Merdicola sp900553015	3	3	3	0.0	0.0
Merdicola sp900555085	3	3	3	66.66666666666667	2.0
Merdicola sp900754085	2	1	1	0.0	0.0
Merdimonas faecis	10	45	45	33.333333333333336	1.0
Merdimonas massiliensis	2	1	1	0.0	0.0
Merdimorpha sp002314265	3	3	3	33.333333333333336	1.0
Merdimorpha sp003150615	8	28	28	89.28571428571429	4.0
Merdimorpha sp017537565	3	3	3	0.0	0.0
Merdimorpha sp017620815	2	1	1	0.0	0.0
Merdiplasma sp902778245	2	1	1	0.0	0.0
Merdisoma faecalis	4	6	6	66.66666666666667	2.5
Merdisoma merdipullorum	2	1	1	0.0	0.0
Merdisoma sp002160825	2	1	1	0.0	0.0
Merdisoma sp009917555	2	1	1	100.0	8.0
Merdisoma sp011959465	3	3	3	66.66666666666667	12.0
Merdisoma sp014290175	2	1	1	0.0	0.0
Merdisoma sp900066385	3	3	3	66.66666666666667	11.0
Merdisoma sp900553635	3	3	3	66.66666666666667	2.0
Merdisoma sp910574255	2	1	1	100.0	7.0
Merdisoma sp910576325	6	15	15	0.0	0.0
Merdivicinus excrementipullorum	4	6	6	0.0	0.0
Merdivicinus faecavium	3	3	3	0.0	0.0
Merdivicinus intestinavium	2	1	1	0.0	0.0
Merdivicinus sp900555435	3	3	3	66.66666666666667	3.0
Merdivivens faecigallinarum	3	3	3	33.333333333333336	1.0
Merdousia gallistercoris	5	10	10	30.0	0.0
Merdousia sp000438015	3	3	3	33.333333333333336	0.0
Merdousia sp001917305	5	10	10	100.0	6.5
Merdousia sp002405555	2	1	1	100.0	3.0
Merdousia sp002437405	4	6	6	66.66666666666667	5.0
Merdousia sp015061945	2	1	1	100.0	3.0
Merdousia sp900545705	3	3	3	0.0	1.0
Merdousia sp900546565	2	1	1	100.0	18.0
Merdousia sp900548275	2	1	1	100.0	6.0
Merdousia sp900760665	3	3	3	66.66666666666667	4.0
Meridianimaribacter flavus	3	3	3	33.333333333333336	1.0
Mesoaciditoga lauensis	2	1	1	100.0	4.0
Mesoaciditoga sp015489955	2	1	1	0.0	0.0
Mesobacillus boroniphilus	2	1	1	0.0	0.0
Mesobacillus sp018613055	2	1	1	0.0	0.0
Mesobacillus sp018613195	2	1	1	100.0	5.0
Mesoflavibacter profundi	3	3	3	0.0	0.0
Mesoflavibacter zeaxanthinifaciens	3	3	3	0.0	1.0
Mesomycoplasma dispar	3	3	3	66.66666666666667	4.0
Mesomycoplasma flocculare	8	28	28	21.428571428571427	0.0
Mesomycoplasma hyopneumoniae	23	253	253	67.58893280632411	2.0
Mesomycoplasma hyorhinis	94	4371	4371	13.47517730496454	0.0
Mesomycoplasma ovipneumoniae	6	15	15	33.333333333333336	1.0
Mesomycoplasma ovipneumoniae_A	8	28	28	10.714285714285714	0.0
Mesomycoplasma sp012516495	0	0	0	0	
Mesonia algae	2	1	1	100.0	28.0
Mesonia mobilis	2	1	1	0.0	0.0
Mesonia oceanica	8	28	28	14.285714285714286	0.0
Mesonia sp012964435	2	1	1	0.0	0.0
Mesoplasma chauliocola	2	1	1	0.0	1.0
Mesoplasma coleopterae	3	3	3	33.333333333333336	0.0
Mesoplasma entomophilum	3	3	3	66.66666666666667	2.0
Mesoplasma florum	10	45	45	2.2222222222222223	0.0
Mesoplasma grammopterae	3	3	3	0.0	0.0
Mesoplasma melaleucae	2	1	1	0.0	0.0
Mesorhizobium amorphae_A	2	1	1	0.0	
Mesorhizobium amorphae_B	2	1	1	0.0	1.0
Mesorhizobium australicum	11	55	55	100.0	7.0
Mesorhizobium caraganae	3	3	3	100.0	22.0
Mesorhizobium ciceri	36	630	630	96.5079365079365	8.0
Mesorhizobium composti	2	1	1	100.0	2.0
Mesorhizobium defluvii	2	1	1	0.0	
Mesorhizobium erdmanii	2	1	1	100.0	7.0
Mesorhizobium helmanticense	2	1	1	100.0	10.0
Mesorhizobium japonicum	23	253	253	75.09881422924902	3.0
Mesorhizobium jarvisii	5	10	10	100.0	8.5
Mesorhizobium loti	3	3	3	100.0	10.0
Mesorhizobium loti_B	2	1	1	0.0	
Mesorhizobium loti_C	2	1	1	100.0	12.0
Mesorhizobium loti_D	4	6	6	83.33333333333333	5.0
Mesorhizobium mediterraneum_A	20	190	190	97.89473684210526	13.0
Mesorhizobium muleiense	57	1596	1596	100.0	37.0
Mesorhizobium norvegicum	2	1	1	100.0	3.0
Mesorhizobium opportunistum	10	45	45	100.0	14.0
Mesorhizobium plurifarium	5	10	10	100.0	10.0
Mesorhizobium silamurunense	2	1	1	100.0	2.0
Mesorhizobium sp000502715	34	561	561	100.0	26.0
Mesorhizobium sp000502875	3	3	3	100.0	24.0
Mesorhizobium sp000513935	7	21	21	95.23809523809524	5.0
Mesorhizobium sp001425625	2	1	1	100.0	10.0
Mesorhizobium sp001427025	2	1	1	0.0	0.0
Mesorhizobium sp001899205	3	3	3	66.66666666666667	2.0
Mesorhizobium sp002294725	2	1	1	100.0	5.0
Mesorhizobium sp002294945	8	28	28	96.42857142857143	10.5
Mesorhizobium sp002294985	62	1891	1891	99.94711792702275	14.0
Mesorhizobium sp002295115	9	36	36	91.66666666666667	6.0
Mesorhizobium sp003952385	7	21	21	80.95238095238095	7.0
Mesorhizobium sp003952425	19	171	171	98.24561403508773	19.0
Mesorhizobium sp003952465	6	15	15	100.0	27.0
Mesorhizobium sp003952485	5	10	10	100.0	26.0
Mesorhizobium sp003952505	11	55	55	100.0	15.0
Mesorhizobium sp003996995	32	496	496	99.79838709677419	12.0
Mesorhizobium sp004010325	4	6	6	100.0	25.0
Mesorhizobium sp004016445	3	3	3	100.0	11.0
Mesorhizobium sp004017275	4	6	6	100.0	25.5
Mesorhizobium sp004017535	7	21	21	100.0	26.0
Mesorhizobium sp004020105	7	21	21	100.0	22.0
Mesorhizobium sp004020315	2	1	1	100.0	19.0
Mesorhizobium sp004020365	8	28	28	100.0	21.5
Mesorhizobium sp004020545	9	36	36	100.0	28.0
Mesorhizobium sp004020645	20	190	190	96.84210526315789	18.0
Mesorhizobium sp004020875	11	55	55	74.54545454545455	3.0
Mesorhizobium sp004022705	18	153	153	52.287581699346404	2.0
Mesorhizobium sp004136315	3	3	3	66.66666666666667	2.0
Mesorhizobium sp004791025	18	153	153	95.42483660130719	14.0
Mesorhizobium sp004791165	21	210	210	96.66666666666667	12.0
Mesorhizobium sp004791255	5	10	10	70.0	3.0
Mesorhizobium sp004791585	24	276	276	83.69565217391305	16.0
Mesorhizobium sp004962245	3	3	3	100.0	14.0
Mesorhizobium sp006439515	0	0	0	0	
Mesorhizobium sp006440675	9	36	36	94.44444444444444	8.5
Mesorhizobium sp006440775	4	6	6	100.0	8.0
Mesorhizobium sp006442685	43	903	903	93.13399778516057	6.0
Mesorhizobium sp006442815	2	1	1	100.0	2.0
Mesorhizobium sp006442965	2	1	1	100.0	14.0
Mesorhizobium sp006658505	5	10	10	100.0	16.5
Mesorhizobium sp007003975	2	1	1	100.0	4.0
Mesorhizobium sp013170805	2	1	1	100.0	2.0
Mesorhizobium sp013170825	3	3	3	100.0	6.0
Mesorhizobium sp016467435	0	0	0	0	
Mesorhizobium sp900472295	3	3	3	100.0	12.0
Mesorhizobium temperatum	3	3	3	100.0	46.0
Mesorhizobium terrae	8	28	28	78.57142857142857	2.0
Mesorhizobium wenxiniae	61	1830	1830	99.94535519125684	28.0
Mesorhizobium_D sp014595955	2	1	1	0.0	0.0
Mesorhizobium_G denitrificans	2	1	1	100.0	2.0
Mesosutterella massiliensis	4	6	6	0.0	0.0
Mesosutterella multiformis	11	55	55	47.27272727272727	1.0
Mesotoga infera_B	9	36	36	38.888888888888886	1.0
Mesotoga prima	6	15	15	73.33333333333333	2.0
Mesotoga sp002305955	7	21	21	23.80952380952381	0.0
Mesotoga sp002752635	15	105	105	85.71428571428571	4.0
Mesotoga sp003228205	5	10	10	40.0	0.5
Mesotoga sp003664995	2	1	1	0.0	1.0
Metabacillus halosaccharovorans	2	1	1	100.0	16.0
Metabacillus litoralis_A	2	1	1	0.0	0.0
Metabacillus litoralis_B	0	0	0	0	
Metabacillus niabensis	0	0	0	0	
Metabacillus sp002871465	2	1	1	100.0	5.0
Metabacillus sp004801455	2	1	1	0.0	0.0
Metabacillus weihaiensis	2	1	1	0.0	0.0
Metalachnospira gallinarum	3	3	3	100.0	3.0
Metalachnospira sp900546215	4	6	6	16.666666666666668	1.0
Metalachnospira sp900548595	5	10	10	10.0	1.0
Metalachnospira sp900553995	4	6	6	66.66666666666667	2.5
Metalachnospira sp902406135	2	1	1	0.0	0.0
Metallibacterium scheffleri	3	3	3	66.66666666666667	7.0
Metallosphaera hakonensis	2	1	1	0.0	0.0
Metallosphaera sedula	9	36	36	0.0	0.0
Metallosphaera yellowstonensis	2	1	1	100.0	3.0
Metalysinibacillus saudimassiliensis	2	1	1	100.0	2.0
Metamycoplasma alkalescens	3	3	3	66.66666666666667	4.0
Metamycoplasma anseris	2	1	1	0.0	0.0
Metamycoplasma arginini	5	10	10	70.0	3.0
Metamycoplasma arthritidis	2	1	1	0.0	0.0
Metamycoplasma cloacale	3	3	3	0.0	0.0
Metamycoplasma hominis	51	1275	1275	24.862745098039216	0.0
Metamycoplasma hyosynoviae	7	21	21	9.523809523809524	0.0
Metamycoplasma salivarium	2	1	1	0.0	0.0
Metamycoplasma sp012934885	2	1	1	0.0	0.0
Metamycoplasma struthionis	2	1	1	0.0	0.0
Metamycoplasma zalophi	2	1	1	0.0	0.0
Metasolibacillus fluoroglycofenilyticus	2	1	1	0.0	1.0
Methanimicrococcus sp017613335	2	1	1	0.0	0.0
Methanobacterium formicicum	8	28	28	50.0	1.5
Methanobacterium sp002496805	5	10	10	30.0	0.0
Methanobacterium subterraneum	10	45	45	17.77777777777778	0.0
Methanobacterium_A sp002067325	3	3	3	0.0	0.0
Methanobacterium_A sp002494495	15	105	105	14.285714285714286	0.0
Methanobacterium_A sp002495625	2	1	1	0.0	0.0
Methanobacterium_A sp003166335	4	6	6	66.66666666666667	2.0
Methanobacterium_B sp000744455	2	1	1	0.0	0.0
Methanobacterium_B sp003158115	5	10	10	50.0	1.5
Methanobacterium_B sp003162115	3	3	3	33.333333333333336	1.0
Methanobacterium_C congolense	2	1	1	0.0	0.0
Methanobacterium_C sp002498385	18	153	153	13.071895424836601	0.0
Methanobacterium_D bryantii	2	1	1	0.0	0.0
Methanobacterium_D veterum	2	1	1	0.0	0.0
Methanobrevibacter olleyae	2	1	1	100.0	2.0
Methanobrevibacter ruminantium_A	2	1	1	0.0	0.0
Methanobrevibacter sp016838945	2	1	1	0.0	0.0
Methanobrevibacter sp900314635	21	210	210	13.333333333333334	0.0
Methanobrevibacter sp900321995	2	1	1	0.0	0.0
Methanobrevibacter sp902784195	7	21	21	0.0	0.0
Methanobrevibacter_A gottschalkii	3	3	3	0.0	1.0
Methanobrevibacter_A millerae_B	2	1	1	0.0	0.0
Methanobrevibacter_A oralis	2	1	1	0.0	
Methanobrevibacter_A smithii	21	210	210	10.0	0.0
Methanobrevibacter_A smithii_A	14	91	91	37.362637362637365	1.0
Methanobrevibacter_A sp017434555	3	3	3	0.0	0.0
Methanobrevibacter_A sp900313645	3	3	3	0.0	0.0
Methanobrevibacter_A sp900314615	2	1	1	0.0	0.0
Methanobrevibacter_A sp900314695	27	351	351	27.35042735042735	0.0
Methanobrevibacter_A sp900316895	2	1	1	0.0	0.0
Methanobrevibacter_A sp900317865	8	28	28	14.285714285714286	0.0
Methanobrevibacter_A sp900318035	2	1	1	0.0	0.0
Methanobrevibacter_A sp900319535	15	105	105	1.9047619047619047	0.0
Methanobrevibacter_A sp900319985	4	6	6	33.333333333333336	0.0
Methanobrevibacter_A sp900320515	10	45	45	4.444444444444445	0.0
Methanobrevibacter_A sp900320955	2	1	1	0.0	0.0
Methanobrevibacter_A sp900766745	2	1	1	0.0	1.0
Methanobrevibacter_A sp900769095	3	3	3	0.0	1.0
Methanobrevibacter_A sp902770715	3	3	3	0.0	0.0
Methanobrevibacter_A sp902785855	2	1	1	0.0	0.0
Methanobrevibacter_A sp902789505	2	1	1	0.0	0.0
Methanobrevibacter_A sp904501935	2	1	1	0.0	0.0
Methanobrevibacter_A thaueri	4	6	6	16.666666666666668	0.0
Methanobrevibacter_A woesei	2	1	1	0.0	0.0
Methanobrevibacter_B boviskoreani	6	15	15	6.666666666666667	0.0
Methanobrevibacter_B sp900314605	11	55	55	16.363636363636363	0.0
Methanobrevibacter_C arboriphilus	2	1	1	0.0	0.0
Methanobrevibacter_C arboriphilus_A	3	3	3	0.0	0.0
Methanocalculus sp003838065	2	1	1	0.0	0.0
Methanocalculus sp003838185	3	3	3	0.0	0.0
Methanocalculus sp9912u	3	3	3	0.0	0.0
Methanocaldococcus jannaschii	2	1	1	0.0	0.0
Methanocaldococcus sp902827205	2	1	1	100.0	19.0
Methanocaldococcus_A villosus	2	1	1	0.0	0.0
Methanocella conradii	2	1	1	100.0	35.0
Methanococcoides methylutens	2	1	1	100.0	3.0
Methanococcoides vulcani	3	3	3	100.0	17.0
Methanococcus maripaludis	20	190	190	56.31578947368421	2.0
Methanococcus maripaludis_A	2	1	1	0.0	0.0
Methanococcus voltae_B	2	1	1	100.0	3.0
Methanocomedens sp009649835	4	6	6	33.333333333333336	1.0
Methanocomedens sp014237145	5	10	10	100.0	7.5
Methanocomedens sp7939u	2	1	1	0.0	1.0
Methanocorpusculum parvum	4	6	6	33.333333333333336	1.0
Methanocorpusculum sp002498375	3	3	3	66.66666666666667	2.0
Methanocorpusculum sp017387505	4	6	6	50.0	2.0
Methanocorpusculum sp017399555	2	1	1	100.0	2.0
Methanocorpusculum sp017408885	4	6	6	66.66666666666667	11.0
Methanoculleus bourgensis	7	21	21	66.66666666666667	7.0
Methanoculleus chikugoensis_A	2	1	1	0.0	0.0
Methanoculleus marisnigri_B	6	15	15	33.333333333333336	1.0
Methanoculleus sp001896715	3	3	3	0.0	0.0
Methanoculleus sp002497965	5	10	10	0.0	0.0
Methanoculleus sp002508705	14	91	91	27.47252747252747	1.0
Methanoculleus sp012797575	2	1	1	0.0	0.0
Methanoculleus sp016841955	2	1	1	0.0	0.0
Methanoculleus sp018433835	3	3	3	100.0	4.0
Methanoculleus thermohydrogenotrophicum	3	3	3	0.0	0.0
Methanoculleus thermophilus	4	6	6	16.666666666666668	1.0
Methanodesulfokores washburnensis	3	3	3	0.0	1.0
Methanofastidiosum sp001587575	3	3	3	33.333333333333336	0.0
Methanofastidiosum sp001587595	5	10	10	50.0	1.5
Methanofastidiosum sp001587675	2	1	1	100.0	2.0
Methanofervidicoccus abyssi	2	1	1	0.0	0.0
Methanofervidicoccus okinawensis_A	2	1	1	0.0	0.0
Methanogranum sp002506905	2	1	1	0.0	0.0
Methanohalophilus euhalobius	10	45	45	48.888888888888886	1.0
Methanohalophilus halophilus	3	3	3	0.0	0.0
Methanohalophilus portucalensis	4	6	6	16.666666666666668	0.0
Methanolinea_A sp002067155	2	1	1	0.0	0.0
Methanolinea_A sp002506105	7	21	21	28.571428571428573	0.0
Methanolinea_A sp018262855	3	3	3	33.333333333333336	0.0
Methanolinea_A sp11423u	3	3	3	66.66666666666667	2.0
Methanoliparum sp8915u	2	1	1	0.0	0.0
Methanolobus sp003565715	2	1	1	0.0	0.0
Methanolobus zinderi	2	1	1	100.0	2.0
Methanomarinus sp002926195	4	6	6	33.333333333333336	1.0
Methanomassiliicoccus luminyensis	2	1	1	0.0	0.0
Methanomassiliicoccus_A intestinalis	5	10	10	50.0	1.5
Methanomethylicus mesodigestum	3	3	3	66.66666666666667	6.0
Methanomethylicus oleusabulum	2	1	1	0.0	0.0
Methanomethylophilus alvus	6	15	15	0.0	0.0
Methanomethylophilus sp001481295	13	78	78	38.46153846153846	1.0
Methanomethylophilus sp001560915	3	3	3	66.66666666666667	2.0
Methanomethylophilus sp902787415	3	3	3	0.0	0.0
Methanomethylovorans hollandica	3	3	3	100.0	2.0
Methanomethylovorans sp001896725	4	6	6	0.0	0.0
Methanomicrobium mobile	2	1	1	100.0	3.0
Methanomicrobium sp017412625	2	1	1	0.0	1.0
Methanonatronarchaeum sp004212035	2	1	1	100.0	3.0
Methanoperedens nitroreducens	2	1	1	100.0	2.0
Methanoperedens sp002487355	4	6	6	50.0	1.0
Methanoperedens sp018899795	2	1	1	100.0	3.0
Methanoplasma termitum	2	1	1	0.0	1.0
Methanopyrus kandleri	2	1	1	0.0	1.0
Methanopyrus sp002201895	2	1	1	0.0	0.0
Methanoregula sp002067035	2	1	1	0.0	0.0
Methanoregula sp002495055	3	3	3	33.333333333333336	1.0
Methanoregula sp002502245	6	15	15	80.0	2.0
Methanoregula sp003154335	4	6	6	0.0	0.0
Methanoregula sp003157895	3	3	3	100.0	3.0
Methanoregula sp903832665	4	6	6	16.666666666666668	0.5
Methanosalsum natronophilum	2	1	1	0.0	0.0
Methanosarcina acetivorans	2	1	1	100.0	3.0
Methanosarcina barkeri	5	10	10	80.0	5.0
Methanosarcina barkeri_B	2	1	1	0.0	0.0
Methanosarcina flavescens	2	1	1	100.0	2.0
Methanosarcina horonobensis	2	1	1	0.0	0.0
Methanosarcina mazei	71	2485	2485	99.35613682092556	17.0
Methanosarcina siciliae	3	3	3	100.0	30.0
Methanosarcina sp000969965	2	1	1	100.0	10.0
Methanosarcina sp000979455	7	21	21	100.0	20.0
Methanosarcina sp001714685	2	1	1	100.0	7.0
Methanosarcina sp002496565	3	3	3	100.0	3.0
Methanosarcina sp002499445	16	120	120	45.0	1.0
Methanosarcina sp002509325	2	1	1	100.0	7.0
Methanosarcina spelaei	2	1	1	100.0	13.0
Methanosarcina thermophila	9	36	36	52.77777777777778	2.0
Methanosarcina vacuolata	2	1	1	100.0	8.0
Methanosphaera cuniculi	2	1	1	0.0	0.0
Methanosphaera sp003268005	3	3	3	0.0	0.0
Methanosphaera sp11921u	5	10	10	0.0	0.0
Methanosphaera sp900322125	4	6	6	0.0	0.5
Methanosphaera stadtmanae	6	15	15	13.333333333333334	0.0
Methanospirillum hungatei	5	10	10	50.0	1.5
Methanospirillum sp012520015	4	6	6	33.333333333333336	0.5
Methanospirillum sp012729995	3	3	3	33.333333333333336	0.0
Methanosuratus petracarbonis_A	2	1	1	0.0	0.0
Methanosuratus subterraneum_A	0	0	0	0	
Methanothermobacter marburgensis	3	3	3	66.66666666666667	4.0
Methanothermobacter thermautotrophicus	7	21	21	9.523809523809524	0.0
Methanothermobacter wolfeii	3	3	3	0.0	0.0
Methanothermobacter_A sp001507955	3	3	3	33.333333333333336	1.0
Methanothermobacter_A sp003584625	2	1	1	0.0	0.0
Methanothermobacter_A tenebrarum	4	6	6	16.666666666666668	0.0
Methanothermococcus thermolithotrophicus	3	3	3	0.0	1.0
Methanothrix soehngenii	11	55	55	49.09090909090909	1.0
Methanothrix sp002067755	3	3	3	66.66666666666667	2.0
Methanothrix sp002256595	2	1	1	0.0	0.0
Methanothrix sp002505805	2	1	1	0.0	1.0
Methanothrix sp011620785	2	1	1	100.0	6.0
Methanothrix sp016706325	4	6	6	66.66666666666667	5.0
Methanothrix sp903871465	9	36	36	36.111111111111114	1.0
Methanothrix_A harundinacea_A	2	1	1	0.0	0.0
Methanothrix_A harundinacea_B	4	6	6	0.0	0.0
Methanothrix_A harundinacea_D	6	15	15	66.66666666666667	2.0
Methanothrix_A harundinacea_E	4	6	6	50.0	2.0
Methanothrix_A sp001602645	8	28	28	42.857142857142854	1.0
Methanothrix_B thermoacetophila	3	3	3	66.66666666666667	4.0
Methermicoccus shengliensis	5	10	10	40.0	0.0
Methylacidiphilum fumariolicum	6	15	15	40.0	1.0
Methylacidiphilum infernorum	2	1	1	0.0	0.0
Methylacidiphilum kamchatkense	2	1	1	0.0	0.0
Methylacidiphilum sp004421255	2	1	1	0.0	0.0
Methylacidithermus pantelleriae	2	1	1	0.0	0.0
Methylibium petroleiphilum	5	10	10	70.0	7.5
Methylobacillus flagellatus	2	1	1	0.0	1.0
Methylobacter whittenburyi	3	3	3	33.333333333333336	12.0
Methylobacter_A sp903832775	13	78	78	41.02564102564103	1.0
Methylobacter_A tundripaludum	9	36	36	100.0	6.0
Methylobacterium ajmalii	5	10	10	90.0	27.0
Methylobacterium brachiatum	4	6	6	100.0	17.5
Methylobacterium bullatum	6	15	15	100.0	25.0
Methylobacterium extorquens	14	91	91	98.9010989010989	12.0
Methylobacterium fujisawaense	10	45	45	95.55555555555556	8.0
Methylobacterium indicum	6	15	15	100.0	12.0
Methylobacterium organophilum	16	120	120	97.5	6.5
Methylobacterium platani	2	1	1	100.0	14.0
Methylobacterium rhodesianum	3	3	3	100.0	11.0
Methylobacterium sp000019365	2	1	1	0.0	
Methylobacterium sp001422375	2	1	1	100.0	18.0
Methylobacterium sp001422815	3	3	3	100.0	9.0
Methylobacterium sp001422985	2	1	1	100.0	17.0
Methylobacterium sp001423085	2	1	1	100.0	8.0
Methylobacterium sp001423265	3	3	3	100.0	17.0
Methylobacterium sp001423295	5	10	10	100.0	10.5
Methylobacterium sp001424705	5	10	10	100.0	16.5
Methylobacterium sp001542815	2	1	1	100.0	11.0
Methylobacterium sp002778835	3	3	3	33.333333333333336	1.0
Methylobacterium sp003111705	0	0	0	0	
Methylobacterium sp003173775	2	1	1	100.0	50.0
Methylobacterium sp003217615	0	0	0	0	
Methylobacterium sp008000895	3	3	3	100.0	17.0
Methylobacterium sp008039875	4	6	6	100.0	35.5
Methylobacterium sp008040045	3	3	3	100.0	15.0
Methylobacterium sp014873335	0	0	0	0	
Methylobacterium sp900103195	2	1	1	100.0	13.0
Methylobacterium sp900112625	8	28	28	75.0	11.0
Methylobacterium thiocyanatum	6	15	15	100.0	11.0
Methylocaldum sp002005105	3	3	3	66.66666666666667	4.0
Methyloceanibacter sp002383105	10	45	45	35.55555555555556	1.0
Methyloceanibacter sp002482645	2	1	1	100.0	2.0
Methyloceanibacter sp003135455	5	10	10	80.0	3.0
Methylocella sp003162995	2	1	1	100.0	8.0
Methylocella tundrae	2	1	1	100.0	13.0
Methylococcus capsulatus	3	3	3	0.0	0.0
Methylocystis hirsuta	2	1	1	100.0	11.0
Methylocystis parvus	2	1	1	0.0	1.0
Methylocystis rosea	4	6	6	100.0	9.5
Methylocystis sp002412985	15	105	105	3.8095238095238093	0.0
Methylocystis sp003134075	6	15	15	100.0	11.0
Methylocystis sp009773555	3	3	3	33.333333333333336	1.0
Methylocystis sp009921565	2	1	1	0.0	0.0
Methylocystis sp011058845	2	1	1	100.0	3.0
Methylocystis sp013350005	2	1	1	100.0	6.0
Methylocystis sp014190435	2	1	1	0.0	0.0
Methylocystis sp015709525	2	1	1	0.0	0.0
Methylocystis sp016869555	2	1	1	0.0	0.0
Methylocystis sp903870245	3	3	3	0.0	0.0
Methylohalobius crimeensis	2	1	1	100.0	2.0
Methylohalobius sp001566965	2	1	1	0.0	0.0
Methylomicrobium agile	2	1	1	0.0	
Methylomirabilis lanthanidiphila	2	1	1	0.0	0.0
Methylomirabilis oxyfera	2	1	1	0.0	0.0
Methylomirabilis sp003104975	2	1	1	0.0	0.0
Methylomirabilis sp016207095	2	1	1	0.0	0.0
Methylomonas koyamae	5	10	10	100.0	7.5
Methylomonas koyamae_A	3	3	3	100.0	6.0
Methylomonas methanica	3	3	3	0.0	1.0
Methylomonas methanica_A	2	1	1	100.0	11.0
Methylomonas paludis	4	6	6	66.66666666666667	2.0
Methylomonas sp000515215	2	1	1	100.0	13.0
Methylomonas sp000702925	4	6	6	100.0	14.0
Methylomonas sp002929135	5	10	10	0.0	0.0
Methylomonas sp903064685	2	1	1	0.0	0.0
Methylomonas sp903064715	2	1	1	0.0	0.0
Methylomonas sp903918375	8	28	28	71.42857142857143	4.5
Methylomonas sp903928965	2	1	1	0.0	0.0
Methylophaga aminisulfidivorans	4	6	6	0.0	0.0
Methylophaga muralis	2	1	1	100.0	2.0
Methylophaga nitratireducenticrescens	2	1	1	0.0	0.0
Methylophaga sp002354555	3	3	3	33.333333333333336	1.0
Methylophaga sp002363955	14	91	91	48.35164835164835	1.0
Methylophaga sp002696735	20	190	190	14.736842105263158	0.0
Methylophaga sp002706095	8	28	28	42.857142857142854	0.0
Methylophaga thiooxydans	3	3	3	33.333333333333336	1.0
Methylophilus medardicus	3	3	3	0.0	0.0
Methylophilus methylotrophus	3	3	3	100.0	4.0
Methylophilus sp000384155	6	15	15	26.666666666666668	0.5
Methylophilus sp000525025	3	3	3	66.66666666666667	2.0
Methylophilus sp001424665	3	3	3	66.66666666666667	2.0
Methylophilus sp002281475	2	1	1	0.0	0.0
Methylophilus sp002414145	2	1	1	0.0	1.0
Methyloprofundus sp012960135	9	36	36	41.666666666666664	1.0
Methylopumilus planktonicus	9	36	36	0.0	0.0
Methylopumilus rimovensis	2	1	1	0.0	0.0
Methylopumilus sp003533095	3	3	3	0.0	1.0
Methylopumilus sp005797835	3	3	3	0.0	0.0
Methylopumilus sp010031285	2	1	1	0.0	0.0
Methylopumilus sp903849185	5	10	10	0.0	0.0
Methylopumilus sp903914945	18	153	153	0.6535947712418301	0.0
Methylopumilus universalis	36	630	630	15.238095238095237	0.0
Methylopumilus_A sp903870165	2	1	1	0.0	1.0
Methylopumilus_A sp903870995	3	3	3	0.0	0.0
Methylopumilus_A sp903899965	12	66	66	3.0303030303030303	0.0
Methylopumilus_A sp903909015	5	10	10	0.0	0.0
Methylopumilus_A sp903953055	22	231	231	5.627705627705628	0.0
Methylosinus sp000685825	4	6	6	100.0	11.0
Methylosinus sporium	5	10	10	100.0	16.5
Methylosinus trichosporium	3	3	3	66.66666666666667	2.0
Methylotenera mobilis_B	5	10	10	40.0	1.0
Methylotenera sp002281815	3	3	3	0.0	0.0
Methylotenera sp005777825	2	1	1	0.0	0.0
Methylotenera sp005791685	2	1	1	0.0	0.0
Methylotenera sp009693255	2	1	1	0.0	0.0
Methylotenera sp013141075	2	1	1	100.0	3.0
Methylotenera sp013141495	2	1	1	0.0	0.0
Methylotenera sp903833595	2	1	1	0.0	0.0
Methylotenera sp903838125	2	1	1	0.0	0.0
Methylotenera sp903860085	3	3	3	0.0	0.0
Methylotenera sp903876765	3	3	3	0.0	0.0
Methylotenera sp903882525	23	253	253	15.41501976284585	0.0
Methylotenera sp903951385	13	78	78	1.2820512820512822	0.0
Methylotenera_A sp002083635	3	3	3	0.0	0.0
Methylotenera_A versatilis_B	2	1	1	0.0	0.0
Methylotuvimicrobium buryatense	2	1	1	100.0	7.0
Methyloumidiphilus alinensis	31	465	465	90.53763440860214	6.0
Methyloumidiphilus sp903859815	4	6	6	100.0	5.0
Methyloumidiphilus sp903911305	3	3	3	66.66666666666667	3.0
Methyloumidiphilus sp903934875	5	10	10	100.0	14.0
Methyloversatilis discipulorum	3	3	3	0.0	0.0
Methyloversatilis discipulorum_A	4	6	6	83.33333333333333	3.0
Methyloversatilis sp017984755	3	3	3	0.0	0.0
Methyloversatilis sp018824085	4	6	6	16.666666666666668	1.0
Methyloversatilis universalis	2	1	1	0.0	1.0
Methylovirgula ligni	2	1	1	0.0	0.0
Methylovorus glucosotrophus	3	3	3	33.333333333333336	1.0
Methylovulum miyakonense	2	1	1	100.0	2.0
Methylovulum psychrotolerans	3	3	3	100.0	113.0
Methylovulum sp903927955	2	1	1	100.0	2.0
Methylovulum sp903928685	8	28	28	92.85714285714286	3.0
Methylovulum sp903944165	16	120	120	6.666666666666667	0.0
Methylovulum sp903945375	10	45	45	35.55555555555556	1.0
Methylovulum sp903945605	2	1	1	0.0	0.0
Mf105b01 sp000509225	2	1	1	100.0	2.0
Mf105b01 sp002695905	2	1	1	100.0	2.0
Mf105b01 sp002715765	5	10	10	50.0	1.5
Micrarchaeum acidiphilum	4	6	6	0.0	0.0
Micrarchaeum_A acidiphilum_A	9	36	36	16.666666666666668	0.0
Microbacterium aerolatum	2	1	1	0.0	0.0
Microbacterium algeriense	3	3	3	66.66666666666667	6.0
Microbacterium amylolyticum	2	1	1	0.0	0.0
Microbacterium arborescens	7	21	21	28.571428571428573	0.0
Microbacterium aurum	3	3	3	0.0	0.0
Microbacterium azadirachtae	5	10	10	70.0	2.0
Microbacterium azadirachtae_A	2	1	1	0.0	0.0
Microbacterium caowuchunii	2	1	1	0.0	0.0
Microbacterium chocolatum	4	6	6	33.333333333333336	5.0
Microbacterium chocolatum_A	0	0	0	0	
Microbacterium enclense	2	1	1	0.0	0.0
Microbacterium endophyticum	3	3	3	0.0	0.0
Microbacterium esteraromaticum_A	2	1	1	100.0	2.0
Microbacterium esteraromaticum_C	5	10	10	50.0	1.5
Microbacterium excoecariae	2	1	1	100.0	2.0
Microbacterium faecale	2	1	1	0.0	0.0
Microbacterium foliorum	2	1	1	0.0	1.0
Microbacterium foliorum_A	3	3	3	0.0	0.0
Microbacterium ginsengisoli	9	36	36	27.77777777777778	0.0
Microbacterium ginsengiterrae	3	3	3	0.0	0.0
Microbacterium halimionae	2	1	1	0.0	0.0
Microbacterium halophytorum	2	1	1	0.0	0.0
Microbacterium hominis	6	15	15	66.66666666666667	2.0
Microbacterium hydrocarbonoxydans	2	1	1	0.0	0.0
Microbacterium hydrocarbonoxydans_A	0	0	0	0	
Microbacterium invictum	2	1	1	0.0	0.0
Microbacterium lacticum	4	6	6	66.66666666666667	5.0
Microbacterium lacus	2	1	1	0.0	0.0
Microbacterium laevaniformans	5	10	10	80.0	2.0
Microbacterium marinum	2	1	1	0.0	1.0
Microbacterium maritypicum	8	28	28	39.285714285714285	0.5
Microbacterium maritypicum_A	11	55	55	54.54545454545455	2.0
Microbacterium oleivorans	4	6	6	16.666666666666668	0.0
Microbacterium oxydans	12	66	66	43.93939393939394	1.0
Microbacterium oxydans_B	3	3	3	66.66666666666667	2.0
Microbacterium paludicola_A	2	1	1	0.0	0.0
Microbacterium paraoxydans	5	10	10	10.0	0.0
Microbacterium profundi	2	1	1	100.0	22.0
Microbacterium saccharophilum	5	10	10	50.0	1.5
Microbacterium saperdae	0	0	0	0	
Microbacterium sediminis	3	3	3	0.0	0.0
Microbacterium sorbitolivorans	2	1	1	0.0	0.0
Microbacterium sp000383475	2	1	1	100.0	2.0
Microbacterium sp000411455	3	3	3	66.66666666666667	2.0
Microbacterium sp000425985	7	21	21	42.857142857142854	1.0
Microbacterium sp000800925	5	10	10	10.0	0.0
Microbacterium sp001423615	2	1	1	0.0	0.0
Microbacterium sp001426925	0	0	0	0	
Microbacterium sp001426995	2	1	1	100.0	3.0
Microbacterium sp001595495	10	45	45	40.0	1.0
Microbacterium sp001639925	3	3	3	33.333333333333336	1.0
Microbacterium sp001724425	2	1	1	0.0	0.0
Microbacterium sp001792815	7	21	21	38.095238095238095	0.0
Microbacterium sp001866135	3	3	3	66.66666666666667	2.0
Microbacterium sp001878835	2	1	1	0.0	0.0
Microbacterium sp001889265	4	6	6	50.0	1.0
Microbacterium sp001897105	5	10	10	60.0	2.0
Microbacterium sp001898315	3	3	3	0.0	0.0
Microbacterium sp001984105	3	3	3	66.66666666666667	2.0
Microbacterium sp002313585	16	120	120	45.0	1.0
Microbacterium sp002456035	3	3	3	66.66666666666667	3.0
Microbacterium sp002812725	2	1	1	100.0	6.0
Microbacterium sp002979655	5	10	10	60.0	2.0
Microbacterium sp003248845	2	1	1	0.0	0.0
Microbacterium sp003289625	2	1	1	0.0	0.0
Microbacterium sp003293595	4	6	6	66.66666666666667	3.5
Microbacterium sp003626735	2	1	1	0.0	0.0
Microbacterium sp004794315	3	3	3	100.0	5.0
Microbacterium sp004794515	2	1	1	100.0	4.0
Microbacterium sp005774735	2	1	1	100.0	2.0
Microbacterium sp007679045	2	1	1	0.0	0.0
Microbacterium sp010634855	2	1	1	0.0	0.0
Microbacterium sp012847295	2	1	1	0.0	0.0
Microbacterium sp017306305	3	3	3	0.0	0.0
Microbacterium sp900098805	9	36	36	41.666666666666664	1.0
Microbacterium sp900102005	2	1	1	0.0	0.0
Microbacterium sp900156435	2	1	1	0.0	0.0
Microbacterium sp900156455	4	6	6	0.0	0.0
Microbacterium sp900163665	2	1	1	0.0	1.0
Microbacterium suaedae	2	1	1	0.0	0.0
Microbacterium terrae	2	1	1	0.0	0.0
Microbacterium testaceum	3	3	3	33.333333333333336	1.0
Microbacterium testaceum_A	3	3	3	0.0	0.0
Microbacterium testaceum_B	4	6	6	83.33333333333333	3.0
Microbacterium testaceum_E	2	1	1	0.0	0.0
Microbacterium ulmi	2	1	1	100.0	2.0
Microbacterium ureisolvens	2	1	1	0.0	1.0
Microbacterium wangchenii	3	3	3	33.333333333333336	0.0
Microbacterium_A agarici	2	1	1	0.0	0.0
Microbacterium_A chengjingii	2	1	1	100.0	3.0
Microbacterium_A fandaimingii	2	1	1	0.0	0.0
Microbispora aerata	0	0	0	0	
Microbispora amethystogenes	2	1	1	100.0	15.0
Microbispora bryophytorum	4	6	6	83.33333333333333	5.5
Microbispora catharanthi	3	3	3	100.0	35.0
Microbispora corallina	2	1	1	0.0	
Microbispora hainanensis	4	6	6	83.33333333333333	6.0
Microbispora rosea	3	3	3	66.66666666666667	11.0
Microbispora siamensis	3	3	3	100.0	31.0
Microbispora sp014161445	2	1	1	100.0	9.0
Microbispora triticiradicis	7	21	21	100.0	15.0
Microbulbifer flavimaris	2	1	1	0.0	0.0
Microbulbifer harenosus	2	1	1	0.0	0.0
Microbulbifer hydrolyticus	2	1	1	0.0	0.0
Microbulbifer thermotolerans	2	1	1	100.0	6.0
Microcella putealis	2	1	1	0.0	0.0
Micrococcus cohnii	0	0	0	0	
Micrococcus endophyticus	0	0	0	0	
Micrococcus flavus	3	3	3	33.333333333333336	0.0
Micrococcus luteus	120	7140	7140	78.38935574229691	5.0
Micrococcus lylae	5	10	10	20.0	0.5
Microcoleus sp003003725	2	1	1	100.0	11.0
Microcoleus sp004292745	6	15	15	53.333333333333336	2.0
Microcoleus sp004292955	14	91	91	60.43956043956044	2.0
Microcoleus sp004293365	5	10	10	0.0	0.0
Microcoleus sp004294385	2	1	1	0.0	0.0
Microcoleus sp012034575	4	6	6	100.0	25.0
Microcoleus sp012035135	2	1	1	100.0	12.0
Microcoleus sp014695175	0	0	0	0	
Microcoleus sp015207505	3	3	3	100.0	23.0
Microcystis aeruginosa	17	136	136	86.76470588235294	35.0
Microcystis aeruginosa_C	15	105	105	87.61904761904762	37.0
Microcystis aeruginosa_D	4	6	6	83.33333333333333	23.0
Microcystis aeruginosa_E	2	1	1	100.0	8.0
Microcystis aeruginosa_H	5	10	10	100.0	45.0
Microcystis novacekii	3	3	3	66.66666666666667	14.0
Microcystis panniformis	39	741	741	80.70175438596492	21.0
Microcystis panniformis_A	10	45	45	60.0	16.0
Microcystis sp000297435	9	36	36	75.0	15.0
Microcystis sp002282935	36	630	630	90.0	7.0
Microcystis viridis	6	15	15	66.66666666666667	2.0
Microcystis wesenbergii	19	171	171	93.5672514619883	12.0
Micromonospora andamanensis	3	3	3	100.0	10.0
Micromonospora arenicola	47	1081	1081	31.729879740980575	7.0
Micromonospora aurantiaca	15	105	105	92.38095238095238	8.0
Micromonospora carbonacea	2	1	1	100.0	16.0
Micromonospora chaiyaphumensis	3	3	3	66.66666666666667	10.0
Micromonospora chalcea	16	120	120	95.0	9.0
Micromonospora chersina	2	1	1	100.0	6.0
Micromonospora chokoriensis	2	1	1	0.0	1.0
Micromonospora craniellae	2	1	1	0.0	1.0
Micromonospora echinaurantiaca	3	3	3	100.0	9.0
Micromonospora echinofusca	2	1	1	100.0	12.0
Micromonospora echinospora	2	1	1	100.0	11.0
Micromonospora endolithica	2	1	1	100.0	3.0
Micromonospora endophytica	3	3	3	100.0	10.0
Micromonospora fenicalii	2	1	1	0.0	
Micromonospora fulviviridis	2	1	1	100.0	20.0
Micromonospora gifhornensis	6	15	15	86.66666666666667	8.0
Micromonospora globispora	2	1	1	100.0	20.0
Micromonospora haikouensis	3	3	3	100.0	16.0
Micromonospora inyonensis	3	3	3	66.66666666666667	7.0
Micromonospora marina	3	3	3	33.333333333333336	10.0
Micromonospora mooreana	3	3	3	100.0	9.0
Micromonospora musae	3	3	3	100.0	18.0
Micromonospora noduli	8	28	28	75.0	3.0
Micromonospora oceanensis	10	45	45	13.333333333333334	6.0
Micromonospora pacifica	16	120	120	36.666666666666664	8.0
Micromonospora parathelypteridis	2	1	1	0.0	0.0
Micromonospora parva	2	1	1	100.0	2.0
Micromonospora phaseoli	3	3	3	33.333333333333336	0.0
Micromonospora profundi	2	1	1	0.0	1.0
Micromonospora purpureochromogenes	4	6	6	100.0	23.5
Micromonospora rifamycinica	2	1	1	0.0	0.0
Micromonospora saelicesensis	6	15	15	80.0	5.0
Micromonospora sediminicola	3	3	3	100.0	7.0
Micromonospora sediminimaris	3	3	3	66.66666666666667	11.0
Micromonospora sp000158815	2	1	1	100.0	33.0
Micromonospora sp003172935	2	1	1	100.0	55.0
Micromonospora sp003667505	2	1	1	100.0	10.0
Micromonospora sp003725545	4	6	6	50.0	1.5
Micromonospora sp004307965	2	1	1	100.0	28.0
Micromonospora sp004345505	2	1	1	100.0	23.0
Micromonospora sp004348325	2	1	1	100.0	10.0
Micromonospora sp010560025	3	3	3	0.0	0.0
Micromonospora tropica	11	55	55	58.18181818181818	5.0
Micromonospora tulbaghiae	5	10	10	90.0	7.0
Micromonospora ureilytica	3	3	3	100.0	8.0
Micromonospora vitiensis	4	6	6	50.0	8.0
Micromonospora wenchangensis	5	10	10	100.0	7.5
Micromonospora yangpuensis	2	1	1	0.0	0.0
Micromonospora zamorensis	6	15	15	60.0	2.0
Micropelagos sp002450335	9	36	36	0.0	0.0
Micropelagos sp002700915	6	15	15	0.0	0.0
Micropelagos thuwalensis	2	1	1	0.0	0.0
Microthrix parvicella	22	231	231	25.10822510822511	0.0
Microthrix sp002473265	7	21	21	90.47619047619048	9.0
Microvirga aerophila	2	1	1	0.0	0.0
Microvirga flocculans	2	1	1	0.0	0.0
Microvirga massiliensis	2	1	1	0.0	0.0
Microvirga sp009910705	2	1	1	0.0	0.0
Microvirgula aerodenitrificans	3	3	3	100.0	7.0
Miniimonas arenae	3	3	3	100.0	16.0
Minwuia thermotolerans	3	3	3	66.66666666666667	5.0
Mitsuaria chitosanitabida	2	1	1	100.0	2.0
Mitsuaria sp900113225	4	6	6	33.333333333333336	0.5
Mitsuokella jalaludinii	10	45	45	66.66666666666667	2.0
Mitsuokella multacida	4	6	6	100.0	5.0
Mitsuokella sp000469545	2	1	1	100.0	3.0
Mitsuokella sp003458855	6	15	15	60.0	3.0
Mitsuokella sp900552565	3	3	3	33.333333333333336	0.0
Mixta calida	20	190	190	46.31578947368421	2.0
Mixta gaviniae	2	1	1	0.0	0.0
Mixta tenebrionis	0	0	0	0	
Moanabacter tarae	2	1	1	0.0	0.0
Mobilicoccus massiliensis	0	0	0	0	
Mobilitalea hemicellulosilytica	2	1	1	0.0	0.0
Mobilitalea hemicellulosilytica_A	2	1	1	0.0	0.0
Mobilitalea luporum	2	1	1	0.0	0.0
Mobiluncus curtisii	18	153	153	72.54901960784314	3.0
Mobiluncus mulieris	20	190	190	76.84210526315789	4.0
Modestobacter caceresii	2	1	1	100.0	6.0
Modestobacter marinus	2	1	1	0.0	0.0
Modestobacter muralis	2	1	1	0.0	0.0
Modestobacter roseus	2	1	1	100.0	2.0
Modestobacter versicolor	2	1	1	100.0	12.0
Moellerella wisconsensis	3	3	3	0.0	1.0
Mogibacterium diversum	11	55	55	16.363636363636363	0.0
Mogibacterium timidum	4	6	6	66.66666666666667	2.5
Monaibacterium sp011290545	2	1	1	100.0	17.0
Monoglobus pectinilyticus	6	15	15	66.66666666666667	3.0
Monoglobus sp900554105	2	1	1	0.0	0.0
Moorea bouillonii	3	3	3	100.0	132.0
Moorea producens	5	10	10	100.0	63.5
Moorea producens_A	2	1	1	100.0	45.0
Moorea sp010692325	3	3	3	100.0	72.0
Moorella humiferrea	2	1	1	0.0	1.0
Moorella sp006538365	2	1	1	100.0	6.0
Moorella stamsii	2	1	1	0.0	1.0
Moorella thermoacetica	15	105	105	57.142857142857146	3.0
Moranella endobia	2	1	1	0.0	0.0
Moraxella bovis	3	3	3	100.0	7.0
Moraxella bovoculi	5	10	10	30.0	0.0
Moraxella canis	4	6	6	16.666666666666668	0.0
Moraxella caprae	2	1	1	0.0	0.0
Moraxella catarrhalis	199	19701	19701	58.179787828029035	2.0
Moraxella catarrhalis_C	5	10	10	0.0	0.0
Moraxella caviae	3	3	3	66.66666666666667	2.0
Moraxella cuniculi	3	3	3	100.0	5.0
Moraxella equi	2	1	1	0.0	0.0
Moraxella lacunata	9	36	36	72.22222222222223	3.5
Moraxella nonliquefaciens	5	10	10	60.0	8.5
Moraxella ovis	8	28	28	96.42857142857143	5.0
Moraxella porci	2	1	1	0.0	1.0
Moraxella_A atlantae	5	10	10	70.0	3.0
Moraxella_A cinereus	40	780	780	46.282051282051285	1.0
Moraxella_A osloensis	8	28	28	28.571428571428573	2.0
Moraxella_A sp002478835	7	21	21	9.523809523809524	0.0
Morganella morganii	161	12880	12880	72.6475155279503	3.0
Morganella morganii_A	19	171	171	67.25146198830409	2.0
Morganella morganii_B	4	6	6	50.0	1.0
Morganella psychrotolerans	3	3	3	66.66666666666667	2.0
Morganella psychrotolerans_B	2	1	1	100.0	3.0
Moritella marina	3	3	3	0.0	0.0
Moritella sp000170855	4	6	6	83.33333333333333	6.0
Moritella sp013215705	2	1	1	100.0	9.0
Moritella sp015082335	0	0	0	0	
Moritella sp018219455	3	3	3	100.0	4.0
Moritella viscosa	8	28	28	92.85714285714286	4.0
Mt11 sp001282665	0	0	0	0	
Mucilaginibacter gossypii	8	28	28	25.0	0.0
Mucilaginibacter gotjawali	2	1	1	0.0	0.0
Mucilaginibacter kameinonensis	2	1	1	100.0	30.0
Mucilaginibacter lappiensis	3	3	3	66.66666666666667	7.0
Mucilaginibacter phyllosphaerae	3	3	3	33.333333333333336	1.0
Mucilaginibacter polytrichastri	2	1	1	0.0	0.0
Mucilaginibacter rubeus	3	3	3	100.0	5.0
Mucilaginibacter sp001898335	3	3	3	33.333333333333336	0.0
Mucilaginibacter sp002403905	3	3	3	66.66666666666667	2.0
Mucilaginibacter sp002413785	4	6	6	50.0	22.5
Mucilaginibacter sp010093045	2	1	1	0.0	0.0
Mucilaginibacter sp013287375	3	3	3	100.0	3.0
Mucilaginibacter sp013288235	3	3	3	100.0	7.0
Mucilaginibacter sp903863845	5	10	10	20.0	1.0
Mucilaginibacter sp903864275	4	6	6	0.0	0.0
Mucilaginibacter sp903866915	2	1	1	0.0	0.0
Mucilaginibacter sp903885865	2	1	1	0.0	1.0
Mucilaginibacter sp903891475	3	3	3	0.0	0.0
Mucilaginibacter sp903893715	2	1	1	100.0	2.0
Mucilaginibacter sp903927645	2	1	1	0.0	1.0
Mucispirillum schaedleri	3	3	3	100.0	7.0
Mumia sp014127285	3	3	3	0.0	0.0
Mumia xiangluensis	0	0	0	0	
Murdochiella massiliensis	0	0	0	0	
Murdochiella vaginalis	2	1	1	0.0	0.0
Muribacter muris	5	10	10	40.0	1.0
Muribaculum arabinoxylanisolvens	3	3	3	0.0	0.0
Muribaculum faecis	8	28	28	32.142857142857146	0.0
Muribaculum gordoncarteri	15	105	105	45.714285714285715	0.0
Muribaculum intestinale	19	171	171	63.1578947368421	2.0
Muribaculum sp001701195	2	1	1	100.0	3.0
Muribaculum sp002473395	8	28	28	32.142857142857146	1.0
Muribaculum sp003150235	6	15	15	100.0	4.0
Muribaculum sp009775095	2	1	1	0.0	0.0
Muricauda brasiliensis	2	1	1	0.0	0.0
Muricauda olearia	2	1	1	0.0	
Muricauda sp001683915	2	1	1	100.0	18.0
Muricauda sp002452975	2	1	1	100.0	2.0
Muricauda sp002699205	2	1	1	0.0	0.0
Muricauda sp002711825	4	6	6	50.0	2.5
Muricauda sp003385855	2	1	1	0.0	0.0
Muricauda sp003584135	2	1	1	0.0	0.0
Muricauda sp003584165	2	1	1	0.0	0.0
Muricauda sp003973595	2	1	1	0.0	0.0
Muricauda sp013407935	8	28	28	46.42857142857143	1.0
Muricauda taeanensis	3	3	3	66.66666666666667	9.0
Muricauda zhangzhouensis	2	1	1	0.0	0.0
Muricauda_A lutaonensis	5	10	10	10.0	0.5
Muricomes contortus_B	7	21	21	61.904761904761905	5.0
Muricomes contortus_C	2	1	1	0.0	0.0
Muricomes fissicatena_A	2	1	1	0.0	
Muricomes intestini	6	15	15	86.66666666666667	2.0
Muricomes oroticus	4	6	6	83.33333333333333	6.0
Muricomes sp000509105	3	3	3	100.0	10.0
Muriicola sp013042255	6	15	15	0.0	0.0
Muriicola sp013042315	2	1	1	0.0	0.0
Muriiphilus fusiformis	0	0	0	0	
Murimonas intestini	0	0	0	0	
Mxb001 sp903848435	3	3	3	66.66666666666667	2.0
Mxb001 sp903909555	4	6	6	66.66666666666667	2.0
Mxb001 sp903954205	14	91	91	57.142857142857146	2.0
Myceligenerans sp014892515	2	1	1	0.0	0.0
Mycetocola saprophilus	3	3	3	0.0	0.0
Mycetocola_A manganoxydans	2	1	1	0.0	0.0
Mycetocola_A zhadangensis	2	1	1	0.0	0.0
Mycetocola_A zhujimingii	2	1	1	0.0	1.0
Mycetocola_B reblochoni	2	1	1	0.0	0.0
Mycetohabitans sp900155955	2	1	1	100.0	19.0
Mycetohabitans tarda	0	0	0	0	
Mycoavidus cysteinexigens	2	1	1	0.0	
Mycobacterium abscessus	1803	1624503	1624503	88.39817470327849	5.0
Mycobacterium agri	2	1	1	100.0	5.0
Mycobacterium aichiense	2	1	1	0.0	0.0
Mycobacterium algericum	4	6	6	16.666666666666668	0.0
Mycobacterium alsense	3	3	3	100.0	5.0
Mycobacterium arupense	5	10	10	90.0	6.0
Mycobacterium asiaticum	5	10	10	90.0	3.5
Mycobacterium asiaticum_C	2	1	1	100.0	6.0
Mycobacterium attenuatum	4	6	6	100.0	14.0
Mycobacterium aubagnense	2	1	1	100.0	3.0
Mycobacterium aurum	2	1	1	100.0	11.0
Mycobacterium austroafricanum	3	3	3	100.0	21.0
Mycobacterium avium	203	20503	20503	87.92859581524655	6.0
Mycobacterium boenickei	3	3	3	66.66666666666667	14.0
Mycobacterium bohemicum	2	1	1	100.0	51.0
Mycobacterium branderi	2	1	1	100.0	6.0
Mycobacterium brisbanense	2	1	1	100.0	3.0
Mycobacterium brumae	3	3	3	0.0	0.0
Mycobacterium canariasense	2	1	1	0.0	0.0
Mycobacterium celatum	2	1	1	0.0	1.0
Mycobacterium celeriflavum	3	3	3	100.0	3.0
Mycobacterium chelonae	72	2556	2556	63.14553990610329	2.0
Mycobacterium chitae	2	1	1	0.0	0.0
Mycobacterium chlorophenolicum	3	3	3	66.66666666666667	5.0
Mycobacterium chubuense	3	3	3	33.333333333333336	1.0
Mycobacterium colombiense	3	3	3	0.0	0.0
Mycobacterium colombiense_B	12	66	66	87.87878787878788	4.0
Mycobacterium confluentis	2	1	1	0.0	1.0
Mycobacterium conspicuum	2	1	1	100.0	4.0
Mycobacterium cosmeticum	2	1	1	0.0	0.0
Mycobacterium diernhoferi	3	3	3	100.0	29.0
Mycobacterium doricum	2	1	1	0.0	0.0
Mycobacterium duvalii	2	1	1	0.0	1.0
Mycobacterium eburneum	2	1	1	100.0	6.0
Mycobacterium elephantis	6	15	15	80.0	3.0
Mycobacterium europaeum	2	1	1	100.0	7.0
Mycobacterium europaeum_A	6	15	15	93.33333333333333	5.0
Mycobacterium fallax	2	1	1	100.0	3.0
Mycobacterium farcinogenes	16	120	120	85.83333333333333	6.0
Mycobacterium flavescens	4	6	6	83.33333333333333	2.5
Mycobacterium florentinum	2	1	1	0.0	0.0
Mycobacterium fluoranthenivorans	4	6	6	50.0	2.0
Mycobacterium fortuitum	28	378	378	94.17989417989418	5.0
Mycobacterium franklinii	11	55	55	76.36363636363636	5.0
Mycobacterium frederiksbergense	2	1	1	0.0	1.0
Mycobacterium gastri	2	1	1	100.0	5.0
Mycobacterium gilvum	3	3	3	100.0	8.0
Mycobacterium goodii	6	15	15	73.33333333333333	2.0
Mycobacterium gordonae	6	15	15	93.33333333333333	18.0
Mycobacterium grossiae	2	1	1	100.0	4.0
Mycobacterium haemophilum	5	10	10	10.0	0.0
Mycobacterium hassiacum	3	3	3	0.0	0.0
Mycobacterium heckeshornense	4	6	6	83.33333333333333	3.0
Mycobacterium heidelbergense	2	1	1	100.0	3.0
Mycobacterium helveticum	2	1	1	100.0	2.0
Mycobacterium heraklionense_A	4	6	6	66.66666666666667	3.0
Mycobacterium hiberniae	3	3	3	33.333333333333336	1.0
Mycobacterium immunogenum	18	153	153	61.43790849673203	2.0
Mycobacterium innocens	3	3	3	66.66666666666667	7.0
Mycobacterium insubricum	2	1	1	0.0	0.0
Mycobacterium intermedium	3	3	3	100.0	15.0
Mycobacterium intracellulare	81	3240	3240	60.401234567901234	2.0
Mycobacterium iranicum	2	1	1	100.0	5.0
Mycobacterium kansasii	35	595	595	98.15126050420169	17.0
Mycobacterium koreense	2	1	1	0.0	0.0
Mycobacterium kubicae	7	21	21	33.333333333333336	0.0
Mycobacterium kumamotonense	4	6	6	100.0	14.5
Mycobacterium kyorinense	3	3	3	100.0	6.0
Mycobacterium lacus	2	1	1	100.0	4.0
Mycobacterium lehmannii	2	1	1	100.0	6.0
Mycobacterium leprae	6	15	15	60.0	3.0
Mycobacterium lepromatosis	0	0	0	0	
Mycobacterium litorale	2	1	1	0.0	0.0
Mycobacterium llatzerense	3	3	3	100.0	6.0
Mycobacterium mageritense	5	10	10	100.0	7.0
Mycobacterium malmoense_B	2	1	1	100.0	25.0
Mycobacterium mantenii	6	15	15	66.66666666666667	3.0
Mycobacterium marinum	36	630	630	90.63492063492063	16.0
Mycobacterium marseillense	6	15	15	53.333333333333336	2.0
Mycobacterium minnesotense	2	1	1	0.0	0.0
Mycobacterium monacense	5	10	10	70.0	6.0
Mycobacterium moriokaense	2	1	1	0.0	1.0
Mycobacterium mucogenicum_B	7	21	21	47.61904761904762	2.0
Mycobacterium nebraskense	4	6	6	83.33333333333333	8.0
Mycobacterium neoaurum	6	15	15	20.0	1.0
Mycobacterium neoaurum_A	7	21	21	42.857142857142854	0.0
Mycobacterium nonchromogenicum	0	0	0	0	
Mycobacterium noviomagense	2	1	1	0.0	1.0
Mycobacterium novocastrense	5	10	10	90.0	4.0
Mycobacterium obuense	4	6	6	83.33333333333333	4.0
Mycobacterium ostraviense	2	1	1	100.0	21.0
Mycobacterium paraense	4	6	6	66.66666666666667	2.0
Mycobacterium parafortuitum	2	1	1	100.0	3.0
Mycobacterium paragordonae	7	21	21	57.142857142857146	3.0
Mycobacterium parascrofulaceum	5	10	10	90.0	7.0
Mycobacterium paraseoulense	2	1	1	0.0	0.0
Mycobacterium parmense	2	1	1	0.0	1.0
Mycobacterium peregrinum	5	10	10	40.0	3.0
Mycobacterium peregrinum_B	2	1	1	100.0	2.0
Mycobacterium persicum	12	66	66	96.96969696969697	22.5
Mycobacterium phlei	10	45	45	62.22222222222222	2.0
Mycobacterium phocaicum	8	28	28	85.71428571428571	8.5
Mycobacterium porcinum	6	15	15	86.66666666666667	4.0
Mycobacterium poriferae	0	0	0	0	
Mycobacterium pseudokansasii	7	21	21	90.47619047619048	8.0
Mycobacterium psychrotolerans	0	0	0	0	
Mycobacterium riyadhense	10	45	45	91.11111111111111	9.0
Mycobacterium salmoniphilum	5	10	10	60.0	2.0
Mycobacterium saopaulense	4	6	6	50.0	2.0
Mycobacterium saskatchewanense	2	1	1	0.0	1.0
Mycobacterium scrofulaceum_C	2	1	1	100.0	13.0
Mycobacterium senuense	2	1	1	0.0	1.0
Mycobacterium septicum	4	6	6	83.33333333333333	8.5
Mycobacterium setense	4	6	6	50.0	5.0
Mycobacterium sherrisii	2	1	1	100.0	2.0
Mycobacterium shigaense	3	3	3	33.333333333333336	1.0
Mycobacterium shimoidei	3	3	3	100.0	5.0
Mycobacterium shinjukuense	2	1	1	100.0	7.0
Mycobacterium simiae	4	6	6	33.333333333333336	3.0
Mycobacterium simulans	2	1	1	100.0	73.0
Mycobacterium sinense_A	3	3	3	33.333333333333336	1.0
Mycobacterium sinense_B	3	3	3	33.333333333333336	1.0
Mycobacterium smegmatis	32	496	496	25.201612903225808	0.0
Mycobacterium sp000455125	3	3	3	33.333333333333336	0.0
Mycobacterium sp000455205	3	3	3	66.66666666666667	7.0
Mycobacterium sp001499855	3	3	3	66.66666666666667	3.0
Mycobacterium sp001644575	2	1	1	0.0	1.0
Mycobacterium sp001665535	2	1	1	100.0	5.0
Mycobacterium sp001665605	2	1	1	0.0	0.0
Mycobacterium sp001666755	3	3	3	100.0	14.0
Mycobacterium sp001666835	3	3	3	100.0	8.0
Mycobacterium sp001667075	3	3	3	66.66666666666667	2.0
Mycobacterium sp001667275	5	10	10	60.0	3.5
Mycobacterium sp001667735	6	15	15	100.0	5.0
Mycobacterium sp001668725	2	1	1	0.0	0.0
Mycobacterium sp001886515	0	0	0	0	
Mycobacterium sp001953975	2	1	1	100.0	6.0
Mycobacterium sp001954195	2	1	1	100.0	2.0
Mycobacterium sp001954275	2	1	1	0.0	1.0
Mycobacterium sp002013375	3	3	3	66.66666666666667	3.0
Mycobacterium sp002013415	2	1	1	100.0	3.0
Mycobacterium sp002013465	6	15	15	26.666666666666668	0.0
Mycobacterium sp002043095	2	1	1	100.0	6.0
Mycobacterium sp002946335	0	0	0	0	
Mycobacterium sp003053865	0	0	0	0	
Mycobacterium sp003165155	10	45	45	95.55555555555556	7.0
Mycobacterium sp004362315	4	6	6	33.333333333333336	0.0
Mycobacterium sp004363795	0	0	0	0	
Mycobacterium sp009729095	6	15	15	33.333333333333336	0.0
Mycobacterium sp009729205	2	1	1	100.0	2.0
Mycobacterium sp009729415	7	21	21	61.904761904761905	2.0
Mycobacterium sp014873705	2	1	1	100.0	3.0
Mycobacterium sp015710575	2	1	1	0.0	0.0
Mycobacterium sp016313185	3	3	3	33.333333333333336	1.0
Mycobacterium sp017312405	2	1	1	0.0	1.0
Mycobacterium sp018326285	0	0	0	0	
Mycobacterium sp019245755	2	1	1	100.0	2.0
Mycobacterium sp900240975	4	6	6	100.0	9.0
Mycobacterium sp903877095	4	6	6	0.0	0.0
Mycobacterium sp903884065	2	1	1	0.0	1.0
Mycobacterium sp903927745	3	3	3	0.0	1.0
Mycobacterium syngnathidarum	3	3	3	100.0	11.0
Mycobacterium terrae	3	3	3	0.0	0.0
Mycobacterium thermoresistibile	3	3	3	66.66666666666667	9.0
Mycobacterium tokaiense	4	6	6	33.333333333333336	1.0
Mycobacterium triplex	2	1	1	0.0	1.0
Mycobacterium tuberculosis	6674	22267801	22267801	39.108895395643245	3.0
Mycobacterium vaccae	3	3	3	0.0	0.0
Mycobacterium wolinskyi	2	1	1	100.0	6.0
Mycobacterium xenopi	5	10	10	80.0	4.5
Mycoplana sp900469965	10	45	45	93.33333333333333	5.0
Mycoplasma capri	26	325	325	14.461538461538462	0.0
Mycoplasma capricolum	27	351	351	7.407407407407407	0.0
Mycoplasma leachii	3	3	3	66.66666666666667	2.0
Mycoplasma mycoides	21	210	210	20.952380952380953	0.0
Mycoplasma putrefaciens	3	3	3	66.66666666666667	2.0
Mycoplasma yeatsii	2	1	1	0.0	0.0
Mycoplasma_L sp904501665	2	1	1	0.0	0.0
Mycoplasmoides gallisepticum	28	378	378	34.12698412698413	1.0
Mycoplasmoides genitalium	3	3	3	0.0	0.0
Mycoplasmoides pirum	2	1	1	0.0	0.0
Mycoplasmoides pneumoniae	183	16653	16653	12.057887467723534	0.0
Mycoplasmopsis agalactiae	5	10	10	30.0	1.0
Mycoplasmopsis bovigenitalium	3	3	3	100.0	4.0
Mycoplasmopsis bovis	180	16110	16110	56.07697082557418	2.0
Mycoplasmopsis californica	7	21	21	28.571428571428573	0.0
Mycoplasmopsis columbina	3	3	3	0.0	0.0
Mycoplasmopsis fermentans	5	10	10	50.0	1.5
Mycoplasmopsis gallinarum	2	1	1	0.0	0.0
Mycoplasmopsis meleagridis	4	6	6	0.0	0.0
Mycoplasmopsis sp013008635	3	3	3	0.0	0.0
Mycoplasmopsis zalophidermidis	2	1	1	0.0	0.0
Mycoplasmopsis_A anatis	3	3	3	0.0	0.0
Mycoplasmopsis_A anserisalpingitidis	2	1	1	0.0	0.0
Mycoplasmopsis_A bovirhinis	3	3	3	100.0	2.0
Mycoplasmopsis_A canis	8	28	28	32.142857142857146	0.0
Mycoplasmopsis_A columborale	2	1	1	0.0	1.0
Mycoplasmopsis_A cynos	3	3	3	0.0	0.0
Mycoplasmopsis_A felis	2	1	1	0.0	0.0
Mycoplasmopsis_A gallinaceum	2	1	1	100.0	6.0
Mycoplasmopsis_A gallopavonis	2	1	1	0.0	0.0
Mycoplasmopsis_A glycophilum	2	1	1	0.0	0.0
Mycoplasmopsis_A nasistruthionis	2	1	1	0.0	0.0
Mycoplasmopsis_A pullorum	11	55	55	5.454545454545454	0.0
Mycoplasmopsis_A sp018913965	3	3	3	0.0	1.0
Mycoplasmopsis_A synoviae	10	45	45	28.88888888888889	0.0
Mycoplasmopsis_B agassizii	2	1	1	0.0	0.0
Mycoplasmopsis_B pulmonis	2	1	1	0.0	0.0
Mycoplasmopsis_B testudinea	2	1	1	0.0	0.0
Myxococcus eversor	2	1	1	100.0	11.0
Myxococcus fulvus	4	6	6	83.33333333333333	5.5
Myxococcus macrosporus	2	1	1	100.0	7.0
Myxococcus sp010998615	9	36	36	75.0	3.0
Myxococcus sp013336725	5	10	10	90.0	6.0
Myxococcus sp013372585	2	1	1	100.0	4.0
Myxococcus sp014656495	0	0	0	0	
Myxococcus virescens	4	6	6	83.33333333333333	14.0
Myxococcus xanthus	10	45	45	62.22222222222222	2.0
Myxococcus xanthus_A	5	10	10	90.0	7.0
Myxococcus xanthus_B	2	1	1	0.0	1.0
N074bin48 sp004356685	2	1	1	0.0	0.0
N075bin58 sp004356825	3	3	3	33.333333333333336	1.0
NAK19 sp003327455	0	0	0	0	
NBD-18 sp003003055	10	45	45	55.55555555555556	2.0
NBD-18 sp003507735	2	1	1	0.0	1.0
NBD-18 sp903821335	5	10	10	40.0	1.0
NBD-18 sp903894155	4	6	6	83.33333333333333	5.0
NBD-18 sp903958565	5	10	10	60.0	2.0
NBLH01 sp016937695	2	1	1	0.0	0.0
NBLK01 sp016937865	2	1	1	0.0	0.0
NBML01 sp013792075	3	3	3	0.0	0.0
NICIL-2 sp002898675	2	1	1	0.0	1.0
NIES-981 sp007135755	2	1	1	0.0	0.0
NIES-981 sp014280235	2	1	1	100.0	39.0
NIES-981 sp018400215	2	1	1	100.0	3.0
NIOZ-UU13 sp014384025	2	1	1	0.0	1.0
NK4A136 sp000421045	5	10	10	10.0	0.0
NK4A136 sp000687675	4	6	6	83.33333333333333	5.5
NK4A136 sp002373855	2	1	1	0.0	0.0
NK4A136 sp002393955	2	1	1	100.0	3.0
NK4A136 sp002478505	2	1	1	100.0	13.0
NK4A136 sp015057055	2	1	1	0.0	1.0
NK4A136 sp017508825	2	1	1	0.0	1.0
NK4A136 sp017634975	2	1	1	100.0	13.0
NK4A136 sp017635395	2	1	1	0.0	0.0
NK4A144 sp000621405	3	3	3	100.0	3.0
NK4A144 sp000746015	2	1	1	0.0	0.0
NK4A144 sp003488445	7	21	21	19.047619047619047	0.0
NK4A144 sp017455525	2	1	1	100.0	10.0
NK4A144 sp017483425	3	3	3	66.66666666666667	2.0
NK4A144 sp017633935	2	1	1	0.0	0.0
NK4A144 sp017634315	2	1	1	0.0	0.0
NK4A144 sp900114405	2	1	1	100.0	2.0
NK4A144 sp902779445	2	1	1	0.0	0.0
NK4A144 sp902782655	2	1	1	0.0	0.0
NM07-P-09 sp004793665	6	15	15	46.666666666666664	1.0
NM07-P-09 sp004793925	2	1	1	0.0	0.0
NML-160184 sp002250475	2	1	1	100.0	3.0
NORP36 sp004566295	2	1	1	0.0	0.0
NP-4 sp005882295	2	1	1	0.0	1.0
NPL-UPA2 sp003574845	2	1	1	0.0	0.0
NSJ-32 sp014384895	2	1	1	100.0	4.0
NSJ-50 sp014385105	2	1	1	100.0	3.0
NSJ-51 sp900549795	3	3	3	33.333333333333336	1.0
NSJ-61 sp003433845	11	55	55	72.72727272727273	3.0
NSJ-63 sp014384805	3	3	3	66.66666666666667	2.0
NZ13-MG1 sp011363045	0	0	0	0	
NZ13-MG1 sp011364235	0	0	0	0	
NZNC01 sp002692965	3	3	3	0.0	1.0
Naiadarchaeum limnaeum	2	1	1	0.0	0.0
Naka2016 sp003731655	2	1	1	100.0	4.0
Nakamurella sp001897425	2	1	1	0.0	0.0
Nannocystis exedens	2	1	1	100.0	19.0
Nannocystis sp016714285	2	1	1	100.0	13.0
Nanoclepta minutus	2	1	1	0.0	0.0
Nanogingivalis sp010014525	2	1	1	0.0	0.0
Nanogingivalis sp015257795	3	3	3	33.333333333333336	0.0
Nanogingivalis sp017992395	3	3	3	0.0	0.0
Nanogingivalis sp900555945	2	1	1	0.0	0.0
Nanopelagicus sp000294575	2	1	1	0.0	
Nanopelagicus sp001437855	12	66	66	0.0	0.0
Nanopelagicus sp005793655	2	1	1	0.0	0.0
Nanopelagicus sp009698515	6	15	15	0.0	0.0
Nanopelagicus sp009700155	3	3	3	0.0	0.0
Nanopelagicus sp009705675	2	1	1	0.0	0.0
Nanopelagicus sp010030895	8	28	28	10.714285714285714	0.0
Nanopelagicus sp903897475	6	15	15	0.0	0.0
Nanoperiomorbus sp002313515	2	1	1	0.0	0.0
Nanopusillus stetteri_A	2	1	1	0.0	0.0
Nanosynbacter lyticus	2	1	1	0.0	0.0
Nanosynbacter sp005697215	4	6	6	0.0	0.0
Nanosynbacter sp007845355	5	10	10	60.0	2.5
Nanosynbacter sp010202645	2	1	1	0.0	0.0
Nanosynbacter sp013100825	2	1	1	0.0	0.0
Nanosynbacter sp900557595	2	1	1	0.0	1.0
Nanosynbacter sp905370345	2	1	1	0.0	0.0
Nanosyncoccus alces	2	1	1	0.0	0.0
Nanosyncoccus sp003979185	2	1	1	0.0	0.0
Nanosyncoccus sp013332965	6	15	15	20.0	0.0
Nanosyncoccus sp017404515	2	1	1	0.0	0.0
Nanosyncoccus sp017404935	2	1	1	0.0	1.0
Nanosyncoccus sp017460045	2	1	1	0.0	0.0
Nanosyncoccus sp017510805	2	1	1	0.0	1.0
Nanosyncoccus sp017512045	2	1	1	0.0	0.0
Nanosyncoccus sp902761145	2	1	1	0.0	1.0
Nardonella dryophthoridicola	2	1	1	0.0	0.0
Natrarchaeobaculum sulfurireducens	2	1	1	100.0	15.0
Natrarchaeobius swarupiae	2	1	1	100.0	18.0
Natrialba magadii	2	1	1	100.0	11.0
Natrinema altunense	4	6	6	66.66666666666667	8.5
Natrinema ejinorense	2	1	1	100.0	3.0
Natrinema gari	3	3	3	66.66666666666667	6.0
Natrinema hispanicum_A	2	1	1	100.0	5.0
Natrinema pallidum	2	1	1	100.0	8.0
Natrinema pellirubrum	2	1	1	100.0	9.0
Natrinema salifodinae	2	1	1	0.0	0.0
Natrinema thermotolerans	2	1	1	100.0	17.0
Natronobacterium gregoryi	4	6	6	66.66666666666667	2.0
Natronococcus jeotgali	2	1	1	100.0	10.0
Natronococcus sp003559215	4	6	6	0.0	0.0
Natronoflexus saponilacus	2	1	1	0.0	0.0
Natronogracilivirgula saccharolytica	5	10	10	10.0	0.0
Natronolimnobius baerhuensis	2	1	1	0.0	0.0
Natronomonas sp007122455	2	1	1	0.0	1.0
Natronoplasma halalkaliphilum	2	1	1	0.0	0.0
Natronoplasma sp018334835	2	1	1	0.0	1.0
Natronorubrum bangense	3	3	3	33.333333333333336	1.0
Natronorubrum daqingense	2	1	1	0.0	0.0
Natronorubrum sp003670115	2	1	1	100.0	17.0
Natronorubrum tibetense	2	1	1	0.0	0.0
Necropsobacter massiliensis_B	2	1	1	0.0	0.0
Negativibacillus faecipullorum	7	21	21	42.857142857142854	1.0
Negativibacillus massiliensis	5	10	10	0.0	0.0
Negativibacillus sp000435195	5	10	10	70.0	2.0
Negativibacillus sp017439985	2	1	1	0.0	0.0
Negativibacillus sp900547015	2	1	1	0.0	0.0
Negativicoccus massiliensis	2	1	1	0.0	1.0
Negativicoccus sp900556745	2	1	1	0.0	0.0
Negativicoccus succinicivorans	6	15	15	0.0	0.0
Neiella marina	2	1	1	0.0	0.0
Neisseria animalis	3	3	3	33.333333333333336	1.0
Neisseria animaloris	5	10	10	40.0	0.0
Neisseria bacilliformis	4	6	6	33.333333333333336	7.0
Neisseria bergeri	5	10	10	60.0	11.0
Neisseria brasiliensis	4	6	6	83.33333333333333	5.5
Neisseria canis	2	1	1	100.0	4.0
Neisseria cerebrosa	4	6	6	0.0	
Neisseria chenwenguii	2	1	1	100.0	9.0
Neisseria cinerea	8	28	28	42.857142857142854	1.0
Neisseria denitrificans	2	1	1	0.0	1.0
Neisseria dentiae	3	3	3	66.66666666666667	4.0
Neisseria dumasiana	4	6	6	100.0	4.5
Neisseria elongata	20	190	190	80.0	8.0
Neisseria flavescens	6	15	15	80.0	5.0
Neisseria flavescens_A	4	6	6	16.666666666666668	3.0
Neisseria flavescens_B	4	6	6	50.0	3.0
Neisseria flavescens_C	2	1	1	0.0	
Neisseria gonorrhoeae	786	308505	308505	61.67614787442667	3.0
Neisseria lactamica	35	595	595	85.21008403361344	6.0
Neisseria macacae	0	0	0	0	
Neisseria meningitidis	1540	1185030	1185030	92.0113414850257	9.0
Neisseria mucosa	9	36	36	25.0	1.0
Neisseria mucosa_A	15	105	105	30.476190476190474	3.0
Neisseria musculi	3	3	3	33.333333333333336	1.0
Neisseria perflava	4	6	6	66.66666666666667	2.5
Neisseria polysaccharea	7	21	21	90.47619047619048	8.0
Neisseria sicca	2	1	1	100.0	13.0
Neisseria sicca_A	3	3	3	33.333333333333336	9.0
Neisseria sicca_B	3	3	3	33.333333333333336	4.0
Neisseria sicca_C	3	3	3	33.333333333333336	5.0
Neisseria sicca_D	5	10	10	60.0	9.0
Neisseria sp000090875	3	3	3	0.0	1.0
Neisseria sp000186165	17	136	136	12.5	0.0
Neisseria sp000227275	3	3	3	33.333333333333336	3.0
Neisseria sp000952795	3	3	3	33.333333333333336	34.0
Neisseria sp001815675	2	1	1	100.0	9.0
Neisseria sp002237445	2	1	1	0.0	
Neisseria sp002327085	3	3	3	66.66666666666667	5.0
Neisseria sp011038745	4	6	6	33.333333333333336	1.0
Neisseria subflava	9	36	36	22.22222222222222	1.0
Neisseria subflava_A	14	91	91	14.285714285714286	2.0
Neisseria subflava_C	23	253	253	12.648221343873518	3.0
Neisseria suis	3	3	3	66.66666666666667	2.0
Neisseria wadsworthii	3	3	3	100.0	7.0
Neisseria weaveri	8	28	28	53.57142857142857	2.0
Neisseria zoodegmatis	3	3	3	66.66666666666667	7.0
Neoanaerotignum_B galli	2	1	1	0.0	0.0
Neoasaia chiangmaiensis	2	1	1	0.0	0.0
Neobacillus drentensis	2	1	1	0.0	
Neobacillus jeddahensis	2	1	1	0.0	
Neobacillus mesonae	2	1	1	0.0	0.0
Neobacillus novalis	2	1	1	0.0	
Neobacillus rubiinfantis	0	0	0	0	
Neobacillus soli	2	1	1	0.0	0.0
Neobacillus sp002272245	0	0	0	0	
Neobacillus sp002559145	2	1	1	100.0	5.0
Neobacillus sp002585305	3	3	3	100.0	13.0
Neobacillus sp011250555	2	1	1	0.0	1.0
Neobacillus sp018343535	0	0	0	0	
Neobacillus sp018613065	5	10	10	90.0	26.5
Neobacillus sp900177675	2	1	1	100.0	9.0
Neobacillus thermocopriae	2	1	1	0.0	1.0
Neobacillus vireti	2	1	1	100.0	3.0
Neobittarella massiliensis	4	6	6	83.33333333333333	6.0
Neochlamydia sp000813665	3	3	3	100.0	15.0
Neochlamydia sp001897225	2	1	1	0.0	0.0
Neochlamydia sp011087585	3	3	3	100.0	10.0
Neoehrlichia mikurensis	3	3	3	0.0	0.0
Neofamilia massiliensis	0	0	0	0	
Neomicrococcus aestuarii	2	1	1	100.0	2.0
Neorhizobium cellulosilyticum	6	15	15	80.0	3.0
Neorhizobium galegae	4	6	6	100.0	28.5
Neorhizobium galegae_B	4	6	6	83.33333333333333	5.0
Neorhizobium galegae_C	4	6	6	33.333333333333336	1.0
Neorhizobium huautlense	5	10	10	100.0	5.5
Neorhizobium petrolearium	2	1	1	100.0	15.0
Neorhizobium soli	13	78	78	96.15384615384616	18.0
Neorhizobium sp001005825	2	1	1	100.0	3.0
Neorhizobium sp002431175	2	1	1	100.0	18.0
Neorhizobium sp900469445	4	6	6	100.0	13.5
Neorhizobium sp900471605	3	3	3	100.0	5.0
Neorhizobium sp900472395	2	1	1	100.0	5.0
Neorhizobium tomejilense	9	36	36	97.22222222222223	21.5
Neorhizobium wenxiniae	3	3	3	66.66666666666667	6.0
Neorickettsia findlayensis	2	1	1	0.0	0.0
Neptuniibacter pectenicola	2	1	1	0.0	0.0
Neptuniibacter sp002435145	3	3	3	0.0	1.0
Neptunomonas antarctica	2	1	1	0.0	1.0
Neptunomonas concharum	2	1	1	0.0	0.0
Neptunomonas marina	2	1	1	100.0	2.0
Neptunomonas phycophila	4	6	6	50.0	1.0
Neptunomonas qingdaonensis	2	1	1	0.0	0.0
Nereida ignava	3	3	3	0.0	0.0
Nesterenkonia alkaliphila	2	1	1	0.0	0.0
Nesterenkonia aurantiaca	2	1	1	100.0	6.0
Nesterenkonia haasae	2	1	1	0.0	0.0
Nesterenkonia massiliensis	0	0	0	0	
Nesterenkonia sandarakina	3	3	3	33.333333333333336	1.0
Nesterenkonia sp017347085	2	1	1	0.0	1.0
Nevskia sp903822975	2	1	1	0.0	0.0
Niallia circulans	7	21	21	76.19047619047619	3.0
Niallia circulans_A	7	21	21	66.66666666666667	2.0
Niallia sp001076885	4	6	6	33.333333333333336	1.0
Niallia sp900199695	3	3	3	33.333333333333336	1.0
Niallia taxi	3	3	3	100.0	5.0
Niameybacter stercoravium	8	28	28	32.142857142857146	1.0
Niastella koreensis	2	1	1	0.0	0.0
Niastella yeongjuensis	2	1	1	100.0	2.0
Nigerium massiliense	0	0	0	0	
Nioella sediminis	0	0	0	0	
Nitratidesulfovibrio vulgaris	5	10	10	100.0	3.5
Nitratifractor sp015486995	3	3	3	33.333333333333336	1.0
Nitratireductor aquibiodomus	3	3	3	66.66666666666667	3.0
Nitratireductor aquimarinus	7	21	21	71.42857142857143	5.0
Nitratireductor indicus	2	1	1	100.0	2.0
Nitratireductor_D sp003015025	2	1	1	100.0	6.0
Nitratiruptor tergarcus	3	3	3	66.66666666666667	5.0
Nitrincola alkalisediminis	2	1	1	0.0	0.0
Nitrobacter sp001897285	2	1	1	0.0	0.0
Nitromaritima sp002731985	3	3	3	0.0	0.0
Nitromaritima sp003451695	2	1	1	0.0	0.0
Nitromaritima sp018647025	3	3	3	0.0	0.0
Nitromaritima sp018697205	2	1	1	0.0	0.0
Nitrosarchaeum koreense	2	1	1	100.0	2.0
Nitrosarchaeum limnae	2	1	1	100.0	2.0
Nitrosarchaeum sp002737445	5	10	10	10.0	0.0
Nitrosarchaeum sp003569705	2	1	1	100.0	2.0
Nitrosarchaeum sp004297665	5	10	10	0.0	0.0
Nitrosarchaeum sp005798405	4	6	6	0.0	0.0
Nitrosocaldus cavascurensis	4	6	6	50.0	1.5
Nitrosocaldus sp013538805	3	3	3	0.0	1.0
Nitrosococcus oceani	4	6	6	33.333333333333336	0.5
Nitrosocosmicus hydrocola	2	1	1	100.0	2.0
Nitrosocosmicus sp008389435	2	1	1	100.0	2.0
Nitrosocosmicus sp016782225	2	1	1	100.0	2.0
Nitrosocosmicus sp016782315	3	3	3	66.66666666666667	2.0
Nitrosomonas aestuarii	2	1	1	100.0	2.0
Nitrosomonas communis	3	3	3	100.0	4.0
Nitrosomonas cryotolerans	2	1	1	0.0	0.0
Nitrosomonas europaea	8	28	28	32.142857142857146	0.5
Nitrosomonas eutropha	6	15	15	60.0	3.0
Nitrosomonas mobilis	2	1	1	100.0	6.0
Nitrosomonas nitrosa	4	6	6	66.66666666666667	4.0
Nitrosomonas oligotropha	0	0	0	0	
Nitrosomonas oligotropha_A	6	15	15	73.33333333333333	8.0
Nitrosomonas sp000175095	2	1	1	100.0	14.0
Nitrosomonas sp003201565	0	0	0	0	
Nitrosomonas sp009833095	2	1	1	0.0	0.0
Nitrosomonas sp015709615	2	1	1	100.0	11.0
Nitrosomonas sp015709635	2	1	1	100.0	10.0
Nitrosomonas sp016710135	2	1	1	100.0	5.0
Nitrosomonas sp017984435	2	1	1	0.0	0.0
Nitrosomonas sp017994575	2	1	1	0.0	0.0
Nitrosomonas sp018240285	2	1	1	100.0	5.0
Nitrosomonas sp900100485	2	1	1	100.0	11.0
Nitrosomonas sp902826115	3	3	3	66.66666666666667	3.0
Nitrosomonas ureae	6	15	15	80.0	5.0
Nitrosopelagicus brevis	7	21	21	9.523809523809524	0.0
Nitrosopelagicus sp000402075	2	1	1	0.0	0.0
Nitrosopelagicus sp000484935	4	6	6	16.666666666666668	0.5
Nitrosopelagicus sp001627235	5	10	10	0.0	0.0
Nitrosopelagicus sp018647405	12	66	66	0.0	0.0
Nitrosopelagicus sp018691945	5	10	10	0.0	0.0
Nitrosopelagicus sp902578515	2	1	1	0.0	0.0
Nitrosopumilus catalinensis	2	1	1	0.0	0.0
Nitrosopumilus koreensis	2	1	1	100.0	2.0
Nitrosopumilus piranensis	2	1	1	0.0	
Nitrosopumilus sp000746765	6	15	15	40.0	1.0
Nitrosopumilus sp001437625	5	10	10	0.0	1.0
Nitrosopumilus sp002506665	2	1	1	0.0	0.0
Nitrosopumilus sp002690535	2	1	1	0.0	1.0
Nitrosopumilus sp002737455	8	28	28	0.0	0.0
Nitrosopumilus sp003702495	3	3	3	0.0	0.0
Nitrosopumilus sp003724285	2	1	1	100.0	2.0
Nitrosopumilus sp003724325	2	1	1	100.0	2.0
Nitrosopumilus sp007571135	2	1	1	0.0	0.0
Nitrosopumilus sp013043295	2	1	1	0.0	0.0
Nitrosopumilus sp013390905	10	45	45	20.0	1.0
Nitrosopumilus sp014075315	3	3	3	33.333333333333336	0.0
Nitrosopumilus sp014384555	3	3	3	0.0	0.0
Nitrosopumilus sp018657375	5	10	10	0.0	0.0
Nitrosopumilus sp018668425	3	3	3	0.0	0.0
Nitrosopumilus sp018674605	12	66	66	1.5151515151515151	0.0
Nitrosopumilus sp905612485	2	1	1	0.0	0.0
Nitrosopumilus sp905616385	3	3	3	0.0	0.0
Nitrososphaera sp002501845	8	28	28	7.142857142857143	0.0
Nitrosospira briensis	3	3	3	100.0	5.0
Nitrosospira briensis_A	2	1	1	100.0	4.0
Nitrosospira multiformis	3	3	3	33.333333333333336	1.0
Nitrosospira multiformis_D	3	3	3	33.333333333333336	1.0
Nitrosospira multiformis_E	3	3	3	100.0	6.0
Nitrosospira sp001899235	2	1	1	0.0	0.0
Nitrosospira sp003053905	2	1	1	0.0	0.0
Nitrosospira sp900110495	0	0	0	0	
Nitrosospira sp900142705	2	1	1	100.0	2.0
Nitrosotalea sp001917995	5	10	10	0.0	0.0
Nitrosotalea sp001920395	2	1	1	0.0	0.0
Nitrosotalea sp013288545	2	1	1	0.0	1.0
Nitrosotenuis sp002499525	6	15	15	0.0	0.0
Nitrosotenuis sp010028495	12	66	66	78.78787878787878	3.0
Nitrosotenuis uzonensis	2	1	1	100.0	2.0
Nitrospira_A defluvii_A	2	1	1	0.0	0.0
Nitrospira_A sp001567445	6	15	15	53.333333333333336	2.0
Nitrospira_A sp003456605	2	1	1	100.0	3.0
Nitrospira_A sp009594855	6	15	15	13.333333333333334	0.0
Nitrospira_A sp014055465	2	1	1	0.0	0.0
Nitrospira_A sp900170025	19	171	171	66.66666666666667	3.0
Nitrospira_D sp002435325	2	1	1	0.0	0.0
Nitrospira_D sp002869855	2	1	1	100.0	67.0
Nitrospira_F nitrosa	2	1	1	100.0	6.0
Nitrospira_F sp002083565	2	1	1	100.0	14.0
Nitrospira_F sp002254365	8	28	28	85.71428571428571	5.0
Nitrospira_F sp002420115	3	3	3	66.66666666666667	2.0
Nitrospira_F sp005116965	2	1	1	100.0	31.0
Nitrospira_F sp015904055	3	3	3	100.0	179.0
Nitrospira_F sp015904075	2	1	1	100.0	121.0
Nitrospira_F sp018242765	3	3	3	0.0	0.0
Nitrospira_F sp900696515	4	6	6	83.33333333333333	32.0
Nitrospira_F sp902500705	2	1	1	0.0	0.0
Nitrospira_F sp902500745	2	1	1	0.0	0.0
Nitrospirillum amazonense	4	6	6	83.33333333333333	16.5
Nitrotoga sp002470125	23	253	253	0.0	0.0
Nitrotoga sp016721605	2	1	1	100.0	14.0
Niveibacterium microcysteis	2	1	1	100.0	18.0
Niveibacterium umoris	2	1	1	0.0	0.0
Niveispirillum cyanobacteriorum	2	1	1	100.0	4.0
Niveispirillum sp900188385	2	1	1	0.0	0.0
Nocardia abscessus	5	10	10	100.0	9.0
Nocardia africana	2	1	1	100.0	2.0
Nocardia alba	2	1	1	0.0	0.0
Nocardia amikacinitolerans	2	1	1	100.0	12.0
Nocardia aobensis	3	3	3	33.333333333333336	1.0
Nocardia arizonensis	2	1	1	100.0	7.0
Nocardia asteroides	5	10	10	40.0	0.0
Nocardia aurea	2	1	1	100.0	13.0
Nocardia beijingensis	2	1	1	100.0	8.0
Nocardia brasiliensis	3	3	3	0.0	0.0
Nocardia brasiliensis_A	3	3	3	100.0	2.0
Nocardia brasiliensis_B	2	1	1	100.0	2.0
Nocardia caishijiensis	2	1	1	0.0	0.0
Nocardia carnea	2	1	1	100.0	2.0
Nocardia cerradoensis	3	3	3	66.66666666666667	5.0
Nocardia coubleae	2	1	1	0.0	1.0
Nocardia cyriacigeorgica	19	171	171	95.90643274853801	9.0
Nocardia cyriacigeorgica_B	5	10	10	100.0	12.0
Nocardia cyriacigeorgica_C	2	1	1	100.0	30.0
Nocardia cyriacigeorgica_D	3	3	3	66.66666666666667	6.0
Nocardia cyriacigeorgica_E	4	6	6	83.33333333333333	3.0
Nocardia donostiensis	3	3	3	66.66666666666667	3.0
Nocardia elegans	3	3	3	66.66666666666667	6.0
Nocardia farcinica	42	861	861	86.41114982578397	5.0
Nocardia flavorosea	2	1	1	100.0	2.0
Nocardia gamkensis	3	3	3	0.0	0.0
Nocardia ignorata	2	1	1	0.0	0.0
Nocardia jinanensis	3	3	3	0.0	0.0
Nocardia mexicana	2	1	1	0.0	0.0
Nocardia neocaledoniensis	2	1	1	0.0	0.0
Nocardia ninae	2	1	1	100.0	13.0
Nocardia nova	12	66	66	95.45454545454545	6.0
Nocardia nova_B	2	1	1	100.0	2.0
Nocardia otitidiscaviarum	8	28	28	78.57142857142857	6.5
Nocardia pseudobrasiliensis	2	1	1	0.0	0.0
Nocardia puris	4	6	6	66.66666666666667	4.0
Nocardia rhamnosiphila	3	3	3	0.0	0.0
Nocardia salmonicida	5	10	10	90.0	9.5
Nocardia seriolae	20	190	190	30.526315789473685	0.0
Nocardia sp009829295	4	6	6	83.33333333333333	6.5
Nocardia sp009829325	2	1	1	100.0	15.0
Nocardia speluncae	2	1	1	0.0	0.0
Nocardia suismassiliense	2	1	1	100.0	22.0
Nocardia tenerifensis	2	1	1	0.0	1.0
Nocardia terpenica	9	36	36	50.0	17.5
Nocardia transvalensis	2	1	1	0.0	0.0
Nocardia uniformis	2	1	1	0.0	0.0
Nocardia vermiculata	2	1	1	0.0	0.0
Nocardia veterana	2	1	1	0.0	1.0
Nocardia vulneris	2	1	1	0.0	0.0
Nocardioides albus	2	1	1	0.0	0.0
Nocardioides allogilvus	2	1	1	0.0	
Nocardioides alpinus	2	1	1	0.0	0.0
Nocardioides aromaticivorans	3	3	3	33.333333333333336	1.0
Nocardioides cavernae	2	1	1	0.0	0.0
Nocardioides daphniae	2	1	1	0.0	0.0
Nocardioides deserti	2	1	1	0.0	0.0
Nocardioides dongxiaopingii	2	1	1	0.0	1.0
Nocardioides ganghwensis	2	1	1	0.0	0.0
Nocardioides ginsengisegetis	2	1	1	100.0	5.0
Nocardioides houyundeii	3	3	3	66.66666666666667	4.0
Nocardioides kribbensis	3	3	3	33.333333333333336	1.0
Nocardioides lianchengensis	2	1	1	100.0	2.0
Nocardioides marinisabuli	2	1	1	0.0	0.0
Nocardioides marinus	3	3	3	33.333333333333336	1.0
Nocardioides psychrotolerans	2	1	1	0.0	0.0
Nocardioides salarius	3	3	3	0.0	0.0
Nocardioides simplex	4	6	6	50.0	1.0
Nocardioides soli	2	1	1	100.0	6.0
Nocardioides sp000015265	2	1	1	0.0	0.0
Nocardioides sp000192415	2	1	1	0.0	
Nocardioides sp000519005	2	1	1	100.0	7.0
Nocardioides sp001425175	2	1	1	100.0	2.0
Nocardioides sp001426745	3	3	3	100.0	6.0
Nocardioides sp001427795	2	1	1	0.0	0.0
Nocardioides sp001428825	2	1	1	0.0	0.0
Nocardioides sp001627335	12	66	66	90.9090909090909	13.0
Nocardioides sp002117935	2	1	1	0.0	0.0
Nocardioides sp003710085	2	1	1	0.0	1.0
Nocardioides sp004014875	2	1	1	0.0	0.0
Nocardioides sp006007965	2	1	1	0.0	0.0
Nocardioides sp009557055	2	1	1	0.0	0.0
Nocardioides sp009780515	2	1	1	0.0	0.0
Nocardioides sp011420305	2	1	1	100.0	5.0
Nocardioides sp013177455	4	6	6	66.66666666666667	2.5
Nocardioides sp013624415	2	1	1	100.0	4.0
Nocardioides sp013778305	2	1	1	0.0	0.0
Nocardioides sp014127485	2	1	1	100.0	2.0
Nocardioides sp014265965	2	1	1	0.0	0.0
Nocardioides sp015024225	2	1	1	100.0	3.0
Nocardioides sp017916455	2	1	1	100.0	6.0
Nocardioides sp018388425	3	3	3	66.66666666666667	8.0
Nocardioides szechwanensis	2	1	1	0.0	0.0
Nocardioides terrigena	2	1	1	100.0	7.0
Nocardiopsis alba	4	6	6	50.0	1.5
Nocardiopsis alborubida	4	6	6	83.33333333333333	6.0
Nocardiopsis dassonvillei	11	55	55	78.18181818181819	10.0
Nocardiopsis kunsanensis	2	1	1	100.0	6.0
Nocardiopsis prasina	4	6	6	100.0	4.0
Nocardiopsis sinuspersici	4	6	6	50.0	5.0
Nocardiopsis sp009830945	3	3	3	100.0	3.0
Nocardiopsis terrae	2	1	1	100.0	2.0
Nocardiopsis_A halophila	2	1	1	0.0	1.0
Nocardiopsis_C gilva	2	1	1	0.0	1.0
Nodosilinea antarctica	2	1	1	0.0	1.0
Nodosilinea sp003017855	2	1	1	100.0	4.0
Nodosilinea sp003564835	2	1	1	0.0	0.0
Nodosilinea sp007135385	7	21	21	0.0	0.0
Nodosilinea sp014695775	3	3	3	0.0	0.0
Nodosilinea sp014696135	2	1	1	100.0	10.0
Nodosilinea tenue	2	1	1	0.0	1.0
Nodularia sp903911355	7	21	21	38.095238095238095	1.0
Nodularia spumigena	4	6	6	83.33333333333333	18.0
Nonlabens dokdonensis	2	1	1	100.0	4.0
Nonlabens sp018401815	3	3	3	0.0	1.0
Nonlabens tegetincola	5	10	10	50.0	1.0
Nonlabens ulvanivorans	2	1	1	100.0	4.0
Nonlabens ulvanivorans_A	0	0	0	0	
Nonlabens xylanidelens	2	1	1	0.0	0.0
Nonomuraea deserti	2	1	1	100.0	15.0
Nonomuraea longispora	4	6	6	83.33333333333333	19.0
Nonomuraea parvosata	3	3	3	66.66666666666667	31.0
Nonomuraea phyllanthi	2	1	1	100.0	2.0
Nonomuraea pusilla	2	1	1	100.0	7.0
Nonomuraea spiralis	2	1	1	100.0	31.0
Nordella sp005502925	3	3	3	33.333333333333336	1.0
Nosocomiicoccus ampullae_A	4	6	6	0.0	
Nosocomiicoccus massiliensis	0	0	0	0	
Nostoc calcicola	0	0	0	0	
Nostoc commune	2	1	1	0.0	0.0
Nostoc foliaceum_A	3	3	3	100.0	24.0
Nostoc linckia	14	91	91	100.0	17.0
Nostoc muscorum	7	21	21	95.23809523809524	31.0
Nostoc paludosum	2	1	1	100.0	2.0
Nostoc punctiforme_A	3	3	3	100.0	15.0
Nostoc sp002949735	3	3	3	100.0	49.0
Nostoc sp017115105	2	1	1	0.0	0.0
Nostoc sphaeroides	2	1	1	100.0	3.0
Nostoc_B sp014698045	4	6	6	100.0	12.0
Nostoc_B spongiaeforme	2	1	1	100.0	8.0
Notoacmeibacter marinus	3	3	3	66.66666666666667	2.0
Noviherbaspirillum massiliense	0	0	0	0	
Novosphingobium acidiphilum	13	78	78	35.8974358974359	1.0
Novosphingobium aerophilum	2	1	1	100.0	7.0
Novosphingobium aromaticivorans	2	1	1	0.0	0.0
Novosphingobium capsulatum	20	190	190	53.1578947368421	4.0
Novosphingobium fluoreni	0	0	0	0	
Novosphingobium indicum	2	1	1	100.0	3.0
Novosphingobium marinum	2	1	1	0.0	1.0
Novosphingobium mathurense	2	1	1	100.0	4.0
Novosphingobium nitrogenifigens	2	1	1	100.0	3.0
Novosphingobium panipatense	3	3	3	100.0	4.0
Novosphingobium pentaromativorans	4	6	6	100.0	15.5
Novosphingobium resinovorum	4	6	6	100.0	18.0
Novosphingobium sp000813185	2	1	1	0.0	
Novosphingobium sp001298105	3	3	3	100.0	7.0
Novosphingobium sp001898925	3	3	3	33.333333333333336	1.0
Novosphingobium sp002256985	3	3	3	0.0	0.0
Novosphingobium sp002336885	4	6	6	50.0	2.0
Novosphingobium sp003454795	3	3	3	66.66666666666667	2.0
Novosphingobium sp004342985	2	1	1	100.0	7.0
Novosphingobium sp004364785	0	0	0	0	
Novosphingobium sp006874585	2	1	1	100.0	10.0
Novosphingobium sp013791705	2	1	1	0.0	0.0
Novosphingobium sp014200275	4	6	6	83.33333333333333	2.0
Novosphingobium sp016719755	2	1	1	100.0	9.0
Novosphingobium sp017987575	2	1	1	0.0	0.0
Novosphingobium sp018334165	2	1	1	0.0	0.0
Novosphingobium sp900117425	3	3	3	66.66666666666667	6.0
Novosphingobium sp902706195	2	1	1	0.0	0.0
Novosphingobium sp903832325	4	6	6	50.0	1.0
Novosphingobium sp903834285	2	1	1	0.0	0.0
Novosphingobium subterraneum	4	6	6	100.0	5.0
Novosphingobium taihuense	2	1	1	0.0	1.0
Novosphingopyxis sp002683755	3	3	3	100.0	9.0
Numidum massiliense	0	0	0	0	
Nyctobacter psychrophilus	3	3	3	0.0	0.0
O-77 sp001548395	2	1	1	100.0	26.0
O-77 sp013177315	3	3	3	100.0	37.0
O2-01-FULL-39-8 sp001789355	2	1	1	0.0	0.0
O2-01-FULL-48-27b sp001824915	2	1	1	0.0	0.0
O2-02-FULL-42-17 sp001786095	2	1	1	0.0	0.0
O2-02-FULL-42-9 sp001801405	2	1	1	0.0	0.0
O2-02-FULL-48-8 sp001777575	3	3	3	0.0	0.0
O2-12-FULL-27-8 sp001796155	2	1	1	0.0	1.0
O2-12-FULL-42-9 sp001777665	7	21	21	0.0	0.0
O2-12-FULL-44-13 sp001817765	2	1	1	0.0	0.0
O2-12-FULL-45-9 sp001823215	3	3	3	66.66666666666667	2.0
O2-12-FULL-45-9-A sp001771365	3	3	3	0.0	0.0
O2-FULL-52-10 sp001805645	2	1	1	100.0	3.0
OB1-4 sp011333985	0	0	0	0	
OLB10 sp001567275	4	6	6	83.33333333333333	3.0
OLB10 sp002455375	5	10	10	70.0	2.0
OLB10 sp016699635	4	6	6	0.0	0.0
OLB11 sp013414745	2	1	1	100.0	3.0
OLB11 sp016711825	7	21	21	100.0	6.0
OLB11 sp016712665	3	3	3	33.333333333333336	1.0
OLB11 sp903875055	3	3	3	66.66666666666667	2.0
OLB13 sp001567485	9	36	36	30.555555555555557	0.5
OLB14 sp002343775	7	21	21	71.42857142857143	4.0
OLB14 sp002345215	3	3	3	100.0	3.0
OLB14 sp008363285	2	1	1	0.0	0.0
OLB14 sp016703605	2	1	1	0.0	0.0
OLB14 sp016709305	2	1	1	100.0	43.0
OLB14 sp016715195	3	3	3	100.0	8.0
OLB14 sp016718275	3	3	3	100.0	16.0
OLB14 sp016721315	3	3	3	66.66666666666667	8.0
OLB14 sp017985935	2	1	1	0.0	0.0
OLB14 sp900696595	4	6	6	66.66666666666667	4.5
OLB14 sp903914955	2	1	1	100.0	3.0
OLB15 sp016717205	3	3	3	100.0	50.0
OLB16 sp001567115	6	15	15	60.0	2.0
OLB17 sp002333435	5	10	10	30.0	1.0
OLB17 sp003577445	2	1	1	0.0	0.0
OLB17 sp016713675	3	3	3	66.66666666666667	4.0
OLB17 sp016718135	3	3	3	100.0	4.0
OLB17 sp016720705	6	15	15	73.33333333333333	3.0
OLB17 sp017983495	2	1	1	0.0	0.0
OLB19 sp001781415	3	3	3	0.0	0.0
OLB19 sp002378195	2	1	1	0.0	0.0
OLB19 sp002710785	2	1	1	0.0	0.0
OLB4 sp002050165	5	10	10	30.0	0.0
OLB5 sp002344125	9	36	36	36.111111111111114	1.0
OLB6 sp001567175	9	36	36	41.666666666666664	1.0
OLB7 sp001567195	2	1	1	100.0	18.0
OLB8 sp001567405	9	36	36	30.555555555555557	1.0
OLB8 sp016711705	16	120	120	55.833333333333336	2.0
OLB9 sp016714445	3	3	3	66.66666666666667	4.0
OLB9 sp016714765	3	3	3	100.0	6.0
OLB9 sp016715245	11	55	55	81.81818181818181	8.0
OLB9 sp016717105	9	36	36	77.77777777777777	15.0
OLB9 sp016718205	3	3	3	100.0	7.0
OLB9 sp016722285	2	1	1	100.0	18.0
OM05-12 sp003438995	4	6	6	83.33333333333333	4.0
OMII01 sp903920005	2	1	1	100.0	2.0
OMIW01 sp900299205	2	1	1	0.0	0.0
OMPR01 sp900313015	5	10	10	100.0	17.5
OPU3-GD-OMZ sp001901525	19	171	171	7.60233918128655	0.0
OPU3-GD-OMZ sp012959905	2	1	1	0.0	0.0
OPU3-GD-OMZ sp012965425	6	15	15	6.666666666666667	0.0
OXYB2-FULL-41-6 sp001773215	7	21	21	0.0	0.0
OXYB2-FULL-48-7 sp018816525	2	1	1	0.0	0.0
Oblitimonas alkaliphila	8	28	28	96.42857142857143	4.5
Obscuribacter phosphatis	5	10	10	70.0	2.0
Obscuribacter sp016712465	3	3	3	100.0	25.0
Obscuribacter sp016718315	9	36	36	66.66666666666667	2.0
Occultella sp009708215	2	1	1	0.0	0.0
Oceanibaculum indicum	2	1	1	0.0	0.0
Oceanibaculum sp018823745	4	6	6	16.666666666666668	0.0
Oceanicaulis alexandrii	5	10	10	60.0	2.0
Oceanicaulis sp000152745	7	21	21	33.333333333333336	1.0
Oceanicaulis sp003046365	0	0	0	0	
Oceanicaulis sp007571185	2	1	1	0.0	0.0
Oceanicella actignis	3	3	3	0.0	1.0
Oceanicoccus sp000169075	2	1	1	0.0	1.0
Oceanicola pacificus_A	2	1	1	0.0	0.0
Oceanihabitans sediminis	2	1	1	0.0	0.0
Oceanimonas baumannii	2	1	1	100.0	2.0
Oceanimonas doudoroffii	2	1	1	0.0	0.0
Oceanisphaera arctica	2	1	1	0.0	0.0
Oceanispirochaeta sp003346715	3	3	3	0.0	0.0
Oceanitalea nanhaiensis	2	1	1	0.0	0.0
Oceanitalea sp006349365	2	1	1	100.0	2.0
Oceanithermus desulfurans	5	10	10	10.0	0.0
Oceanithermus sp015494055	2	1	1	0.0	0.0
Oceanivirga salmonicida	2	1	1	0.0	0.0
Oceanobacillus caeni	13	78	78	44.87179487179487	1.0
Oceanobacillus indicireducens	2	1	1	100.0	3.0
Oceanobacillus jeddahense	0	0	0	0	
Oceanobacillus kimchii	3	3	3	33.333333333333336	7.0
Oceanobacillus massiliensis	0	0	0	0	
Oceanobacillus neutriphilus	0	0	0	0	
Oceanobacillus oncorhynchi	3	3	3	33.333333333333336	0.0
Oceanobacillus polygoni	2	1	1	0.0	0.0
Oceanobacillus profundus	4	6	6	50.0	1.0
Oceanobacillus sojae	2	1	1	0.0	0.0
Oceanobacillus zhaokaii	2	1	1	0.0	0.0
Oceanobacter sp002723385	2	1	1	0.0	1.0
Oceanococcus atlanticus	2	1	1	100.0	2.0
Oceanospirillum beijerinckii	2	1	1	0.0	1.0
Oceanospirillum linum	2	1	1	0.0	0.0
Oceanospirillum multiglobuliferum	2	1	1	0.0	0.0
Ochrobactrum anthropi	47	1081	1081	69.84273820536541	4.0
Ochrobactrum cytisi	2	1	1	100.0	11.0
Ochrobactrum intermedium	35	595	595	89.91596638655462	5.0
Ochrobactrum oryzae	3	3	3	100.0	10.0
Ochrobactrum pecoris	3	3	3	0.0	0.0
Ochrobactrum pseudintermedium	6	15	15	100.0	6.0
Ochrobactrum sp003176975	2	1	1	100.0	5.0
Ochrobactrum sp900470195	7	21	21	52.38095238095238	3.0
Ochrobactrum tritici	6	15	15	100.0	7.0
Ochrobactrum_A grignonensis	2	1	1	100.0	7.0
Ochrobactrum_A pituitosa	6	15	15	100.0	6.0
Ochrobactrum_A pseudogrignonensis	28	378	378	87.56613756613757	4.0
Ochrobactrum_A quorumnocens	4	6	6	83.33333333333333	3.5
Ochrobactrum_B haematophila	2	1	1	0.0	1.0
Ochrobactrum_B sp900465685	3	3	3	0.0	1.0
Ochrobactrum_B teleogrylli	5	10	10	100.0	13.5
Ochrobactrum_C daejeonensis	2	1	1	0.0	0.0
Octadecabacter arcticus	2	1	1	100.0	7.0
Octadecabacter sp017886375	2	1	1	0.0	0.0
Octadecabacter sp018608045	2	1	1	0.0	1.0
Octadecabacter temperatus	2	1	1	0.0	0.0
Odoribacter laneus	5	10	10	10.0	0.0
Odoribacter massiliensis	4	6	6	33.333333333333336	4.0
Odoribacter sp009935865	3	3	3	100.0	3.0
Odoribacter sp900541415	2	1	1	0.0	0.0
Odoribacter sp900544025	4	6	6	50.0	1.0
Odoribacter sp900548135	2	1	1	0.0	0.0
Odoribacter splanchnicus	49	1176	1176	81.54761904761905	7.0
Oecophyllibacter saccharovorans	3	3	3	66.66666666666667	2.0
Oenococcus kitaharae	5	10	10	10.0	0.0
Oenococcus oeni	236	27730	27730	19.141723764875586	0.0
Oenococcus sicerae	2	1	1	0.0	0.0
Oerskovia enterophila	4	6	6	100.0	6.0
Oerskovia paurometabola	2	1	1	100.0	3.0
Oerskovia sp005937995	2	1	1	100.0	15.0
Oerskovia turbata	4	6	6	50.0	51.0
Oharaeibacter diazotrophicus	3	3	3	0.0	0.0
Okeania hirsuta	10	45	45	100.0	35.0
Olegusella massiliensis	3	3	3	33.333333333333336	0.0
Olegusella sp002407925	17	136	136	2.2058823529411766	0.0
Olegusella sp900314685	10	45	45	24.444444444444443	1.0
Olegusella sp900315165	7	21	21	38.095238095238095	1.0
Oleiagrimonas citrea	2	1	1	100.0	3.0
Oleiagrimonas soli	2	1	1	0.0	0.0
Oleibacter marinus	2	1	1	100.0	2.0
Oleibacter sp002298335	5	10	10	60.0	3.0
Oleibacter sp002331105	7	21	21	42.857142857142854	1.0
Oleibacter sp002724925	5	10	10	30.0	0.0
Oleibacter sp002733645	2	1	1	100.0	13.0
Oleidesulfovibrio alaskensis	4	6	6	66.66666666666667	2.0
Oleispira antarctica	3	3	3	66.66666666666667	2.0
Oleispira sp002708475	2	1	1	0.0	0.0
Oligella ureolytica	5	10	10	30.0	1.0
Oligella urethralis	13	78	78	44.87179487179487	2.0
Oliverpabstia faecicola	5	10	10	60.0	3.5
Oliverpabstia intestinalis	9	36	36	55.55555555555556	4.5
Oliverpabstia sp000432335	5	10	10	60.0	4.0
Oliverpabstia sp002361775	3	3	3	0.0	1.0
Oliverpabstia sp009929525	2	1	1	0.0	0.0
Olleya marilimosa	3	3	3	33.333333333333336	0.0
Olleya namhaensis	2	1	1	100.0	3.0
Olleya sediminilitoris	2	1	1	0.0	0.0
Olleya sp002323495	2	1	1	0.0	0.0
Olsenella uli	5	10	10	10.0	0.0
Olsenella_F massiliensis	2	1	1	0.0	
Olsenella_F sp001189515	2	1	1	100.0	8.0
Olsenella_F sp900316105	3	3	3	0.0	0.0
Olsenella_H porci	6	15	15	26.666666666666668	0.0
Olsenella_H sp905214865	2	1	1	0.0	0.0
Olsenella_I phocaeensis	3	3	3	0.0	
Onthocola_A gallistercoris	2	1	1	0.0	0.0
Onthocola_B sp000437355	4	6	6	50.0	1.5
Onthocola_B sp000438075	3	3	3	33.333333333333336	1.0
Onthocola_B sp900544625	5	10	10	10.0	0.0
Onthocola_B sp900546715	2	1	1	0.0	0.0
Onthocola_B sp900551525	4	6	6	16.666666666666668	0.5
Onthocola_B stercoravium	2	1	1	0.0	0.0
Onthocola_B stercorigallinarum	4	6	6	0.0	0.5
Onthomonas sp900314485	9	36	36	0.0	0.0
Onthomonas sp900545815	3	3	3	0.0	0.0
Onthomonas sp900752305	2	1	1	0.0	0.0
Onthomonas sp900758315	2	1	1	0.0	0.0
Onthomorpha sp002358835	8	28	28	42.857142857142854	1.0
Onthomorpha sp002358855	6	15	15	66.66666666666667	3.0
Onthomorpha sp004551865	9	36	36	38.888888888888886	1.0
Onthomorpha sp016296345	2	1	1	100.0	7.0
Onthomorpha sp900545215	2	1	1	100.0	5.0
Onthomorpha sp900546465	2	1	1	100.0	6.0
Onthoplasma faecipullorum	2	1	1	0.0	0.0
Onthousia excrementipullorum	4	6	6	66.66666666666667	3.0
Onthousia faecavium	2	1	1	0.0	0.0
Onthousia faecipullorum	2	1	1	0.0	0.0
Onthousia sp000438295	4	6	6	83.33333333333333	4.0
Onthovicinus excrementipullorum	3	3	3	0.0	1.0
Onthovivens sp002438785	3	3	3	0.0	0.0
Onthovivens sp002451465	6	15	15	0.0	0.0
Onthovivens sp900540365	3	3	3	0.0	0.0
Onthovivens sp900540395	3	3	3	0.0	0.0
Opi-474 sp903825285	12	66	66	6.0606060606060606	0.0
Opi-474 sp903830425	25	300	300	33.0	1.0
Opi-474 sp903839035	8	28	28	3.5714285714285716	0.0
Opi-474 sp903855985	2	1	1	0.0	0.0
Opi-474 sp903859715	7	21	21	23.80952380952381	0.0
Opi-474 sp903862955	5	10	10	0.0	0.0
Opi-474 sp903872505	3	3	3	66.66666666666667	2.0
Opi-474 sp903881475	9	36	36	8.333333333333334	0.0
Opitutus sp903877135	4	6	6	0.0	0.0
Orenia marismortui	2	1	1	100.0	7.0
Orenia metallireducens_B	2	1	1	0.0	0.0
Oribacterium asaccharolyticum	2	1	1	0.0	1.0
Oribacterium parvum	3	3	3	66.66666666666667	2.0
Oribacterium sinus	5	10	10	30.0	2.0
Oribacterium sp000160135	2	1	1	0.0	
Oribacterium sp002371295	3	3	3	66.66666666666667	4.0
Oribacterium sp002431355	2	1	1	100.0	3.0
Oribacterium sp002449915	3	3	3	0.0	0.0
Oribacterium sp004554245	4	6	6	100.0	14.0
Oribacterium sp017940955	4	6	6	16.666666666666668	0.5
Oribacterium sp900107835	2	1	1	100.0	6.0
Oribacterium sp900315665	3	3	3	0.0	0.0
Oribacterium sp900318695	2	1	1	0.0	0.0
Orientia tsutsugamushi	15	105	105	92.38095238095238	20.0
Ornithinibacillus bavariensis	2	1	1	100.0	2.0
Ornithinibacillus massiliensis	2	1	1	0.0	0.0
Ornithinicoccus hortensis	0	0	0	0	
Ornithinimicrobium cerasi	2	1	1	100.0	4.0
Ornithinimicrobium pekingense	2	1	1	0.0	0.0
Ornithinimicrobium sp001942405	2	1	1	100.0	7.0
Ornithobacterium hominis	2	1	1	100.0	3.0
Ornithobacterium rhinotracheale	3	3	3	100.0	6.0
Ornithobacterium rhinotracheale_B	0	0	0	0	
Ornithoclostridium excrementipullorum	2	1	1	0.0	0.0
Ornithoclostridium faecigallinarum	2	1	1	100.0	3.0
Ornithomonoglobus merdipullorum	2	1	1	0.0	1.0
Ornithomonoglobus_A intestinigallinarum	2	1	1	0.0	0.0
Ornithospirochaeta sp002406055	12	66	66	54.54545454545455	2.0
Ornithospirochaeta sp002452215	12	66	66	69.6969696969697	3.0
Ornithospirochaeta sp016302165	2	1	1	0.0	0.0
Oryzomicrobium terrae	2	1	1	100.0	2.0
Oryzomonas japonica	2	1	1	100.0	6.0
Oscillibacter ruminantium	2	1	1	100.0	4.0
Oscillochloris sp903877945	10	45	45	100.0	13.0
Oscillochloris sp903887465	6	15	15	86.66666666666667	7.0
Oscillochloris sp903920315	2	1	1	100.0	8.0
Otariodibacter oris	2	1	1	0.0	0.0
Ottowia beijingensis	2	1	1	100.0	2.0
Ottowia sp001262075	3	3	3	0.0	1.0
Ottowia sp001897615	2	1	1	100.0	13.0
Ottowia sp016702555	2	1	1	100.0	9.0
Ottowia sp016703145	2	1	1	100.0	10.0
Ottowia sp017307865	4	6	6	33.333333333333336	1.0
Ottowia sp018060485	7	21	21	0.0	0.0
Ottowia sp018240925	2	1	1	0.0	0.0
Ottowia sp900320815	3	3	3	66.66666666666667	3.0
Owenweeksia sp002695025	7	21	21	38.095238095238095	1.0
Oxalobacter formigenes	5	10	10	30.0	1.5
Oxalobacter formigenes_B	2	1	1	100.0	14.0
Oxynema aestuarii	3	3	3	66.66666666666667	39.0
PALSA-1003 sp005883655	2	1	1	100.0	2.0
PALSA-1003 sp005888955	3	3	3	100.0	3.0
PALSA-1003 sp005889025	2	1	1	0.0	0.0
PALSA-1004 sp903889565	17	136	136	77.94117647058823	3.0
PALSA-1004 sp903913965	5	10	10	70.0	2.5
PALSA-1005 sp016717855	3	3	3	100.0	33.0
PALSA-1006 sp903876625	2	1	1	100.0	4.0
PALSA-1006 sp903913145	3	3	3	66.66666666666667	3.0
PALSA-1081 sp003963305	2	1	1	100.0	13.0
PALSA-1295 sp903900335	3	3	3	0.0	0.0
PALSA-1337 sp903893855	3	3	3	0.0	0.0
PALSA-600 sp019237315	2	1	1	100.0	4.0
PALSA-600 sp903915545	2	1	1	0.0	0.0
PALSA-747 sp903821145	16	120	120	5.0	0.0
PALSA-747 sp903825945	3	3	3	66.66666666666667	8.0
PALSA-747 sp903827345	2	1	1	0.0	0.0
PALSA-747 sp903827945	10	45	45	6.666666666666667	0.0
PALSA-747 sp903834515	4	6	6	50.0	2.5
PALSA-747 sp903838295	27	351	351	5.413105413105413	0.0
PALSA-747 sp903843225	10	45	45	6.666666666666667	0.0
PALSA-747 sp903844115	5	10	10	0.0	0.0
PALSA-747 sp903852585	12	66	66	0.0	0.0
PALSA-747 sp903867285	12	66	66	16.666666666666668	0.0
PALSA-747 sp903891755	3	3	3	0.0	0.0
PALSA-747 sp903895995	16	120	120	3.3333333333333335	0.0
PALSA-747 sp903897155	51	1275	1275	1.4901960784313726	0.0
PALSA-747 sp903898555	18	153	153	18.30065359477124	0.0
PALSA-747 sp903899375	59	1711	1711	15.54646405610754	0.0
PALSA-747 sp903907665	3	3	3	0.0	0.0
PALSA-747 sp903916385	10	45	45	0.0	0.0
PALSA-747 sp903928395	3	3	3	0.0	0.0
PALSA-747 sp903932695	5	10	10	0.0	0.0
PALSA-747 sp903933585	4	6	6	0.0	0.0
PALSA-747 sp903953805	5	10	10	0.0	0.0
PALSA-986 sp003141855	2	1	1	100.0	2.0
PALSA-986 sp009779045	2	1	1	0.0	0.0
PALSA-986 sp009781675	2	1	1	0.0	0.0
PALSA-986 sp009783705	2	1	1	0.0	0.0
PALSA-986 sp009787175	2	1	1	0.0	0.0
PALSA-986 sp009787585	3	3	3	0.0	0.0
PALSA-986 sp903901015	5	10	10	30.0	0.5
PB-SRB1 sp003500125	4	6	6	66.66666666666667	6.0
PBB1 sp017986065	2	1	1	0.0	0.0
PBB1 sp903905475	3	3	3	0.0	0.0
PCC-10605 sp000317675	4	6	6	100.0	9.5
PCC7113 sp014695895	0	0	0	0	
PCRC01 sp017848435	3	3	3	33.333333333333336	1.0
PCYB01 sp018676855	5	10	10	0.0	0.0
PETJ01 sp002781125	2	1	1	0.0	0.0
PEYH01 sp018900835	2	1	1	0.0	0.0
PFJX01 sp002784045	3	3	3	0.0	0.0
PFJX01 sp009772925	4	6	6	0.0	0.0
PFJX01 sp016719465	3	3	3	33.333333333333336	1.0
PFJX01 sp903835655	25	300	300	64.66666666666667	2.0
PFJX01 sp903883985	2	1	1	100.0	5.0
PGXB01 sp003641425	2	1	1	0.0	0.0
PGYT01 sp002839805	2	1	1	0.0	0.0
PGYU01 sp018335795	2	1	1	100.0	3.0
PGZG01 sp018067045	2	1	1	0.0	0.0
PH2015 sp014654705	2	1	1	100.0	5.0
PHOS-HE28 sp002360495	2	1	1	0.0	0.0
PHOS-HE28 sp002396605	12	66	66	57.57575757575758	3.0
PHOS-HE28 sp013360395	2	1	1	100.0	2.0
PHOS-HE28 sp016703005	4	6	6	66.66666666666667	5.5
PHOS-HE28 sp016703105	7	21	21	100.0	12.0
PHOS-HE28 sp016704485	6	15	15	33.333333333333336	1.0
PHOS-HE28 sp016710015	12	66	66	84.84848484848484	5.0
PHOS-HE28 sp016710685	2	1	1	100.0	5.0
PHOS-HE28 sp016713875	4	6	6	83.33333333333333	7.5
PHOS-HE28 sp016717225	2	1	1	100.0	25.0
PHOS-HE28 sp016717305	3	3	3	66.66666666666667	2.0
PHOS-HE28 sp016718655	3	3	3	33.333333333333336	0.0
PHOS-HE28 sp016721825	3	3	3	100.0	14.0
PHOS-HE28 sp017987895	2	1	1	0.0	0.0
PHOS-HE28 sp018057455	2	1	1	0.0	0.0
PHOS-HE28 sp018266685	2	1	1	0.0	0.0
PIYA01 sp003601785	3	3	3	0.0	0.0
PL-Br10-E2g29 sp001563965	2	1	1	0.0	0.0
PLA3 sp003576875	2	1	1	100.0	2.0
PLA4 sp011525745	2	1	1	0.0	0.0
PLOWO2-12-38-17 sp001830285	2	1	1	100.0	2.0
PLOWO2-12-39-15 sp001804915	6	15	15	0.0	0.0
PMP191F sp001302245	2	1	1	100.0	3.0
PN-J185 sp001431705	4	6	6	0.0	0.0
PNC21 sp013112555	2	1	1	100.0	3.0
PNKE01 sp003487005	2	1	1	100.0	3.0
PNKF01 sp011525845	2	1	1	100.0	6.0
PNKF01 sp016871915	2	1	1	0.0	0.0
PNMQ01 sp013823725	2	1	1	0.0	0.0
PNNF01 sp013824085	2	1	1	0.0	0.0
PNOJ01 sp016719645	3	3	3	100.0	28.0
PNON01 sp903828565	2	1	1	0.0	0.0
PP17-6a sp900095615	4	6	6	83.33333333333333	2.0
PSPM01 sp004195435	2	1	1	0.0	0.0
PSPT01 sp004195635	3	3	3	0.0	0.0
PSPT01 sp018649825	4	6	6	0.0	0.0
PSRF01 sp002427845	3	3	3	100.0	9.0
PTKB01 sp018666805	8	28	28	42.857142857142854	1.0
PUKZ01 sp003550725	2	1	1	0.0	0.0
PUKZ01 sp007130125	2	1	1	0.0	0.0
PUML01 sp007129255	5	10	10	0.0	0.0
PUML01 sp007131125	2	1	1	0.0	0.0
PUMT01 sp007125955	5	10	10	0.0	0.0
PUOA01 sp003567395	5	10	10	20.0	1.0
PUOA01 sp007121115	4	6	6	0.0	0.0
PUPC01 sp003559755	2	1	1	100.0	3.0
PUPG01 sp003557385	3	3	3	0.0	0.0
PUPG01 sp003559735	2	1	1	0.0	1.0
PUPG01 sp003567205	2	1	1	0.0	0.0
PUPG01 sp007120675	3	3	3	0.0	0.0
PUPG01 sp007122505	4	6	6	0.0	0.0
PUPG01 sp007124575	2	1	1	0.0	0.0
PUPG01 sp007125585	6	15	15	0.0	0.0
PUXW01 sp009659925	2	1	1	0.0	0.0
PUXW01 sp013153715	2	1	1	0.0	0.0
PUXX01 sp009659895	2	1	1	0.0	0.0
PUXY01 sp009659955	2	1	1	0.0	0.0
PWEK01 sp003553445	2	1	1	0.0	0.0
PWHV01 sp003557905	3	3	3	0.0	0.0
PWHV01 sp003560875	2	1	1	0.0	0.0
PWHW01 sp003555075	2	1	1	0.0	0.0
PWHW01 sp003560095	2	1	1	0.0	0.0
PWHW01 sp003561025	3	3	3	0.0	0.0
PWJC01 sp003560165	4	6	6	0.0	0.0
PWJY01 sp007121335	6	15	15	6.666666666666667	0.0
PWJY01 sp007128085	2	1	1	0.0	1.0
PWKY01 sp003553085	2	1	1	0.0	0.0
PWKZ01 sp003559575	3	3	3	66.66666666666667	2.0
PWLA01 sp003562075	2	1	1	0.0	0.0
PWLA01 sp007121555	4	6	6	0.0	0.0
PWLA01 sp007121775	6	15	15	0.0	0.0
PWLA01 sp007129525	2	1	1	0.0	0.0
PWLA01 sp007132965	3	3	3	0.0	0.0
PWLI01 sp003559415	2	1	1	0.0	0.0
PWLR01 sp003558435	2	1	1	0.0	0.0
PWMO01 sp007123465	5	10	10	0.0	0.0
PWMO01 sp007130025	3	3	3	0.0	0.0
PWMP01 sp003558145	2	1	1	0.0	0.0
PWPS01 sp003551845	2	1	1	0.0	0.0
PWTM01 sp003563855	2	1	1	0.0	1.0
PWUC01 sp003566675	3	3	3	33.333333333333336	1.0
PWVB01 sp003562365	2	1	1	0.0	0.0
PWVB01 sp007125545	2	1	1	0.0	0.0
PWVN01 sp007136165	2	1	1	0.0	0.0
PWWA01 sp007131205	2	1	1	0.0	0.0
PWXP01 sp003561895	2	1	1	0.0	0.0
PWXP01 sp007127495	2	1	1	0.0	0.0
PWYM01 sp003567475	5	10	10	0.0	0.0
PWYM01 sp003567855	4	6	6	16.666666666666668	1.0
PWYM01 sp007127715	3	3	3	0.0	0.0
PXAI01 sp003567135	2	1	1	0.0	1.0
PXAP01 sp007119075	2	1	1	0.0	0.0
PXAP01 sp007120695	5	10	10	0.0	0.0
PXAP01 sp007123885	3	3	3	0.0	1.0
PXAP01 sp007132715	3	3	3	0.0	0.0
PXAP01 sp007133565	2	1	1	0.0	0.0
PXBB01 sp003565735	2	1	1	0.0	0.0
PXBQ01 sp003566875	4	6	6	16.666666666666668	0.0
PXDC01 sp003558065	4	6	6	0.0	0.5
PXDC01 sp007130045	4	6	6	0.0	0.0
PXFI01 sp003564295	3	3	3	0.0	1.0
PXYB01 sp003352285	4	6	6	0.0	0.5
PYGY01 sp003554665	2	1	1	0.0	0.0
PYGY01 sp003560215	3	3	3	0.0	0.0
PYGY01 sp007129945	4	6	6	0.0	0.0
Paceibacter sp001872265	2	1	1	0.0	0.0
Pacificibacter marinus	2	1	1	100.0	2.0
Pacificimonas flava	2	1	1	0.0	0.0
Pacificitalea manganoxidans	4	6	6	33.333333333333336	1.0
Paenactinomyces guangxiensis	2	1	1	0.0	1.0
Paenalcaligenes hominis	2	1	1	0.0	0.0
Paenarthrobacter aurescens_A	3	3	3	0.0	0.0
Paenarthrobacter ilicis	2	1	1	0.0	0.0
Paenarthrobacter nicotinovorans	4	6	6	66.66666666666667	3.5
Paenarthrobacter nicotinovorans_A	3	3	3	100.0	7.0
Paenarthrobacter nitroguajacolicus	4	6	6	66.66666666666667	2.5
Paenarthrobacter sp002979775	2	1	1	0.0	1.0
Paenarthrobacter sp006964045	2	1	1	0.0	0.0
Paenarthrobacter sp900106835	2	1	1	100.0	5.0
Paenarthrobacter sp902506065	0	0	0	0	
Paenarthrobacter ureafaciens	12	66	66	53.03030303030303	2.0
Paenibacillus albidus	2	1	1	100.0	8.0
Paenibacillus albilobatus	2	1	1	0.0	1.0
Paenibacillus amylolyticus	9	36	36	69.44444444444444	2.0
Paenibacillus amylolyticus_A	3	3	3	33.333333333333336	0.0
Paenibacillus amylolyticus_B	6	15	15	53.333333333333336	2.0
Paenibacillus antarcticus	2	1	1	0.0	1.0
Paenibacillus azoreducens	2	1	1	100.0	8.0
Paenibacillus barcinonensis	2	1	1	100.0	2.0
Paenibacillus brasilensis	2	1	1	100.0	8.0
Paenibacillus camerounensis	2	1	1	0.0	0.0
Paenibacillus campinasensis	3	3	3	100.0	2.0
Paenibacillus cellulositrophicus_A	12	66	66	84.84848484848484	4.0
Paenibacillus cookii	2	1	1	100.0	3.0
Paenibacillus crassostreae	2	1	1	0.0	0.0
Paenibacillus durus_B	2	1	1	0.0	1.0
Paenibacillus glucanolyticus	9	36	36	66.66666666666667	3.0
Paenibacillus graminis	2	1	1	0.0	0.0
Paenibacillus helianthi	4	6	6	83.33333333333333	4.5
Paenibacillus ihbetae	2	1	1	0.0	0.0
Paenibacillus ihuae	0	0	0	0	
Paenibacillus illinoisensis	7	21	21	66.66666666666667	2.0
Paenibacillus jilunlii	3	3	3	33.333333333333336	0.0
Paenibacillus kribbensis	4	6	6	50.0	8.0
Paenibacillus lactis	5	10	10	90.0	2.5
Paenibacillus lautus	2	1	1	100.0	5.0
Paenibacillus lautus_A	9	36	36	75.0	3.0
Paenibacillus macquariensis	3	3	3	66.66666666666667	10.0
Paenibacillus massiliensis	2	1	1	100.0	8.0
Paenibacillus maysiensis	4	6	6	83.33333333333333	13.0
Paenibacillus odorifer	32	496	496	90.12096774193549	6.0
Paenibacillus ottowii	3	3	3	33.333333333333336	1.0
Paenibacillus panacisoli	0	0	0	0	
Paenibacillus phytohabitans	4	6	6	100.0	10.0
Paenibacillus pini	2	1	1	0.0	0.0
Paenibacillus polymyxa	43	903	903	50.60908084163898	2.0
Paenibacillus polymyxa_B	26	325	325	88.3076923076923	6.0
Paenibacillus polymyxa_C	15	105	105	93.33333333333333	7.0
Paenibacillus polymyxa_D	8	28	28	64.28571428571429	2.5
Paenibacillus polysaccharolyticus	0	0	0	0	
Paenibacillus rhizosphaerae	0	0	0	0	
Paenibacillus riograndensis	2	1	1	100.0	16.0
Paenibacillus sabinae	3	3	3	66.66666666666667	6.0
Paenibacillus silagei	3	3	3	66.66666666666667	3.0
Paenibacillus silvae	4	6	6	66.66666666666667	2.0
Paenibacillus solani	2	1	1	100.0	6.0
Paenibacillus sonchi	2	1	1	100.0	2.0
Paenibacillus sophorae	2	1	1	100.0	2.0
Paenibacillus sp000499205	4	6	6	66.66666666666667	2.5
Paenibacillus sp000758525	2	1	1	100.0	11.0
Paenibacillus sp000758545	4	6	6	100.0	7.0
Paenibacillus sp000758585	2	1	1	100.0	15.0
Paenibacillus sp000758625	2	1	1	100.0	4.0
Paenibacillus sp001315105	2	1	1	0.0	0.0
Paenibacillus sp001426865	2	1	1	100.0	5.0
Paenibacillus sp001860525	4	6	6	66.66666666666667	5.0
Paenibacillus sp001955535	2	1	1	100.0	4.0
Paenibacillus sp001955925	2	1	1	100.0	4.0
Paenibacillus sp002264395	2	1	1	0.0	0.0
Paenibacillus sp002573715	4	6	6	100.0	14.0
Paenibacillus sp003854965	2	1	1	100.0	6.0
Paenibacillus sp005577435	2	1	1	100.0	12.0
Paenibacillus sp900101225	2	1	1	100.0	2.0
Paenibacillus sp900109515	7	21	21	47.61904761904762	1.0
Paenibacillus sp900110055	5	10	10	90.0	4.0
Paenibacillus taichungensis	5	10	10	70.0	3.0
Paenibacillus tritici	2	1	1	100.0	3.0
Paenibacillus typhae	2	1	1	100.0	7.0
Paenibacillus urinalis	2	1	1	100.0	5.0
Paenibacillus xylanexedens_B	2	1	1	0.0	1.0
Paenibacillus_A aceti	2	1	1	100.0	2.0
Paenibacillus_A antibioticophila	3	3	3	100.0	5.0
Paenibacillus_A barengoltzii	5	10	10	50.0	2.5
Paenibacillus_A faecis	2	1	1	100.0	7.0
Paenibacillus_A ihumii	0	0	0	0	
Paenibacillus_A macerans	8	28	28	60.714285714285715	3.0
Paenibacillus_A panacisegetis	2	1	1	100.0	13.0
Paenibacillus_A phocaensis	0	0	0	0	
Paenibacillus_A physcomitrellae	2	1	1	0.0	0.0
Paenibacillus_A rubinfantis	0	0	0	0	
Paenibacillus_A senegalimassiliensis	0	0	0	0	
Paenibacillus_A sp900069005	2	1	1	100.0	2.0
Paenibacillus_A timonensis	3	3	3	33.333333333333336	1.0
Paenibacillus_A tuaregi	2	1	1	0.0	1.0
Paenibacillus_A vini	2	1	1	0.0	0.0
Paenibacillus_A woosongensis	2	1	1	0.0	0.0
Paenibacillus_AH cisolokensis	2	1	1	100.0	9.0
Paenibacillus_B alvei	5	10	10	80.0	7.5
Paenibacillus_B apiarius	2	1	1	100.0	3.0
Paenibacillus_B aquistagni	3	3	3	100.0	5.0
Paenibacillus_B dendritiformis_A	3	3	3	33.333333333333336	0.0
Paenibacillus_B sp001894745	9	36	36	69.44444444444444	3.0
Paenibacillus_B sp900539405	4	6	6	83.33333333333333	5.0
Paenibacillus_B thiaminolyticus	7	21	21	52.38095238095238	2.0
Paenibacillus_C agaridevorans	4	6	6	83.33333333333333	4.0
Paenibacillus_C algorifonticola	2	1	1	0.0	0.0
Paenibacillus_C castaneae	2	1	1	0.0	0.0
Paenibacillus_C glycanilyticus	2	1	1	100.0	3.0
Paenibacillus_C sp001682865	2	1	1	100.0	6.0
Paenibacillus_C sp002741035	2	1	1	100.0	5.0
Paenibacillus_C sp004345425	2	1	1	0.0	1.0
Paenibacillus_D pinihumi	2	1	1	100.0	2.0
Paenibacillus_E aceris	2	1	1	100.0	4.0
Paenibacillus_E alginolyticus	3	3	3	100.0	14.0
Paenibacillus_E chondroitinus	3	3	3	66.66666666666667	16.0
Paenibacillus_E phytorum	2	1	1	100.0	31.0
Paenibacillus_E sp001426375	2	1	1	100.0	10.0
Paenibacillus_F chitinolyticus	2	1	1	0.0	0.0
Paenibacillus_F sp000411255	3	3	3	66.66666666666667	2.0
Paenibacillus_G ehimensis	2	1	1	100.0	4.0
Paenibacillus_G elgii	6	15	15	86.66666666666667	10.0
Paenibacillus_G mucilaginosus	3	3	3	100.0	18.0
Paenibacillus_G naphthalenovorans	5	10	10	80.0	2.5
Paenibacillus_G sp017833255	3	3	3	0.0	0.0
Paenibacillus_G sp900101595	2	1	1	100.0	5.0
Paenibacillus_G tyrfis	2	1	1	100.0	4.0
Paenibacillus_G validus	6	15	15	80.0	7.0
Paenibacillus_H larvae	15	105	105	82.85714285714286	16.0
Paenibacillus_I darwinianus	3	3	3	33.333333333333336	4.0
Paenibacillus_J dauci	2	1	1	0.0	0.0
Paenibacillus_J nuruki	2	1	1	0.0	0.0
Paenibacillus_L senegalensis	0	0	0	0	
Paenibacillus_L sp007679495	0	0	0	0	
Paenibacillus_O humicus	3	3	3	66.66666666666667	73.0
Paenibacillus_O pasadenensis	4	6	6	83.33333333333333	2.5
Paenibacillus_O sp002243345	3	3	3	0.0	0.0
Paenibacillus_S sp002042965	2	1	1	100.0	3.0
Paenibacillus_T cellulosilyticus	2	1	1	0.0	0.0
Paenibacillus_T xylaniclasticus	0	0	0	0	
Paenibacillus_Z baekrokdamisoli	2	1	1	0.0	0.0
Paenibacillus_Z sacheonensis	2	1	1	0.0	0.0
Paenibacillus_Z sp900113915	2	1	1	100.0	8.0
Paenibacillus_Z sp900116125	2	1	1	100.0	8.0
Paeniglutamicibacter gangotriensis	2	1	1	100.0	12.0
Paeniglutamicibacter terrestris	2	1	1	100.0	7.0
Paenirhodobacter ferrireducens	4	6	6	83.33333333333333	5.0
Paenirhodobacter populi	5	10	10	100.0	11.0
Paenisporosarcina antarctica	2	1	1	100.0	4.0
Paenisporosarcina sp000411295	0	0	0	0	
Palaeococcus sp003663695	2	1	1	0.0	0.0
Palleronia marisminoris	2	1	1	0.0	0.0
Palleronia sp900609015	2	1	1	0.0	0.0
Palsa-1032 sp003169735	3	3	3	100.0	7.0
Palsa-1188 sp003160265	3	3	3	100.0	4.0
Palsa-1233 sp003169895	6	15	15	60.0	2.0
Palsa-1233 sp016704275	5	10	10	90.0	7.5
Palsa-1233 sp016720805	2	1	1	100.0	2.0
Palsa-1248 sp003152485	3	3	3	100.0	8.0
Palsa-1315 sp002737345	12	66	66	1.5151515151515151	0.0
Palsa-1315 sp002869885	2	1	1	100.0	59.0
Palsa-1315 sp003135435	2	1	1	100.0	19.0
Palsa-1315 sp005116815	2	1	1	100.0	21.0
Palsa-1315 sp005116835	2	1	1	100.0	16.0
Palsa-1315 sp005239475	2	1	1	100.0	8.0
Palsa-1315 sp016219645	2	1	1	0.0	1.0
Palsa-1382 sp003167365	2	1	1	100.0	6.0
Palsa-1392 sp003169975	5	10	10	60.0	2.0
Palsa-1439 sp003164675	5	10	10	100.0	13.0
Palsa-1447 sp003140665	4	6	6	83.33333333333333	4.0
Palsa-1447 sp903834135	44	946	946	5.708245243128964	0.0
Palsa-1447 sp903862935	5	10	10	0.0	0.0
Palsa-1447 sp903887455	2	1	1	0.0	0.0
Palsa-1447 sp903890485	6	15	15	80.0	4.0
Palsa-1447 sp903891325	3	3	3	33.333333333333336	1.0
Palsa-1447 sp903916755	2	1	1	100.0	2.0
Palsa-1447 sp903919205	2	1	1	0.0	0.0
Palsa-147 sp003152355	4	6	6	100.0	9.0
Palsa-1515 sp903970385	2	1	1	100.0	2.0
Palsa-187 sp003170295	2	1	1	100.0	3.0
Palsa-187 sp019261985	2	1	1	100.0	3.0
Palsa-288 sp003132145	3	3	3	100.0	2.0
Palsa-288 sp003142215	2	1	1	100.0	5.0
Palsa-288 sp003142235	3	3	3	0.0	0.0
Palsa-288 sp003162875	10	45	45	88.88888888888889	6.0
Palsa-295 sp003131985	2	1	1	0.0	1.0
Palsa-295 sp003153585	3	3	3	33.333333333333336	1.0
Palsa-295 sp003156635	2	1	1	100.0	5.0
Palsa-295 sp003166795	4	6	6	100.0	6.0
Palsa-295 sp003167215	5	10	10	0.0	0.0
Palsa-343 sp003152415	3	3	3	100.0	6.0
Palsa-343 sp003166955	2	1	1	100.0	7.0
Palsa-343 sp003167515	2	1	1	100.0	11.0
Palsa-465 sp003165655	3	3	3	100.0	5.0
Palsa-465 sp019239375	2	1	1	0.0	0.0
Palsa-465 sp019240655	2	1	1	100.0	2.0
Palsa-465 sp019244395	3	3	3	100.0	8.0
Palsa-465 sp019244745	2	1	1	100.0	7.0
Palsa-465 sp019247075	2	1	1	100.0	3.0
Palsa-504 sp003140115	2	1	1	0.0	1.0
Palsa-506 sp003168215	6	15	15	66.66666666666667	8.0
Palsa-513 sp003132505	7	21	21	90.47619047619048	7.0
Palsa-513 sp003133565	3	3	3	66.66666666666667	3.0
Palsa-513 sp003138355	4	6	6	100.0	6.0
Palsa-513 sp003157595	2	1	1	100.0	2.0
Palsa-601 sp003136185	3	3	3	100.0	6.0
Palsa-661 sp003151475	5	10	10	80.0	4.0
Palsa-739 sp003152275	2	1	1	100.0	8.0
Palsa-739 sp019236545	2	1	1	0.0	0.0
Palsa-851 sp003132805	2	1	1	100.0	7.0
Palsa-851 sp003153505	5	10	10	100.0	11.0
Palsa-870 sp003169845	2	1	1	0.0	1.0
Palsa-872 sp003139695	5	10	10	70.0	2.0
Palsa-872 sp005880945	2	1	1	100.0	2.0
Palsa-875 sp003244045	2	1	1	0.0	1.0
Palsa-881 sp003136615	2	1	1	0.0	0.0
Palsa-881 sp903870555	2	1	1	100.0	2.0
Palsa-881 sp903872075	7	21	21	47.61904761904762	1.0
Palsa-881 sp903923135	3	3	3	0.0	1.0
Palsa-883 sp003151425	2	1	1	100.0	21.0
Palsa-89 sp003166865	2	1	1	100.0	18.0
Palsa-89 sp003166875	4	6	6	100.0	34.5
Palsa-892 sp003135415	3	3	3	33.333333333333336	1.0
Palsa-948 sp003164895	2	1	1	100.0	9.0
Palsibacter borealis	2	1	1	100.0	14.0
Paludibacter sp002427615	2	1	1	100.0	5.0
Paludibacter sp903901975	6	15	15	33.333333333333336	1.0
Paludibacter sp903911085	3	3	3	100.0	7.0
Paludibacterium paludis	2	1	1	0.0	0.0
Paludibacterium sp019232825	2	1	1	100.0	12.0
Paludibacterium yongneupense	2	1	1	0.0	1.0
Panacagrimonas perspica	2	1	1	0.0	0.0
Panacibacter sp002478885	2	1	1	100.0	3.0
Pandoraea apista	21	210	210	51.904761904761905	2.0
Pandoraea capi	2	1	1	0.0	1.0
Pandoraea cepalis	6	15	15	60.0	3.0
Pandoraea communis	3	3	3	33.333333333333336	4.0
Pandoraea fibrosis	3	3	3	100.0	7.0
Pandoraea iniqua	2	1	1	100.0	2.0
Pandoraea nosoerga	4	6	6	83.33333333333333	3.0
Pandoraea pnomenusa	13	78	78	71.7948717948718	3.0
Pandoraea pulmonicola	2	1	1	0.0	0.0
Pandoraea sp002179965	2	1	1	100.0	6.0
Pandoraea sp004297875	2	1	1	0.0	0.0
Pandoraea sputorum	5	10	10	50.0	1.5
Pandoraea thiooxydans	0	0	0	0	
Pannonibacter indicus	12	66	66	59.09090909090909	2.0
Pannonibacter phragmitetus	2	1	1	100.0	3.0
Pannonibacter sp009915765	2	1	1	100.0	2.0
Pantoea agglomerans	111	6105	6105	75.46273546273547	4.0
Pantoea allii	5	10	10	40.0	0.5
Pantoea ananatis	147	10731	10731	79.83412543099432	4.0
Pantoea anthophila	13	78	78	43.58974358974359	1.0
Pantoea brenneri	23	253	253	41.50197628458498	1.0
Pantoea cancerogena_A	9	36	36	69.44444444444444	2.0
Pantoea cypripedii	2	1	1	100.0	36.0
Pantoea deleyi	2	1	1	0.0	0.0
Pantoea dispersa	36	630	630	68.41269841269842	4.0
Pantoea endophytica	7	21	21	90.47619047619048	4.0
Pantoea eucalypti	13	78	78	43.58974358974359	1.0
Pantoea eucrina	16	120	120	45.833333333333336	1.0
Pantoea eucrina_A	4	6	6	33.333333333333336	1.0
Pantoea ludwigii_B	6	15	15	86.66666666666667	5.0
Pantoea piersonii	11	55	55	80.0	4.0
Pantoea rodasii	2	1	1	0.0	0.0
Pantoea rwandensis_B	4	6	6	83.33333333333333	3.0
Pantoea septica	20	190	190	74.73684210526316	3.5
Pantoea sp000295955	2	1	1	100.0	8.0
Pantoea sp000468095	2	1	1	100.0	9.0
Pantoea sp001187905	3	3	3	100.0	5.0
Pantoea sp002359495	2	1	1	0.0	1.0
Pantoea sp002419935	2	1	1	0.0	0.0
Pantoea sp002920175	2	1	1	100.0	4.0
Pantoea sp003512445	2	1	1	0.0	1.0
Pantoea sp008632075	34	561	561	62.745098039215684	3.0
Pantoea sp900115075	0	0	0	0	
Pantoea sp900215435	3	3	3	33.333333333333336	1.0
Pantoea stewartii	34	561	561	77.00534759358288	3.0
Pantoea vagans	14	91	91	53.84615384615385	2.0
Pantoea vagans_C	3	3	3	33.333333333333336	1.0
Pantoea_A carbekii	2	1	1	0.0	0.0
Parabacteroides acidifaciens	7	21	21	85.71428571428571	10.0
Parabacteroides bouchesdurhonensis	0	0	0	0	
Parabacteroides chinchillae	3	3	3	33.333333333333336	13.0
Parabacteroides distasonis	186	17205	17205	80.77884335948852	9.0
Parabacteroides distasonis_A	4	6	6	100.0	4.0
Parabacteroides distasonis_B	2	1	1	100.0	10.0
Parabacteroides faecavium	5	10	10	90.0	5.0
Parabacteroides faecis	8	28	28	75.0	5.0
Parabacteroides goldsteinii	35	595	595	81.84873949579831	6.0
Parabacteroides gordonii	6	15	15	60.0	5.0
Parabacteroides intestinipullorum	3	3	3	100.0	9.0
Parabacteroides johnsonii	12	66	66	53.03030303030303	4.0
Parabacteroides massiliensis	2	1	1	100.0	4.0
Parabacteroides merdae	81	3240	3240	81.14197530864197	9.0
Parabacteroides sp003473295	0	0	0	0	
Parabacteroides sp003480915	5	10	10	40.0	1.0
Parabacteroides sp014287585	4	6	6	50.0	1.5
Parabacteroides sp017481945	2	1	1	100.0	26.0
Parabacteroides sp900540715	3	3	3	100.0	4.0
Parabacteroides sp900541965	3	3	3	0.0	0.0
Parabacteroides sp900547435	2	1	1	0.0	0.0
Parabacteroides sp900548175	2	1	1	100.0	4.0
Parabacteroides sp900549585	3	3	3	100.0	16.0
Parabacteroides sp900552465	2	1	1	100.0	10.0
Parabacteroides sp900760525	3	3	3	66.66666666666667	2.0
Parabacteroides timonensis	2	1	1	100.0	14.0
Paraburkholderia aspalathi	16	120	120	95.0	12.0
Paraburkholderia atlantica	7	21	21	71.42857142857143	12.0
Paraburkholderia azotifigens	0	0	0	0	
Paraburkholderia bannensis_A	2	1	1	0.0	1.0
Paraburkholderia bryophila	3	3	3	66.66666666666667	12.0
Paraburkholderia caballeronis	8	28	28	78.57142857142857	6.5
Paraburkholderia caffeinilytica	3	3	3	33.333333333333336	1.0
Paraburkholderia caffeinitolerans	2	1	1	0.0	0.0
Paraburkholderia caledonica	8	28	28	75.0	14.0
Paraburkholderia caribensis	9	36	36	97.22222222222223	14.5
Paraburkholderia eburnea	2	1	1	0.0	0.0
Paraburkholderia fungorum	14	91	91	96.7032967032967	7.0
Paraburkholderia fynbosensis	2	1	1	100.0	38.0
Paraburkholderia ginsengisoli	2	1	1	0.0	0.0
Paraburkholderia ginsengiterrae	2	1	1	0.0	0.0
Paraburkholderia graminis	7	21	21	95.23809523809524	12.0
Paraburkholderia hospita	12	66	66	98.48484848484848	29.0
Paraburkholderia kirstenboschensis	2	1	1	0.0	1.0
Paraburkholderia kururiensis	5	10	10	100.0	13.5
Paraburkholderia madseniana	2	1	1	100.0	17.0
Paraburkholderia megapolitana	2	1	1	100.0	2.0
Paraburkholderia metrosideri_A	0	0	0	0	
Paraburkholderia mimosarum	4	6	6	100.0	10.5
Paraburkholderia oxyphila	2	1	1	100.0	40.0
Paraburkholderia phenazinium	3	3	3	66.66666666666667	4.0
Paraburkholderia phenazinium_C	0	0	0	0	
Paraburkholderia phenoliruptrix	6	15	15	86.66666666666667	5.0
Paraburkholderia phymatum	2	1	1	100.0	10.0
Paraburkholderia phytofirmans	3	3	3	100.0	21.0
Paraburkholderia rhynchosiae	2	1	1	0.0	1.0
Paraburkholderia sacchari	3	3	3	100.0	32.0
Paraburkholderia sartisoli	2	1	1	100.0	13.0
Paraburkholderia silvatlantica	5	10	10	70.0	6.0
Paraburkholderia sp000148685	4	6	6	50.0	2.5
Paraburkholderia sp000178415	0	0	0	0	
Paraburkholderia sp000745015	4	6	6	100.0	12.5
Paraburkholderia sp003002025	5	10	10	100.0	20.5
Paraburkholderia sp004298475	2	1	1	0.0	0.0
Paraburkholderia sp011752995	4	6	6	100.0	5.5
Paraburkholderia sp900104795	5	10	10	70.0	6.0
Paraburkholderia sp900142905	0	0	0	0	
Paraburkholderia sp905220835	7	21	21	66.66666666666667	5.0
Paraburkholderia sprentiae	2	1	1	0.0	0.0
Paraburkholderia terrae	3	3	3	100.0	24.0
Paraburkholderia terricola	3	3	3	100.0	15.0
Paraburkholderia tropica	13	78	78	91.02564102564102	6.5
Paraburkholderia tuberum	13	78	78	83.33333333333333	32.0
Paraburkholderia unamae	2	1	1	100.0	7.0
Paraburkholderia xenovorans	3	3	3	66.66666666666667	4.0
Paraburkholderia youngii	5	10	10	100.0	49.5
Paracaedimonas sp001898705	2	1	1	0.0	0.0
Paracandidimonas soli	2	1	1	100.0	2.0
Parachlamydia acanthamoebae	4	6	6	33.333333333333336	1.0
Paraclostridium bifermentans	11	55	55	54.54545454545455	2.0
Paraclostridium bifermentans_A	6	15	15	33.333333333333336	0.0
Paraclostridium sordellii	58	1653	1653	59.70961887477314	2.0
Paraclostridium sp017425305	2	1	1	0.0	0.0
Paraclostridium tenue	4	6	6	83.33333333333333	3.0
Paracnuella aquatica	2	1	1	100.0	8.0
Paracoccus acridae	2	1	1	100.0	2.0
Paracoccus aerius	3	3	3	100.0	4.0
Paracoccus aminovorans	2	1	1	0.0	0.0
Paracoccus aminovorans_B	2	1	1	100.0	45.0
Paracoccus denitrificans	7	21	21	33.333333333333336	0.0
Paracoccus denitrificans_A	2	1	1	0.0	0.0
Paracoccus halophilus	2	1	1	0.0	0.0
Paracoccus hibiscisoli	2	1	1	0.0	1.0
Paracoccus jeotgali	2	1	1	100.0	3.0
Paracoccus kondratievae	3	3	3	100.0	5.0
Paracoccus liaowanqingii	2	1	1	100.0	21.0
Paracoccus litorisediminis	2	1	1	100.0	10.0
Paracoccus marcusii	8	28	28	85.71428571428571	3.5
Paracoccus pantotrophus	8	28	28	96.42857142857143	9.0
Paracoccus sanguinis	6	15	15	100.0	22.0
Paracoccus sediminilitoris	2	1	1	100.0	7.0
Paracoccus sediminis	2	1	1	0.0	0.0
Paracoccus siganidrum	2	1	1	100.0	2.0
Paracoccus solventivorans	3	3	3	66.66666666666667	9.0
Paracoccus sp000518925	3	3	3	100.0	9.0
Paracoccus sp002294185	5	10	10	30.0	1.0
Paracoccus sp002359815	2	1	1	100.0	13.0
Paracoccus sp002732665	3	3	3	66.66666666666667	2.0
Paracoccus sp009696685	0	0	0	0	
Paracoccus sp009711265	2	1	1	0.0	0.0
Paracoccus sp014164625	3	3	3	0.0	1.0
Paracoccus thiocyanatus	2	1	1	100.0	3.0
Paracoccus versutus	6	15	15	93.33333333333333	6.0
Paracoccus yeei	7	21	21	100.0	23.0
Paracraurococcus ruber	2	1	1	100.0	15.0
Paradevosia shaoguanensis	0	0	0	0	
Paraeggerthella hongkongensis	2	1	1	100.0	8.0
Paraeggerthella hongkongensis_A	4	6	6	66.66666666666667	6.0
Parafannyhessea sp003862195	4	6	6	16.666666666666668	0.5
Parafannyhessea sp900538935	4	6	6	16.666666666666668	0.0
Parafannyhessea sp902787335	9	36	36	69.44444444444444	2.0
Parafannyhessea umbonata	34	561	561	21.568627450980394	1.0
Parafannyhessea umbonata_A	4	6	6	0.0	0.0
Paraferrimonas haliotis	2	1	1	100.0	2.0
Parafilimonas sp013285855	2	1	1	100.0	8.0
Parageobacillus thermoglucosidasius	15	105	105	60.0	2.0
Parageobacillus toebii	11	55	55	85.45454545454545	7.0
Paraglaciecola chathamensis	8	28	28	100.0	5.5
Paraglaciecola mesophila	3	3	3	0.0	0.0
Paraglaciecola psychrophila	2	1	1	0.0	0.0
Paraglaciecola sp009993955	2	1	1	0.0	0.0
Paralachnospira caecorum	2	1	1	0.0	0.0
Paralactobacillus selangorensis	2	1	1	0.0	1.0
Paralcaligenes sp004297945	3	3	3	0.0	0.0
Paraliobacillus ryukyuensis	2	1	1	100.0	3.0
Paraliobacillus_A quinghaiensis	2	1	1	0.0	0.0
Paraliobacillus_A zengyii	3	3	3	66.66666666666667	2.0
Paramuribaculum intestinale	16	120	120	56.666666666666664	2.0
Paramuribaculum sp000431155	5	10	10	40.0	1.0
Paramuribaculum sp001689535	5	10	10	20.0	0.5
Paramuribaculum sp001689565	3	3	3	33.333333333333336	1.0
Paramuribaculum sp001701115	3	3	3	33.333333333333336	1.0
Paramuribaculum sp009775605	2	1	1	100.0	2.0
Paramuribaculum sp014800945	2	1	1	100.0	4.0
Paramuribaculum sp014801655	4	6	6	100.0	6.5
Paramuribaculum sp014801865	3	3	3	66.66666666666667	2.0
Paramuribaculum sp014802045	3	3	3	66.66666666666667	3.0
Paramuribaculum sp900759915	2	1	1	100.0	2.0
Paramuribaculum sp910587185	5	10	10	10.0	0.0
Paraoerskovia marina	2	1	1	100.0	2.0
Parapedobacter indicus	2	1	1	0.0	0.0
Parapedobacter luteus	2	1	1	0.0	1.0
Paraperlucidibaca sp018066805	3	3	3	0.0	0.0
Paraprevotella clara	9	36	36	61.111111111111114	6.0
Paraprevotella sp003477995	5	10	10	40.0	1.0
Paraprevotella sp017937925	3	3	3	0.0	0.0
Paraprevotella sp900548345	2	1	1	0.0	0.0
Paraprevotella sp900760455	3	3	3	66.66666666666667	4.0
Paraprevotella stercorigallinarum	3	3	3	33.333333333333336	0.0
Paraprevotella xylaniphila	4	6	6	100.0	7.0
Parapusillimonas granuli	2	1	1	0.0	0.0
Pararcticibacter tournemirensis	3	3	3	66.66666666666667	4.0
Pararheinheimera mesophila	2	1	1	0.0	0.0
Pararheinheimera sp003543135	2	1	1	0.0	0.0
Pararheinheimera sp018820995	5	10	10	20.0	0.5
Pararheinheimera sp018825965	7	21	21	33.333333333333336	1.0
Pararheinheimera tangshanensis	3	3	3	66.66666666666667	4.0
Pararhizobium antarcticum	0	0	0	0	
Pararhizobium giardinii	6	15	15	93.33333333333333	13.0
Pararhizobium oryzae	2	1	1	0.0	0.0
Pararhizobium rhizosphaerae	2	1	1	0.0	1.0
Pararhizobium sp000745255	3	3	3	100.0	30.0
Pararhizobium sp000745575	2	1	1	100.0	9.0
Pararhizobium sp001424045	2	1	1	100.0	15.0
Pararhizobium sp001424065	3	3	3	100.0	11.0
Pararhizobium sp001424985	2	1	1	100.0	2.0
Pararhizobium sp001425605	9	36	36	94.44444444444444	19.5
Pararhizobium sp001426665	4	6	6	83.33333333333333	8.0
Pararhizobium sp003217095	3	3	3	100.0	14.0
Pararhizobium sp900473795	3	3	3	100.0	9.0
Pararhizobium sp900474095	2	1	1	100.0	4.0
Pararhodobacter aggregans	2	1	1	0.0	0.0
Pararhodobacter sp007117005	2	1	1	0.0	0.0
Pararhodobacter sp007120685	2	1	1	0.0	1.0
Pararhodobacter sp007131945	3	3	3	0.0	1.0
Pararhodobacter sp007134405	3	3	3	0.0	0.0
Pararuminococcus gallinarum	0	0	0	0	
Parascardovia denticolens	5	10	10	0.0	0.0
Parasedimentitalea marina_A	2	1	1	100.0	13.0
Parashewanella spongiae	2	1	1	0.0	
Parasphingorhabdus sp002776575	2	1	1	100.0	7.0
Parasphingorhabdus sp002783865	9	36	36	0.0	0.0
Parasulfuritortus sp002782005	9	36	36	0.0	0.0
Parasutterella excrementihominis	24	276	276	81.52173913043478	6.0
Parasutterella gallistercoris	9	36	36	33.333333333333336	1.0
Parasutterella sp009767915	5	10	10	40.0	0.5
Parasutterella sp900552195	7	21	21	47.61904761904762	1.0
Parasutterella sp900766055	2	1	1	0.0	0.0
Paratractidigestivibacter faecalis	8	28	28	25.0	0.0
Paratractidigestivibacter sp002440065	2	1	1	100.0	2.0
Paratractidigestivibacter sp003150175	5	10	10	20.0	0.5
Paratractidigestivibacter sp900540955	2	1	1	0.0	1.0
Paremcibacter congregatus	2	1	1	100.0	2.0
Pareuzebyella sediminis	2	1	1	0.0	0.0
Parolsenella catena	5	10	10	40.0	0.5
Parolsenella massiliensis	2	1	1	0.0	0.0
Parolsenella sp900543875	2	1	1	0.0	0.0
Parolsenella sp900544655	2	1	1	0.0	0.0
Parolsenella sp900549525	2	1	1	0.0	0.0
Parolsenella uli_B	2	1	1	100.0	4.0
Parvarchaeum acidiphilum	6	15	15	0.0	0.0
Parvarchaeum acidophilus	7	21	21	0.0	0.0
Parvibacter caecicola	7	21	21	57.142857142857146	2.0
Parvibaculum sp002480495	9	36	36	66.66666666666667	3.0
Parvibaculum sp002694985	2	1	1	0.0	0.0
Parvibaculum sp017642695	4	6	6	50.0	1.5
Parvibaculum sp903889655	2	1	1	100.0	2.0
Parvimonas micra	10	45	45	17.77777777777778	0.0
Parvimonas sp000214475	3	3	3	0.0	0.0
Parvimonas sp001553085	2	1	1	100.0	13.0
Pasteurella canis	3	3	3	33.333333333333336	1.0
Pasteurella dagmatis	2	1	1	0.0	
Pasteurella felis	4	6	6	50.0	1.5
Pasteurella multocida	284	40186	40186	42.2410789827303	1.0
Patiriisocius sp018656255	2	1	1	0.0	0.0
Patiriisocius sp905182755	6	15	15	0.0	0.0
Paucibacter sp018780645	2	1	1	100.0	6.0
Paucibacter_A sp903820745	3	3	3	100.0	3.0
Paucilactobacillus hokkaidonensis	3	3	3	0.0	0.0
Paucilactobacillus nenjiangensis	2	1	1	0.0	1.0
Paucilactobacillus oligofermentans	2	1	1	0.0	0.0
Paucilactobacillus suebicus	2	1	1	0.0	0.0
Paucilactobacillus vaccinostercus	2	1	1	100.0	5.0
Pauljensenia cardiffensis	4	6	6	0.0	0.0
Pauljensenia georgiae	2	1	1	100.0	2.0
Pauljensenia hongkongensis	5	10	10	0.0	0.0
Pauljensenia hyovaginalis	2	1	1	0.0	0.0
Pauljensenia marseillensis	0	0	0	0	
Pauljensenia meyeri	4	6	6	16.666666666666668	0.0
Pauljensenia odontolytica_A	4	6	6	0.0	0.0
Pauljensenia odontolytica_B	3	3	3	66.66666666666667	5.0
Pauljensenia odontolytica_C	3	3	3	66.66666666666667	3.0
Pauljensenia polynesiensis	0	0	0	0	
Pauljensenia provencensis	2	1	1	100.0	6.0
Pauljensenia pyogenes_A	2	1	1	0.0	0.0
Pauljensenia radingae_A	5	10	10	40.0	2.5
Pauljensenia sp000185285	5	10	10	30.0	0.5
Pauljensenia sp000278725	4	6	6	50.0	1.5
Pauljensenia sp000308055	6	15	15	6.666666666666667	0.0
Pauljensenia sp000411415	5	10	10	60.0	2.0
Pauljensenia sp000466265	2	1	1	100.0	2.0
Pauljensenia sp000758755	3	3	3	0.0	0.0
Pauljensenia sp001072465	0	0	0	0	
Pauljensenia sp001838165	5	10	10	50.0	1.5
Pauljensenia sp011038875	2	1	1	100.0	6.0
Pauljensenia sp900541895	4	6	6	16.666666666666668	0.0
Pauljensenia sp902373435	3	3	3	33.333333333333336	0.0
Pauljensenia sp902373545	2	1	1	0.0	1.0
Pauljensenia turicensis	6	15	15	20.0	1.0
PeH17 sp000435055	15	105	105	50.476190476190474	2.0
PeH17 sp004556165	6	15	15	6.666666666666667	0.0
PeH17 sp016288175	2	1	1	0.0	0.0
PeH17 sp017525875	2	1	1	0.0	1.0
PeH17 sp900542285	7	21	21	19.047619047619047	0.0
Pectinatus brassicae	2	1	1	0.0	0.0
Pectinatus cerevisiiphilus	2	1	1	0.0	0.0
Pectinatus frisingensis	9	36	36	94.44444444444444	7.0
Pectobacterium actinidiae	3	3	3	0.0	0.0
Pectobacterium aquaticum	11	55	55	96.36363636363636	8.0
Pectobacterium aroidearum	12	66	66	75.75757575757575	3.0
Pectobacterium atrosepticum	14	91	91	76.92307692307692	5.0
Pectobacterium betavasculorum	2	1	1	100.0	10.0
Pectobacterium brasiliense	89	3916	3916	71.91011235955057	3.0
Pectobacterium brasiliense_A	5	10	10	50.0	2.0
Pectobacterium carotovorum	76	2850	2850	90.66666666666667	6.0
Pectobacterium parmentieri	33	528	528	79.16666666666667	3.0
Pectobacterium peruviense	4	6	6	50.0	1.0
Pectobacterium polaris	19	171	171	88.88888888888889	32.0
Pectobacterium punjabense	5	10	10	70.0	4.0
Pectobacterium wasabiae	4	6	6	0.0	0.0
Pectobacterium zantedeschiae	3	3	3	66.66666666666667	4.0
Pediococcus acidilactici	167	13861	13861	47.91140610345574	1.0
Pediococcus argentinicus	3	3	3	33.333333333333336	0.0
Pediococcus cellicola	2	1	1	0.0	0.0
Pediococcus claussenii	4	6	6	0.0	0.0
Pediococcus damnosus	12	66	66	75.75757575757575	4.5
Pediococcus ethanolidurans	5	10	10	70.0	3.0
Pediococcus inopinatus	3	3	3	0.0	0.0
Pediococcus parvulus	4	6	6	50.0	1.0
Pediococcus pentosaceus	74	2701	2701	42.24361347649019	1.0
Pediococcus stilesii	2	1	1	0.0	0.0
Pedobacter agri	2	1	1	0.0	0.0
Pedobacter alluvionis	2	1	1	100.0	2.0
Pedobacter antarcticus	3	3	3	33.333333333333336	1.0
Pedobacter chitinilyticus	3	3	3	0.0	0.0
Pedobacter cryoconitis_B	2	1	1	100.0	9.0
Pedobacter cryoconitis_C	2	1	1	0.0	0.0
Pedobacter heparinus	3	3	3	66.66666666666667	4.0
Pedobacter nototheniae	0	0	0	0	
Pedobacter psychrotolerans	2	1	1	0.0	0.0
Pedobacter quisquiliarum	2	1	1	100.0	4.0
Pedobacter sp003852395	2	1	1	0.0	1.0
Pedobacter sp004331685	2	1	1	100.0	8.0
Pedobacter sp004342125	2	1	1	100.0	7.0
Pedobacter sp011759615	3	3	3	66.66666666666667	5.0
Pedobacter sp018613605	2	1	1	0.0	0.0
Pedobacter sp900100435	0	0	0	0	
Pedobacter steynii	2	1	1	100.0	2.0
Pedobacter suwonensis	2	1	1	100.0	6.0
Pedobacter xixiisoli	2	1	1	0.0	0.0
Pedobacter zeae	2	1	1	100.0	2.0
Pedococcus cremeus	0	0	0	0	
Pedococcus sp001426245	2	1	1	100.0	11.0
Pedococcus sp001429605	2	1	1	100.0	6.0
Pelagerythrobacter marensis	2	1	1	0.0	0.0
Pelagibacter sp000155895	5	10	10	20.0	0.0
Pelagibacter sp001438335	4	6	6	0.0	0.0
Pelagibacter sp001704055	3	3	3	0.0	0.0
Pelagibacter sp001704065	7	21	21	0.0	0.0
Pelagibacter sp002101295	4	6	6	16.666666666666668	0.5
Pelagibacter sp003209915	80	3160	3160	5.822784810126582	0.0
Pelagibacter sp003210015	2	1	1	0.0	0.0
Pelagibacter sp003210025	3	3	3	0.0	0.0
Pelagibacter sp003210075	2	1	1	0.0	0.0
Pelagibacter sp003210095	7	21	21	9.523809523809524	0.0
Pelagibacter sp003211555	7	21	21	0.0	0.0
Pelagibacter sp003212275	2	1	1	0.0	0.0
Pelagibacter sp003212295	3	3	3	0.0	0.0
Pelagibacter sp003212415	2	1	1	0.0	0.0
Pelagibacter sp003212925	2	1	1	0.0	0.0
Pelagibacter sp003213015	2	1	1	0.0	0.0
Pelagibacter sp003213155	7	21	21	0.0	0.0
Pelagibacter sp003213615	2	1	1	0.0	0.0
Pelagibacter sp003213695	2	1	1	0.0	0.0
Pelagibacter sp003214525	2	1	1	0.0	0.0
Pelagibacter sp003215055	2	1	1	0.0	0.0
Pelagibacter sp003215185	2	1	1	0.0	0.0
Pelagibacter sp003216235	2	1	1	0.0	0.0
Pelagibacter sp003216255	4	6	6	33.333333333333336	1.0
Pelagibacter sp003278065	2	1	1	0.0	0.0
Pelagibacter sp003278165	3	3	3	0.0	0.0
Pelagibacter sp003278805	2	1	1	0.0	0.0
Pelagibacter sp003279685	2	1	1	0.0	0.0
Pelagibacter sp003279715	2	1	1	0.0	0.0
Pelagibacter sp003279765	2	1	1	0.0	0.0
Pelagibacter sp003279775	2	1	1	0.0	0.0
Pelagibacter sp003280005	2	1	1	0.0	0.0
Pelagibacter sp003280485	2	1	1	0.0	0.0
Pelagibacter sp003281005	2	1	1	0.0	0.0
Pelagibacter sp003281045	2	1	1	0.0	0.0
Pelagibacter sp003281725	3	3	3	0.0	0.0
Pelagibacter sp003282205	3	3	3	0.0	0.0
Pelagibacter sp003282825	2	1	1	0.0	0.0
Pelagibacter sp003282895	2	1	1	0.0	0.0
Pelagibacter sp003282945	2	1	1	0.0	0.0
Pelagibacter sp003282975	2	1	1	0.0	0.0
Pelagibacter sp003282985	5	10	10	0.0	0.0
Pelagibacter sp003283905	2	1	1	0.0	0.0
Pelagibacter sp008638165	5	10	10	0.0	0.0
Pelagibacter sp011526385	2	1	1	0.0	0.0
Pelagibacter sp012963775	2	1	1	0.0	0.0
Pelagibacter sp014653375	2	1	1	0.0	0.0
Pelagibacter sp014653385	2	1	1	100.0	5.0
Pelagibacter sp014653605	3	3	3	0.0	0.0
Pelagibacter sp014654265	3	3	3	0.0	0.0
Pelagibacter sp016778675	3	3	3	0.0	0.0
Pelagibacter sp017880265	2	1	1	0.0	0.0
Pelagibacter sp902515205	3	3	3	0.0	0.0
Pelagibacter sp902517745	2	1	1	100.0	4.0
Pelagibacter sp902518155	3	3	3	0.0	0.0
Pelagibacter sp902518165	3	3	3	0.0	0.0
Pelagibacter sp902518835	2	1	1	0.0	0.0
Pelagibacter sp902519255	3	3	3	66.66666666666667	2.0
Pelagibacter sp902519625	2	1	1	0.0	0.0
Pelagibacter sp902519695	2	1	1	0.0	0.0
Pelagibacter sp902519945	3	3	3	0.0	0.0
Pelagibacter sp902520335	2	1	1	0.0	0.0
Pelagibacter sp902521005	2	1	1	0.0	0.0
Pelagibacter sp902522115	3	3	3	0.0	0.0
Pelagibacter sp902524345	4	6	6	0.0	0.0
Pelagibacter sp902525355	2	1	1	100.0	2.0
Pelagibacter sp902525625	2	1	1	0.0	0.0
Pelagibacter sp902526645	3	3	3	0.0	0.0
Pelagibacter sp902529645	2	1	1	0.0	0.0
Pelagibacter sp902531175	2	1	1	0.0	0.0
Pelagibacter sp902533445	3	3	3	33.333333333333336	0.0
Pelagibacter sp902534735	3	3	3	33.333333333333336	1.0
Pelagibacter sp902537055	2	1	1	0.0	0.0
Pelagibacter sp902537665	2	1	1	100.0	5.0
Pelagibacter sp902538495	2	1	1	100.0	2.0
Pelagibacter sp902539165	2	1	1	100.0	2.0
Pelagibacter sp902540595	3	3	3	33.333333333333336	1.0
Pelagibacter sp902540785	2	1	1	100.0	2.0
Pelagibacter sp902541315	3	3	3	33.333333333333336	0.0
Pelagibacter sp902541515	2	1	1	0.0	0.0
Pelagibacter sp902541745	2	1	1	0.0	0.0
Pelagibacter sp902541825	4	6	6	33.333333333333336	0.0
Pelagibacter sp902543245	3	3	3	0.0	0.0
Pelagibacter sp902543295	2	1	1	0.0	0.0
Pelagibacter sp902543375	2	1	1	0.0	0.0
Pelagibacter sp902543575	3	3	3	0.0	0.0
Pelagibacter sp902544135	2	1	1	0.0	0.0
Pelagibacter sp902545555	2	1	1	0.0	0.0
Pelagibacter sp902546765	2	1	1	0.0	1.0
Pelagibacter sp902547215	2	1	1	100.0	2.0
Pelagibacter sp902547535	2	1	1	0.0	0.0
Pelagibacter sp902548405	2	1	1	0.0	0.0
Pelagibacter sp902549785	2	1	1	0.0	1.0
Pelagibacter sp902551755	2	1	1	100.0	2.0
Pelagibacter sp902552035	2	1	1	0.0	0.0
Pelagibacter sp902553465	2	1	1	0.0	1.0
Pelagibacter sp902555065	2	1	1	0.0	1.0
Pelagibacter sp902555275	2	1	1	0.0	0.0
Pelagibacter sp902555435	2	1	1	0.0	0.0
Pelagibacter sp902555465	2	1	1	0.0	0.0
Pelagibacter sp902555585	5	10	10	0.0	0.0
Pelagibacter sp902556065	2	1	1	0.0	0.0
Pelagibacter sp902557215	2	1	1	0.0	0.0
Pelagibacter sp902557385	3	3	3	0.0	0.0
Pelagibacter sp902558435	3	3	3	33.333333333333336	0.0
Pelagibacter sp902558705	2	1	1	0.0	0.0
Pelagibacter sp902558815	2	1	1	0.0	0.0
Pelagibacter sp902559635	2	1	1	100.0	3.0
Pelagibacter sp902560185	5	10	10	0.0	0.0
Pelagibacter sp902560565	2	1	1	0.0	1.0
Pelagibacter sp902560685	4	6	6	0.0	0.0
Pelagibacter sp902561765	7	21	21	14.285714285714286	0.0
Pelagibacter sp902562645	2	1	1	0.0	0.0
Pelagibacter sp902563555	2	1	1	0.0	0.0
Pelagibacter sp902564785	2	1	1	0.0	0.0
Pelagibacter sp902565935	4	6	6	0.0	0.0
Pelagibacter sp902566785	2	1	1	0.0	0.0
Pelagibacter sp902566805	2	1	1	0.0	0.0
Pelagibacter sp902567045	7	21	21	23.80952380952381	0.0
Pelagibacter sp902569055	2	1	1	0.0	1.0
Pelagibacter sp902570695	4	6	6	0.0	0.0
Pelagibacter sp902571055	2	1	1	0.0	0.0
Pelagibacter sp902571915	2	1	1	0.0	0.0
Pelagibacter sp902573465	2	1	1	100.0	2.0
Pelagibacter sp902576045	6	15	15	0.0	0.0
Pelagibacter sp902576335	2	1	1	0.0	0.0
Pelagibacter sp902577075	2	1	1	0.0	0.0
Pelagibacter sp902577525	2	1	1	0.0	0.0
Pelagibacter sp902578265	2	1	1	0.0	0.0
Pelagibacter sp902579105	5	10	10	0.0	0.0
Pelagibacter sp902579925	3	3	3	0.0	0.0
Pelagibacter sp902580895	2	1	1	0.0	0.0
Pelagibacter sp902581585	2	1	1	0.0	0.0
Pelagibacter sp902582605	2	1	1	0.0	0.0
Pelagibacter sp902584995	2	1	1	100.0	2.0
Pelagibacter sp902585365	2	1	1	0.0	0.0
Pelagibacter sp902586025	3	3	3	0.0	0.0
Pelagibacter sp902586125	7	21	21	0.0	0.0
Pelagibacter sp902586495	2	1	1	0.0	0.0
Pelagibacter sp902587095	2	1	1	0.0	1.0
Pelagibacter sp902587665	5	10	10	0.0	0.0
Pelagibacter sp902589345	3	3	3	0.0	0.0
Pelagibacter sp902589455	2	1	1	0.0	0.0
Pelagibacter sp902589725	2	1	1	0.0	0.0
Pelagibacter sp902589765	2	1	1	100.0	2.0
Pelagibacter sp902591025	4	6	6	0.0	0.0
Pelagibacter sp902591755	2	1	1	0.0	0.0
Pelagibacter sp902592445	2	1	1	0.0	0.0
Pelagibacter sp902593845	3	3	3	0.0	0.0
Pelagibacter sp902594255	2	1	1	0.0	0.0
Pelagibacter sp902594675	2	1	1	0.0	1.0
Pelagibacter sp902594705	5	10	10	20.0	0.0
Pelagibacter sp902595115	3	3	3	0.0	0.0
Pelagibacter sp902595125	2	1	1	0.0	0.0
Pelagibacter sp902596045	2	1	1	0.0	0.0
Pelagibacter sp902596325	6	15	15	0.0	0.0
Pelagibacter sp902596515	9	36	36	2.7777777777777777	0.0
Pelagibacter sp902596595	6	15	15	0.0	0.0
Pelagibacter sp902596925	3	3	3	0.0	0.0
Pelagibacter sp902596975	2	1	1	0.0	0.0
Pelagibacter sp902597335	3	3	3	0.0	0.0
Pelagibacter sp902597675	5	10	10	0.0	0.0
Pelagibacter sp902597895	6	15	15	13.333333333333334	0.0
Pelagibacter sp902598825	2	1	1	0.0	0.0
Pelagibacter sp902599995	3	3	3	0.0	1.0
Pelagibacter sp902600205	2	1	1	0.0	0.0
Pelagibacter sp902600485	2	1	1	0.0	0.0
Pelagibacter sp902606075	2	1	1	0.0	0.0
Pelagibacter sp902609685	8	28	28	0.0	0.0
Pelagibacter sp902611145	2	1	1	0.0	0.0
Pelagibacter sp902611265	2	1	1	0.0	0.0
Pelagibacter sp902611845	2	1	1	0.0	1.0
Pelagibacter sp902612325	3	3	3	33.333333333333336	0.0
Pelagibacter sp902612575	2	1	1	0.0	0.0
Pelagibacter sp902613065	2	1	1	0.0	0.0
Pelagibacter sp902614975	2	1	1	0.0	1.0
Pelagibacter sp902615145	2	1	1	0.0	0.0
Pelagibacter sp902615425	2	1	1	0.0	1.0
Pelagibacter sp902616245	5	10	10	40.0	1.0
Pelagibacter sp902616645	2	1	1	0.0	0.0
Pelagibacter sp902616725	5	10	10	0.0	0.0
Pelagibacter sp902617645	2	1	1	0.0	0.0
Pelagibacter sp902618205	3	3	3	0.0	1.0
Pelagibacter sp902618485	4	6	6	16.666666666666668	0.5
Pelagibacter sp902618695	2	1	1	0.0	0.0
Pelagibacter sp902619665	3	3	3	0.0	0.0
Pelagibacter sp902619925	4	6	6	83.33333333333333	3.0
Pelagibacter sp902620465	2	1	1	0.0	1.0
Pelagibacter sp902621345	2	1	1	0.0	0.0
Pelagibacter sp902622545	4	6	6	0.0	0.0
Pelagibacter sp902622795	2	1	1	0.0	1.0
Pelagibacter sp902622805	2	1	1	0.0	0.0
Pelagibacter sp902623215	4	6	6	0.0	0.0
Pelagibacter sp902623495	3	3	3	33.333333333333336	1.0
Pelagibacter sp902623975	6	15	15	33.333333333333336	1.0
Pelagibacter sp902625715	3	3	3	0.0	0.0
Pelagibacter sp902628495	2	1	1	0.0	1.0
Pelagibacter sp902631595	2	1	1	0.0	0.0
Pelagibacter sp902633125	5	10	10	0.0	0.0
Pelagibacter sp902633185	2	1	1	0.0	0.0
Pelagibacter sp902633965	2	1	1	0.0	0.0
Pelagibacter sp902634455	2	1	1	0.0	0.0
Pelagibacter sp902634885	3	3	3	0.0	0.0
Pelagibacter sp902635685	3	3	3	0.0	0.0
Pelagibacter sp902636025	2	1	1	0.0	0.0
Pelagibacter sp905478565	3	3	3	0.0	0.0
Pelagibacter sp905616395	2	1	1	100.0	2.0
Pelagibacter sp905620495	4	6	6	50.0	1.5
Pelagibacter ubique	14	91	91	4.395604395604396	0.0
Pelagibacter ubique_E	2	1	1	0.0	0.0
Pelagibacter ubique_Q	2	1	1	100.0	2.0
Pelagibacter_A sp003213555	2	1	1	0.0	0.0
Pelagibacter_A sp003278125	4	6	6	0.0	0.0
Pelagibacter_A sp003282835	2	1	1	0.0	0.0
Pelagibacter_A sp003282965	2	1	1	0.0	0.0
Pelagibacter_A sp003283025	2	1	1	0.0	0.0
Pelagibacter_A sp003284275	2	1	1	0.0	0.0
Pelagibacter_A sp016777595	2	1	1	0.0	0.0
Pelagibacter_A sp902537845	2	1	1	0.0	0.0
Pelagibacter_A sp902538445	3	3	3	66.66666666666667	2.0
Pelagibacter_A sp902539235	2	1	1	0.0	0.0
Pelagibacter_A sp902542165	2	1	1	0.0	0.0
Pelagibacter_A sp902555185	2	1	1	0.0	1.0
Pelagibacter_A sp902557785	2	1	1	0.0	1.0
Pelagibacter_A sp902569735	2	1	1	0.0	0.0
Pelagibacter_A sp902572605	2	1	1	0.0	0.0
Pelagibacter_A sp902573985	2	1	1	100.0	2.0
Pelagibacter_A sp902577575	2	1	1	0.0	0.0
Pelagibacter_A sp902579115	2	1	1	0.0	0.0
Pelagibacter_A sp902580565	2	1	1	0.0	1.0
Pelagibacter_A sp902585045	2	1	1	0.0	1.0
Pelagibacter_A sp902590505	3	3	3	0.0	0.0
Pelagibacter_A sp902593905	2	1	1	0.0	0.0
Pelagibacter_A sp902596205	2	1	1	0.0	0.0
Pelagibacter_A sp902601705	2	1	1	0.0	0.0
Pelagibacter_A sp902613545	2	1	1	0.0	0.0
Pelagibacter_A sp902619495	2	1	1	0.0	1.0
Pelagibacter_A sp902619675	2	1	1	100.0	3.0
Pelagibacter_A sp902619835	2	1	1	0.0	1.0
Pelagibacter_A sp902635225	2	1	1	0.0	0.0
Pelagibacter_A ubique_A	3	3	3	33.333333333333336	1.0
Pelagibacterium halotolerans	3	3	3	66.66666666666667	2.0
Pelagibacterium lentulum	2	1	1	100.0	2.0
Pelagibacterium sp002337455	4	6	6	83.33333333333333	5.5
Pelagibacterium sp002375765	2	1	1	0.0	0.0
Pelagibacterium sp002723255	4	6	6	100.0	4.0
Pelagimonas phthalicica	2	1	1	0.0	0.0
Pelagimonas varians	2	1	1	0.0	0.0
Pelethenecus faecipullorum	3	3	3	33.333333333333336	0.0
Pelethenecus sp900540705	4	6	6	0.0	0.0
Pelethocola sp900539175	3	3	3	100.0	4.0
Pelethomonas intestinigallinarum	4	6	6	50.0	1.0
Pelethomonas sp009774055	2	1	1	100.0	3.0
Pelethomonas sp014237695	2	1	1	100.0	8.0
Pelethomonas sp014799915	3	3	3	100.0	4.0
Pelethomonas sp900549475	3	3	3	66.66666666666667	2.0
Pelethosoma merdigallinarum	3	3	3	0.0	0.0
Pelethousia gallinarum	5	10	10	70.0	3.5
Pelethousia sp900542615	2	1	1	0.0	0.0
Pelistega indica	3	3	3	0.0	0.0
Pelistega ratti	2	1	1	100.0	10.0
Pelobium glucosidilyticum_A	2	1	1	100.0	6.0
Pelobium sp004293485	2	1	1	0.0	1.0
Pelobium sp018828585	6	15	15	33.333333333333336	1.0
Pelolinea submarina	2	1	1	0.0	0.0
Pelomonas sp001425165	2	1	1	0.0	1.0
Pelomonas sp003963075	2	1	1	100.0	5.0
Pelosinus fermentans	5	10	10	40.0	0.5
Pelotalea sp012556225	2	1	1	100.0	2.0
Pelotomaculum thermopropionicum	2	1	1	100.0	12.0
Pelotomaculum_B propionicicum	2	1	1	100.0	4.0
Pelotomaculum_C schinkii	2	1	1	100.0	12.0
Pelovirga sp007125165	3	3	3	0.0	0.0
Pelovirga sp018399135	2	1	1	100.0	24.0
Peptacetobacter hiranonis	4	6	6	33.333333333333336	2.0
Peptacetobacter sp900539645	4	6	6	0.0	0.0
Peptacetobacter sp900550335	2	1	1	0.0	0.0
Peptidiphaga gingivicola	3	3	3	0.0	0.0
Peptidiphaga sp000466165	3	3	3	0.0	0.0
Peptoanaerobacter margaretiae	2	1	1	100.0	3.0
Peptoanaerobacter stomatis	5	10	10	30.0	12.0
Peptoclostridium litorale	2	1	1	0.0	0.0
Peptococcus niger	3	3	3	33.333333333333336	1.0
Peptoniphilus asaccharolyticus	2	1	1	100.0	6.0
Peptoniphilus indolicus	2	1	1	100.0	30.0
Peptoniphilus_A faecalis	2	1	1	100.0	7.0
Peptoniphilus_A gorbachii	5	10	10	40.0	1.0
Peptoniphilus_A grossensis	4	6	6	33.333333333333336	3.0
Peptoniphilus_A harei	7	21	21	57.142857142857146	2.0
Peptoniphilus_A harei_A	4	6	6	16.666666666666668	1.0
Peptoniphilus_A lacrimalis	4	6	6	100.0	4.0
Peptoniphilus_A lacydonensis	4	6	6	83.33333333333333	3.0
Peptoniphilus_A phoceensis	0	0	0	0	
Peptoniphilus_A senegalensis	2	1	1	100.0	11.0
Peptoniphilus_A vaginalis	2	1	1	0.0	
Peptoniphilus_B duerdenii	2	1	1	100.0	20.0
Peptoniphilus_C sp902363535	2	1	1	100.0	3.0
Peptoniphilus_E obesi	0	0	0	0	
Peptostreptococcus anaerobius	12	66	66	12.121212121212121	0.5
Peptostreptococcus canis	2	1	1	0.0	0.0
Peptostreptococcus russellii	2	1	1	0.0	0.0
Peptostreptococcus russellii_A	3	3	3	33.333333333333336	0.0
Peptostreptococcus sp900759325	4	6	6	0.0	1.0
Peptostreptococcus stomatis	2	1	1	0.0	1.0
Peribacillus butanolivorans	8	28	28	100.0	8.5
Peribacillus frigoritolerans	24	276	276	94.20289855072464	7.0
Peribacillus huizhouensis	2	1	1	0.0	0.0
Peribacillus psychrosaccharolyticus	2	1	1	100.0	6.0
Peribacillus simplex	3	3	3	66.66666666666667	6.0
Peribacillus simplex_A	2	1	1	100.0	23.0
Peribacillus simplex_B	2	1	1	100.0	11.0
Peribacillus simplex_D	7	21	21	100.0	11.0
Peribacillus sp001510645	0	0	0	0	
Peribacillus sp002835675	3	3	3	100.0	5.0
Peribacillus sp900112495	2	1	1	100.0	3.0
Peribacter riflensis	9	36	36	36.111111111111114	0.0
Peribacter sp001872575	2	1	1	0.0	0.0
Permianibacter aggregans	0	0	0	0	
Persephonella marina	2	1	1	0.0	0.0
Persephonella sp015487465	2	1	1	0.0	0.0
Persicimonas caeni	2	1	1	0.0	0.0
Petrimonas mucosa	3	3	3	0.0	1.0
Petrimonas sp001898165	3	3	3	33.333333333333336	0.0
Petrimonas sp002356435	15	105	105	26.666666666666668	0.0
Petromonas tenebris	4	6	6	0.0	0.0
Petrotoga mobilis	7	21	21	57.142857142857146	2.0
Petrotoga olearia	3	3	3	0.0	0.0
Petrotoga sibirica	4	6	6	83.33333333333333	2.0
Phaeobacter gallaeciensis	8	28	28	57.142857142857146	2.0
Phaeobacter inhibens	26	325	325	90.15384615384616	7.0
Phaeobacter italicus	7	21	21	19.047619047619047	1.0
Phaeobacter piscinae	9	36	36	88.88888888888889	5.5
Phaeocystidibacter marisrubri	3	3	3	0.0	0.0
Phaeospirillum sp903853455	2	1	1	100.0	3.0
Phaeospirillum sp903901915	2	1	1	0.0	0.0
Phaeovulum veldkampii	3	3	3	0.0	0.0
Phascolarctobacterium faecium	33	528	528	25.0	0.0
Phascolarctobacterium sp900544795	3	3	3	66.66666666666667	2.0
Phascolarctobacterium sp900545535	3	3	3	66.66666666666667	2.0
Phascolarctobacterium sp900551745	2	1	1	0.0	0.0
Phascolarctobacterium_A sp017467905	2	1	1	100.0	3.0
Phascolarctobacterium_A sp017623055	4	6	6	16.666666666666668	0.0
Phascolarctobacterium_A sp900541915	3	3	3	0.0	0.0
Phascolarctobacterium_A sp900544885	4	6	6	16.666666666666668	0.5
Phascolarctobacterium_A sp900547415	3	3	3	66.66666666666667	2.0
Phascolarctobacterium_A sp900551335	3	3	3	33.333333333333336	1.0
Phascolarctobacterium_A sp900552855	3	3	3	0.0	0.0
Phascolarctobacterium_A sp900553055	4	6	6	83.33333333333333	6.0
Phascolarctobacterium_A sp900757795	2	1	1	0.0	1.0
Phascolarctobacterium_A succinatutens	16	120	120	51.666666666666664	2.0
Phascolarctobacterium_A succinatutens_A	4	6	6	66.66666666666667	4.5
Phenylobacterium sp001425305	3	3	3	33.333333333333336	1.0
Phenylobacterium sp001429025	2	1	1	0.0	0.0
Phenylobacterium sp001557235	2	1	1	100.0	3.0
Phenylobacterium sp001824475	2	1	1	100.0	8.0
Phenylobacterium sp002363865	3	3	3	66.66666666666667	2.0
Phenylobacterium sp013911965	2	1	1	100.0	8.0
Phenylobacterium sp018001015	3	3	3	33.333333333333336	0.0
Phenylobacterium sp018821435	5	10	10	20.0	1.0
Phenylobacterium sp903822175	4	6	6	83.33333333333333	4.0
Phenylobacterium sp903860975	5	10	10	40.0	1.0
Phenylobacterium sp903930545	3	3	3	0.0	0.0
Phenylobacterium sp903933475	2	1	1	100.0	2.0
Phenylobacterium zucineum	0	0	0	0	
Phil1 sp001940855	14	91	91	60.43956043956044	2.5
Phil1 sp004558525	6	15	15	46.666666666666664	1.0
Phil12 sp017469625	2	1	1	100.0	13.0
Phil12 sp900314725	5	10	10	60.0	3.0
Phil12 sp900315335	2	1	1	0.0	0.0
Phil12 sp900319595	2	1	1	0.0	0.0
Phocaeicola abscessus	3	3	3	33.333333333333336	1.0
Phocaeicola barnesiae	7	21	21	23.80952380952381	0.0
Phocaeicola caecigallinarum_A	2	1	1	100.0	4.0
Phocaeicola coprocola	16	120	120	60.833333333333336	3.0
Phocaeicola coprophilus	6	15	15	53.333333333333336	4.5
Phocaeicola dorei	91	4095	4095	84.17582417582418	12.0
Phocaeicola excrementipullorum	2	1	1	0.0	1.0
Phocaeicola faecipullorum_A	2	1	1	0.0	1.0
Phocaeicola gallinaceus	12	66	66	81.81818181818181	8.0
Phocaeicola ilei	2	1	1	100.0	7.0
Phocaeicola massiliensis	21	210	210	74.76190476190476	6.0
Phocaeicola mediterraneensis	3	3	3	66.66666666666667	7.0
Phocaeicola merdavium	5	10	10	60.0	3.0
Phocaeicola merdigallinarum	5	10	10	40.0	3.0
Phocaeicola paurosaccharolyticus	2	1	1	0.0	0.0
Phocaeicola plebeius	11	55	55	81.81818181818181	5.0
Phocaeicola plebeius_A	26	325	325	77.53846153846153	5.0
Phocaeicola salanitronis	2	1	1	100.0	7.0
Phocaeicola sartorii	7	21	21	100.0	6.0
Phocaeicola sp000432735	3	3	3	66.66666666666667	7.0
Phocaeicola sp000434735	3	3	3	100.0	5.0
Phocaeicola sp000436795	3	3	3	0.0	0.0
Phocaeicola sp002493165	5	10	10	60.0	2.0
Phocaeicola sp011959205	2	1	1	0.0	0.0
Phocaeicola sp017420875	3	3	3	0.0	0.0
Phocaeicola sp017466635	2	1	1	100.0	2.0
Phocaeicola sp900066445	2	1	1	100.0	2.0
Phocaeicola sp900540105	6	15	15	33.333333333333336	0.0
Phocaeicola sp900541515	4	6	6	66.66666666666667	2.0
Phocaeicola sp900542985	3	3	3	0.0	0.0
Phocaeicola sp900544675	3	3	3	0.0	0.0
Phocaeicola sp900546355	2	1	1	0.0	0.0
Phocaeicola sp900546645	3	3	3	33.333333333333336	1.0
Phocaeicola sp900551065	4	6	6	66.66666666666667	2.0
Phocaeicola sp900551445	3	3	3	66.66666666666667	5.0
Phocaeicola sp900551645	2	1	1	0.0	0.0
Phocaeicola sp900553185	3	3	3	0.0	0.0
Phocaeicola sp902388365	3	3	3	66.66666666666667	5.0
Phocaeicola sp902779535	5	10	10	10.0	1.0
Phocaeicola vulgatus	255	32385	32385	92.88250733364212	12.0
Phocaeicola_A sp003489705	4	6	6	33.333333333333336	1.0
Phocaeicola_A sp017516265	2	1	1	100.0	3.0
Phocaeicola_A sp017517605	2	1	1	100.0	4.0
Phocaeicola_A sp017521285	2	1	1	100.0	8.0
Phocaeicola_A sp900291465	4	6	6	50.0	7.0
Phocaeicola_A sp900765575	2	1	1	0.0	1.0
Phocea massiliensis	5	10	10	90.0	5.5
Phocoenobacter atlantica	2	1	1	0.0	1.0
Phocoenobacter skyensis	2	1	1	0.0	0.0
Phoenicibacter congonensis	2	1	1	0.0	0.0
Phormidesmis_A priestleyi_A	3	3	3	33.333333333333336	1.0
Phormidesmis_A priestleyi_B	2	1	1	100.0	2.0
Phormidium_A sp004299065	2	1	1	0.0	1.0
Phormidium_A sp007126595	4	6	6	50.0	1.5
Phormidium_A willei_A	2	1	1	100.0	20.0
Photobacterium angustum	27	351	351	68.66096866096866	2.0
Photobacterium aphoticum	4	6	6	0.0	0.0
Photobacterium aquimaris	6	15	15	73.33333333333333	3.0
Photobacterium carnosum	2	1	1	100.0	4.0
Photobacterium damselae	54	1431	1431	77.77777777777777	9.0
Photobacterium gaetbulicola	3	3	3	66.66666666666667	5.0
Photobacterium ganghwense	4	6	6	50.0	2.5
Photobacterium halotolerans	4	6	6	66.66666666666667	2.0
Photobacterium iliopiscarium	6	15	15	66.66666666666667	3.0
Photobacterium jeanii	2	1	1	0.0	0.0
Photobacterium kishitanii	24	276	276	52.53623188405797	2.0
Photobacterium leiognathi	15	105	105	62.857142857142854	5.5
Photobacterium lucens	3	3	3	66.66666666666667	2.0
Photobacterium lutimaris	2	1	1	0.0	0.0
Photobacterium malacitanum	6	15	15	66.66666666666667	3.0
Photobacterium marinum	2	1	1	100.0	18.0
Photobacterium phosphoreum	23	253	253	67.58893280632411	2.0
Photobacterium piscicola	2	1	1	0.0	1.0
Photobacterium profundum	2	1	1	0.0	0.0
Photobacterium rosenbergii	2	1	1	100.0	2.0
Photobacterium sanguinicancri	2	1	1	100.0	7.0
Photobacterium sp003026105	8	28	28	50.0	1.5
Photobacterium sp014841115	2	1	1	100.0	3.0
Photobacterium swingsii	2	1	1	0.0	0.0
Photorhabdus akhurstii	5	10	10	100.0	8.0
Photorhabdus asymbiotica	2	1	1	100.0	4.0
Photorhabdus australis	2	1	1	100.0	8.0
Photorhabdus bodei	10	45	45	82.22222222222223	7.0
Photorhabdus heterorhabditis	4	6	6	100.0	8.5
Photorhabdus khanii	4	6	6	100.0	19.0
Photorhabdus laumondii	22	231	231	95.67099567099567	8.0
Photorhabdus luminescens	4	6	6	100.0	13.0
Photorhabdus tasmaniensis	0	0	0	0	
Photorhabdus thracensis	4	6	6	100.0	19.5
Phycicoccus endophyticus	3	3	3	0.0	0.0
Phycicoccus jejuensis	4	6	6	66.66666666666667	4.0
Phycicoccus_A elongatus	2	1	1	100.0	157.0
Phycisphaera mikurensis	2	1	1	0.0	0.0
Phyllobacterium brassicacearum	2	1	1	0.0	0.0
Phyllobacterium endophyticum	4	6	6	83.33333333333333	9.5
Phyllobacterium myrsinacearum	5	10	10	50.0	1.5
Phyllobacterium pellucidum	6	15	15	100.0	9.0
Phyllobacterium sophorae	3	3	3	100.0	8.0
Phyllobacterium sp900472835	30	435	435	48.50574712643678	1.0
Phyllobacterium sp900539805	2	1	1	100.0	7.0
Phyllobacterium trifolii	4	6	6	83.33333333333333	6.5
Phyllobacterium zundukense	2	1	1	100.0	2.0
Phytoactinopolyspora halophila	2	1	1	100.0	3.0
Phytobacter diazotrophicus	19	171	171	85.38011695906432	5.0
Phytobacter massiliensis	0	0	0	0	
Phytobacter ursingii	7	21	21	80.95238095238095	6.0
Phytomonospora endophytica	2	1	1	0.0	0.0
Phytoplasma aurantifolia	0	0	0	0	
Phytoplasma australiense	2	1	1	100.0	4.0
Phytoplasma oryzae	2	1	1	0.0	1.0
Phytoplasma pruni_A	2	1	1	0.0	1.0
Phytoplasma solani	2	1	1	100.0	39.0
Phytoplasma sp000009845	11	55	55	61.81818181818182	3.0
Phytoplasma sp000012225	2	1	1	0.0	0.0
Phytoplasma sp000309485	3	3	3	0.0	0.0
Phytoplasma sp000364425	2	1	1	100.0	7.0
Phytoplasma sp001623385	2	1	1	100.0	7.0
Picrophilus oshimae	2	1	1	0.0	0.0
Pigmentiphaga litoralis_A	2	1	1	0.0	0.0
Pigmentiphaga sp001898625	3	3	3	0.0	0.0
Pigmentiphaga sp002188635	3	3	3	66.66666666666667	7.0
Pigmentiphaga sp009360345	3	3	3	100.0	166.0
Pinisolibacter aquiterrae	2	1	1	0.0	0.0
Pirellula staleyi	2	1	1	0.0	0.0
Pirellula_B sp003671195	2	1	1	100.0	3.0
Pirellula_B sp903820735	3	3	3	100.0	6.0
Pirellula_B sp903837255	2	1	1	100.0	4.0
Piscibacillus halophilus	2	1	1	0.0	0.0
Pisciglobus halotolerans	2	1	1	100.0	6.0
Piscinibacter sp016706565	2	1	1	100.0	18.0
Piscinibacter sp017983795	4	6	6	83.33333333333333	6.5
Piscirickettsia salmonis	86	3655	3655	90.04103967168263	20.0
Pla86 sp007751255	2	1	1	0.0	0.0
Planifilum fulgidum	2	1	1	100.0	2.0
Planktomarina sp000981705	2	1	1	0.0	0.0
Planktomarina sp002683685	6	15	15	6.666666666666667	0.0
Planktomarina sp017856985	5	10	10	0.0	0.0
Planktomarina sp905182535	2	1	1	100.0	3.0
Planktomarina temperata	20	190	190	0.5263157894736842	0.0
Planktophila dulcis	3	3	3	0.0	0.0
Planktophila lacus	3	3	3	0.0	0.0
Planktophila limnetica	5	10	10	0.0	0.0
Planktophila sp000378885	3	3	3	33.333333333333336	1.0
Planktophila sp001438925	5	10	10	0.0	0.0
Planktophila sp002284855	2	1	1	0.0	0.0
Planktophila sp002284875	2	1	1	0.0	0.0
Planktophila sp003569265	2	1	1	0.0	0.0
Planktophila sp005800815	4	6	6	0.0	0.0
Planktophila sp009694515	2	1	1	0.0	0.0
Planktophila sp009698295	2	1	1	0.0	0.0
Planktophila sp009698445	3	3	3	0.0	0.0
Planktophila sp009698675	5	10	10	0.0	0.0
Planktophila sp009698815	10	45	45	0.0	0.0
Planktophila sp009699165	4	6	6	0.0	0.0
Planktophila sp009699825	3	3	3	33.333333333333336	0.0
Planktophila sp009700365	2	1	1	100.0	2.0
Planktophila sp009701085	2	1	1	0.0	0.0
Planktophila sp009701185	6	15	15	0.0	0.0
Planktophila sp009701945	2	1	1	0.0	0.0
Planktophila sp009702525	2	1	1	0.0	0.0
Planktophila sp009702835	3	3	3	33.333333333333336	1.0
Planktophila sp009702925	3	3	3	0.0	0.0
Planktophila sp009705025	2	1	1	0.0	0.0
Planktophila sp009705035	2	1	1	0.0	0.0
Planktophila sp009726135	6	15	15	0.0	0.0
Planktophila sp010024385	13	78	78	3.8461538461538463	0.0
Planktophila sp010032875	2	1	1	0.0	0.0
Planktophila sp013205535	2	1	1	0.0	0.0
Planktophila sp903825015	4	6	6	0.0	0.0
Planktophila sp903832395	6	15	15	20.0	1.0
Planktophila sp903845465	5	10	10	20.0	0.5
Planktophila sp903852815	4	6	6	0.0	0.0
Planktophila sp903852955	4	6	6	0.0	0.0
Planktophila sp903874255	4	6	6	0.0	0.0
Planktophila sp903890345	4	6	6	0.0	0.0
Planktophila sp903904665	2	1	1	0.0	0.0
Planktophila sp903918325	4	6	6	16.666666666666668	0.0
Planktophila sp903921405	9	36	36	8.333333333333334	0.0
Planktophila sp903932885	2	1	1	0.0	0.0
Planktophila sp903954055	5	10	10	0.0	0.0
Planktophila versatilis	4	6	6	0.0	0.0
Planktosalinus sp001873105	7	21	21	0.0	0.0
Planktotalea frisia	4	6	6	0.0	0.0
Planktotalea sp000156115	3	3	3	33.333333333333336	1.0
Planktothricoides sp001276715	3	3	3	100.0	5.0
Planktothrix agardhii	3	3	3	33.333333333333336	1.0
Planktothrix rubescens	11	55	55	9.090909090909092	0.0
Planktothrix sp014697575	2	1	1	100.0	9.0
Planobacterium lacus	4	6	6	50.0	1.5
Planobacterium sp014041915	3	3	3	66.66666666666667	5.0
Planobacterium taklimakanense	3	3	3	100.0	8.0
Planobispora rosea	3	3	3	66.66666666666667	6.0
Planococcus antarcticus	2	1	1	0.0	1.0
Planococcus citreus	2	1	1	0.0	0.0
Planococcus glaciei	5	10	10	20.0	0.0
Planococcus halocryophilus	2	1	1	100.0	3.0
Planococcus halotolerans	2	1	1	0.0	1.0
Planococcus kocurii	4	6	6	50.0	2.0
Planococcus koreensis	2	1	1	0.0	0.0
Planococcus maritimus_C	3	3	3	100.0	2.0
Planococcus massiliensis	2	1	1	0.0	0.0
Planococcus okeanokoites	3	3	3	0.0	0.0
Planococcus salinarum	2	1	1	0.0	0.0
Planococcus soli	2	1	1	0.0	0.0
Planococcus sp002833405	4	6	6	50.0	2.5
Planococcus sp014836985	2	1	1	100.0	2.0
Planococcus sp019042655	2	1	1	100.0	2.0
Planomonospora parontospora	6	15	15	86.66666666666667	18.0
Planosporangium flavigriseum	2	1	1	0.0	0.0
Planosporangium mesophilum	2	1	1	0.0	0.0
Plantactinospora sp003030345	2	1	1	100.0	38.0
Plantibacter cousiniae	11	55	55	49.09090909090909	2.0
Plantibacter flavus	2	1	1	0.0	0.0
Plantibacter flavus_A	4	6	6	83.33333333333333	4.0
Plantibacter sp001423185	3	3	3	66.66666666666667	2.0
Plasticicumulans sp003962905	2	1	1	100.0	5.0
Pleionea sp013373545	2	1	1	0.0	0.0
Pleomorphomonas carboxyditropha	2	1	1	0.0	
Pleomorphomonas diazotrophica	2	1	1	0.0	0.0
Pleomorphomonas koreensis	2	1	1	0.0	0.0
Pleomorphomonas sp011759535	0	0	0	0	
Plesiomonas shigelloides	29	406	406	52.95566502463054	2.0
Pleurocapsa sp012034765	3	3	3	100.0	13.0
Pluralibacter gergoviae	23	253	253	81.81818181818181	5.0
Pokkaliibacter plantistimulans	2	1	1	100.0	9.0
Polaribacter dokdonensis	2	1	1	0.0	0.0
Polaribacter glomeratus	2	1	1	0.0	0.0
Polaribacter haliotis	2	1	1	0.0	0.0
Polaribacter reichenbachii	3	3	3	0.0	0.0
Polaribacter sejongensis	2	1	1	100.0	15.0
Polaribacter sp001873065	8	28	28	0.0	0.0
Polaribacter sp002005425	2	1	1	0.0	0.0
Polaribacter sp002340765	3	3	3	0.0	0.0
Polaribacter sp002471825	2	1	1	0.0	0.0
Polaribacter sp007997085	2	1	1	0.0	0.0
Polaribacter sp011379025	2	1	1	0.0	0.0
Polaribacter sp018608545	2	1	1	0.0	0.0
Polaribacter sp018663625	5	10	10	0.0	0.0
Polaribacter sp900106075	5	10	10	20.0	0.0
Polaribacter sp905181765	2	1	1	0.0	0.0
Polaribacter vadi	2	1	1	0.0	0.0
Polaromonas sp000751355	2	1	1	100.0	8.0
Polaromonas sp002256925	4	6	6	0.0	0.0
Polaromonas sp002278925	5	10	10	0.0	0.0
Polaromonas sp003711205	2	1	1	0.0	0.0
Polaromonas sp015752205	3	3	3	0.0	0.0
Polaromonas sp016000195	2	1	1	0.0	0.0
Polycyclovorans sp002706265	3	3	3	0.0	1.0
Polymorphobacter fuscus	3	3	3	0.0	0.0
Polymorphobacter multimanifer	2	1	1	100.0	6.0
Polymorphobacter sp903939555	4	6	6	33.333333333333336	0.5
Polynucleobacter asymbioticus	11	55	55	29.09090909090909	0.0
Polynucleobacter difficilis	2	1	1	0.0	0.0
Polynucleobacter paneuropaeus	32	496	496	3.4274193548387095	0.0
Polynucleobacter sp001830325	2	1	1	0.0	0.0
Polynucleobacter sp001870365	3	3	3	33.333333333333336	1.0
Polynucleobacter sp001889925	4	6	6	33.333333333333336	1.0
Polynucleobacter sp002292975	4	6	6	0.0	0.5
Polynucleobacter sp002359975	7	21	21	9.523809523809524	0.0
Polynucleobacter sp003482545	2	1	1	0.0	0.0
Polynucleobacter sp009923575	2	1	1	0.0	0.0
Polynucleobacter sp009927445	2	1	1	0.0	0.0
Polynucleobacter sp009928245	13	78	78	39.743589743589745	1.0
Polynucleobacter sp018500105	2	1	1	0.0	0.0
Polynucleobacter sp018687495	2	1	1	0.0	0.0
Polynucleobacter sp018687535	3	3	3	33.333333333333336	1.0
Polynucleobacter sp018687555	0	0	0	0	
Polynucleobacter sp018687735	2	1	1	0.0	0.0
Polynucleobacter sp018687935	4	6	6	0.0	0.0
Polynucleobacter sp018688335	2	1	1	100.0	3.0
Polynucleobacter sp018688495	2	1	1	0.0	0.0
Polynucleobacter sp018882215	2	1	1	0.0	0.0
Polynucleobacter sp900176405	3	3	3	33.333333333333336	1.0
Polynucleobacter sp903821995	9	36	36	5.555555555555555	0.0
Polynucleobacter sp903826775	8	28	28	10.714285714285714	0.0
Polynucleobacter sp903827075	6	15	15	0.0	0.0
Polynucleobacter sp903837335	2	1	1	0.0	1.0
Polynucleobacter sp903843235	5	10	10	0.0	0.0
Polynucleobacter sp903843315	17	136	136	2.2058823529411766	0.0
Polynucleobacter sp903845455	7	21	21	0.0	0.0
Polynucleobacter sp903846025	20	190	190	26.31578947368421	1.0
Polynucleobacter sp903867305	6	15	15	26.666666666666668	0.0
Polynucleobacter sp903875135	4	6	6	16.666666666666668	1.0
Polynucleobacter sp903880555	4	6	6	0.0	0.0
Polynucleobacter sp903889595	2	1	1	0.0	1.0
Polynucleobacter sp903935355	43	903	903	0.0	0.0
Polynucleobacter sp903944255	2	1	1	0.0	0.0
Polynucleobacter sp903944725	34	561	561	0.5347593582887701	0.0
Polynucleobacter sp903953215	15	105	105	19.047619047619047	0.0
Polynucleobacter sphagniphilus	8	28	28	17.857142857142858	0.0
Polynucleobacter wuianus	3	3	3	66.66666666666667	2.0
Pontibacillus marinus	2	1	1	0.0	0.0
Pontibacillus yanchengensis_A	2	1	1	100.0	2.0
Pontibacillus_A halophilus	2	1	1	0.0	0.0
Pontibacter actiniarum	2	1	1	0.0	0.0
Pontibacter akesuensis	3	3	3	0.0	0.0
Pontibacter lucknowensis	2	1	1	100.0	3.0
Pontibacter sp018122615	2	1	1	0.0	0.0
Pontibacter ummariensis	2	1	1	0.0	0.0
Ponticaulis sp002173095	2	1	1	0.0	0.0
Ponticaulis sp002338565	4	6	6	33.333333333333336	0.0
Ponticaulis sp002723155	2	1	1	0.0	1.0
Pontiella sp016744085	2	1	1	0.0	1.0
Pontiella sp016937945	2	1	1	0.0	1.0
Pontimonas sp000754445	2	1	1	0.0	0.0
Pontimonas sp001438965	2	1	1	0.0	0.0
Pontimonas sp009704535	2	1	1	0.0	0.0
Pontimonas sp017852615	7	21	21	0.0	0.0
Pontimonas sp017857245	3	3	3	0.0	0.0
Pontivivens insulae	2	1	1	0.0	0.0
Porcincola intestinalis	6	15	15	33.333333333333336	1.0
Porcincola sp002350685	2	1	1	0.0	0.0
Porcincola sp002371345	4	6	6	33.333333333333336	1.0
Porcincola sp900313765	3	3	3	0.0	0.0
Porcincola sp900318615	5	10	10	0.0	0.0
Porcincola sp900321365	2	1	1	0.0	0.0
Porcincola sp900555005	2	1	1	0.0	0.0
Porcincola sp902767065	2	1	1	100.0	2.0
Porcincola sp902779575	3	3	3	0.0	0.0
Porcincola sp902799015	3	3	3	0.0	0.0
Porcincola sp902800805	18	153	153	14.379084967320262	0.0
Porphyromonas asaccharolytica	3	3	3	100.0	6.0
Porphyromonas catoniae	2	1	1	0.0	
Porphyromonas circumdentaria	2	1	1	100.0	2.0
Porphyromonas crevioricanis	6	15	15	73.33333333333333	4.0
Porphyromonas endodontalis	3	3	3	66.66666666666667	9.0
Porphyromonas gingivalis	70	2415	2415	72.46376811594203	13.0
Porphyromonas gingivicanis	2	1	1	100.0	4.0
Porphyromonas gulae	13	78	78	57.69230769230769	16.0
Porphyromonas macacae	7	21	21	80.95238095238095	32.0
Porphyromonas pasteri	32	496	496	71.9758064516129	6.0
Porphyromonas sp000467855	2	1	1	100.0	3.0
Porphyromonas sp000769075	2	1	1	100.0	21.0
Porphyromonas sp003640335	3	3	3	100.0	2.0
Porphyromonas sp900538385	3	3	3	100.0	13.0
Porphyromonas sp900539155	3	3	3	33.333333333333336	1.0
Porphyromonas sp900539765	3	3	3	100.0	3.0
Porphyromonas sp900546675	4	6	6	100.0	20.0
Porphyromonas sp900548415	2	1	1	100.0	4.0
Porphyromonas sp905372565	2	1	1	0.0	1.0
Porphyromonas uenonis	2	1	1	100.0	2.0
Porphyromonas_A bennonis	2	1	1	100.0	2.0
Porphyromonas_A cangingivalis	6	15	15	40.0	3.0
Porphyromonas_A canoris	4	6	6	100.0	6.5
Porphyromonas_A levii	20	190	190	67.89473684210526	3.0
Porphyromonas_A somerae	5	10	10	30.0	11.0
Porphyromonas_A sp900554935	2	1	1	100.0	2.0
Porticoccus hydrocarbonoclasticus	4	6	6	0.0	0.0
Porticoccus sp002390285	6	15	15	0.0	0.0
Porticoccus sp002390525	4	6	6	0.0	0.0
Porticoccus sp002707685	2	1	1	0.0	0.0
Porticoccus sp002746985	2	1	1	100.0	2.0
Porticoccus sp018066715	2	1	1	0.0	0.0
Porticoccus sp905181945	2	1	1	0.0	0.0
Portiera aleyrodidarum	8	28	28	0.0	0.0
Poseidonia alphae	5	10	10	0.0	0.0
Poseidonia sp002494645	2	1	1	0.0	0.0
Poseidonia sp002495645	2	1	1	0.0	0.0
Poseidonia sp002497765	3	3	3	0.0	0.0
Poseidonia sp002689105	2	1	1	0.0	0.0
Poseidonia sp002714305	8	28	28	0.0	0.0
Poseidonia sp002722695	3	3	3	0.0	0.0
Poseidonia sp002725275	3	3	3	0.0	0.0
Poseidonia sp002726495	3	3	3	0.0	0.0
Poseidonia sp002728035	2	1	1	0.0	1.0
Poseidonia sp003602475	2	1	1	0.0	0.0
Poseidonia sp016778305	5	10	10	0.0	0.0
Poseidonia sp018662715	3	3	3	0.0	0.0
Poseidonia sp8339u	3	3	3	0.0	0.0
Poseidonibacter lekithochrous	3	3	3	0.0	0.0
Poseidonibacter parvus	2	1	1	0.0	0.0
Poseidonibacter sp009208075	3	3	3	33.333333333333336	1.0
Pradoshia sp001685035	4	6	6	0.0	0.0
Pradoshia sp904501845	2	1	1	0.0	0.0
Pragia fontium	5	10	10	10.0	0.0
Prevotella albensis	2	1	1	0.0	0.0
Prevotella amnii	4	6	6	50.0	7.0
Prevotella aurantiaca	4	6	6	66.66666666666667	2.0
Prevotella avicola	5	10	10	100.0	6.5
Prevotella baroniae	3	3	3	100.0	6.0
Prevotella bivia	8	28	28	50.0	10.0
Prevotella brevis	2	1	1	100.0	5.0
Prevotella brunnea	2	1	1	0.0	
Prevotella bryantii	13	78	78	39.743589743589745	1.0
Prevotella buccae	6	15	15	60.0	5.0
Prevotella buccalis	2	1	1	100.0	19.0
Prevotella conceptionensis	4	6	6	16.666666666666668	12.0
Prevotella copri	94	4371	4371	90.82589796385267	7.0
Prevotella copri_A	12	66	66	84.84848484848484	10.0
Prevotella corporis	3	3	3	33.333333333333336	4.0
Prevotella denticola	14	91	91	91.20879120879121	6.0
Prevotella disiens	5	10	10	50.0	11.0
Prevotella enoeca	2	1	1	0.0	0.0
Prevotella fusca	3	3	3	0.0	0.0
Prevotella histicola	21	210	210	70.47619047619048	4.0
Prevotella hominis	11	55	55	74.54545454545455	6.0
Prevotella intermedia	34	561	561	98.2174688057041	29.0
Prevotella jejuni	7	21	21	66.66666666666667	15.0
Prevotella lascolaii	5	10	10	50.0	4.0
Prevotella loescheii	3	3	3	33.333333333333336	4.0
Prevotella maculosa	3	3	3	33.333333333333336	3.0
Prevotella marshii	0	0	0	0	
Prevotella melaninogenica	36	630	630	87.93650793650794	5.0
Prevotella melaninogenica_B	4	6	6	50.0	16.0
Prevotella micans	4	6	6	0.0	1.0
Prevotella mizrahii	6	15	15	86.66666666666667	3.0
Prevotella multiformis	2	1	1	100.0	15.0
Prevotella multisaccharivorax	3	3	3	100.0	10.0
Prevotella nanceiensis	11	55	55	43.63636363636363	1.0
Prevotella nigrescens	13	78	78	94.87179487179488	13.0
Prevotella oralis	5	10	10	30.0	13.0
Prevotella oris	7	21	21	14.285714285714286	5.0
Prevotella oryzae	2	1	1	0.0	0.0
Prevotella oulorum	5	10	10	50.0	5.5
Prevotella pallens	40	780	780	83.07692307692308	4.0
Prevotella paludivivens	2	1	1	0.0	0.0
Prevotella pectinovora	12	66	66	69.6969696969697	5.0
Prevotella pleuritidis	4	6	6	83.33333333333333	5.0
Prevotella rara	7	21	21	57.142857142857146	5.0
Prevotella ruminicola	15	105	105	78.0952380952381	3.0
Prevotella ruminicola_C	3	3	3	66.66666666666667	4.0
Prevotella saccharolytica	3	3	3	33.333333333333336	25.0
Prevotella salivae	26	325	325	48.30769230769231	1.0
Prevotella scopos	4	6	6	0.0	0.0
Prevotella seregens	3	3	3	33.333333333333336	9.0
Prevotella shahii	5	10	10	90.0	8.5
Prevotella sp000257925	10	45	45	80.0	3.0
Prevotella sp000431975	3	3	3	66.66666666666667	5.0
Prevotella sp000433175	3	3	3	100.0	2.0
Prevotella sp000434975	11	55	55	70.9090909090909	3.0
Prevotella sp000436035	4	6	6	83.33333333333333	5.0
Prevotella sp000436595	5	10	10	60.0	3.5
Prevotella sp000436695	3	3	3	66.66666666666667	3.0
Prevotella sp000436915	4	6	6	50.0	4.0
Prevotella sp000467895	4	6	6	33.333333333333336	3.0
Prevotella sp000479005	3	3	3	66.66666666666667	11.0
Prevotella sp000599605	3	3	3	66.66666666666667	3.0
Prevotella sp000702825	2	1	1	100.0	5.0
Prevotella sp001553265	2	1	1	100.0	6.0
Prevotella sp002251245	2	1	1	100.0	3.0
Prevotella sp002251295	14	91	91	58.24175824175824	2.0
Prevotella sp002251365	5	10	10	80.0	2.0
Prevotella sp002251385	8	28	28	71.42857142857143	4.0
Prevotella sp002265625	4	6	6	100.0	16.5
Prevotella sp002297965	2	1	1	100.0	2.0
Prevotella sp002298815	4	6	6	0.0	0.0
Prevotella sp002299275	2	1	1	0.0	1.0
Prevotella sp002299635	3	3	3	0.0	0.0
Prevotella sp002300055	6	15	15	86.66666666666667	2.0
Prevotella sp002314055	9	36	36	63.888888888888886	2.5
Prevotella sp002350805	8	28	28	82.14285714285714	3.0
Prevotella sp002351725	9	36	36	88.88888888888889	4.0
Prevotella sp002353205	2	1	1	0.0	0.0
Prevotella sp002353225	6	15	15	80.0	4.0
Prevotella sp002353295	2	1	1	100.0	7.0
Prevotella sp002353485	2	1	1	0.0	0.0
Prevotella sp002353555	3	3	3	66.66666666666667	2.0
Prevotella sp002353585	8	28	28	53.57142857142857	3.0
Prevotella sp002353825	4	6	6	66.66666666666667	2.0
Prevotella sp002353975	4	6	6	83.33333333333333	3.0
Prevotella sp002354095	6	15	15	73.33333333333333	3.0
Prevotella sp002372235	2	1	1	100.0	4.0
Prevotella sp002372575	3	3	3	0.0	0.0
Prevotella sp002373375	9	36	36	55.55555555555556	2.0
Prevotella sp002391185	10	45	45	62.22222222222222	2.0
Prevotella sp002392645	2	1	1	100.0	3.0
Prevotella sp002392835	2	1	1	100.0	3.0
Prevotella sp002394365	4	6	6	66.66666666666667	2.0
Prevotella sp002394385	9	36	36	80.55555555555556	3.0
Prevotella sp002395135	2	1	1	100.0	2.0
Prevotella sp002409785	3	3	3	0.0	0.0
Prevotella sp002437285	13	78	78	39.743589743589745	1.0
Prevotella sp002437565	8	28	28	21.428571428571427	0.0
Prevotella sp002439605	2	1	1	0.0	0.0
Prevotella sp002440225	2	1	1	100.0	5.0
Prevotella sp002449845	3	3	3	100.0	4.0
Prevotella sp002451555	2	1	1	0.0	0.0
Prevotella sp002479145	5	10	10	30.0	1.0
Prevotella sp002480935	8	28	28	50.0	1.5
Prevotella sp002481295	4	6	6	50.0	3.0
Prevotella sp002933775	11	55	55	21.818181818181817	0.0
Prevotella sp003043925	2	1	1	100.0	7.0
Prevotella sp003043945	2	1	1	100.0	3.0
Prevotella sp003447235	13	78	78	44.87179487179487	1.0
Prevotella sp003483565	2	1	1	0.0	0.0
Prevotella sp004555245	3	3	3	0.0	1.0
Prevotella sp004556065	10	45	45	31.11111111111111	1.0
Prevotella sp004557285	2	1	1	100.0	2.0
Prevotella sp013166515	3	3	3	33.333333333333336	1.0
Prevotella sp013166545	5	10	10	70.0	9.0
Prevotella sp013166605	2	1	1	100.0	4.0
Prevotella sp013333285	3	3	3	33.333333333333336	0.0
Prevotella sp015060535	4	6	6	100.0	4.0
Prevotella sp015074785	44	946	946	94.29175475687103	11.0
Prevotella sp015256945	2	1	1	100.0	3.0
Prevotella sp017410365	5	10	10	80.0	3.0
Prevotella sp017413085	2	1	1	100.0	2.0
Prevotella sp017415455	3	3	3	0.0	1.0
Prevotella sp017428055	2	1	1	100.0	2.0
Prevotella sp017445845	2	1	1	100.0	5.0
Prevotella sp017449725	3	3	3	0.0	0.0
Prevotella sp017458005	2	1	1	100.0	9.0
Prevotella sp017458125	2	1	1	100.0	8.0
Prevotella sp017471245	2	1	1	0.0	0.0
Prevotella sp017474925	2	1	1	100.0	2.0
Prevotella sp017475005	2	1	1	0.0	0.0
Prevotella sp017477435	2	1	1	100.0	2.0
Prevotella sp017478025	2	1	1	100.0	10.0
Prevotella sp017479675	3	3	3	33.333333333333336	0.0
Prevotella sp017508965	2	1	1	100.0	5.0
Prevotella sp017548525	2	1	1	0.0	0.0
Prevotella sp017550455	2	1	1	0.0	0.0
Prevotella sp017627765	2	1	1	100.0	4.0
Prevotella sp017651265	3	3	3	33.333333333333336	0.0
Prevotella sp018053665	3	3	3	0.0	0.0
Prevotella sp018054505	2	1	1	0.0	0.0
Prevotella sp900100635	10	45	45	95.55555555555556	3.0
Prevotella sp900107705	2	1	1	0.0	1.0
Prevotella sp900109055	3	3	3	0.0	0.0
Prevotella sp900110085	3	3	3	66.66666666666667	14.0
Prevotella sp900110895	3	3	3	33.333333333333336	1.0
Prevotella sp900115435	8	28	28	28.571428571428573	1.0
Prevotella sp900119285	2	1	1	100.0	2.0
Prevotella sp900199555	3	3	3	66.66666666666667	5.0
Prevotella sp900199655	2	1	1	100.0	6.0
Prevotella sp900290275	4	6	6	66.66666666666667	3.0
Prevotella sp900313215	15	105	105	70.47619047619048	3.0
Prevotella sp900313235	2	1	1	0.0	0.0
Prevotella sp900313615	6	15	15	20.0	1.0
Prevotella sp900313805	3	3	3	0.0	0.0
Prevotella sp900314195	2	1	1	0.0	0.0
Prevotella sp900314365	2	1	1	0.0	0.0
Prevotella sp900314455	2	1	1	0.0	0.0
Prevotella sp900314655	9	36	36	83.33333333333333	5.0
Prevotella sp900314715	13	78	78	80.76923076923077	4.0
Prevotella sp900314755	19	171	171	57.30994152046784	2.0
Prevotella sp900314915	19	171	171	77.19298245614036	3.0
Prevotella sp900314935	15	105	105	91.42857142857143	8.0
Prevotella sp900314945	7	21	21	9.523809523809524	0.0
Prevotella sp900314985	12	66	66	53.03030303030303	2.0
Prevotella sp900314995	11	55	55	78.18181818181819	4.0
Prevotella sp900315035	3	3	3	0.0	1.0
Prevotella sp900315075	4	6	6	83.33333333333333	2.5
Prevotella sp900315095	18	153	153	69.93464052287581	3.0
Prevotella sp900315105	3	3	3	66.66666666666667	2.0
Prevotella sp900315455	13	78	78	76.92307692307692	3.0
Prevotella sp900315525	10	45	45	86.66666666666667	6.0
Prevotella sp900315545	8	28	28	57.142857142857146	2.0
Prevotella sp900315565	3	3	3	66.66666666666667	7.0
Prevotella sp900315635	3	3	3	0.0	0.0
Prevotella sp900315695	6	15	15	66.66666666666667	5.0
Prevotella sp900315745	6	15	15	53.333333333333336	2.0
Prevotella sp900315765	5	10	10	40.0	0.5
Prevotella sp900315775	29	406	406	50.49261083743843	2.0
Prevotella sp900315835	9	36	36	58.333333333333336	2.0
Prevotella sp900315955	16	120	120	57.5	2.0
Prevotella sp900316015	5	10	10	10.0	0.0
Prevotella sp900316265	12	66	66	75.75757575757575	3.0
Prevotella sp900316285	21	210	210	92.38095238095238	7.0
Prevotella sp900316295	10	45	45	42.22222222222222	1.0
Prevotella sp900316445	2	1	1	0.0	0.0
Prevotella sp900316475	4	6	6	66.66666666666667	5.0
Prevotella sp900316565	9	36	36	58.333333333333336	2.0
Prevotella sp900316645	20	190	190	50.526315789473685	2.0
Prevotella sp900316685	4	6	6	66.66666666666667	2.0
Prevotella sp900316985	7	21	21	76.19047619047619	5.0
Prevotella sp900317305	11	55	55	72.72727272727273	3.0
Prevotella sp900317405	6	15	15	73.33333333333333	4.0
Prevotella sp900317545	2	1	1	0.0	0.0
Prevotella sp900317685	12	66	66	74.24242424242425	3.0
Prevotella sp900318395	6	15	15	73.33333333333333	3.0
Prevotella sp900318555	8	28	28	78.57142857142857	7.5
Prevotella sp900318585	3	3	3	0.0	0.0
Prevotella sp900318625	43	903	903	61.794019933554814	2.0
Prevotella sp900318685	4	6	6	66.66666666666667	4.0
Prevotella sp900318795	18	153	153	65.359477124183	3.0
Prevotella sp900318815	3	3	3	66.66666666666667	9.0
Prevotella sp900318855	4	6	6	0.0	0.5
Prevotella sp900318885	3	3	3	66.66666666666667	6.0
Prevotella sp900318915	11	55	55	56.36363636363637	2.0
Prevotella sp900319305	3	3	3	66.66666666666667	2.0
Prevotella sp900319715	10	45	45	53.333333333333336	2.0
Prevotella sp900319895	3	3	3	0.0	0.0
Prevotella sp900319905	7	21	21	71.42857142857143	3.0
Prevotella sp900320045	5	10	10	60.0	2.5
Prevotella sp900320255	7	21	21	61.904761904761905	2.0
Prevotella sp900320445	4	6	6	16.666666666666668	0.5
Prevotella sp900320585	6	15	15	20.0	1.0
Prevotella sp900320845	2	1	1	0.0	0.0
Prevotella sp900320905	3	3	3	66.66666666666667	2.0
Prevotella sp900321425	5	10	10	60.0	3.0
Prevotella sp900321965	2	1	1	0.0	0.0
Prevotella sp900322035	3	3	3	66.66666666666667	2.0
Prevotella sp900322095	3	3	3	66.66666666666667	2.0
Prevotella sp900322175	2	1	1	0.0	0.0
Prevotella sp900540375	3	3	3	66.66666666666667	3.0
Prevotella sp900540415	6	15	15	60.0	2.0
Prevotella sp900543585	4	6	6	33.333333333333336	1.0
Prevotella sp900543975	5	10	10	70.0	2.0
Prevotella sp900544495	3	3	3	66.66666666666667	2.0
Prevotella sp900544825	3	3	3	66.66666666666667	2.0
Prevotella sp900545525	5	10	10	70.0	5.0
Prevotella sp900546345	2	1	1	0.0	0.0
Prevotella sp900546535	7	21	21	85.71428571428571	5.0
Prevotella sp900546575	4	6	6	50.0	2.0
Prevotella sp900547005	4	6	6	83.33333333333333	3.0
Prevotella sp900548195	7	21	21	80.95238095238095	4.0
Prevotella sp900548585	2	1	1	0.0	1.0
Prevotella sp900548745	3	3	3	33.333333333333336	1.0
Prevotella sp900549175	2	1	1	100.0	16.0
Prevotella sp900550035	3	3	3	0.0	0.0
Prevotella sp900551055	3	3	3	33.333333333333336	1.0
Prevotella sp900551275	7	21	21	95.23809523809524	6.0
Prevotella sp900551985	2	1	1	100.0	4.0
Prevotella sp900552515	3	3	3	100.0	2.0
Prevotella sp900552675	5	10	10	70.0	2.5
Prevotella sp900552965	2	1	1	100.0	2.0
Prevotella sp900553155	3	3	3	66.66666666666667	7.0
Prevotella sp900553465	2	1	1	100.0	3.0
Prevotella sp900553595	3	3	3	66.66666666666667	2.0
Prevotella sp900553965	3	3	3	100.0	14.0
Prevotella sp900554545	3	3	3	66.66666666666667	2.0
Prevotella sp900554695	3	3	3	0.0	0.0
Prevotella sp900556275	2	1	1	0.0	0.0
Prevotella sp900556395	3	3	3	33.333333333333336	1.0
Prevotella sp900556795	3	3	3	66.66666666666667	3.0
Prevotella sp900556825	2	1	1	100.0	7.0
Prevotella sp900557035	3	3	3	100.0	3.0
Prevotella sp900557405	2	1	1	100.0	2.0
Prevotella sp900767615	7	21	21	90.47619047619048	7.0
Prevotella sp900770395	2	1	1	100.0	9.0
Prevotella sp902760345	7	21	21	23.80952380952381	1.0
Prevotella sp902761605	3	3	3	33.333333333333336	1.0
Prevotella sp902762325	4	6	6	66.66666666666667	2.5
Prevotella sp902762565	2	1	1	100.0	4.0
Prevotella sp902766505	2	1	1	0.0	0.0
Prevotella sp902767045	2	1	1	100.0	5.0
Prevotella sp902767775	2	1	1	100.0	4.0
Prevotella sp902768785	2	1	1	0.0	0.0
Prevotella sp902769705	3	3	3	33.333333333333336	1.0
Prevotella sp902769805	2	1	1	0.0	1.0
Prevotella sp902770635	2	1	1	100.0	2.0
Prevotella sp902771445	2	1	1	0.0	1.0
Prevotella sp902771785	2	1	1	0.0	1.0
Prevotella sp902774925	2	1	1	0.0	1.0
Prevotella sp902775475	7	21	21	76.19047619047619	4.0
Prevotella sp902775975	2	1	1	100.0	2.0
Prevotella sp902776195	2	1	1	100.0	2.0
Prevotella sp902776475	2	1	1	0.0	0.0
Prevotella sp902776545	3	3	3	100.0	7.0
Prevotella sp902776665	6	15	15	80.0	3.0
Prevotella sp902778255	2	1	1	100.0	4.0
Prevotella sp902778535	2	1	1	100.0	2.0
Prevotella sp902780635	2	1	1	100.0	2.0
Prevotella sp902781315	2	1	1	100.0	5.0
Prevotella sp902782305	4	6	6	16.666666666666668	1.0
Prevotella sp902783625	4	6	6	66.66666666666667	2.0
Prevotella sp902784565	2	1	1	0.0	1.0
Prevotella sp902784755	2	1	1	100.0	2.0
Prevotella sp902786565	3	3	3	100.0	3.0
Prevotella sp902786665	2	1	1	100.0	5.0
Prevotella sp902788605	7	21	21	33.333333333333336	1.0
Prevotella sp902790625	3	3	3	100.0	9.0
Prevotella sp902792635	2	1	1	0.0	0.0
Prevotella sp902792685	4	6	6	33.333333333333336	1.0
Prevotella sp902792855	4	6	6	50.0	1.5
Prevotella sp902797505	7	21	21	23.80952380952381	1.0
Prevotella sp902798285	2	1	1	100.0	7.0
Prevotella sp902798425	2	1	1	0.0	1.0
Prevotella sp902798615	3	3	3	100.0	7.0
Prevotella sp902799355	3	3	3	66.66666666666667	3.0
Prevotella sp902799765	3	3	3	100.0	3.0
Prevotella sp902799905	3	3	3	66.66666666666667	2.0
Prevotella sp902800185	2	1	1	100.0	5.0
Prevotella sp902800365	2	1	1	0.0	0.0
Prevotella sp902800435	2	1	1	100.0	3.0
Prevotella sp902800585	2	1	1	100.0	3.0
Prevotella sp902800595	2	1	1	0.0	0.0
Prevotella sp902801155	3	3	3	33.333333333333336	1.0
Prevotella sp902801375	2	1	1	100.0	3.0
Prevotella sp902801425	3	3	3	66.66666666666667	3.0
Prevotella sp902803455	2	1	1	0.0	0.0
Prevotella sp905216025	2	1	1	100.0	3.0
Prevotella sp905233245	3	3	3	0.0	0.0
Prevotella sp905234145	2	1	1	100.0	2.0
Prevotella sp905235835	2	1	1	0.0	0.0
Prevotella sp905236755	4	6	6	83.33333333333333	2.0
Prevotella stercorea	6	15	15	53.333333333333336	3.0
Prevotella stercoripullorum	5	10	10	90.0	5.0
Prevotella timonensis	4	6	6	83.33333333333333	12.0
Prevotella timonensis_A	3	3	3	100.0	7.0
Prevotella veroralis	4	6	6	33.333333333333336	49.0
Priestia aryabhattai	11	55	55	61.81818181818182	2.0
Priestia aryabhattai_A	4	6	6	50.0	1.0
Priestia flexa	14	91	91	42.857142857142854	1.5
Priestia megaterium	135	9045	9045	77.15865118850193	4.0
Priestia megaterium_A	28	378	378	55.29100529100529	2.0
Priestia_D taiwanensis	2	1	1	0.0	0.0
Prochlorococcus marinus	6	15	15	0.0	0.0
Prochlorococcus sp000760215	2	1	1	0.0	0.0
Prochlorococcus sp003212515	2	1	1	0.0	0.0
Prochlorococcus sp003279445	2	1	1	0.0	0.0
Prochlorococcus_A marinus_A	2	1	1	0.0	
Prochlorococcus_A marinus_B	2	1	1	100.0	2.0
Prochlorococcus_A marinus_D	3	3	3	0.0	0.0
Prochlorococcus_A marinus_E	2	1	1	0.0	1.0
Prochlorococcus_A marinus_H	2	1	1	0.0	0.0
Prochlorococcus_A marinus_I	3	3	3	0.0	0.0
Prochlorococcus_A marinus_L	2	1	1	0.0	0.0
Prochlorococcus_A marinus_M	3	3	3	0.0	0.0
Prochlorococcus_A marinus_N	3	3	3	0.0	0.0
Prochlorococcus_A marinus_Q	14	91	91	21.978021978021978	0.0
Prochlorococcus_A marinus_T	4	6	6	50.0	2.5
Prochlorococcus_A marinus_U	2	1	1	0.0	0.0
Prochlorococcus_A marinus_V	0	0	0	0	
Prochlorococcus_A marinus_W	0	0	0	0	
Prochlorococcus_A marinus_X	0	0	0	0	
Prochlorococcus_A pastoris	31	465	465	9.24731182795699	0.0
Prochlorococcus_A sp000634215	20	190	190	28.94736842105263	1.0
Prochlorococcus_A sp000634515	24	276	276	11.956521739130435	0.0
Prochlorococcus_A sp000634735	6	15	15	60.0	2.0
Prochlorococcus_A sp000635015	5	10	10	0.0	0.0
Prochlorococcus_A sp000635495	70	2415	2415	42.484472049689444	1.0
Prochlorococcus_A sp001989455	31	465	465	41.505376344086024	1.0
Prochlorococcus_A sp002025865	5	10	10	60.0	2.0
Prochlorococcus_A sp002026005	2	1	1	0.0	1.0
Prochlorococcus_A sp002026015	0	0	0	0	
Prochlorococcus_A sp003209475	2	1	1	0.0	0.0
Prochlorococcus_A sp003209795	2	1	1	100.0	2.0
Prochlorococcus_A sp003210285	3	3	3	0.0	1.0
Prochlorococcus_A sp003211415	2	1	1	0.0	0.0
Prochlorococcus_A sp003212755	2	1	1	0.0	1.0
Prochlorococcus_A sp003213375	0	0	0	0	
Prochlorococcus_A sp003216135	4	6	6	33.333333333333336	1.0
Prochlorococcus_A sp003216635	4	6	6	66.66666666666667	2.0
Prochlorococcus_A sp003278535	3	3	3	0.0	0.0
Prochlorococcus_A sp003278685	6	15	15	40.0	1.0
Prochlorococcus_A sp003278705	0	0	0	0	
Prochlorococcus_A sp003278735	2	1	1	100.0	4.0
Prochlorococcus_A sp003278845	6	15	15	6.666666666666667	0.0
Prochlorococcus_A sp003278955	2	1	1	0.0	1.0
Prochlorococcus_A sp003279115	2	1	1	100.0	2.0
Prochlorococcus_A sp003280515	2	1	1	100.0	2.0
Prochlorococcus_A sp003280655	6	15	15	6.666666666666667	0.0
Prochlorococcus_A sp003280885	4	6	6	50.0	1.5
Prochlorococcus_A sp003280935	4	6	6	33.333333333333336	1.0
Prochlorococcus_A sp003280995	5	10	10	20.0	0.5
Prochlorococcus_A sp003281165	2	1	1	0.0	0.0
Prochlorococcus_A sp003282425	2	1	1	0.0	0.0
Prochlorococcus_A sp003283415	2	1	1	100.0	3.0
Prochlorococcus_A sp902520485	2	1	1	0.0	0.0
Prochlorococcus_A sp902521995	2	1	1	0.0	0.0
Prochlorococcus_A sp902525075	2	1	1	0.0	0.0
Prochlorococcus_A sp902572075	3	3	3	0.0	0.0
Prochlorococcus_A sp902594875	2	1	1	0.0	0.0
Prochlorococcus_A sp902611225	2	1	1	0.0	0.0
Prochlorococcus_A sp902612005	2	1	1	0.0	0.0
Prochlorococcus_A sp902627325	2	1	1	0.0	0.0
Prochlorococcus_B marinus_B	18	153	153	9.803921568627452	0.0
Prochlorococcus_B sp003216375	6	15	15	6.666666666666667	0.0
Prochlorococcus_B sp003279615	2	1	1	0.0	0.0
Prochlorococcus_B sp003279635	2	1	1	0.0	1.0
Prochlorococcus_C marinus_B	19	171	171	54.97076023391813	2.0
Prochlorococcus_C sp000760295	3	3	3	0.0	0.0
Prochlorothrix hollandica	2	1	1	100.0	30.0
Profftella armatura	2	1	1	0.0	0.0
Prolixibacter bellariivorans	3	3	3	33.333333333333336	1.0
Prolixibacter denitrificans	2	1	1	0.0	0.0
Promicromonospora citrea	2	1	1	100.0	9.0
Promicromonospora kroppenstedtii	0	0	0	0	
Promicromonospora sp003058225	0	0	0	0	
Promicromonospora sukumoe_B	0	0	0	0	
Promineofilum sp018058545	2	1	1	0.0	0.0
Propionibacterium acidifaciens	4	6	6	66.66666666666667	2.5
Propionibacterium australiense	4	6	6	50.0	1.5
Propionibacterium freudenreichii	42	861	861	83.27526132404181	6.0
Propionibacterium sp900289195	2	1	1	100.0	5.0
Propioniciclava tarda	2	1	1	100.0	2.0
Propionicimonas sp013791955	14	91	91	9.89010989010989	0.0
Propionimicrobium lymphophilum	3	3	3	33.333333333333336	2.0
Propionivibrio aalborgensis	4	6	6	100.0	16.0
Propionivibrio sp016705685	5	10	10	90.0	9.5
Propionivibrio sp016709335	2	1	1	100.0	27.0
Propionivibrio sp017990155	3	3	3	33.333333333333336	0.0
Prosthecobacter sp002343505	4	6	6	100.0	10.5
Prosthecobacter sp903838675	3	3	3	66.66666666666667	2.0
Prosthecobacter sp903848465	6	15	15	60.0	2.0
Prosthecobacter sp903960845	4	6	6	100.0	3.0
Prosthecochloris aestuarii	3	3	3	100.0	15.0
Prosthecochloris ethylica	4	6	6	50.0	11.0
Prosthecochloris sp002113825	3	3	3	33.333333333333336	0.0
Prosthecochloris vibrioformis	4	6	6	100.0	6.0
Prosthecomicrobium_A hirschii	2	1	1	100.0	56.0
Protaetiibacter sp001898835	2	1	1	0.0	0.0
Protaetiibacter sp011751905	2	1	1	100.0	3.0
Proteiniborus sp002376545	2	1	1	0.0	1.0
Proteiniclasticum ruminis	5	10	10	80.0	2.0
Proteiniphilum acetatigenes	2	1	1	100.0	2.0
Proteiniphilum saccharofermentans	3	3	3	66.66666666666667	9.0
Proteiniphilum sp001768325	7	21	21	28.571428571428573	0.0
Proteiniphilum sp002383605	2	1	1	0.0	0.0
Proteiniphilum sp002398565	4	6	6	0.0	0.0
Proteiniphilum sp002408485	12	66	66	4.545454545454546	0.0
Proteiniphilum sp002410345	18	153	153	11.764705882352942	0.0
Proteiniphilum sp002411515	2	1	1	0.0	0.0
Proteiniphilum sp012799155	3	3	3	0.0	0.0
Proteiniphilum sp012837345	3	3	3	33.333333333333336	0.0
Proteocatella sp009929415	5	10	10	0.0	0.0
Proteus alimentorum	3	3	3	66.66666666666667	2.0
Proteus cibarius	21	210	210	67.14285714285714	3.0
Proteus cibi	2	1	1	0.0	0.0
Proteus faecis	2	1	1	0.0	0.0
Proteus hauseri	4	6	6	0.0	0.0
Proteus mirabilis	395	77815	77815	66.78532416629184	3.0
Proteus mirabilis_B	2	1	1	0.0	0.0
Proteus penneri	24	276	276	46.01449275362319	2.0
Proteus sp001722135	2	1	1	0.0	0.0
Proteus sp003144375	3	3	3	33.333333333333336	0.0
Proteus sp003144505	7	21	21	47.61904761904762	1.0
Proteus terrae	6	15	15	20.0	0.0
Proteus vulgaris	16	120	120	63.333333333333336	3.0
Proteus vulgaris_B	4	6	6	66.66666666666667	4.0
Protochlamydia amoebophila	5	10	10	90.0	6.0
Protochlamydia naegleriophila	2	1	1	0.0	1.0
Protoclostridium gallicola	3	3	3	66.66666666666667	5.0
Protoclostridium sp017960845	3	3	3	0.0	1.0
Providencia alcalifaciens	22	231	231	39.39393939393939	1.0
Providencia alcalifaciens_A	14	91	91	35.16483516483517	0.0
Providencia heimbachae	6	15	15	26.666666666666668	0.0
Providencia huaxiensis	6	15	15	86.66666666666667	4.0
Providencia rettgeri	25	300	300	61.0	2.0
Providencia rettgeri_A	38	703	703	74.25320056899004	3.0
Providencia rettgeri_D	8	28	28	53.57142857142857	2.0
Providencia rettgeri_F	3	3	3	66.66666666666667	2.0
Providencia rustigianii	6	15	15	80.0	2.0
Providencia sp003533305	2	1	1	0.0	0.0
Providencia stuartii	48	1128	1128	75.08865248226951	3.0
Providencia stuartii_A	3	3	3	100.0	6.0
Providencia stuartii_C	0	0	0	0	
Providencia vermicola_A	4	6	6	33.333333333333336	0.5
Pseudacidovorax sp903864295	4	6	6	83.33333333333333	4.5
Pseudaminobacter salicylatoxidans	2	1	1	100.0	14.0
Pseudaminobacter sp900116595	4	6	6	83.33333333333333	10.0
Pseudanabaena sp001402795	2	1	1	100.0	28.0
Pseudanabaena sp903819605	3	3	3	100.0	5.0
Pseudarthrobacter chlorophenolicus	2	1	1	0.0	0.0
Pseudarthrobacter enclensis	3	3	3	0.0	0.0
Pseudarthrobacter luteus_A	2	1	1	100.0	3.0
Pseudarthrobacter nitrophenolicus	2	1	1	100.0	4.0
Pseudarthrobacter phenanthrenivorans	3	3	3	66.66666666666667	2.0
Pseudarthrobacter polychromogenes	2	1	1	0.0	0.0
Pseudarthrobacter sp000374865	3	3	3	66.66666666666667	2.0
Pseudarthrobacter sp000374905	3	3	3	100.0	5.0
Pseudarthrobacter sp001424565	2	1	1	0.0	0.0
Pseudarthrobacter sp002427975	2	1	1	100.0	2.0
Pseudarthrobacter sp002929755	2	1	1	100.0	5.0
Pseudarthrobacter sp006151685	2	1	1	0.0	0.0
Pseudarthrobacter sp006517815	2	1	1	0.0	0.0
Pseudarthrobacter sp014217545	2	1	1	100.0	6.0
Pseudarthrobacter sp900110595	2	1	1	100.0	4.0
Pseudarthrobacter sp900168295	2	1	1	100.0	4.0
Pseudescherichia sp002298805	13	78	78	67.94871794871794	3.0
Pseudescherichia sp002918705	5	10	10	60.0	2.0
Pseudescherichia vulneris	5	10	10	90.0	11.5
Pseudidiomarina aquimaris	3	3	3	33.333333333333336	0.0
Pseudidiomarina donghaiensis	2	1	1	0.0	0.0
Pseudidiomarina marina	2	1	1	100.0	2.0
Pseudidiomarina maritima_A	6	15	15	60.0	3.0
Pseudidiomarina piscicola	0	0	0	0	
Pseudidiomarina planktonica	2	1	1	0.0	0.0
Pseudidiomarina salinarum	2	1	1	0.0	0.0
Pseudidiomarina sediminum	2	1	1	0.0	1.0
Pseudidiomarina tainanensis	2	1	1	100.0	3.0
Pseudidiomarina woesei	2	1	1	0.0	0.0
Pseudoalteromonas aliena	7	21	21	66.66666666666667	3.0
Pseudoalteromonas amylolytica	2	1	1	0.0	0.0
Pseudoalteromonas arabiensis	3	3	3	0.0	0.0
Pseudoalteromonas arctica	32	496	496	69.15322580645162	2.0
Pseudoalteromonas atlantica	29	406	406	83.2512315270936	5.0
Pseudoalteromonas aurantia	4	6	6	66.66666666666667	3.5
Pseudoalteromonas aurantia_A	3	3	3	33.333333333333336	1.0
Pseudoalteromonas carrageenovora	6	15	15	73.33333333333333	3.0
Pseudoalteromonas distincta	38	703	703	74.25320056899004	3.0
Pseudoalteromonas elyakovii	9	36	36	77.77777777777777	3.0
Pseudoalteromonas espejiana	2	1	1	0.0	0.0
Pseudoalteromonas fuliginea	9	36	36	86.11111111111111	3.5
Pseudoalteromonas gelatinilytica	6	15	15	73.33333333333333	3.0
Pseudoalteromonas haloplanktis	3	3	3	66.66666666666667	2.0
Pseudoalteromonas lipolytica	12	66	66	57.57575757575758	3.0
Pseudoalteromonas lipolytica_A	9	36	36	83.33333333333333	4.0
Pseudoalteromonas lipolytica_C	9	36	36	30.555555555555557	1.0
Pseudoalteromonas luteoviolacea	4	6	6	33.333333333333336	0.5
Pseudoalteromonas luteoviolacea_A	0	0	0	0	
Pseudoalteromonas luteoviolacea_B	4	6	6	33.333333333333336	1.0
Pseudoalteromonas luteoviolacea_C	2	1	1	100.0	2.0
Pseudoalteromonas luteoviolacea_E	2	1	1	100.0	3.0
Pseudoalteromonas luteoviolacea_F	2	1	1	0.0	0.0
Pseudoalteromonas luteoviolacea_G	5	10	10	0.0	0.0
Pseudoalteromonas luteoviolacea_H	2	1	1	0.0	1.0
Pseudoalteromonas marina	11	55	55	63.63636363636363	2.0
Pseudoalteromonas neustonica	5	10	10	80.0	4.5
Pseudoalteromonas nigrifaciens	15	105	105	87.61904761904762	6.0
Pseudoalteromonas peptidolytica	6	15	15	20.0	0.0
Pseudoalteromonas phenolica	4	6	6	16.666666666666668	0.0
Pseudoalteromonas phenolica_A	3	3	3	100.0	2.0
Pseudoalteromonas piscicida	13	78	78	24.358974358974358	1.0
Pseudoalteromonas piscicida_A	3	3	3	100.0	2.0
Pseudoalteromonas prydzensis	3	3	3	66.66666666666667	4.0
Pseudoalteromonas rhizosphaerae	17	136	136	88.97058823529412	5.0
Pseudoalteromonas rubra_B	2	1	1	100.0	2.0
Pseudoalteromonas rubra_D	3	3	3	33.333333333333336	1.0
Pseudoalteromonas rubra_E	2	1	1	0.0	0.0
Pseudoalteromonas ruthenica	18	153	153	33.333333333333336	1.0
Pseudoalteromonas shioyasakiensis	4	6	6	50.0	1.5
Pseudoalteromonas sp000498095	3	3	3	100.0	18.0
Pseudoalteromonas sp001269985	3	3	3	33.333333333333336	25.0
Pseudoalteromonas sp001282135	2	1	1	0.0	0.0
Pseudoalteromonas sp001401805	5	10	10	60.0	2.0
Pseudoalteromonas sp001468485	8	28	28	57.142857142857146	3.0
Pseudoalteromonas sp001974855	5	10	10	20.0	1.0
Pseudoalteromonas sp001974875	5	10	10	80.0	5.0
Pseudoalteromonas sp002591815	2	1	1	0.0	0.0
Pseudoalteromonas sp002684115	5	10	10	60.0	5.5
Pseudoalteromonas sp002685175	5	10	10	50.0	1.5
Pseudoalteromonas sp002723455	2	1	1	100.0	3.0
Pseudoalteromonas sp002850255	5	10	10	70.0	4.5
Pseudoalteromonas sp002964665	2	1	1	0.0	0.0
Pseudoalteromonas sp002964705	2	1	1	0.0	0.0
Pseudoalteromonas sp002964765	4	6	6	50.0	1.5
Pseudoalteromonas sp003590335	3	3	3	66.66666666666667	2.0
Pseudoalteromonas sp004103285	2	1	1	100.0	2.0
Pseudoalteromonas sp011378855	3	3	3	100.0	5.0
Pseudoalteromonas sp013349995	5	10	10	80.0	3.0
Pseudoalteromonas sp018100985	2	1	1	100.0	2.0
Pseudoalteromonas spongiae	4	6	6	100.0	3.0
Pseudoalteromonas tetraodonis	27	351	351	64.38746438746439	3.0
Pseudoalteromonas tunicata	3	3	3	0.0	0.0
Pseudoalteromonas ulvae	2	1	1	100.0	7.0
Pseudoalteromonas undina	14	91	91	31.86813186813187	0.0
Pseudoalteromonas viridis	4	6	6	66.66666666666667	2.5
Pseudobacillus badius	8	28	28	53.57142857142857	2.0
Pseudobacillus wudalianchiensis	2	1	1	100.0	4.0
Pseudobacter ginsenosidimutans	2	1	1	0.0	0.0
Pseudobacteriovorax antillogorgiicola	2	1	1	0.0	0.0
Pseudobacteroides cellulosolvens	2	1	1	0.0	0.0
Pseudobdellovibrio sp001771815	2	1	1	0.0	1.0
Pseudobizionia ponticola	2	1	1	100.0	3.0
Pseudobutyricicoccus lothianensis	2	1	1	100.0	2.0
Pseudobutyricicoccus sp003477405	6	15	15	60.0	2.0
Pseudobutyrivibrio fibrisolvens_A	0	0	0	0	
Pseudobutyrivibrio ruminis	5	10	10	40.0	0.5
Pseudobutyrivibrio ruminis_C	2	1	1	0.0	1.0
Pseudobutyrivibrio ruminis_D	2	1	1	100.0	3.0
Pseudobutyrivibrio sp017557435	4	6	6	0.0	0.0
Pseudobutyrivibrio sp017934625	2	1	1	0.0	0.0
Pseudobutyrivibrio sp900100545	2	1	1	0.0	0.0
Pseudobutyrivibrio sp900112855	7	21	21	57.142857142857146	2.0
Pseudochrobactrum asaccharolyticum	3	3	3	100.0	24.0
Pseudochrobactrum saccharolyticum	10	45	45	64.44444444444444	2.0
Pseudochrobactrum sp900470285	2	1	1	100.0	3.0
Pseudocitrobacter faecalis	3	3	3	33.333333333333336	1.0
Pseudoclavibacter alba	2	1	1	100.0	3.0
Pseudoclavibacter chungangensis	2	1	1	0.0	0.0
Pseudoclavibacter endophyticus	2	1	1	0.0	0.0
Pseudoclavibacter helvolus	3	3	3	100.0	10.0
Pseudoclavibacter sp002931055	11	55	55	49.09090909090909	2.0
Pseudoclavibacter sp002931555	3	3	3	0.0	1.0
Pseudoclavibacter terrae	2	1	1	0.0	1.0
Pseudoclavibacter_A caeni	2	1	1	0.0	0.0
Pseudoclavibacter_A sp008831235	4	6	6	50.0	1.5
Pseudoclostridium thermosuccinogenes	5	10	10	20.0	1.0
Pseudocolwellia agarivorans	0	0	0	0	
Pseudodesulfovibrio aespoeensis	8	28	28	21.428571428571427	1.0
Pseudodesulfovibrio indicus	2	1	1	0.0	0.0
Pseudodesulfovibrio profundus	5	10	10	40.0	1.0
Pseudodonghicola xiamenensis	2	1	1	0.0	0.0
Pseudoduganella albidiflava	2	1	1	0.0	0.0
Pseudoduganella buxea	2	1	1	100.0	3.0
Pseudoduganella dura	2	1	1	100.0	11.0
Pseudoduganella flava	2	1	1	100.0	3.0
Pseudoduganella haloabium	0	0	0	0	
Pseudoduganella plicata	2	1	1	100.0	7.0
Pseudoduganella sp001425005	2	1	1	100.0	17.0
Pseudoduganella sp003053665	0	0	0	0	
Pseudoduganella umbonata	2	1	1	0.0	0.0
Pseudoflavonifractor capillosus	2	1	1	100.0	14.0
Pseudoflavonifractor sp014287675	2	1	1	0.0	1.0
Pseudofulvimonas gallinarii	3	3	3	0.0	1.0
Pseudofulvimonas sp002344355	2	1	1	0.0	0.0
Pseudoglutamicibacter albus_A	3	3	3	33.333333333333336	6.0
Pseudoglutamicibacter cumminsii_A	0	0	0	0	
Pseudogulbenkiania ferrooxidans_A	2	1	1	100.0	3.0
Pseudohoeflea sp002707605	4	6	6	83.33333333333333	3.0
Pseudohongiella nitratireducens	4	6	6	50.0	1.0
Pseudohongiella sp002354805	3	3	3	66.66666666666667	2.0
Pseudohongiella sp002706685	5	10	10	70.0	2.0
Pseudohongiella sp002711845	2	1	1	0.0	0.0
Pseudohongiella sp011050365	2	1	1	0.0	0.0
Pseudolabrys sp001899285	2	1	1	0.0	1.0
Pseudolabrys sp003133345	2	1	1	100.0	4.0
Pseudolabrys sp009694265	2	1	1	0.0	0.0
Pseudolabrys sp019247925	2	1	1	0.0	0.0
Pseudolabrys sp903839845	17	136	136	51.470588235294116	2.0
Pseudolabrys sp903878085	2	1	1	100.0	2.0
Pseudolabrys sp903885555	2	1	1	100.0	3.0
Pseudolabrys sp903929045	2	1	1	100.0	2.0
Pseudoleptotrichia goodfellowii	3	3	3	0.0	1.0
Pseudolysinimonas sp002325245	14	91	91	4.395604395604396	0.0
Pseudomaricurvus alcaniphilus	2	1	1	100.0	4.0
Pseudomaricurvus sp002707785	2	1	1	0.0	1.0
Pseudomonas aeruginosa	5454	14870331	14870331	90.39334094177191	8.0
Pseudomonas aeruginosa_A	41	820	820	92.8048780487805	8.0
Pseudomonas citronellolis	25	300	300	83.66666666666667	22.0
Pseudomonas delhiensis	3	3	3	66.66666666666667	326.0
Pseudomonas jinjuensis	2	1	1	100.0	3.0
Pseudomonas knackmussii	2	1	1	100.0	6.0
Pseudomonas nitroreducens	15	105	105	85.71428571428571	7.0
Pseudomonas nitroreducens_A	2	1	1	100.0	12.0
Pseudomonas sp000955805	2	1	1	0.0	0.0
Pseudomonas sp002079985	6	15	15	100.0	23.0
Pseudomonas_A balearica	16	120	120	75.0	4.0
Pseudomonas_A chloritidismutans	8	28	28	50.0	1.5
Pseudomonas_A kunmingensis	3	3	3	100.0	9.0
Pseudomonas_A kunmingensis_A	12	66	66	77.27272727272727	3.0
Pseudomonas_A lopnurensis	4	6	6	100.0	18.0
Pseudomonas_A nitrititolerans	45	990	990	90.0	5.0
Pseudomonas_A saudiphocaensis	3	3	3	66.66666666666667	2.0
Pseudomonas_A songnenensis	3	3	3	100.0	4.0
Pseudomonas_A sp000765155	0	0	0	0	
Pseudomonas_A sp002692525	13	78	78	85.8974358974359	5.0
Pseudomonas_A sp003205815	25	300	300	67.66666666666667	3.0
Pseudomonas_A sp003488145	2	1	1	100.0	2.0
Pseudomonas_A sp004010935	15	105	105	66.66666666666667	3.0
Pseudomonas_A sp004331835	3	3	3	33.333333333333336	9.0
Pseudomonas_A stutzeri	150	11175	11175	87.12304250559284	5.0
Pseudomonas_A stutzeri_A	2	1	1	100.0	10.0
Pseudomonas_A stutzeri_AB	18	153	153	51.63398692810458	2.0
Pseudomonas_A stutzeri_AC	13	78	78	91.02564102564102	5.0
Pseudomonas_A stutzeri_AD	3	3	3	100.0	3.0
Pseudomonas_A stutzeri_AE	3	3	3	100.0	5.0
Pseudomonas_A stutzeri_AF	3	3	3	100.0	6.0
Pseudomonas_A stutzeri_AI	5	10	10	100.0	4.0
Pseudomonas_A stutzeri_AL	6	15	15	86.66666666666667	3.0
Pseudomonas_A stutzeri_B	2	1	1	100.0	15.0
Pseudomonas_A stutzeri_G	4	6	6	66.66666666666667	2.0
Pseudomonas_A stutzeri_N	2	1	1	100.0	5.0
Pseudomonas_A stutzeri_R	2	1	1	100.0	5.0
Pseudomonas_A stutzeri_T	2	1	1	100.0	2.0
Pseudomonas_A stutzeri_U	2	1	1	100.0	26.0
Pseudomonas_A xanthomarina	2	1	1	0.0	0.0
Pseudomonas_A xanthomarina_A	13	78	78	79.48717948717949	4.0
Pseudomonas_B luteola	17	136	136	68.38235294117646	3.0
Pseudomonas_B oryzihabitans	28	378	378	86.24338624338624	5.0
Pseudomonas_B oryzihabitans_B	5	10	10	90.0	4.5
Pseudomonas_B oryzihabitans_D	5	10	10	70.0	6.5
Pseudomonas_B oryzihabitans_E	4	6	6	100.0	7.5
Pseudomonas_B rhizoryzae	2	1	1	0.0	0.0
Pseudomonas_C caeni	7	21	21	28.571428571428573	0.0
Pseudomonas_C sp001513025	2	1	1	0.0	0.0
Pseudomonas_C sp002342705	7	21	21	57.142857142857146	2.0
Pseudomonas_D aestusnigri	25	300	300	40.0	1.0
Pseudomonas_D bauzanensis	3	3	3	66.66666666666667	5.0
Pseudomonas_D formosensis	2	1	1	100.0	3.0
Pseudomonas_D gallaeciensis	8	28	28	60.714285714285715	2.0
Pseudomonas_D jilinensis	2	1	1	100.0	3.0
Pseudomonas_D laoshanensis	3	3	3	0.0	0.0
Pseudomonas_D oceani	2	1	1	0.0	0.0
Pseudomonas_D pachastrellae	17	136	136	61.029411764705884	2.0
Pseudomonas_D profundi	2	1	1	0.0	1.0
Pseudomonas_D sabulinigri_A	2	1	1	0.0	0.0
Pseudomonas_D salina	2	1	1	0.0	0.0
Pseudomonas_D saudimassiliensis	0	0	0	0	
Pseudomonas_D sp002683975	5	10	10	40.0	1.0
Pseudomonas_D xinjiangensis_A	2	1	1	0.0	0.0
Pseudomonas_E agarici	5	10	10	60.0	2.0
Pseudomonas_E alcaligenes	6	15	15	86.66666666666667	4.0
Pseudomonas_E alcaligenes_A	0	0	0	0	
Pseudomonas_E alcaliphila	3	3	3	0.0	0.0
Pseudomonas_E alcaliphila_B	0	0	0	0	
Pseudomonas_E alkylphenolica	3	3	3	100.0	6.0
Pseudomonas_E allokribbensis	9	36	36	38.888888888888886	1.0
Pseudomonas_E amygdali	221	24310	24310	96.53640477169888	17.0
Pseudomonas_E anatoliensis	4	6	6	100.0	5.0
Pseudomonas_E anguilliseptica	2	1	1	0.0	
Pseudomonas_E antarctica	3	3	3	100.0	4.0
Pseudomonas_E antarctica_A	2	1	1	100.0	8.0
Pseudomonas_E argentinensis	2	1	1	0.0	0.0
Pseudomonas_E arsenicoxydans	2	1	1	100.0	13.0
Pseudomonas_E asiatica	58	1653	1653	97.0356926799758	9.0
Pseudomonas_E asplenii	7	21	21	100.0	38.0
Pseudomonas_E asplenii_A	0	0	0	0	
Pseudomonas_E asturiensis	0	0	0	0	
Pseudomonas_E atacamensis	31	465	465	57.204301075268816	2.0
Pseudomonas_E avellanae	293	42778	42778	90.1210902800505	7.0
Pseudomonas_E azotoformans	7	21	21	9.523809523809524	0.0
Pseudomonas_E azotoformans_A	8	28	28	92.85714285714286	4.5
Pseudomonas_E azotoformans_B	5	10	10	60.0	2.0
Pseudomonas_E baetica	4	6	6	100.0	18.0
Pseudomonas_E baltica	6	15	15	93.33333333333333	5.0
Pseudomonas_E bijieensis	5	10	10	70.0	2.5
Pseudomonas_E brassicacearum	18	153	153	46.40522875816993	2.0
Pseudomonas_E brassicacearum_A	3	3	3	100.0	9.0
Pseudomonas_E brassicae	2	1	1	100.0	24.0
Pseudomonas_E brenneri	9	36	36	44.44444444444444	0.5
Pseudomonas_E bubulae	18	153	153	72.54901960784314	3.0
Pseudomonas_E canadensis	3	3	3	33.333333333333336	1.0
Pseudomonas_E cannabina	15	105	105	98.0952380952381	9.0
Pseudomonas_E capeferrum	7	21	21	90.47619047619048	5.0
Pseudomonas_E capsici	3	3	3	0.0	0.0
Pseudomonas_E caricapapayae	11	55	55	92.72727272727273	4.0
Pseudomonas_E cedrina	4	6	6	50.0	1.0
Pseudomonas_E cerasi	51	1275	1275	90.58823529411765	6.0
Pseudomonas_E chengduensis	3	3	3	66.66666666666667	2.0
Pseudomonas_E chengduensis_A	3	3	3	0.0	1.0
Pseudomonas_E chlororaphis	33	528	528	84.28030303030303	10.0
Pseudomonas_E chlororaphis_E	5	10	10	100.0	5.0
Pseudomonas_E chlororaphis_F	82	3321	3321	85.78741342968985	6.0
Pseudomonas_E cichorii	8	28	28	85.71428571428571	4.0
Pseudomonas_E cichorii_C	3	3	3	100.0	3.0
Pseudomonas_E cichorii_D	2	1	1	100.0	10.0
Pseudomonas_E coleopterorum	8	28	28	96.42857142857143	5.0
Pseudomonas_E composti	2	1	1	0.0	0.0
Pseudomonas_E congelans	11	55	55	80.0	4.0
Pseudomonas_E corrugata	7	21	21	57.142857142857146	2.0
Pseudomonas_E costantinii	4	6	6	83.33333333333333	2.5
Pseudomonas_E cremoris	4	6	6	100.0	4.0
Pseudomonas_E crudilactis	3	3	3	66.66666666666667	2.0
Pseudomonas_E cuatrocienegasensis	2	1	1	0.0	0.0
Pseudomonas_E cyclaminis	11	55	55	90.9090909090909	5.0
Pseudomonas_E daroniae	4	6	6	50.0	1.0
Pseudomonas_E deceptionensis	2	1	1	0.0	0.0
Pseudomonas_E donghuensis	5	10	10	90.0	3.0
Pseudomonas_E dryadis	3	3	3	66.66666666666667	9.0
Pseudomonas_E edaphica	8	28	28	85.71428571428571	5.5
Pseudomonas_E eucalypticola	0	0	0	0	
Pseudomonas_E extremaustralis	5	10	10	40.0	0.5
Pseudomonas_E extremorientalis	29	406	406	61.330049261083744	2.0
Pseudomonas_E flavescens	2	1	1	100.0	2.0
Pseudomonas_E fluorescens	14	91	91	61.53846153846154	2.0
Pseudomonas_E fluorescens_AA	17	136	136	94.11764705882354	9.0
Pseudomonas_E fluorescens_AM	7	21	21	95.23809523809524	6.0
Pseudomonas_E fluorescens_AN	34	561	561	95.54367201426025	10.0
Pseudomonas_E fluorescens_AO	2	1	1	0.0	0.0
Pseudomonas_E fluorescens_AP	3	3	3	66.66666666666667	10.0
Pseudomonas_E fluorescens_BA	17	136	136	93.38235294117646	5.0
Pseudomonas_E fluorescens_BB	3	3	3	66.66666666666667	7.0
Pseudomonas_E fluorescens_BC	0	0	0	0	
Pseudomonas_E fluorescens_BH	3	3	3	100.0	16.0
Pseudomonas_E fluorescens_BI	3	3	3	100.0	13.0
Pseudomonas_E fluorescens_BJ	3	3	3	66.66666666666667	8.0
Pseudomonas_E fluorescens_BK	2	1	1	100.0	9.0
Pseudomonas_E fluorescens_BN	2	1	1	100.0	3.0
Pseudomonas_E fluorescens_BT	2	1	1	100.0	7.0
Pseudomonas_E fluorescens_BV	22	231	231	89.6103896103896	5.0
Pseudomonas_E fluorescens_C	3	3	3	66.66666666666667	5.0
Pseudomonas_E fluorescens_E	40	780	780	59.23076923076923	2.0
Pseudomonas_E fluorescens_G	0	0	0	0	
Pseudomonas_E fluorescens_H	3	3	3	66.66666666666667	3.0
Pseudomonas_E fluorescens_O	2	1	1	100.0	4.0
Pseudomonas_E fluorescens_Q	13	78	78	82.05128205128206	6.0
Pseudomonas_E fluorescens_S	2	1	1	100.0	3.0
Pseudomonas_E fluorescens_T	4	6	6	16.666666666666668	1.0
Pseudomonas_E fluorescens_W	2	1	1	100.0	13.0
Pseudomonas_E fluorescens_X	2	1	1	100.0	10.0
Pseudomonas_E fluvialis	3	3	3	0.0	0.0
Pseudomonas_E foliumensis	2	1	1	100.0	13.0
Pseudomonas_E fragi	27	351	351	45.58404558404558	1.0
Pseudomonas_E fragi_D	2	1	1	100.0	12.0
Pseudomonas_E frederiksbergensis	12	66	66	62.121212121212125	2.0
Pseudomonas_E frederiksbergensis_A	4	6	6	100.0	5.0
Pseudomonas_E frederiksbergensis_F	2	1	1	100.0	6.0
Pseudomonas_E fulva	86	3655	3655	63.83036935704514	3.0
Pseudomonas_E fulva_A	2	1	1	100.0	3.0
Pseudomonas_E fulva_B	2	1	1	100.0	4.0
Pseudomonas_E fuscovaginae_B	2	1	1	100.0	40.0
Pseudomonas_E gessardii	9	36	36	83.33333333333333	6.5
Pseudomonas_E gingeri_A	14	91	91	73.62637362637362	4.0
Pseudomonas_E gingeri_B	9	36	36	77.77777777777777	13.5
Pseudomonas_E gingeri_C	4	6	6	100.0	9.0
Pseudomonas_E gingeri_D	2	1	1	100.0	8.0
Pseudomonas_E glycinae	8	28	28	57.142857142857146	5.0
Pseudomonas_E graminis	0	0	0	0	
Pseudomonas_E graminis_B	2	1	1	100.0	7.0
Pseudomonas_E graminis_C	2	1	1	0.0	0.0
Pseudomonas_E granadensis	8	28	28	14.285714285714286	0.0
Pseudomonas_E gregormendelii	3	3	3	100.0	4.0
Pseudomonas_E grimontii	2	1	1	0.0	0.0
Pseudomonas_E guariconensis	10	45	45	66.66666666666667	5.0
Pseudomonas_E guariconensis_A	3	3	3	66.66666666666667	2.0
Pseudomonas_E guguanensis	2	1	1	100.0	13.0
Pseudomonas_E haemolytica	7	21	21	47.61904761904762	1.0
Pseudomonas_E helleri	22	231	231	96.1038961038961	6.0
Pseudomonas_E helleri_A	4	6	6	33.333333333333336	0.0
Pseudomonas_E helmanticensis	2	1	1	0.0	1.0
Pseudomonas_E huaxiensis	2	1	1	100.0	46.0
Pseudomonas_E hunanensis	83	3403	3403	92.44784014105201	10.0
Pseudomonas_E inefficax	3	3	3	100.0	13.0
Pseudomonas_E iridis	9	36	36	80.55555555555556	4.0
Pseudomonas_E japonica	2	1	1	0.0	0.0
Pseudomonas_E japonica_A	2	1	1	100.0	2.0
Pseudomonas_E jessenii	18	153	153	95.42483660130719	12.0
Pseudomonas_E juntendi	35	595	595	95.46218487394958	7.0
Pseudomonas_E khazarica	8	28	28	64.28571428571429	2.0
Pseudomonas_E kielensis	2	1	1	100.0	5.0
Pseudomonas_E kilonensis	15	105	105	97.14285714285714	15.0
Pseudomonas_E kilonensis_B	3	3	3	66.66666666666667	3.0
Pseudomonas_E kitaguniensis	3	3	3	100.0	4.0
Pseudomonas_E koreensis	8	28	28	57.142857142857146	2.0
Pseudomonas_E koreensis_A	4	6	6	100.0	8.5
Pseudomonas_E koreensis_B	11	55	55	69.0909090909091	4.0
Pseudomonas_E koreensis_C	8	28	28	92.85714285714286	6.5
Pseudomonas_E koreensis_E	2	1	1	100.0	3.0
Pseudomonas_E kribbensis	10	45	45	22.22222222222222	0.0
Pseudomonas_E lactis	25	300	300	72.66666666666667	10.0
Pseudomonas_E lalucatii	4	6	6	50.0	1.0
Pseudomonas_E laurentiana	2	1	1	100.0	4.0
Pseudomonas_E laurylsulfatiphila	11	55	55	100.0	13.0
Pseudomonas_E libanensis	3	3	3	66.66666666666667	6.0
Pseudomonas_E lini	5	10	10	40.0	1.0
Pseudomonas_E lundensis	41	820	820	91.34146341463415	5.0
Pseudomonas_E lundensis_A	4	6	6	83.33333333333333	3.0
Pseudomonas_E lurida	15	105	105	79.04761904761905	4.0
Pseudomonas_E lutea	2	1	1	0.0	0.0
Pseudomonas_E mandelii	64	2016	2016	93.05555555555556	6.0
Pseudomonas_E mandelii_C	3	3	3	100.0	21.0
Pseudomonas_E marginalis	18	153	153	86.27450980392157	5.0
Pseudomonas_E marginalis_B	8	28	28	100.0	7.0
Pseudomonas_E marincola	7	21	21	47.61904761904762	0.0
Pseudomonas_E massiliensis	0	0	0	0	
Pseudomonas_E mediterranea	8	28	28	100.0	12.5
Pseudomonas_E mendocina	10	45	45	68.88888888888889	4.0
Pseudomonas_E mendocina_A	3	3	3	66.66666666666667	25.0
Pseudomonas_E mendocina_D	0	0	0	0	
Pseudomonas_E migulae	3	3	3	0.0	0.0
Pseudomonas_E mohnii	5	10	10	100.0	11.0
Pseudomonas_E monteilii	44	946	946	91.54334038054968	10.0
Pseudomonas_E monteilii_A	7	21	21	52.38095238095238	2.0
Pseudomonas_E monteilii_C	3	3	3	100.0	4.0
Pseudomonas_E moorei	2	1	1	0.0	0.0
Pseudomonas_E moraviensis_A	7	21	21	90.47619047619048	9.0
Pseudomonas_E mosselii	12	66	66	100.0	8.0
Pseudomonas_E mucidolens	4	6	6	0.0	0.0
Pseudomonas_E mucoides	3	3	3	66.66666666666667	4.0
Pseudomonas_E nabeulensis	3	3	3	66.66666666666667	26.0
Pseudomonas_E neuropathica	6	15	15	86.66666666666667	4.0
Pseudomonas_E oleovorans	15	105	105	81.9047619047619	6.0
Pseudomonas_E oleovorans_B	2	1	1	100.0	3.0
Pseudomonas_E orientalis	6	15	15	93.33333333333333	11.0
Pseudomonas_E orientalis_A	9	36	36	97.22222222222223	7.0
Pseudomonas_E orientalis_B	8	28	28	100.0	13.0
Pseudomonas_E ovata	2	1	1	100.0	9.0
Pseudomonas_E palleroniana	8	28	28	46.42857142857143	1.0
Pseudomonas_E paracarnis	62	1891	1891	93.33685880486514	10.0
Pseudomonas_E parafulva	6	15	15	86.66666666666667	4.0
Pseudomonas_E parafulva_A	3	3	3	66.66666666666667	12.0
Pseudomonas_E parafulva_B	23	253	253	76.28458498023716	4.0
Pseudomonas_E paralactis	4	6	6	100.0	5.0
Pseudomonas_E paraversuta	5	10	10	50.0	1.5
Pseudomonas_E peli	7	21	21	57.142857142857146	3.0
Pseudomonas_E pisciculturae	2	1	1	100.0	2.0
Pseudomonas_E piscis	10	45	45	86.66666666666667	6.0
Pseudomonas_E plecoglossicida	5	10	10	100.0	5.0
Pseudomonas_E poae	7	21	21	80.95238095238095	4.0
Pseudomonas_E prosekii	8	28	28	78.57142857142857	4.0
Pseudomonas_E protegens	73	2628	2628	68.64535768645358	3.0
Pseudomonas_E protegens_A	12	66	66	84.84848484848484	4.0
Pseudomonas_E proteolytica	16	120	120	85.0	4.0
Pseudomonas_E psychrophila	7	21	21	66.66666666666667	6.0
Pseudomonas_E pudica	12	66	66	93.93939393939394	9.0
Pseudomonas_E putida	24	276	276	96.3768115942029	10.0
Pseudomonas_E putida_A	19	171	171	88.88888888888889	6.0
Pseudomonas_E putida_B	13	78	78	92.3076923076923	3.0
Pseudomonas_E putida_C	2	1	1	100.0	12.0
Pseudomonas_E putida_E	11	55	55	94.54545454545455	8.0
Pseudomonas_E putida_F	2	1	1	100.0	6.0
Pseudomonas_E putida_G	2	1	1	100.0	9.0
Pseudomonas_E putida_H	20	190	190	96.3157894736842	8.0
Pseudomonas_E putida_J	5	10	10	90.0	4.0
Pseudomonas_E putida_M	7	21	21	80.95238095238095	6.0
Pseudomonas_E putida_N	2	1	1	100.0	18.0
Pseudomonas_E putida_P	10	45	45	68.88888888888889	4.0
Pseudomonas_E putida_Q	4	6	6	83.33333333333333	5.5
Pseudomonas_E putida_R	2	1	1	100.0	24.0
Pseudomonas_E putida_T	4	6	6	83.33333333333333	2.0
Pseudomonas_E putida_U	2	1	1	100.0	6.0
Pseudomonas_E qingdaonensis	11	55	55	96.36363636363636	5.0
Pseudomonas_E quercus	2	1	1	0.0	0.0
Pseudomonas_E reactans	7	21	21	80.95238095238095	5.0
Pseudomonas_E reinekei	5	10	10	70.0	8.0
Pseudomonas_E rhizosphaerae	2	1	1	0.0	1.0
Pseudomonas_E rhodesiae	27	351	351	85.75498575498575	6.0
Pseudomonas_E salomonii	9	36	36	100.0	8.0
Pseudomonas_E saponiphila	5	10	10	40.0	0.0
Pseudomonas_E saxonica	2	1	1	100.0	3.0
Pseudomonas_E sediminis	5	10	10	80.0	6.5
Pseudomonas_E segetis	2	1	1	100.0	4.0
Pseudomonas_E seleniipraecipitans	2	1	1	100.0	3.0
Pseudomonas_E sichuanensis	4	6	6	100.0	5.0
Pseudomonas_E silesiensis	0	0	0	0	
Pseudomonas_E simiae	16	120	120	68.33333333333333	3.0
Pseudomonas_E sivasensis	7	21	21	90.47619047619048	6.0
Pseudomonas_E soli	23	253	253	85.37549407114625	6.0
Pseudomonas_E sp000242655	3	3	3	100.0	4.0
Pseudomonas_E sp000282215	2	1	1	100.0	9.0
Pseudomonas_E sp000282315	5	10	10	90.0	12.0
Pseudomonas_E sp000282375	2	1	1	100.0	12.0
Pseudomonas_E sp000282415	6	15	15	93.33333333333333	8.0
Pseudomonas_E sp000282475	2	1	1	100.0	12.0
Pseudomonas_E sp000282495	6	15	15	93.33333333333333	12.0
Pseudomonas_E sp000282515	2	1	1	0.0	1.0
Pseudomonas_E sp000416235	2	1	1	100.0	16.0
Pseudomonas_E sp000801235	2	1	1	0.0	0.0
Pseudomonas_E sp000931465	0	0	0	0	
Pseudomonas_E sp000955815	0	0	0	0	
Pseudomonas_E sp001259595	4	6	6	100.0	30.5
Pseudomonas_E sp001269815	4	6	6	100.0	5.0
Pseudomonas_E sp001297015	4	6	6	83.33333333333333	5.0
Pseudomonas_E sp001308855	3	3	3	100.0	11.0
Pseudomonas_E sp001320525	10	45	45	100.0	9.0
Pseudomonas_E sp001421885	2	1	1	100.0	12.0
Pseudomonas_E sp001422615	2	1	1	100.0	8.0
Pseudomonas_E sp001427125	5	10	10	60.0	2.0
Pseudomonas_E sp001429045	2	1	1	100.0	4.0
Pseudomonas_E sp001465025	2	1	1	0.0	1.0
Pseudomonas_E sp001547895	4	6	6	100.0	3.5
Pseudomonas_E sp001642705	3	3	3	100.0	9.0
Pseudomonas_E sp001655595	22	231	231	80.95238095238095	3.0
Pseudomonas_E sp001655615	25	300	300	64.66666666666667	5.0
Pseudomonas_E sp001705835	6	15	15	80.0	4.0
Pseudomonas_E sp001945445	2	1	1	100.0	29.0
Pseudomonas_E sp001952855	2	1	1	100.0	14.0
Pseudomonas_E sp002000165	3	3	3	100.0	4.0
Pseudomonas_E sp002018875	4	6	6	100.0	13.0
Pseudomonas_E sp002029345	3	3	3	100.0	8.0
Pseudomonas_E sp002112385	7	21	21	19.047619047619047	0.0
Pseudomonas_E sp002112505	6	15	15	40.0	1.0
Pseudomonas_E sp002112885	14	91	91	64.83516483516483	2.0
Pseudomonas_E sp002113025	4	6	6	100.0	30.5
Pseudomonas_E sp002113045	2	1	1	0.0	1.0
Pseudomonas_E sp002113125	2	1	1	0.0	0.0
Pseudomonas_E sp002113165	3	3	3	0.0	0.0
Pseudomonas_E sp002113595	16	120	120	78.33333333333333	4.0
Pseudomonas_E sp002263605	2	1	1	100.0	28.0
Pseudomonas_E sp002282595	2	1	1	100.0	9.0
Pseudomonas_E sp002286815	2	1	1	100.0	3.0
Pseudomonas_E sp002303925	2	1	1	100.0	11.0
Pseudomonas_E sp002304225	2	1	1	100.0	5.0
Pseudomonas_E sp002354655	2	1	1	100.0	10.0
Pseudomonas_E sp002356535	3	3	3	100.0	8.0
Pseudomonas_E sp002383725	3	3	3	100.0	7.0
Pseudomonas_E sp002438125	2	1	1	100.0	3.0
Pseudomonas_E sp002439135	5	10	10	100.0	14.0
Pseudomonas_E sp002699985	0	0	0	0	
Pseudomonas_E sp002753995	4	6	6	83.33333333333333	4.5
Pseudomonas_E sp002803095	0	0	0	0	
Pseudomonas_E sp002814235	3	3	3	100.0	10.0
Pseudomonas_E sp002843585	9	36	36	72.22222222222223	4.0
Pseudomonas_E sp002843605	0	0	0	0	
Pseudomonas_E sp002874965	48	1128	1128	96.54255319148936	7.0
Pseudomonas_E sp002901475	2	1	1	100.0	5.0
Pseudomonas_E sp002979555	2	1	1	0.0	0.0
Pseudomonas_E sp002980155	2	1	1	100.0	4.0
Pseudomonas_E sp003013355	5	10	10	40.0	0.5
Pseudomonas_E sp003014915	7	21	21	100.0	8.0
Pseudomonas_E sp003033885	8	28	28	96.42857142857143	7.0
Pseudomonas_E sp003050835	0	0	0	0	
Pseudomonas_E sp003050925	2	1	1	100.0	9.0
Pseudomonas_E sp003052515	2	1	1	0.0	0.0
Pseudomonas_E sp003053605	2	1	1	100.0	6.0
Pseudomonas_E sp003053805	2	1	1	100.0	3.0
Pseudomonas_E sp003097075	0	0	0	0	
Pseudomonas_E sp003097135	4	6	6	0.0	0.0
Pseudomonas_E sp003097235	0	0	0	0	
Pseudomonas_E sp003253735	0	0	0	0	
Pseudomonas_E sp003428805	9	36	36	83.33333333333333	7.0
Pseudomonas_E sp003445295	2	1	1	100.0	6.0
Pseudomonas_E sp003852235	10	45	45	82.22222222222223	4.0
Pseudomonas_E sp003852405	2	1	1	100.0	2.0
Pseudomonas_E sp004011755	4	6	6	100.0	7.5
Pseudomonas_E sp004136015	3	3	3	100.0	19.0
Pseudomonas_E sp004519405	5	10	10	90.0	2.5
Pseudomonas_E sp005502935	2	1	1	100.0	25.0
Pseudomonas_E sp005938045	3	3	3	100.0	14.0
Pseudomonas_E sp006227205	3	3	3	66.66666666666667	3.0
Pseudomonas_E sp007828215	6	15	15	33.333333333333336	1.0
Pseudomonas_E sp008369295	2	1	1	100.0	9.0
Pseudomonas_E sp009764265	2	1	1	100.0	19.0
Pseudomonas_E sp009834565	3	3	3	100.0	3.0
Pseudomonas_E sp009908285	2	1	1	100.0	7.0
Pseudomonas_E sp009932725	4	6	6	100.0	4.5
Pseudomonas_E sp010095445	4	6	6	50.0	2.0
Pseudomonas_E sp011752565	2	1	1	100.0	4.0
Pseudomonas_E sp012844475	2	1	1	100.0	2.0
Pseudomonas_E sp012935755	2	1	1	0.0	0.0
Pseudomonas_E sp012975065	3	3	3	66.66666666666667	12.0
Pseudomonas_E sp012985465	5	10	10	80.0	4.0
Pseudomonas_E sp012985665	4	6	6	83.33333333333333	4.5
Pseudomonas_E sp013179515	2	1	1	100.0	9.0
Pseudomonas_E sp013386825	2	1	1	0.0	1.0
Pseudomonas_E sp014207255	5	10	10	80.0	4.0
Pseudomonas_E sp014268655	3	3	3	66.66666666666667	5.0
Pseudomonas_E sp014268745	3	3	3	66.66666666666667	19.0
Pseudomonas_E sp014268825	2	1	1	100.0	14.0
Pseudomonas_E sp014268975	3	3	3	100.0	9.0
Pseudomonas_E sp014270125	4	6	6	100.0	6.0
Pseudomonas_E sp014842265	2	1	1	100.0	4.0
Pseudomonas_E sp014851765	2	1	1	100.0	4.0
Pseudomonas_E sp016518545	2	1	1	0.0	1.0
Pseudomonas_E sp016650635	2	1	1	100.0	57.0
Pseudomonas_E sp016651105	2	1	1	100.0	79.0
Pseudomonas_E sp016865545	3	3	3	33.333333333333336	1.0
Pseudomonas_E sp018816095	4	6	6	16.666666666666668	1.0
Pseudomonas_E sp018826895	6	15	15	40.0	1.0
Pseudomonas_E sp018827205	4	6	6	16.666666666666668	0.0
Pseudomonas_E sp019139835	2	1	1	100.0	44.0
Pseudomonas_E sp900005815	6	15	15	46.666666666666664	1.0
Pseudomonas_E sp900101695	5	10	10	70.0	3.0
Pseudomonas_E sp900109995	2	1	1	0.0	1.0
Pseudomonas_E sp900110765	3	3	3	66.66666666666667	3.0
Pseudomonas_E sp900113505	10	45	45	57.77777777777778	4.0
Pseudomonas_E sp900156465	10	45	45	55.55555555555556	2.0
Pseudomonas_E sp900187425	4	6	6	100.0	16.5
Pseudomonas_E sp900187505	4	6	6	100.0	12.5
Pseudomonas_E sp900187515	3	3	3	66.66666666666667	3.0
Pseudomonas_E sp900187565	3	3	3	66.66666666666667	8.0
Pseudomonas_E sp900187605	4	6	6	83.33333333333333	4.5
Pseudomonas_E sp900187615	2	1	1	100.0	16.0
Pseudomonas_E sp900187635	3	3	3	66.66666666666667	8.0
Pseudomonas_E sp900573885	0	0	0	0	
Pseudomonas_E sp900582195	0	0	0	0	
Pseudomonas_E sp900582625	0	0	0	0	
Pseudomonas_E sp900583165	0	0	0	0	
Pseudomonas_E sp900585815	2	1	1	100.0	2.0
Pseudomonas_E sp900589395	6	15	15	93.33333333333333	6.0
Pseudomonas_E sp900596015	8	28	28	67.85714285714286	2.0
Pseudomonas_E sp902506495	2	1	1	100.0	11.0
Pseudomonas_E sp902506505	2	1	1	100.0	50.0
Pseudomonas_E straminea	2	1	1	100.0	8.0
Pseudomonas_E stutzeri_A	2	1	1	100.0	17.0
Pseudomonas_E synxantha	14	91	91	90.10989010989012	6.0
Pseudomonas_E synxantha_A	7	21	21	95.23809523809524	5.0
Pseudomonas_E syringae	142	10011	10011	86.95435021476376	8.0
Pseudomonas_E syringae_E	15	105	105	37.142857142857146	0.0
Pseudomonas_E syringae_F	2	1	1	100.0	21.0
Pseudomonas_E syringae_M	55	1485	1485	95.89225589225589	17.0
Pseudomonas_E syringae_P	3	3	3	100.0	7.0
Pseudomonas_E syringae_Q	3	3	3	100.0	11.0
Pseudomonas_E taetrolens	4	6	6	0.0	0.0
Pseudomonas_E taiwanensis	8	28	28	78.57142857142857	3.5
Pseudomonas_E thermotolerans	2	1	1	100.0	3.0
Pseudomonas_E thivervalensis	6	15	15	66.66666666666667	5.0
Pseudomonas_E tolaasii	14	91	91	73.62637362637362	3.0
Pseudomonas_E toyotomiensis	4	6	6	83.33333333333333	6.0
Pseudomonas_E tremae	76	2850	2850	83.36842105263158	5.0
Pseudomonas_E triticumensis	2	1	1	100.0	2.0
Pseudomonas_E trivialis	4	6	6	50.0	6.0
Pseudomonas_E trivialis_B	8	28	28	92.85714285714286	5.0
Pseudomonas_E typographi	3	3	3	100.0	9.0
Pseudomonas_E umsongensis	8	28	28	89.28571428571429	9.5
Pseudomonas_E vancouverensis	3	3	3	0.0	0.0
Pseudomonas_E veronii	36	630	630	86.34920634920636	9.0
Pseudomonas_E versuta	3	3	3	66.66666666666667	5.0
Pseudomonas_E viridiflava	1374	943251	943251	97.8837022171193	12.0
Pseudomonas_E viridiflava_B	4	6	6	100.0	7.5
Pseudomonas_E viridiflava_C	2	1	1	100.0	5.0
Pseudomonas_E vranovensis	2	1	1	100.0	5.0
Pseudomonas_E wadenswilerensis	2	1	1	100.0	16.0
Pseudomonas_E weihenstephanensis	6	15	15	93.33333333333333	3.0
Pseudomonas_E yamanorum	7	21	21	71.42857142857143	6.0
Pseudomonas_E yamanorum_A	5	10	10	100.0	3.0
Pseudomonas_E yamanorum_B	2	1	1	100.0	11.0
Pseudomonas_F alcaligenes_A	0	0	0	0	
Pseudomonas_F furukawaii	2	1	1	100.0	2.0
Pseudomonas_F otitidis	20	190	190	98.42105263157895	15.0
Pseudomonas_F resinovorans	2	1	1	100.0	7.0
Pseudomonas_F resinovorans_C	2	1	1	100.0	25.0
Pseudomonas_F sp003234055	3	3	3	66.66666666666667	11.0
Pseudomonas_F sp003626975	2	1	1	100.0	6.0
Pseudomonas_H flexibilis	5	10	10	50.0	1.5
Pseudomonas_H sp014836765	2	1	1	0.0	0.0
Pseudomonas_K guangdongensis	2	1	1	0.0	1.0
Pseudomonas_K sp004801855	2	1	1	0.0	1.0
Pseudomonas_L hussainii	2	1	1	100.0	28.0
Pseudomonas_M indica	4	6	6	83.33333333333333	16.0
Pseudomonas_O kuykendallii	4	6	6	100.0	2.0
Pseudomonas_Q kirkiae	4	6	6	100.0	5.5
Pseudomonas_R nosocomialis	3	3	3	100.0	5.0
Pseudomonas_S boreopolis	2	1	1	100.0	4.0
Pseudonocardia alni	3	3	3	100.0	3.0
Pseudonocardia asaccharolytica	2	1	1	0.0	0.0
Pseudonocardia autotrophica	4	6	6	0.0	0.0
Pseudonocardia dioxanivorans	3	3	3	100.0	14.0
Pseudonocardia sp001294645	7	21	21	100.0	17.0
Pseudonocardia sp001420995	8	28	28	100.0	7.0
Pseudonocardia sp001725415	3	3	3	66.66666666666667	8.0
Pseudonocardia sp001899645	2	1	1	100.0	6.0
Pseudonocardia sp019263585	5	10	10	100.0	4.0
Pseudonocardia sp019263705	2	1	1	100.0	10.0
Pseudooceanicola antarcticus	2	1	1	0.0	0.0
Pseudooceanicola atlanticus	2	1	1	0.0	1.0
Pseudooceanicola marinus	2	1	1	0.0	1.0
Pseudooceanicola nanhaiensis	2	1	1	0.0	0.0
Pseudooceanicola nitratireducens	3	3	3	0.0	0.0
Pseudooceanicola sediminis	2	1	1	100.0	2.0
Pseudooceanicola sp009827095	2	1	1	100.0	2.0
Pseudooceanicola sp018222585	2	1	1	100.0	6.0
Pseudophaeobacter sp000152965	2	1	1	0.0	0.0
Pseudophaeobacter sp001294455	2	1	1	100.0	4.0
Pseudophaeobacter_A gallaeciensis_A	2	1	1	0.0	0.0
Pseudophaeobacter_A sp014884385	2	1	1	0.0	0.0
Pseudoramibacter alactolyticus	2	1	1	100.0	3.0
Pseudoramibacter fermentans	5	10	10	60.0	2.0
Pseudorhizobium endolithicum	0	0	0	0	
Pseudorhizobium flavum	5	10	10	90.0	25.0
Pseudorhizobium pelagicum	8	28	28	78.57142857142857	9.5
Pseudorhodobacter antarcticus	2	1	1	0.0	1.0
Pseudorhodobacter ferrugineus	2	1	1	100.0	2.0
Pseudorhodoferax sp001422365	3	3	3	66.66666666666667	10.0
Pseudorhodoplanes sinuspersici	2	1	1	0.0	0.0
Pseudorhodoplanes sp019187085	2	1	1	100.0	2.0
Pseudoruminococcus_A massiliensis	10	45	45	31.11111111111111	1.0
Pseudoruminococcus_B merdavium	3	3	3	0.0	0.0
Pseudoscardovia suis	7	21	21	9.523809523809524	0.0
Pseudoscilispira falkowii	2	1	1	0.0	0.0
Pseudoscilispira sp018369915	2	1	1	0.0	0.0
Pseudosphingobacterium jilunii	3	3	3	33.333333333333336	6.0
Pseudoteredinibacter isoporae	3	3	3	66.66666666666667	3.0
Pseudothermotoga_A hypogea	3	3	3	33.333333333333336	0.0
Pseudothermotoga_A sp003510135	5	10	10	20.0	0.0
Pseudothermotoga_B elfii	6	15	15	0.0	0.0
Pseudothioglobus aerophilus	11	55	55	9.090909090909092	0.0
Pseudothioglobus singularis	7	21	21	52.38095238095238	2.0
Pseudothioglobus sp000372785	2	1	1	100.0	4.0
Pseudothioglobus sp001628405	3	3	3	0.0	0.0
Pseudothioglobus sp002169705	5	10	10	10.0	0.0
Pseudothioglobus sp002698045	2	1	1	0.0	0.0
Pseudothioglobus sp002711905	8	28	28	0.0	0.0
Pseudothioglobus sp902509905	3	3	3	0.0	0.0
Pseudothioglobus sp902512305	5	10	10	30.0	1.0
Pseudothioglobus sp902513495	3	3	3	0.0	0.0
Pseudothioglobus sp905614365	4	6	6	0.0	1.0
Pseudothioglobus sp905618925	2	1	1	0.0	0.0
Pseudovibrio ascidiaceicola	3	3	3	100.0	10.0
Pseudovibrio axinellae	2	1	1	100.0	8.0
Pseudovibrio brasiliensis	2	1	1	100.0	6.0
Pseudovibrio denitrificans	4	6	6	33.333333333333336	23.0
Pseudovibrio exalbescens	3	3	3	66.66666666666667	7.0
Pseudovibrio sp001623075	2	1	1	100.0	27.0
Pseudovibrio sp900143565	8	28	28	100.0	38.5
Pseudoxanthomonas broegbernensis	2	1	1	0.0	0.0
Pseudoxanthomonas sp000510725	5	10	10	30.0	1.0
Pseudoxanthomonas sp017302035	2	1	1	0.0	0.0
Pseudoxanthomonas sp018060215	6	15	15	6.666666666666667	0.0
Pseudoxanthomonas suwonensis_C	3	3	3	66.66666666666667	3.0
Pseudoxanthomonas taiwanensis	0	0	0	0	
Pseudoxanthomonas_A indica	2	1	1	0.0	0.0
Pseudoxanthomonas_A japonensis	4	6	6	100.0	6.0
Pseudoxanthomonas_A mexicana	4	6	6	83.33333333333333	3.0
Pseudoxanthomonas_A mexicana_A	3	3	3	0.0	0.0
Pseudoxanthomonas_A sp004284195	11	55	55	87.27272727272727	4.0
Pseudoxanthomonas_A sp019218945	4	6	6	33.333333333333336	0.0
Pseudoxanthomonas_A sp900116385	2	1	1	100.0	3.0
Pseudoxanthomonas_A spadix	3	3	3	100.0	10.0
Pseudoxanthomonas_A spadix_A	3	3	3	100.0	8.0
Pseudoxanthomonas_A wuyuanensis	2	1	1	0.0	0.0
Psychrilyobacter sp003391055	3	3	3	0.0	0.0
Psychrobacillus lasiicapitis	2	1	1	100.0	3.0
Psychrobacillus psychrodurans	2	1	1	0.0	1.0
Psychrobacillus sp001278755	2	1	1	100.0	19.0
Psychrobacillus sp008807035	2	1	1	100.0	4.0
Psychrobacter alimentarius	3	3	3	66.66666666666667	2.0
Psychrobacter alimentarius_A	3	3	3	66.66666666666667	3.0
Psychrobacter aquaticus	2	1	1	0.0	0.0
Psychrobacter aquimaris	5	10	10	90.0	3.5
Psychrobacter arcticus	2	1	1	0.0	0.0
Psychrobacter celer	9	36	36	83.33333333333333	5.0
Psychrobacter cibarius	2	1	1	0.0	0.0
Psychrobacter cryohalolentis	9	36	36	25.0	0.0
Psychrobacter faecalis	14	91	91	68.13186813186813	5.0
Psychrobacter fozii	5	10	10	60.0	2.0
Psychrobacter frigidicola	2	1	1	0.0	0.0
Psychrobacter fulvigenes	2	1	1	0.0	0.0
Psychrobacter glaciei	6	15	15	80.0	4.0
Psychrobacter glacincola_B	2	1	1	0.0	1.0
Psychrobacter glacincola_C	2	1	1	100.0	6.0
Psychrobacter immobilis	4	6	6	50.0	1.0
Psychrobacter immobilis_A	4	6	6	50.0	1.5
Psychrobacter immobilis_B	2	1	1	0.0	0.0
Psychrobacter luti	2	1	1	0.0	0.0
Psychrobacter lutiphocae	2	1	1	100.0	2.0
Psychrobacter maritimus	6	15	15	100.0	5.0
Psychrobacter namhaensis	5	10	10	90.0	3.0
Psychrobacter okhotskensis	12	66	66	78.78787878787878	4.5
Psychrobacter pacificensis	8	28	28	60.714285714285715	2.0
Psychrobacter phenylpyruvicus	4	6	6	0.0	0.0
Psychrobacter piscatorii	3	3	3	0.0	0.0
Psychrobacter proteolyticus_A	4	6	6	50.0	1.0
Psychrobacter sanguinis	7	21	21	52.38095238095238	4.0
Psychrobacter sanguinis_A	3	3	3	100.0	2.0
Psychrobacter sp000511655	5	10	10	90.0	5.0
Psychrobacter sp000586415	2	1	1	0.0	0.0
Psychrobacter sp000586455	2	1	1	0.0	0.0
Psychrobacter sp000586475	3	3	3	66.66666666666667	2.0
Psychrobacter sp001593285	2	1	1	0.0	0.0
Psychrobacter sp001921745	2	1	1	100.0	15.0
Psychrobacter sp002836505	11	55	55	72.72727272727273	3.0
Psychrobacter sp002836735	2	1	1	100.0	8.0
Psychrobacter sp003530515	4	6	6	50.0	2.0
Psychrobacter sp012847335	3	3	3	66.66666666666667	5.0
Psychrobacter sp014861365	2	1	1	100.0	3.0
Psychrobacter sp014861395	2	1	1	100.0	3.0
Psychrobacter sp015277735	3	3	3	0.0	0.0
Psychrobacter sp016464015	2	1	1	0.0	1.0
Psychrobacter sp018448495	2	1	1	100.0	3.0
Psychrobacter sp900168255	2	1	1	100.0	2.0
Psychrobacter sp904846605	2	1	1	0.0	0.0
Psychrobacter urativorans_B	2	1	1	100.0	3.0
Psychroflexus gondwanensis	2	1	1	100.0	7.0
Psychroflexus halocasei	2	1	1	100.0	8.0
Psychroflexus sp006120725	3	3	3	0.0	0.0
Psychromonas arctica	2	1	1	100.0	26.0
Psychromonas sp009828855	2	1	1	0.0	0.0
Psychroserpens burtonensis	2	1	1	100.0	2.0
Psychroserpens sp017643165	7	21	21	14.285714285714286	0.0
Psychrosphaera saromensis	2	1	1	0.0	1.0
Psychrosphaera sp018861025	2	1	1	0.0	0.0
Puia sp001898505	2	1	1	0.0	0.0
Puia sp002413325	2	1	1	0.0	0.0
Puia sp003136915	2	1	1	100.0	3.0
Puia sp903906365	4	6	6	0.0	0.0
Puia sp903927975	2	1	1	0.0	0.0
Pukyongia sp013043685	6	15	15	0.0	0.0
Pullichristensenella excrementipullorum	2	1	1	100.0	6.0
Pullichristensenella sp002068815	2	1	1	0.0	0.0
Pullichristensenella stercorigallinarum	2	1	1	100.0	2.0
Pullilachnospira intestinigallinarum	2	1	1	0.0	0.0
Pullilachnospira stercoravium	6	15	15	13.333333333333334	0.0
Pullulanibacillus pueri	2	1	1	0.0	0.0
Pulveribacter sp002434305	3	3	3	100.0	12.0
Puniceispirillum sp018668795	2	1	1	0.0	0.0
Pusillimonas noertemannii	4	6	6	0.0	0.0
Pusillimonas_A maritima	7	21	21	66.66666666666667	3.0
Pusillimonas_A sp002236805	2	1	1	0.0	1.0
Pusillimonas_A sp002384935	9	36	36	58.333333333333336	2.0
Pusillimonas_B soli	2	1	1	0.0	0.0
Pusillimonas_B sp013416395	2	1	1	100.0	9.0
Pusillimonas_C harenae	2	1	1	100.0	2.0
Pusillimonas_D thiosulfatoxidans	3	3	3	0.0	0.0
Pygmaiobacter massiliensis	3	3	3	66.66666666666667	2.0
Pyramidobacter piscolens	2	1	1	0.0	1.0
Pyramidobacter sp002007215	3	3	3	100.0	13.0
Pyramidobacter sp016286835	3	3	3	100.0	3.0
Pyramidobacter sp017940445	5	10	10	70.0	2.0
Pyrobaculum aerophilum	6	15	15	60.0	2.0
Pyrobaculum arsenaticum	2	1	1	0.0	0.0
Pyrococcus chitonophagus	2	1	1	100.0	5.0
Pyrococcus furiosus	3	3	3	100.0	2.0
Pyrococcus horikoshii	2	1	1	0.0	0.0
Pyrodictium delaneyi	2	1	1	100.0	3.0
Pyruvatibacter mobilis	3	3	3	0.0	0.0
QAKW01 sp003343605	2	1	1	100.0	4.0
QALR01 sp017412045	2	1	1	100.0	2.0
QALR01 sp017937845	3	3	3	0.0	0.0
QALR01 sp900552255	3	3	3	66.66666666666667	2.0
QALR01 sp900553085	4	6	6	50.0	1.5
QALW01 sp003150515	6	15	15	33.333333333333336	1.0
QALW01 sp900547955	2	1	1	100.0	4.0
QALW01 sp900552055	4	6	6	66.66666666666667	4.0
QAMH01 sp003149935	2	1	1	100.0	3.0
QAMH01 sp900544245	3	3	3	100.0	5.0
QAMH01 sp900756605	2	1	1	0.0	1.0
QAMM01 sp900552945	3	3	3	33.333333333333336	0.0
QAMX01 sp003149835	3	3	3	33.333333333333336	1.0
QAMX01 sp004555605	3	3	3	33.333333333333336	1.0
QAMX01 sp015067825	2	1	1	100.0	5.0
QANA01 sp017439085	9	36	36	50.0	1.5
QANA01 sp902782475	3	3	3	0.0	0.0
QANG01 sp003150145	2	1	1	0.0	0.0
QBMD01 sp001885215	2	1	1	0.0	0.0
QBMD01 sp003249115	2	1	1	100.0	2.0
QENH01 sp009903405	2	1	1	100.0	3.0
QEVD01 sp003576975	3	3	3	100.0	19.0
QFOP01 sp003248785	3	3	3	66.66666666666667	2.0
QGGB01 sp003561515	5	10	10	0.0	0.0
QGON01 sp003349915	3	3	3	0.0	0.0
QGON01 sp003660235	2	1	1	100.0	6.0
QGON01 sp003934985	2	1	1	0.0	0.0
QGON01 sp011947365	3	3	3	100.0	75.0
QGON01 sp016756835	2	1	1	100.0	6.0
QGON01 sp016756855	3	3	3	100.0	6.0
QHBS01 sp003243885	3	3	3	66.66666666666667	3.0
QHMH01 sp003258795	2	1	1	0.0	0.0
QHVT01 sp019244185	2	1	1	0.0	1.0
QIAJ01 sp016201265	2	1	1	0.0	0.0
QKMZ01 sp012965515	2	1	1	100.0	2.0
QLZD01 sp008636115	3	3	3	0.0	1.0
QMZG01 sp003663045	2	1	1	0.0	0.0
QMZJ01 sp003663115	2	1	1	0.0	0.0
QMZM01 sp003663175	3	3	3	0.0	0.0
QMZT01 sp003663325	2	1	1	0.0	0.0
QMZY01 sp003663415	2	1	1	100.0	2.0
QNBT01 sp013349435	2	1	1	0.0	0.0
QNES01 sp003645255	3	3	3	100.0	4.0
QNFC01 sp003645395	2	1	1	0.0	0.0
QNYK01 sp003973385	2	1	1	0.0	0.0
QNYK01 sp012960845	2	1	1	0.0	0.0
QNYK01 sp018694835	8	28	28	7.142857142857143	0.0
QNYZ01 sp003973265	2	1	1	0.0	1.0
QNZC01 sp003978485	2	1	1	0.0	0.0
QNZC01 sp003978565	2	1	1	0.0	1.0
QOAS01 sp003972855	2	1	1	0.0	0.0
QOAS01 sp012962155	3	3	3	0.0	0.0
QPIN01 sp003666325	2	1	1	100.0	3.0
QPIN01 sp003666385	2	1	1	100.0	2.0
QPJE01 sp003337245	2	1	1	100.0	3.0
QQUJ01 sp008501635	3	3	3	33.333333333333336	1.0
QQUY01 sp003385635	4	6	6	16.666666666666668	0.5
QQVD01 sp003388555	2	1	1	0.0	0.0
QQVM01 sp003389385	4	6	6	50.0	1.5
QQWI01 sp004125825	2	1	1	0.0	0.0
QS-4-48-99 sp003021505	24	276	276	94.92753623188406	6.0
QS-5-72-10 sp003021615	2	1	1	0.0	1.0
QS-8-64-10 sp003023275	3	3	3	33.333333333333336	1.0
QUBU01 sp014337915	4	6	6	0.0	0.0
QWKK01 sp009911695	3	3	3	100.0	9.0
QWOP01 sp903951635	3	3	3	33.333333333333336	1.0
QWOQ01 sp003669585	3	3	3	33.333333333333336	0.0
QWPN01 sp005789975	3	3	3	0.0	0.0
QWPN01 sp903917235	3	3	3	100.0	4.0
QWPN01 sp903919035	5	10	10	90.0	3.0
QWPN01 sp903958265	2	1	1	100.0	2.0
QWPT01 sp003671025	3	3	3	33.333333333333336	0.0
QWPT01 sp003671065	3	3	3	0.0	1.0
QWPT01 sp003671075	6	15	15	46.666666666666664	1.0
QWPT01 sp903856525	4	6	6	50.0	1.5
QWPT01 sp903891095	5	10	10	50.0	1.5
QWQI01 sp003670885	4	6	6	100.0	6.0
QXCW01 sp003550275	2	1	1	0.0	0.0
QXXE01 sp009911355	2	1	1	100.0	5.0
QYOJ01 sp014382125	2	1	1	100.0	2.0
QYPT01 sp009698615	9	36	36	0.0	0.0
QYPT01 sp009699205	5	10	10	0.0	0.0
QYPT01 sp009699375	4	6	6	0.0	0.0
QYPT01 sp009700405	9	36	36	0.0	0.0
QYPT01 sp903822425	2	1	1	0.0	0.0
QYPT01 sp903834145	23	253	253	9.486166007905139	0.0
QYPT01 sp903834705	14	91	91	0.0	0.0
QYPT01 sp903924485	3	3	3	0.0	0.0
QYQG01 sp005790965	3	3	3	0.0	0.0
QYQG01 sp005793645	2	1	1	0.0	0.0
Qipengyuania aurea	3	3	3	66.66666666666667	2.0
Qipengyuania citrea	20	190	190	67.36842105263158	3.0
Qipengyuania flava	7	21	21	66.66666666666667	2.0
Qipengyuania sp001542855	4	6	6	83.33333333333333	7.5
Qipengyuania sp001635685	12	66	66	31.818181818181817	0.0
Qipengyuania sp002695185	4	6	6	33.333333333333336	1.0
Qipengyuania sp002895025	16	120	120	67.5	3.0
Qipengyuania sp018819685	2	1	1	0.0	0.0
Quadrisphaera granulorum	2	1	1	0.0	0.0
Quasibacillus thermotolerans	3	3	3	100.0	4.0
Quinella sp002448305	2	1	1	0.0	0.0
Quinella sp017518105	3	3	3	66.66666666666667	2.0
Quinella sp017527075	2	1	1	100.0	52.0
Quinella sp905233325	2	1	1	100.0	4.0
Quinella sp905234705	2	1	1	0.0	1.0
Quinella sp905236725	3	3	3	0.0	0.0
R-RK-3 sp002198715	2	1	1	100.0	7.0
R196 sp004764705	2	1	1	100.0	27.0
R2A130 sp011087605	3	3	3	0.0	0.0
RAAP-1 sp903839535	3	3	3	100.0	8.0
RAAP-1 sp903953895	7	21	21	42.857142857142854	1.0
RAAP-2 sp003132165	2	1	1	0.0	0.0
RAAP-2 sp003132305	7	21	21	23.80952380952381	0.0
RAAP-2 sp003133075	8	28	28	14.285714285714286	0.0
RAAP-2 sp003133125	7	21	21	14.285714285714286	0.0
RAAP-2 sp003133405	2	1	1	0.0	0.0
RAAP-2 sp003133685	3	3	3	66.66666666666667	3.0
RAAP-2 sp003136495	5	10	10	10.0	0.5
RAAP-2 sp003138815	28	378	378	17.724867724867725	0.0
RAAP-2 sp003138895	6	15	15	26.666666666666668	0.0
RAAP-2 sp003141095	10	45	45	46.666666666666664	1.0
RAAP-2 sp003142095	2	1	1	0.0	0.0
RAAP-2 sp003152555	3	3	3	100.0	2.0
RAAP-2 sp003155915	27	351	351	6.552706552706553	0.0
RAAP-2 sp003160115	14	91	91	20.87912087912088	0.0
RAAP-2 sp003167415	2	1	1	100.0	2.0
RAAP-2 sp003168075	2	1	1	100.0	2.0
RAAP-2 sp903825035	20	190	190	11.052631578947368	0.0
RAAP-2 sp903825765	7	21	21	19.047619047619047	0.0
RAAP-2 sp903826715	7	21	21	19.047619047619047	1.0
RAAP-2 sp903828785	2	1	1	0.0	0.0
RAAP-2 sp903830655	13	78	78	7.6923076923076925	0.0
RAAP-2 sp903830745	13	78	78	6.410256410256411	0.0
RAAP-2 sp903848885	29	406	406	9.113300492610838	0.0
RAAP-2 sp903854175	3	3	3	0.0	0.0
RAAP-2 sp903860745	5	10	10	30.0	0.5
RAAP-2 sp903860915	6	15	15	0.0	0.0
RAAP-2 sp903871335	25	300	300	4.0	0.0
RAAP-2 sp903873775	5	10	10	0.0	0.0
RAAP-2 sp903885505	3	3	3	0.0	0.0
RAAP-2 sp903893745	8	28	28	0.0	0.0
RAAP-2 sp903924205	5	10	10	0.0	0.0
RACS-045 sp013316135	2	1	1	100.0	13.0
RBC034 sp902826835	2	1	1	100.0	2.0
RBG-1 sp000447245	2	1	1	0.0	0.0
RBG-13-33-26 sp001786415	2	1	1	0.0	0.0
RBG-13-36-15 sp011050465	2	1	1	0.0	0.0
RBG-13-51-36 sp903884455	4	6	6	0.0	0.0
RBG-13-68-16 sp002279285	2	1	1	0.0	1.0
RBG-13-68-16 sp003158745	5	10	10	40.0	0.0
RBG-16-34-14 sp001802795	2	1	1	0.0	0.0
RBG-16-40-8 sp903833275	3	3	3	0.0	0.0
RBG-16-57-9 sp001775965	2	1	1	0.0	0.0
RBG-16-57-9 sp018652685	7	21	21	14.285714285714286	0.0
RBG-16-66-20 sp005777205	2	1	1	0.0	0.0
RBG-16-66-30 sp001775755	2	1	1	100.0	4.0
RBG-16-66-30 sp011048485	2	1	1	100.0	2.0
RBG-16-66-30 sp012516875	2	1	1	0.0	0.0
RBG-16-68-12 sp005878385	2	1	1	0.0	0.0
RBG-16-68-12 sp005878485	2	1	1	0.0	0.0
RBG-16-68-12 sp005878615	2	1	1	0.0	1.0
RBG-16-68-12 sp005878635	2	1	1	0.0	0.0
RBG-16-68-12 sp005879065	3	3	3	0.0	0.0
RCC307 sp000063525	5	10	10	20.0	0.0
RCC307 sp002470305	3	3	3	0.0	0.0
RCC307 sp012270465	2	1	1	0.0	0.0
RCIO01 sp017640615	2	1	1	100.0	8.0
RCIZ01 sp018823835	11	55	55	45.45454545454545	1.0
RDXV01 sp004292695	2	1	1	0.0	0.0
RDXZ01 sp004293265	2	1	1	100.0	5.0
RDXZ01 sp004294005	3	3	3	0.0	0.0
RDZD01 sp004293815	2	1	1	0.0	0.0
RDZH01 sp004293935	4	6	6	0.0	0.0
REAB01 sp004293645	11	55	55	32.72727272727273	1.0
RECH01 sp016888135	3	3	3	66.66666666666667	5.0
REDSEA-S09-B13 sp001629395	6	15	15	26.666666666666668	1.0
REDSEA-S09-B13 sp002456995	3	3	3	0.0	0.0
REDSEA-S09-B13 sp003447825	16	120	120	16.666666666666668	0.0
REEB67 sp018266215	2	1	1	0.0	0.0
REEB76 sp018971605	2	1	1	100.0	2.0
RF16 sp002308195	2	1	1	100.0	4.0
RF16 sp002310195	4	6	6	83.33333333333333	2.0
RF16 sp002352705	2	1	1	0.0	1.0
RF16 sp002354055	3	3	3	100.0	7.0
RF16 sp002368645	3	3	3	0.0	0.0
RF16 sp002371785	5	10	10	30.0	0.5
RF16 sp002372135	3	3	3	0.0	0.0
RF16 sp002373505	3	3	3	100.0	3.0
RF16 sp002387325	2	1	1	100.0	2.0
RF16 sp002392745	3	3	3	66.66666666666667	2.0
RF16 sp002394335	8	28	28	46.42857142857143	1.0
RF16 sp002440265	3	3	3	100.0	4.0
RF16 sp002449665	5	10	10	30.0	1.0
RF16 sp002452095	7	21	21	100.0	6.0
RF16 sp002477945	2	1	1	0.0	0.0
RF16 sp002479035	2	1	1	100.0	3.0
RF16 sp015061165	2	1	1	0.0	1.0
RF16 sp016302585	2	1	1	0.0	0.0
RF16 sp017423085	3	3	3	0.0	0.0
RF16 sp017448345	3	3	3	33.333333333333336	1.0
RF16 sp017448985	2	1	1	100.0	5.0
RF16 sp017450685	2	1	1	0.0	1.0
RF16 sp017457295	3	3	3	0.0	0.0
RF16 sp017464025	2	1	1	0.0	0.0
RF16 sp017471175	2	1	1	0.0	1.0
RF16 sp017471285	2	1	1	0.0	0.0
RF16 sp017480285	2	1	1	0.0	1.0
RF16 sp017483945	2	1	1	0.0	0.0
RF16 sp017964045	3	3	3	33.333333333333336	1.0
RF16 sp900316005	13	78	78	83.33333333333333	3.0
RF16 sp900316845	5	10	10	50.0	1.5
RF16 sp900317345	3	3	3	66.66666666666667	5.0
RF16 sp900317745	17	136	136	77.20588235294117	3.0
RF16 sp900317885	5	10	10	80.0	3.0
RF16 sp900318245	5	10	10	50.0	1.5
RF16 sp900319005	4	6	6	83.33333333333333	3.5
RF16 sp900319025	17	136	136	66.17647058823529	3.0
RF16 sp900319035	10	45	45	77.77777777777777	3.0
RF16 sp900319105	5	10	10	80.0	3.0
RF16 sp900319645	3	3	3	66.66666666666667	2.0
RF16 sp900319995	2	1	1	0.0	0.0
RF16 sp900320865	13	78	78	74.35897435897436	3.0
RF16 sp900321005	5	10	10	80.0	2.0
RF16 sp900321605	4	6	6	66.66666666666667	5.5
RF16 sp900321775	13	78	78	66.66666666666667	3.0
RF16 sp900542355	2	1	1	0.0	1.0
RF16 sp900556095	3	3	3	66.66666666666667	2.0
RF16 sp902765485	2	1	1	100.0	6.0
RF16 sp902771935	2	1	1	0.0	0.0
RF16 sp902774185	2	1	1	100.0	2.0
RF16 sp902774995	3	3	3	33.333333333333336	0.0
RF16 sp902778935	6	15	15	93.33333333333333	5.0
RF16 sp902779705	2	1	1	100.0	6.0
RF16 sp902780235	4	6	6	16.666666666666668	1.0
RF16 sp902785605	4	6	6	50.0	2.0
RF16 sp902785805	5	10	10	70.0	2.0
RF16 sp902792835	3	3	3	33.333333333333336	1.0
RF16 sp902799555	3	3	3	66.66666666666667	3.0
RF16 sp902800215	2	1	1	100.0	4.0
RF16 sp905234835	2	1	1	100.0	13.0
RFNO01 sp009927045	2	1	1	0.0	0.0
RFOM01 sp903933385	3	3	3	66.66666666666667	2.0
RFPI01 sp009926205	2	1	1	100.0	3.0
RFSX01 sp009923745	5	10	10	0.0	0.0
RFSX01 sp013001975	3	3	3	0.0	1.0
RFSX01 sp013042795	2	1	1	0.0	0.0
RFTN01 sp009923445	2	1	1	0.0	0.0
RFTU01 sp009918225	2	1	1	100.0	2.0
RFTU01 sp009923315	4	6	6	16.666666666666668	1.0
RFVC01 sp018698975	2	1	1	0.0	0.0
RFYP01 sp017852395	4	6	6	0.0	0.0
RGAU01 sp016779325	2	1	1	0.0	0.0
RGIG10190 sp017553575	2	1	1	0.0	1.0
RGIG10368 sp017958015	2	1	1	0.0	0.0
RGIG1476 sp017632945	4	6	6	16.666666666666668	0.0
RGIG1476 sp017965665	8	28	28	0.0	0.0
RGIG1588 sp017412265	3	3	3	33.333333333333336	0.0
RGIG1666 sp017399695	2	1	1	0.0	0.0
RGIG1693 sp016293975	2	1	1	0.0	0.0
RGIG1711 sp017416145	2	1	1	0.0	0.0
RGIG1711 sp017618015	2	1	1	0.0	0.0
RGIG1743 sp017399105	2	1	1	0.0	0.0
RGIG1828 sp017629325	2	1	1	0.0	1.0
RGIG1864 sp017408205	2	1	1	0.0	0.0
RGIG1896 sp017397025	2	1	1	0.0	0.0
RGIG1896 sp017473335	2	1	1	100.0	5.0
RGIG1899 sp017397005	2	1	1	0.0	0.0
RGIG1902 sp017396925	3	3	3	100.0	3.0
RGIG1902 sp017421885	2	1	1	0.0	0.0
RGIG1934 sp017396555	2	1	1	0.0	0.0
RGIG1987 sp017633195	4	6	6	33.333333333333336	0.0
RGIG1987 sp017633835	2	1	1	0.0	0.0
RGIG1995 sp017441005	2	1	1	0.0	1.0
RGIG2000 sp017408585	2	1	1	0.0	0.0
RGIG2000 sp017481595	2	1	1	0.0	1.0
RGIG2000 sp017501545	2	1	1	0.0	0.0
RGIG2000 sp017625915	2	1	1	0.0	1.0
RGIG2000 sp017937135	2	1	1	0.0	0.0
RGIG2361 sp017404555	2	1	1	0.0	0.0
RGIG2707 sp016283945	2	1	1	0.0	1.0
RGIG2707 sp017428655	6	15	15	53.333333333333336	2.0
RGIG2945 sp017442445	2	1	1	0.0	0.0
RGIG3102 sp017436575	3	3	3	33.333333333333336	0.0
RGIG3528 sp016283775	2	1	1	0.0	1.0
RGIG3566 sp017501805	4	6	6	33.333333333333336	1.0
RGIG3636 sp017458625	2	1	1	100.0	3.0
RGIG3701 sp015062085	2	1	1	100.0	3.0
RGIG3701 sp017408405	2	1	1	0.0	0.0
RGIG3732 sp017453885	2	1	1	0.0	1.0
RGIG3925 sp017612655	2	1	1	0.0	0.0
RGIG4076 sp905198155	2	1	1	0.0	1.0
RGIG4079 sp017399915	4	6	6	66.66666666666667	7.5
RGIG4079 sp017505535	2	1	1	100.0	3.0
RGIG4079 sp904502025	2	1	1	0.0	0.0
RGIG4097 sp017461985	3	3	3	0.0	0.0
RGIG4103 sp017502065	2	1	1	0.0	1.0
RGIG4130 sp017466885	2	1	1	0.0	0.0
RGIG4131 sp017536405	2	1	1	0.0	0.0
RGIG4131 sp017828955	2	1	1	0.0	1.0
RGIG4140 sp015062385	4	6	6	83.33333333333333	3.5
RGIG426 sp017410585	2	1	1	100.0	5.0
RGIG446 sp017386805	2	1	1	100.0	2.0
RGIG4576 sp904501735	3	3	3	33.333333333333336	1.0
RGIG4607 sp017473265	2	1	1	0.0	1.0
RGIG4608 sp017531925	2	1	1	100.0	3.0
RGIG4847 sp017471265	2	1	1	0.0	0.0
RGIG5021 sp017479935	2	1	1	100.0	4.0
RGIG5270 sp017456285	2	1	1	100.0	3.0
RGIG5299 sp017504945	2	1	1	0.0	0.0
RGIG5472 sp017501355	2	1	1	100.0	2.0
RGIG5612 sp017441295	2	1	1	0.0	1.0
RGIG5612 sp017536965	5	10	10	10.0	1.0
RGIG5631 sp017534115	3	3	3	66.66666666666667	3.0
RGIG5636 sp017513125	4	6	6	16.666666666666668	1.0
RGIG5669 sp017431225	2	1	1	100.0	8.0
RGIG5675 sp017512745	2	1	1	100.0	2.0
RGIG577 sp017419325	2	1	1	0.0	1.0
RGIG5952 sp017962605	2	1	1	100.0	23.0
RGIG6518 sp017531315	4	6	6	0.0	0.0
RGIG7107 sp017405305	7	21	21	0.0	0.0
RGIG7107 sp017538895	5	10	10	0.0	0.0
RGIG7114 sp015068365	2	1	1	100.0	3.0
RGIG7114 sp017542425	6	15	15	46.666666666666664	1.0
RGIG7150 sp016285515	2	1	1	100.0	3.0
RGIG7150 sp017538085	4	6	6	50.0	1.5
RGIG7300 sp017398145	2	1	1	100.0	4.0
RGIG7926 sp905236705	2	1	1	0.0	0.0
RGIG7949 sp016287555	2	1	1	100.0	3.0
RGIG8164 sp017962745	2	1	1	0.0	0.0
RGIG8367 sp904502045	2	1	1	0.0	0.0
RGIG8767 sp016294075	2	1	1	0.0	0.0
RGIG8775 sp904502055	2	1	1	0.0	0.0
RGIG9060 sp017936665	4	6	6	16.666666666666668	1.0
RGIG9079 sp015061245	2	1	1	100.0	2.0
RGIG9107 sp017431145	2	1	1	100.0	6.0
RGIG9201 sp017634675	2	1	1	100.0	4.0
RGIG9201 sp017635875	2	1	1	100.0	5.0
RGIG9379 sp017632345	2	1	1	100.0	2.0
RGIG9417 sp017631635	2	1	1	0.0	0.0
RGIG9608 sp017547145	4	6	6	0.0	0.0
RGIG982 sp017390595	2	1	1	100.0	5.0
RGIG982 sp017442105	2	1	1	100.0	2.0
RGIG995 sp017424085	3	3	3	0.0	0.0
RGIG9985 sp017934045	3	3	3	33.333333333333336	0.0
RGVD01 sp903907885	2	1	1	0.0	0.0
RH-AL1 sp901457705	3	3	3	0.0	0.0
RHBSTW-00994 sp013782625	2	1	1	100.0	5.0
RHKX01 sp008363375	2	1	1	0.0	1.0
RHLJ01 sp017640665	3	3	3	0.0	0.0
RKRP01 sp009838035	3	3	3	0.0	0.0
RKRP01 sp009844425	3	3	3	0.0	0.0
RKRP01 sp009845905	3	3	3	0.0	0.0
RKRQ01 sp007571325	2	1	1	0.0	1.0
RKRQ01 sp009837205	4	6	6	0.0	0.5
RKRQ01 sp009840385	7	21	21	9.523809523809524	0.0
RKSH01 sp007570945	2	1	1	0.0	0.0
RPQJ01 sp016704655	2	1	1	100.0	2.0
RPQJ01 sp016705325	3	3	3	66.66666666666667	7.0
RPRC01 sp002419385	3	3	3	100.0	2.0
RQOF01 sp003854955	2	1	1	0.0	0.0
RS62 sp000496475	2	1	1	100.0	2.0
RS62 sp002340675	5	10	10	0.0	0.0
RSA17 sp002919105	2	1	1	0.0	0.0
RSA5 sp002919235	2	1	1	100.0	2.0
RSA7 sp002919195	2	1	1	0.0	0.0
RSA9 sp003242735	2	1	1	0.0	1.0
RUG013 sp001486445	6	15	15	53.333333333333336	2.0
RUG023 sp900315435	7	21	21	57.142857142857146	2.0
RUG024 sp900314765	4	6	6	66.66666666666667	6.0
RUG033 sp900314665	2	1	1	0.0	0.0
RUG039 sp900314875	6	15	15	0.0	0.0
RUG099 sp001513255	2	1	1	0.0	0.0
RUG099 sp017404265	2	1	1	0.0	0.0
RUG099 sp017505405	2	1	1	0.0	0.0
RUG099 sp017512145	2	1	1	0.0	0.0
RUG099 sp900315485	12	66	66	42.42424242424242	1.0
RUG099 sp900317675	5	10	10	0.0	1.0
RUG099 sp900318105	2	1	1	0.0	0.0
RUG099 sp900320285	5	10	10	40.0	1.0
RUG099 sp902774195	2	1	1	0.0	0.0
RUG099 sp902776285	2	1	1	0.0	0.0
RUG099 sp902778585	2	1	1	0.0	0.0
RUG099 sp902790965	2	1	1	0.0	0.0
RUG100 sp900315555	2	1	1	0.0	0.0
RUG11130 sp017518025	2	1	1	0.0	0.0
RUG11139 sp902766265	2	1	1	0.0	0.0
RUG11204 sp902766845	3	3	3	0.0	0.0
RUG11257 sp017429475	2	1	1	100.0	2.0
RUG11257 sp017548725	2	1	1	0.0	1.0
RUG11257 sp017650285	3	3	3	0.0	1.0
RUG11257 sp017960085	2	1	1	0.0	1.0
RUG11272 sp017429265	2	1	1	100.0	14.0
RUG11272 sp902790495	2	1	1	100.0	3.0
RUG114 sp900315615	2	1	1	0.0	0.0
RUG11420 sp902769055	2	1	1	100.0	13.0
RUG11462 sp902781345	2	1	1	0.0	1.0
RUG115 sp900066395	26	325	325	48.0	1.0
RUG115 sp900315735	5	10	10	40.0	1.0
RUG11551 sp902770245	3	3	3	100.0	8.0
RUG11623 sp902770965	5	10	10	50.0	1.5
RUG11690 sp902771655	5	10	10	40.0	1.0
RUG11783 sp017513135	2	1	1	0.0	0.0
RUG11783 sp017548485	2	1	1	0.0	1.0
RUG11783 sp017548825	2	1	1	100.0	3.0
RUG11783 sp902772615	4	6	6	0.0	0.0
RUG11792 sp902772645	2	1	1	0.0	1.0
RUG11797 sp015068345	4	6	6	50.0	1.5
RUG11797 sp017441705	2	1	1	0.0	0.0
RUG11857 sp902773225	2	1	1	100.0	3.0
RUG11872 sp902773425	2	1	1	0.0	0.0
RUG11872 sp902782505	7	21	21	4.761904761904762	1.0
RUG11894 sp017412505	9	36	36	69.44444444444444	2.0
RUG11894 sp902773665	4	6	6	66.66666666666667	2.0
RUG11942 sp017964755	2	1	1	100.0	2.0
RUG11977 sp016285135	3	3	3	100.0	6.0
RUG11977 sp016287095	2	1	1	100.0	11.0
RUG11977 sp016288005	2	1	1	100.0	2.0
RUG11977 sp017427415	5	10	10	40.0	0.0
RUG11977 sp017427685	3	3	3	100.0	6.0
RUG11977 sp017620375	4	6	6	0.0	0.0
RUG11977 sp902774525	2	1	1	100.0	2.0
RUG12372 sp016286075	3	3	3	66.66666666666667	3.0
RUG12372 sp900321035	6	15	15	46.666666666666664	1.0
RUG12395 sp017382555	2	1	1	0.0	1.0
RUG12395 sp902778725	3	3	3	33.333333333333336	1.0
RUG12438 sp902801685	2	1	1	0.0	0.0
RUG12519 sp902779915	2	1	1	0.0	0.0
RUG12817 sp017441925	2	1	1	0.0	0.0
RUG12817 sp902782895	2	1	1	0.0	0.0
RUG12931 sp017405085	2	1	1	100.0	3.0
RUG12999 sp902784685	2	1	1	100.0	2.0
RUG13038 sp902801825	3	3	3	0.0	0.0
RUG13091 sp016298185	2	1	1	0.0	0.0
RUG131 sp900315885	4	6	6	33.333333333333336	1.0
RUG131 sp900549975	3	3	3	0.0	1.0
RUG13160 sp902786275	2	1	1	0.0	0.0
RUG13409 sp017442785	2	1	1	0.0	1.0
RUG13409 sp017523605	2	1	1	0.0	0.0
RUG13583 sp017527435	3	3	3	100.0	2.0
RUG13583 sp017557605	2	1	1	100.0	4.0
RUG13583 sp902790595	2	1	1	100.0	18.0
RUG13615 sp902790905	5	10	10	50.0	1.5
RUG14106 sp017552595	2	1	1	100.0	3.0
RUG14106 sp902795825	3	3	3	100.0	3.0
RUG14130 sp017552535	2	1	1	100.0	9.0
RUG14179 sp017408325	2	1	1	0.0	1.0
RUG14186 sp902796565	4	6	6	0.0	0.0
RUG14240 sp902797125	4	6	6	0.0	0.5
RUG14258 sp017515705	2	1	1	0.0	0.0
RUG14258 sp902797345	2	1	1	0.0	0.0
RUG14515 sp902763555	2	1	1	0.0	0.0
RUG14515 sp902798595	2	1	1	0.0	0.0
RUG147 sp900315495	3	3	3	0.0	0.0
RUG14871 sp902803495	2	1	1	100.0	2.0
RUG159 sp900316145	3	3	3	33.333333333333336	1.0
RUG159 sp902796435	2	1	1	0.0	0.0
RUG191 sp002373675	7	21	21	28.571428571428573	0.0
RUG191 sp015057165	3	3	3	0.0	0.0
RUG191 sp900315945	2	1	1	0.0	0.0
RUG191 sp900316395	3	3	3	0.0	1.0
RUG191 sp905234245	2	1	1	0.0	0.0
RUG191 sp905234525	2	1	1	0.0	0.0
RUG240 sp900316875	2	1	1	0.0	0.0
RUG306 sp900313435	5	10	10	10.0	0.0
RUG306 sp900314085	2	1	1	0.0	0.0
RUG306 sp900316075	14	91	91	7.6923076923076925	0.0
RUG306 sp900317755	2	1	1	0.0	0.0
RUG306 sp902772635	3	3	3	0.0	0.0
RUG334 sp900317935	3	3	3	33.333333333333336	1.0
RUG343 sp900317975	4	6	6	0.0	0.0
RUG350 sp900315995	6	15	15	26.666666666666668	0.0
RUG369 sp900317365	2	1	1	0.0	0.0
RUG369 sp900318195	2	1	1	0.0	0.0
RUG369 sp902772705	2	1	1	0.0	0.0
RUG369 sp902786505	8	28	28	25.0	0.0
RUG369 sp902803085	2	1	1	0.0	1.0
RUG410 sp002361365	2	1	1	100.0	2.0
RUG410 sp017480745	2	1	1	100.0	4.0
RUG410 sp017484225	3	3	3	100.0	3.0
RUG410 sp900313155	4	6	6	83.33333333333333	24.0
RUG410 sp900313185	4	6	6	0.0	0.0
RUG410 sp900318605	2	1	1	0.0	0.0
RUG410 sp900320035	2	1	1	0.0	0.0
RUG410 sp900553115	2	1	1	0.0	0.0
RUG410 sp902763905	2	1	1	0.0	0.0
RUG410 sp902788365	5	10	10	60.0	3.0
RUG420 sp017433225	5	10	10	70.0	2.0
RUG420 sp017476565	2	1	1	0.0	0.0
RUG420 sp900315285	7	21	21	28.571428571428573	1.0
RUG420 sp900317085	42	861	861	48.548199767711964	1.0
RUG420 sp900317985	49	1176	1176	50.17006802721088	2.0
RUG420 sp900318715	3	3	3	0.0	0.0
RUG420 sp900542575	3	3	3	33.333333333333336	0.0
RUG420 sp904502175	2	1	1	0.0	0.0
RUG440 sp017533825	2	1	1	100.0	9.0
RUG440 sp900318935	2	1	1	0.0	0.0
RUG440 sp902766445	2	1	1	100.0	2.0
RUG440 sp902772085	2	1	1	0.0	1.0
RUG472 sp900319345	6	15	15	33.333333333333336	0.0
RUG472 sp900545265	3	3	3	33.333333333333336	0.0
RUG472 sp902768995	15	105	105	34.285714285714285	1.0
RUG472 sp902786465	2	1	1	0.0	1.0
RUG472 sp902798825	3	3	3	100.0	3.0
RUG472 sp902801845	4	6	6	33.333333333333336	0.5
RUG472 sp902802575	2	1	1	100.0	13.0
RUG472 sp902802805	2	1	1	0.0	1.0
RUG521 sp017516045	4	6	6	16.666666666666668	1.0
RUG521 sp900319675	7	21	21	14.285714285714286	1.0
RUG563 sp015056015	3	3	3	33.333333333333336	1.0
RUG563 sp900320085	2	1	1	0.0	0.0
RUG563 sp902764565	2	1	1	100.0	7.0
RUG563 sp902795275	3	3	3	66.66666666666667	36.0
RUG563 sp902801765	2	1	1	0.0	1.0
RUG572 sp900320225	3	3	3	66.66666666666667	2.0
RUG572 sp900547945	3	3	3	66.66666666666667	6.0
RUG572 sp902779865	2	1	1	100.0	5.0
RUG572 sp902802945	3	3	3	100.0	20.0
RUG591 sp900320425	3	3	3	0.0	0.0
RUG592 sp900313125	2	1	1	0.0	0.0
RUG592 sp900315255	3	3	3	66.66666666666667	3.0
RUG592 sp900315715	2	1	1	0.0	0.0
RUG592 sp900317025	2	1	1	0.0	0.0
RUG592 sp900317815	3	3	3	0.0	1.0
RUG592 sp900320535	3	3	3	33.333333333333336	1.0
RUG592 sp902763835	2	1	1	100.0	2.0
RUG592 sp902801245	2	1	1	100.0	2.0
RUG592 sp902802975	2	1	1	100.0	2.0
RUG612 sp900320605	3	3	3	0.0	0.0
RUG612 sp902782805	2	1	1	0.0	0.0
RUG626 sp900317385	18	153	153	65.359477124183	2.0
RUG626 sp900320765	3	3	3	0.0	1.0
RUG626 sp902765975	3	3	3	0.0	1.0
RUG658 sp002448285	8	28	28	0.0	0.0
RUG658 sp017525905	2	1	1	0.0	1.0
RUG658 sp900321055	2	1	1	0.0	0.0
RUG666 sp900321185	2	1	1	0.0	0.0
RUG678 sp900321335	6	15	15	0.0	0.0
RUG695 sp017434455	3	3	3	33.333333333333336	1.0
RUG695 sp900321495	3	3	3	33.333333333333336	1.0
RUG695 sp902766935	2	1	1	0.0	1.0
RUG695 sp902796885	2	1	1	0.0	1.0
RUG695 sp902797455	2	1	1	0.0	0.0
RUG705 sp900321645	2	1	1	0.0	0.0
RUG705 sp900551455	2	1	1	0.0	1.0
RUG708 sp900321625	2	1	1	0.0	0.0
RUG714 sp900321665	3	3	3	0.0	0.0
RUG714 sp902794945	3	3	3	0.0	0.0
RUG714 sp902796055	2	1	1	0.0	0.0
RUG721 sp900321745	11	55	55	65.45454545454545	3.0
RUG727 sp900321795	2	1	1	0.0	0.0
RUG730 sp900321865	2	1	1	0.0	0.0
RUG740 sp017433675	2	1	1	100.0	2.0
RUG740 sp900316415	2	1	1	0.0	0.0
RUG740 sp900321945	2	1	1	0.0	0.0
RUG740 sp902778055	2	1	1	0.0	0.0
RUG740 sp902797445	2	1	1	0.0	0.0
RUG754 sp016284485	2	1	1	0.0	1.0
RUG754 sp900315895	8	28	28	14.285714285714286	0.0
RUG754 sp902778565	4	6	6	0.0	0.0
RUG754 sp902780845	5	10	10	10.0	0.5
RUG756 sp900322115	4	6	6	0.0	1.0
RUG756 sp902803675	3	3	3	0.0	1.0
RUG760 sp900315265	6	15	15	60.0	2.0
RUG760 sp900322165	5	10	10	0.0	0.0
RUG760 sp902783575	2	1	1	0.0	0.0
RUG762 sp017395425	2	1	1	100.0	3.0
RUG762 sp900316455	3	3	3	0.0	1.0
RUG762 sp900316495	6	15	15	80.0	3.0
RUG762 sp900317765	3	3	3	0.0	1.0
RUG762 sp900321515	2	1	1	0.0	0.0
RUG762 sp900322085	2	1	1	0.0	0.0
RUG762 sp902799245	2	1	1	0.0	1.0
RUG806 sp015065425	2	1	1	100.0	4.0
RUG806 sp015066205	2	1	1	100.0	3.0
RUG806 sp017416485	3	3	3	100.0	5.0
RUG806 sp017430145	3	3	3	66.66666666666667	2.0
RUG806 sp017439205	4	6	6	100.0	8.0
RUG806 sp017517135	2	1	1	0.0	0.0
RUG806 sp017550625	2	1	1	0.0	0.0
RUG806 sp900313475	5	10	10	60.0	3.0
RUG806 sp902780565	2	1	1	0.0	1.0
RUG841 sp900313795	5	10	10	0.0	0.0
RUG842 sp017515965	2	1	1	0.0	0.0
RUG842 sp900313775	2	1	1	0.0	0.0
RUG844 sp900313875	2	1	1	0.0	0.0
RXIV01 sp903879705	3	3	3	33.333333333333336	1.0
RXOA01 sp003979035	2	1	1	0.0	0.0
RYZV01 sp004011965	2	1	1	0.0	0.0
RZYF01 sp010014665	2	1	1	0.0	0.0
RZYY01 sp012516825	6	15	15	60.0	4.0
Rahnella aceris	12	66	66	87.87878787878788	5.0
Rahnella aquatilis	3	3	3	66.66666666666667	11.0
Rahnella inusitata	4	6	6	83.33333333333333	4.0
Rahnella laticis	7	21	21	76.19047619047619	5.0
Rahnella sp001422575	4	6	6	100.0	12.5
Rahnella sp004195115	6	15	15	100.0	6.0
Rahnella variigena	8	28	28	85.71428571428571	5.0
Rahnella victoriana	5	10	10	100.0	14.0
Ralstonia insidiosa	8	28	28	89.28571428571429	4.0
Ralstonia mannitolilytica	13	78	78	91.02564102564102	7.0
Ralstonia pickettii	42	861	861	61.556329849012776	4.0
Ralstonia pickettii_A	2	1	1	100.0	3.0
Ralstonia pickettii_B	21	210	210	82.38095238095238	6.0
Ralstonia pseudosolanacearum	49	1176	1176	99.14965986394557	16.0
Ralstonia solanacearum	122	7381	7381	78.58013819265682	6.0
Ralstonia sp000620465	2	1	1	100.0	2.0
Ralstonia sp001078575	3	3	3	0.0	0.0
Ralstonia sp900115545	2	1	1	100.0	4.0
Ralstonia syzygii	19	171	171	90.05847953216374	16.0
Ramlibacter aquaticus	2	1	1	100.0	2.0
Ramlibacter ginsenosidimutans	0	0	0	0	
Ramlibacter sp013778345	2	1	1	0.0	0.0
Ramlibacter tataouinensis_A	3	3	3	0.0	0.0
Raoultibacter timonensis	2	1	1	100.0	26.0
Raphidiopsis brookii	8	28	28	96.42857142857143	58.5
Raphidiopsis curvispora_A	0	0	0	0	
Raphidiopsis raciborskii	17	136	136	70.58823529411765	3.0
Rariglobus sp002382525	2	1	1	100.0	6.0
Rariglobus sp903904685	2	1	1	100.0	2.0
Rathayibacter caricis	3	3	3	66.66666666666667	2.0
Rathayibacter festucae	11	55	55	80.0	4.0
Rathayibacter iranicus	6	15	15	33.333333333333336	1.0
Rathayibacter rathayi	27	351	351	84.04558404558405	3.0
Rathayibacter sp001423885	2	1	1	0.0	0.0
Rathayibacter sp002930885	55	1485	1485	86.53198653198653	5.0
Rathayibacter sp009807095	2	1	1	100.0	2.0
Rathayibacter sp009866655	2	1	1	0.0	0.0
Rathayibacter sp013205055	2	1	1	0.0	0.0
Rathayibacter sp015351245	2	1	1	0.0	0.0
Rathayibacter tanaceti	3	3	3	0.0	0.0
Rathayibacter toxicus	40	780	780	21.794871794871796	0.0
Rathayibacter tritici	6	15	15	80.0	4.0
Rectinema sp002435985	3	3	3	0.0	1.0
Rectinema sp002441395	3	3	3	0.0	0.0
Rectinema sp012516755	4	6	6	0.0	0.0
Rectinema subterraneum	6	15	15	40.0	1.0
Regiella insecticola	2	1	1	100.0	12.0
Reichenbachiella agariperforans	3	3	3	0.0	0.0
Reidiella endopervernicosa	2	1	1	100.0	2.0
Reinekea forsetii	7	21	21	4.761904761904762	0.0
Renibacterium salmoninarum	3	3	3	0.0	0.0
Renibacterium sp005809195	6	15	15	0.0	0.0
Reyranella aerosaccus_A	3	3	3	100.0	3.0
Reyranella aerosaccus_B	3	3	3	33.333333333333336	1.0
Reyranella aerosaccus_C	2	1	1	100.0	3.0
Reyranella sp001897995	3	3	3	33.333333333333336	0.0
Reyranella sp002281855	3	3	3	0.0	0.0
Reyranella sp018240695	2	1	1	100.0	9.0
Reyranella sp019235415	2	1	1	100.0	2.0
Rheinheimera aquimaris	4	6	6	0.0	0.5
Rheinheimera sp017824735	0	0	0	0	
Rheinheimera sp018826295	5	10	10	0.0	0.0
Rheinheimera sp018831085	3	3	3	0.0	0.0
Rhizobacter gummiphilus	2	1	1	0.0	0.0
Rhizobacter sp001425825	3	3	3	100.0	13.0
Rhizobium acidisoli	8	28	28	71.42857142857143	12.0
Rhizobium aethiopicum	2	1	1	100.0	6.0
Rhizobium aethiopicum_A	2	1	1	0.0	1.0
Rhizobium alamii	28	378	378	62.96296296296296	2.0
Rhizobium altiplani	19	171	171	88.30409356725146	11.0
Rhizobium anhuiense	16	120	120	83.33333333333333	4.0
Rhizobium bangladeshense	5	10	10	80.0	4.0
Rhizobium binae	0	0	0	0	
Rhizobium chutanense	2	1	1	0.0	
Rhizobium ecuadorense	3	3	3	66.66666666666667	7.0
Rhizobium esperanzae	12	66	66	84.84848484848484	5.0
Rhizobium etli	3	3	3	100.0	7.0
Rhizobium etli_B	3	3	3	66.66666666666667	2.0
Rhizobium favelukesii	2	1	1	100.0	2.0
Rhizobium gallicum	3	3	3	100.0	15.0
Rhizobium grahamii	2	1	1	0.0	
Rhizobium grahamii_A	2	1	1	0.0	0.0
Rhizobium hidalgonense	4	6	6	83.33333333333333	10.0
Rhizobium indicum	5	10	10	100.0	6.0
Rhizobium laguerreae	51	1275	1275	99.29411764705883	19.0
Rhizobium leguminosarum	82	3321	3321	87.50376392652815	10.0
Rhizobium leguminosarum_D	3	3	3	66.66666666666667	8.0
Rhizobium leguminosarum_E	37	666	666	93.24324324324324	11.0
Rhizobium leguminosarum_I	6	15	15	100.0	14.0
Rhizobium leguminosarum_J	6	15	15	100.0	6.0
Rhizobium leguminosarum_K	10	45	45	80.0	10.0
Rhizobium leguminosarum_L	56	1540	1540	99.48051948051948	13.0
Rhizobium leguminosarum_N	10	45	45	35.55555555555556	0.0
Rhizobium lentis_A	4	6	6	0.0	0.0
Rhizobium leucaenae	5	10	10	70.0	4.0
Rhizobium lusitanum	15	105	105	87.61904761904762	7.0
Rhizobium mesoamericanum	2	1	1	100.0	11.0
Rhizobium mongolense	4	6	6	83.33333333333333	9.5
Rhizobium multihospitium	2	1	1	100.0	13.0
Rhizobium paranaense	2	1	1	100.0	3.0
Rhizobium phaseoli	26	325	325	73.84615384615384	8.0
Rhizobium pisi	4	6	6	33.333333333333336	4.0
Rhizobium rhizogenes	54	1431	1431	79.17540181691125	4.0
Rhizobium rhizogenes_D	0	0	0	0	
Rhizobium ruizarguesonis	146	10585	10585	99.83939537080775	19.0
Rhizobium sophorae	4	6	6	100.0	7.5
Rhizobium sophoriradicis	7	21	21	90.47619047619048	5.0
Rhizobium sp000282035	4	6	6	100.0	11.5
Rhizobium sp000746385	2	1	1	100.0	8.0
Rhizobium sp000799775	14	91	91	92.3076923076923	6.0
Rhizobium sp000799845	0	0	0	0	
Rhizobium sp001424945	3	3	3	100.0	15.0
Rhizobium sp001657485	2	1	1	100.0	6.0
Rhizobium sp001664485	8	28	28	25.0	3.0
Rhizobium sp001692325	3	3	3	100.0	5.0
Rhizobium sp002117485	3	3	3	100.0	12.0
Rhizobium sp002211305	2	1	1	100.0	15.0
Rhizobium sp002211365	3	3	3	66.66666666666667	11.0
Rhizobium sp002277895	2	1	1	100.0	4.0
Rhizobium sp002531905	3	3	3	100.0	2.0
Rhizobium sp002531955	5	10	10	90.0	7.0
Rhizobium sp003024605	8	28	28	39.285714285714285	1.0
Rhizobium sp003627795	2	1	1	100.0	2.0
Rhizobium sp004341105	2	1	1	0.0	1.0
Rhizobium sp004341625	2	1	1	100.0	20.0
Rhizobium sp004362445	2	1	1	0.0	0.0
Rhizobium sp007000325	7	21	21	85.71428571428571	8.0
Rhizobium sp012641405	2	1	1	100.0	6.0
Rhizobium sp014193255	2	1	1	100.0	2.0
Rhizobium sp014193695	2	1	1	100.0	2.0
Rhizobium sp014194695	2	1	1	100.0	5.0
Rhizobium sp017741815	0	0	0	0	
Rhizobium sp900465675	7	21	21	95.23809523809524	10.0
Rhizobium sp900466475	14	91	91	82.41758241758242	4.0
Rhizobium sp900467745	7	21	21	100.0	10.0
Rhizobium sp900467885	7	21	21	85.71428571428571	4.0
Rhizobium sp900468625	8	28	28	89.28571428571429	10.0
Rhizobium sp900468685	3	3	3	66.66666666666667	2.0
Rhizobium sp900468805	7	21	21	85.71428571428571	4.0
Rhizobium sp900469175	46	1035	1035	84.05797101449275	6.0
Rhizobium sp900469475	18	153	153	85.62091503267973	11.0
Rhizobium sp900469615	12	66	66	74.24242424242425	4.0
Rhizobium sp900471515	6	15	15	86.66666666666667	3.0
Rhizobium sp900472485	2	1	1	0.0	1.0
Rhizobium sp900472605	3	3	3	100.0	8.0
Rhizobium sp900489925	2	1	1	100.0	13.0
Rhizobium sullae	4	6	6	100.0	27.5
Rhizobium tibeticum	2	1	1	100.0	2.0
Rhizobium tropici	6	15	15	20.0	0.0
Rhizobium tropici_A	4	6	6	33.333333333333336	0.0
Rhizobium tumorigenes	2	1	1	0.0	1.0
Rhizobium yanglingense	3	3	3	33.333333333333336	19.0
Rhizobium_A rhizoryzae	3	3	3	66.66666666666667	2.0
Rhizobium_A straminoryzae	2	1	1	100.0	11.0
Rhizobium_B borbori	2	1	1	100.0	4.0
Rhizomicrobium sp001896865	2	1	1	0.0	0.0
Rhizomicrobium sp001898015	6	15	15	73.33333333333333	3.0
Rhizomicrobium sp002429315	2	1	1	100.0	2.0
Rhizomicrobium sp003139615	5	10	10	90.0	10.0
Rhizomicrobium sp016783965	3	3	3	0.0	0.0
Rhizomicrobium sp019245415	2	1	1	100.0	2.0
Rhizomicrobium sp903857685	3	3	3	66.66666666666667	2.0
Rhizomicrobium sp903897605	4	6	6	0.0	0.5
Rhizomicrobium sp903902075	2	1	1	0.0	0.0
Rhizorhabdus dicambivorans	3	3	3	33.333333333333336	0.0
Rhizorhabdus histidinilytica	2	1	1	100.0	5.0
Rhizorhabdus sp001428605	3	3	3	0.0	0.0
Rhizorhabdus sp004297635	2	1	1	0.0	0.0
Rhizorhabdus wittichii	4	6	6	100.0	4.5
Rhodanobacter denitrificans	4	6	6	83.33333333333333	5.5
Rhodanobacter glycinis	5	10	10	60.0	2.5
Rhodanobacter glycinis_A	2	1	1	100.0	4.0
Rhodanobacter sp000427505	2	1	1	0.0	1.0
Rhodanobacter sp001426645	2	1	1	0.0	0.0
Rhodanobacter sp001427365	3	3	3	66.66666666666667	2.0
Rhodanobacter sp001617365	3	3	3	0.0	0.0
Rhodanobacter sp001898415	4	6	6	83.33333333333333	2.5
Rhodanobacter sp001899565	4	6	6	50.0	3.0
Rhodanobacter sp002749725	0	0	0	0	
Rhodanobacter sp004298045	3	3	3	0.0	0.0
Rhodanobacter sp004298505	3	3	3	0.0	0.0
Rhodanobacter sp014200755	2	1	1	100.0	6.0
Rhodanobacter sp014207185	2	1	1	100.0	21.0
Rhodanobacter sp018599185	2	1	1	0.0	0.0
Rhodanobacter thiooxydans	2	1	1	100.0	6.0
Rhodanobacter thiooxydans_A	2	1	1	100.0	2.0
Rhodobacter aestuarii	3	3	3	66.66666666666667	12.0
Rhodobacter capsulatus	5	10	10	70.0	3.0
Rhodobacter capsulatus_B	8	28	28	85.71428571428571	5.0
Rhodobaculum sp003550665	4	6	6	33.333333333333336	1.0
Rhodobaculum sp007128865	2	1	1	0.0	1.0
Rhodobaculum sp007131685	3	3	3	33.333333333333336	0.0
Rhodobium orientis	3	3	3	0.0	1.0
Rhodoblastus acidophilus	3	3	3	0.0	1.0
Rhodoblastus sphagnicola	2	1	1	100.0	6.0
Rhodococcus aetherivorans	17	136	136	63.970588235294116	4.0
Rhodococcus coprophilus	3	3	3	0.0	0.0
Rhodococcus erythropolis	36	630	630	83.01587301587301	5.0
Rhodococcus erythropolis_D	6	15	15	93.33333333333333	5.0
Rhodococcus globerulus	11	55	55	58.18181818181818	2.0
Rhodococcus gordoniae	4	6	6	33.333333333333336	1.0
Rhodococcus hoagii	58	1653	1653	47.610405323653964	1.0
Rhodococcus jostii	2	1	1	100.0	5.0
Rhodococcus jostii_A	3	3	3	100.0	38.0
Rhodococcus koreensis	4	6	6	83.33333333333333	11.5
Rhodococcus maanshanensis	3	3	3	66.66666666666667	12.0
Rhodococcus opacus	21	210	210	88.57142857142857	24.0
Rhodococcus oryzae	5	10	10	90.0	10.5
Rhodococcus pyridinivorans	19	171	171	94.73684210526316	6.0
Rhodococcus qingshengii	51	1275	1275	81.56862745098039	5.0
Rhodococcus rhodnii	3	3	3	0.0	0.0
Rhodococcus rhodochrous	11	55	55	89.0909090909091	5.0
Rhodococcus ruber	19	171	171	58.47953216374269	3.0
Rhodococcus sp001040705	2	1	1	100.0	5.0
Rhodococcus sp002165735	5	10	10	100.0	19.0
Rhodococcus sp003130705	4	6	6	100.0	24.0
Rhodococcus sp003350365	2	1	1	0.0	1.0
Rhodococcus sp012844225	3	3	3	0.0	0.0
Rhodococcus triatomae	4	6	6	50.0	1.0
Rhodococcus tukisamuensis	2	1	1	0.0	0.0
Rhodococcus wratislaviensis	4	6	6	100.0	5.5
Rhodococcus wratislaviensis_A	2	1	1	0.0	0.0
Rhodococcus zopfii	2	1	1	100.0	5.0
Rhodococcus_B fascians	41	820	820	86.09756097560975	7.0
Rhodococcus_B fascians_E	11	55	55	69.0909090909091	10.0
Rhodococcus_B kyotonensis_B	3	3	3	100.0	7.0
Rhodococcus_B sp000813105	2	1	1	100.0	13.0
Rhodococcus_B sp000954115	12	66	66	90.9090909090909	4.0
Rhodococcus_B sp001942265	2	1	1	100.0	37.0
Rhodococcus_B sp002258315	2	1	1	0.0	1.0
Rhodococcus_B sp002259335	7	21	21	90.47619047619048	6.0
Rhodococcus_B sp002259405	5	10	10	90.0	7.0
Rhodococcus_B sp002259415	2	1	1	100.0	13.0
Rhodococcus_B sp002259485	7	21	21	66.66666666666667	3.0
Rhodococcus_B sp004795915	2	1	1	0.0	0.0
Rhodococcus_C corynebacterioides	2	1	1	0.0	1.0
Rhodococcus_C kroppenstedtii	5	10	10	100.0	7.5
Rhodococcus_C sp000686025	5	10	10	20.0	1.0
Rhodococcus_C sp001426185	3	3	3	66.66666666666667	2.0
Rhodocyclus tenuis	3	3	3	0.0	0.0
Rhodocyclus tenuis_A	3	3	3	66.66666666666667	4.0
Rhodoferax antarcticus	2	1	1	0.0	1.0
Rhodoferax fermentans	2	1	1	100.0	5.0
Rhodoferax ferrireducens	2	1	1	100.0	3.0
Rhodoferax saidenbachensis	2	1	1	100.0	2.0
Rhodoferax sp001795455	3	3	3	0.0	0.0
Rhodoferax sp001871515	6	15	15	26.666666666666668	0.0
Rhodoferax sp002163715	2	1	1	0.0	0.0
Rhodoferax sp002381045	2	1	1	100.0	2.0
Rhodoferax sp002784245	6	15	15	6.666666666666667	0.0
Rhodoferax sp002786915	2	1	1	0.0	0.0
Rhodoferax sp002789915	3	3	3	0.0	0.0
Rhodoferax sp003133245	2	1	1	100.0	2.0
Rhodoferax sp012927445	2	1	1	100.0	2.0
Rhodoferax sp013791765	7	21	21	33.333333333333336	0.0
Rhodoferax sp016705575	5	10	10	100.0	9.0
Rhodoferax sp016708345	2	1	1	100.0	3.0
Rhodoferax sp016718405	2	1	1	100.0	15.0
Rhodoferax sp016719405	2	1	1	100.0	17.0
Rhodoferax sp018061265	2	1	1	0.0	0.0
Rhodoferax sp903822205	3	3	3	0.0	0.0
Rhodoferax sp903823025	6	15	15	6.666666666666667	0.0
Rhodoferax sp903828665	28	378	378	49.47089947089947	1.0
Rhodoferax sp903839085	7	21	21	33.333333333333336	1.0
Rhodoferax sp903845935	22	231	231	69.26406926406926	2.0
Rhodoferax sp903853895	2	1	1	0.0	0.0
Rhodoferax sp903856025	2	1	1	100.0	4.0
Rhodoferax sp903859265	2	1	1	0.0	0.0
Rhodoferax sp903863395	5	10	10	10.0	0.5
Rhodoferax sp903870955	2	1	1	100.0	4.0
Rhodoferax sp903873485	6	15	15	60.0	2.0
Rhodoferax sp903875275	5	10	10	0.0	0.0
Rhodoferax sp903876045	3	3	3	33.333333333333336	1.0
Rhodoferax sp903876735	9	36	36	86.11111111111111	4.0
Rhodoferax sp903886165	3	3	3	0.0	0.0
Rhodoferax sp903886275	10	45	45	35.55555555555556	1.0
Rhodoferax sp903894475	4	6	6	66.66666666666667	4.0
Rhodoferax sp903896425	4	6	6	50.0	2.5
Rhodoferax sp903897925	2	1	1	100.0	3.0
Rhodoferax sp903906695	3	3	3	33.333333333333336	1.0
Rhodoferax sp903914175	13	78	78	57.69230769230769	2.0
Rhodoferax sp903920695	2	1	1	100.0	6.0
Rhodoferax sp903927295	3	3	3	100.0	7.0
Rhodoferax sp903928635	3	3	3	33.333333333333336	0.0
Rhodoferax sp903929815	2	1	1	100.0	6.0
Rhodoferax sp903945325	4	6	6	33.333333333333336	1.0
Rhodoferax sp903954045	3	3	3	0.0	0.0
Rhodoferax sp903960915	4	6	6	33.333333333333336	1.0
Rhodoferax_A sp004323695	3	3	3	33.333333333333336	0.0
Rhodoglobus amurskyensis	3	3	3	0.0	0.0
Rhodoglobus sp001725325	3	3	3	0.0	0.0
Rhodoglobus sp004118935	2	1	1	0.0	0.0
Rhodoglobus sp015864575	6	15	15	0.0	0.0
Rhodoglobus sp015864665	2	1	1	0.0	1.0
Rhodoglobus sp903920435	4	6	6	50.0	1.5
Rhodoglobus vestalii	0	0	0	0	
Rhodoglobus xinjiangensis	2	1	1	0.0	0.0
Rhodoluna limnophila	3	3	3	0.0	0.0
Rhodoluna sp002342255	5	10	10	0.0	0.0
Rhodoluna sp009702455	2	1	1	0.0	0.0
Rhodoluna sp009703465	2	1	1	0.0	0.0
Rhodoluna sp009704605	3	3	3	0.0	0.0
Rhodoluna sp009921165	2	1	1	0.0	0.0
Rhodoluna sp009927245	2	1	1	0.0	0.0
Rhodoluna sp010028615	2	1	1	0.0	0.0
Rhodoluna sp017983965	2	1	1	0.0	0.0
Rhodoluna sp903820955	6	15	15	6.666666666666667	0.0
Rhodoluna sp903824455	5	10	10	0.0	0.0
Rhodoluna sp903832875	7	21	21	0.0	0.0
Rhodoluna sp903834635	3	3	3	0.0	0.0
Rhodoluna sp903853515	2	1	1	0.0	0.0
Rhodoluna sp903887175	2	1	1	0.0	0.0
Rhodoluna sp903909605	2	1	1	0.0	0.0
Rhodoluna sp903922825	2	1	1	0.0	0.0
Rhodoluna sp903935175	2	1	1	0.0	1.0
Rhodomicrobium udaipurense	3	3	3	66.66666666666667	4.0
Rhodonellum psychrophilum	3	3	3	0.0	0.0
Rhodophyticola sp007827395	216	23220	23220	60.16365202411714	2.0
Rhodophyticola sp017644125	3	3	3	33.333333333333336	1.0
Rhodopila sp903851415	2	1	1	100.0	7.0
Rhodopila sp903915725	3	3	3	66.66666666666667	2.0
Rhodopila sp903932145	4	6	6	100.0	3.5
Rhodopila sp903944925	3	3	3	0.0	1.0
Rhodopirellula baltica	5	10	10	100.0	6.5
Rhodopirellula europaea	3	3	3	100.0	17.0
Rhodopirellula rubra	0	0	0	0	
Rhodoplanes elegans	2	1	1	100.0	30.0
Rhodoplanes serenus	4	6	6	100.0	20.0
Rhodopseudomonas faecalis	2	1	1	100.0	3.0
Rhodopseudomonas palustris_C	0	0	0	0	
Rhodopseudomonas palustris_F	7	21	21	71.42857142857143	3.0
Rhodopseudomonas palustris_G	4	6	6	100.0	4.5
Rhodopseudomonas palustris_H	4	6	6	100.0	13.0
Rhodopseudomonas pentothenatexigens	3	3	3	0.0	0.0
Rhodopseudomonas pseudopalustris	2	1	1	100.0	5.0
Rhodospira marina	3	3	3	0.0	0.0
Rhodospirillum rubrum	7	21	21	80.95238095238095	6.0
Rhodospirillum_A centenum	2	1	1	0.0	0.0
Rhodothalassium salexigens	5	10	10	70.0	5.0
Rhodothermus marinus	7	21	21	66.66666666666667	4.0
Rhodothermus sp002898335	2	1	1	0.0	0.0
Rhodovibrio salinarum	2	1	1	100.0	9.0
Rhodovulum adriaticum	2	1	1	0.0	0.0
Rhodovulum imhoffii	2	1	1	0.0	0.0
Rhodovulum kholense	2	1	1	100.0	4.0
Rhodovulum sulfidophilum	12	66	66	98.48484848484848	29.0
Rhodovulum visakhapatnamense	4	6	6	100.0	8.0
Richelia intracellularis	5	10	10	0.0	0.0
Richelia intracellularis_B	2	1	1	100.0	26.0
Rickettsia australis	2	1	1	0.0	0.0
Rickettsia bellii	5	10	10	90.0	21.0
Rickettsia canadensis	2	1	1	0.0	0.0
Rickettsia felis	5	10	10	90.0	23.0
Rickettsia helvetica_A	2	1	1	100.0	9.0
Rickettsia hoogstraalii	2	1	1	100.0	5.0
Rickettsia prowazekii	13	78	78	0.0	0.0
Rickettsia rhipicephali	15	105	105	88.57142857142857	7.0
Rickettsia rickettsii	72	2556	2556	45.65727699530517	1.0
Rickettsia sp002285905	4	6	6	0.0	0.0
Rickettsia tamurae	6	15	15	60.0	17.5
Rickettsia typhi	4	6	6	0.0	0.0
Riemerella anatipestifer	72	2556	2556	56.37715179968701	3.0
Riemerella anatipestifer_B	2	1	1	100.0	13.0
Riemerella anatipestifer_C	3	3	3	100.0	63.0
Riesia pediculicola	4	6	6	0.0	0.0
Riesia pediculischaeffi	2	1	1	0.0	0.0
Rifleibacterium amylolyticum	2	1	1	100.0	6.0
Rifleibacterium sp002839445	2	1	1	100.0	7.0
Rikenella microfusus	2	1	1	100.0	2.0
Rippkaea orientalis	0	0	0	0	
Risungbinella massiliensis	0	0	0	0	
Rivularia sp002361335	3	3	3	100.0	32.0
Rivularia sp012033205	5	10	10	100.0	25.5
Robbsia andropogonis	3	3	3	100.0	9.0
Robertkochia marina	2	1	1	0.0	0.0
Robertmurraya massiliosenegalensis	0	0	0	0	
Robertmurraya methanolica_A	0	0	0	0	
Robertmurraya siralis	2	1	1	0.0	0.0
Robertmurraya yapensis	2	1	1	0.0	0.0
Robiginitomaculum_A sp004283035	2	1	1	0.0	0.0
Robinsoniella peoriensis	7	21	21	85.71428571428571	9.0
Robinsoniella sp900539655	2	1	1	0.0	1.0
Robinsoniella sp900540475	2	1	1	0.0	0.0
Robinsoniella sp900555455	2	1	1	100.0	8.0
Rodentibacter heylii	9	36	36	86.11111111111111	4.0
Rodentibacter mrazii	2	1	1	100.0	3.0
Rodentibacter pneumotropicus	18	153	153	75.81699346405229	2.0
Rodentibacter rarus	2	1	1	100.0	2.0
Rodentibacter ratti	4	6	6	83.33333333333333	5.5
Rodentibacter sp001999285	3	3	3	66.66666666666667	4.0
Rodentibacter trehalosifermentans	3	3	3	100.0	4.0
Romboutsia ilealis	2	1	1	0.0	1.0
Romboutsia sp904418825	2	1	1	0.0	0.0
Romboutsia timonensis	5	10	10	20.0	1.0
Romboutsia_C hominis	6	15	15	0.0	0.0
Romboutsia_D lituseburensis	2	1	1	0.0	0.0
Roseateles depolymerans	2	1	1	0.0	0.0
Roseateles terrae	2	1	1	0.0	0.0
Roseburia hominis	15	105	105	39.04761904761905	1.0
Roseburia intestinalis	20	190	190	61.578947368421055	6.0
Roseburia inulinivorans	27	351	351	60.68376068376068	3.0
Roseburia sp003470905	5	10	10	60.0	2.0
Roseburia sp003483745	3	3	3	0.0	1.0
Roseburia sp900542495	4	6	6	33.333333333333336	1.0
Roseburia sp900548205	2	1	1	0.0	1.0
Roseburia sp900550935	3	3	3	0.0	0.0
Roseburia sp900753715	2	1	1	0.0	1.0
Roseburia sp900756925	2	1	1	0.0	0.0
Roseiarcus sp003164825	3	3	3	100.0	9.0
Roseiarcus sp003164915	2	1	1	100.0	3.0
Roseibacillus_B sp002380675	2	1	1	0.0	0.0
Roseibacillus_B sp002420305	5	10	10	0.0	0.0
Roseibacillus_B sp002501065	3	3	3	0.0	0.0
Roseibacillus_B sp002686085	3	3	3	0.0	1.0
Roseibacillus_B sp002709395	2	1	1	0.0	0.0
Roseibacillus_B sp002709915	2	1	1	100.0	7.0
Roseibacillus_B sp002715825	4	6	6	33.333333333333336	1.0
Roseibacillus_B sp002723015	2	1	1	100.0	4.0
Roseibacillus_B sp002729275	3	3	3	0.0	0.0
Roseibium aggregatum_A	15	105	105	58.095238095238095	3.0
Roseibium album	3	3	3	0.0	0.0
Roseibium alexandrii	2	1	1	100.0	11.0
Roseibium aquae	2	1	1	100.0	2.0
Roseibium hamelinense	2	1	1	100.0	4.0
Roseibium polysiphoniae	2	1	1	100.0	7.0
Roseibium sp001890945	0	0	0	0	
Roseibium sp017643925	2	1	1	0.0	0.0
Roseicitreum antarcticum	2	1	1	100.0	7.0
Roseicyclus sp001650845	0	0	0	0	
Roseiflexus sp000016665	2	1	1	100.0	3.0
Roseiflexus sp017743475	6	15	15	40.0	1.0
Roseimaritima sp007124075	2	1	1	0.0	0.0
Roseimaritima ulvae	2	1	1	100.0	20.0
Roseinatronobacter bogoriensis	4	6	6	0.0	0.0
Roseinatronobacter calidilacus	2	1	1	0.0	0.0
Roseinatronobacter monicus	10	45	45	4.444444444444445	0.0
Roseinatronobacter sp003561595	5	10	10	20.0	0.5
Roseinatronobacter sp007118295	2	1	1	0.0	0.0
Roseinatronobacter sp007118445	3	3	3	0.0	0.0
Roseinatronobacter sp007123015	2	1	1	0.0	0.0
Roseinatronobacter sp007125005	3	3	3	0.0	0.0
Roseinatronobacter sp007126715	2	1	1	100.0	2.0
Roseinatronobacter sp007128135	2	1	1	0.0	0.0
Roseinatronobacter sp007134805	2	1	1	0.0	0.0
Roseinatronobacter sp007134865	5	10	10	0.0	0.0
Roseinatronobacter thiooxidans	3	3	3	100.0	2.0
Roseitalea sp017642895	3	3	3	0.0	0.0
Roseitalea stylonematis	13	78	78	20.512820512820515	0.0
Roseivirga ehrenbergii	2	1	1	0.0	0.0
Roseivirga seohaensis	2	1	1	100.0	11.0
Roseivirga sp002786855	2	1	1	0.0	0.0
Roseivivax halotolerans	2	1	1	100.0	7.0
Roseivivax marinus	2	1	1	100.0	8.0
Roseivivax sp009363255	2	1	1	100.0	5.0
Rosenbergiella collisarenosi	0	0	0	0	
Rosenbergiella epipactidis	4	6	6	66.66666666666667	2.5
Rosenbergiella nectarea	2	1	1	100.0	4.0
Roseobacter denitrificans	3	3	3	0.0	0.0
Roseococcus sp019083995	2	1	1	0.0	0.0
Roseococcus suduntuyensis	2	1	1	0.0	0.0
Roseofilum reptotaenium_A	3	3	3	66.66666666666667	12.0
Roseofilum sp002340255	11	55	55	76.36363636363636	4.0
Roseomonas gilardii	6	15	15	100.0	14.0
Roseomonas mucosa	8	28	28	89.28571428571429	10.0
Roseomonas sp003696345	2	1	1	0.0	0.0
Roseomonas sp017355405	2	1	1	100.0	4.0
Roseomonas sp017654485	2	1	1	100.0	2.0
Roseomonas_A frigidaquae	2	1	1	0.0	0.0
Roseomonas_B alkaliterrae	2	1	1	100.0	3.0
Roseomonas_B oryzicola	2	1	1	0.0	0.0
Roseomonas_B sp903927465	2	1	1	100.0	3.0
Roseomonas_C hellenica	2	1	1	100.0	7.0
Roseovarius confluentis	2	1	1	0.0	0.0
Roseovarius halotolerans	2	1	1	100.0	2.0
Roseovarius indicus	4	6	6	50.0	1.5
Roseovarius litoreus	2	1	1	100.0	15.0
Roseovarius mucosus	3	3	3	33.333333333333336	1.0
Roseovarius mucosus_A	6	15	15	13.333333333333334	0.0
Roseovarius nanhaiticus	2	1	1	0.0	0.0
Roseovarius nitratireducens	2	1	1	100.0	8.0
Roseovarius nubinhibens	4	6	6	83.33333333333333	5.0
Roseovarius pacificus	3	3	3	66.66666666666667	13.0
Roseovarius sp000152845	2	1	1	100.0	9.0
Roseovarius sp002428225	2	1	1	100.0	17.0
Roseovarius sp002720475	3	3	3	0.0	1.0
Roseovarius sp002783205	2	1	1	0.0	0.0
Roseovarius sp007125415	2	1	1	100.0	5.0
Roseovarius sp009363655	2	1	1	100.0	3.0
Roseovarius sp018066915	2	1	1	100.0	2.0
Roseovarius sp018069895	2	1	1	100.0	2.0
Roseovarius tolerans	2	1	1	100.0	9.0
Rosistilla oblonga	2	1	1	100.0	28.0
Roslinia caecavium	2	1	1	0.0	0.0
Rossellomorea aquimaris_D	3	3	3	0.0	0.0
Rossellomorea enclensis	4	6	6	16.666666666666668	1.0
Rossellomorea marisflavi	6	15	15	53.333333333333336	2.0
Rossellomorea marisflavi_A	6	15	15	46.666666666666664	0.0
Rossellomorea vietnamensis	3	3	3	66.66666666666667	5.0
Rothia aeria	13	78	78	21.794871794871796	0.0
Rothia amarae	2	1	1	0.0	1.0
Rothia dentocariosa	27	351	351	20.22792022792023	2.0
Rothia koreensis	2	1	1	0.0	0.0
Rothia kristinae	15	105	105	57.142857142857146	2.0
Rothia massiliensis	2	1	1	0.0	0.0
Rothia mucilaginosa	43	903	903	26.356589147286822	2.0
Rothia mucilaginosa_A	10	45	45	11.11111111111111	1.0
Rothia mucilaginosa_B	2	1	1	0.0	0.0
Rothia nasimurium_B	2	1	1	0.0	0.0
Rothia nasimurium_C	2	1	1	0.0	0.0
Rothia sp001808955	20	190	190	5.2631578947368425	0.0
Rothia sp002418375	2	1	1	0.0	0.0
Rothia sp004136585	2	1	1	0.0	0.0
Rothia sp015265375	2	1	1	0.0	
Rothia sp016924835	2	1	1	0.0	0.0
Rothia sp902373285	5	10	10	10.0	0.5
Rothia terrae	4	6	6	16.666666666666668	0.0
Rouxiella badensis	4	6	6	100.0	6.5
Rouxiella silvae	3	3	3	100.0	8.0
Ruania sp008000995	2	1	1	0.0	0.0
Rubellimicrobium sp017916275	2	1	1	0.0	0.0
Rubeoparvulum massiliense	0	0	0	0	
Rubidus massiliensis	2	1	1	100.0	3.0
Rubinisphaera sp002359185	2	1	1	100.0	4.0
Rubneribacter badeniensis	4	6	6	83.33333333333333	4.5
Rubrimentiphilum sp003136355	3	3	3	66.66666666666667	2.0
Rubrimentiphilum sp003151115	2	1	1	0.0	0.0
Rubripirellula obstinata	2	1	1	100.0	48.0
Rubripirellula sp002689655	2	1	1	0.0	0.0
Rubripirellula sp012270065	2	1	1	0.0	1.0
Rubrivirga sp002283555	3	3	3	33.333333333333336	1.0
Rubrivivax benzoatilyticus	5	10	10	20.0	0.0
Rubrivivax gelatinosus	2	1	1	0.0	1.0
Rubrivivax gelatinosus_A	2	1	1	100.0	2.0
Rubrivivax gelatinosus_B	2	1	1	100.0	19.0
Rubrivivax sp001295865	2	1	1	0.0	1.0
Rubrivivax sp009923895	2	1	1	0.0	0.0
Rubrivivax sp016707445	3	3	3	100.0	17.0
Rubrivivax sp016709385	11	55	55	87.27272727272727	7.0
Rubrivivax sp903828235	5	10	10	20.0	1.0
Rubrivivax sp903938815	10	45	45	40.0	1.0
Rubrobacter radiotolerans	2	1	1	0.0	0.0
Rudaea sp005503555	3	3	3	66.66666666666667	3.0
Rudaea sp018240465	2	1	1	0.0	1.0
Rudanella sp004292855	2	1	1	0.0	0.0
Ruegeria arenilitoris	31	465	465	89.24731182795699	6.0
Ruegeria arenilitoris_A	3	3	3	100.0	25.0
Ruegeria arenilitoris_B	2	1	1	100.0	5.0
Ruegeria arenilitoris_C	2	1	1	100.0	15.0
Ruegeria arenilitoris_D	2	1	1	100.0	33.0
Ruegeria atlantica	3	3	3	100.0	41.0
Ruegeria atlantica_A	12	66	66	86.36363636363636	26.0
Ruegeria atlantica_B	3	3	3	66.66666666666667	12.0
Ruegeria atlantica_C	2	1	1	0.0	0.0
Ruegeria conchae	2	1	1	0.0	0.0
Ruegeria lacuscaerulensis	2	1	1	0.0	0.0
Ruegeria lacuscaerulensis_A	5	10	10	90.0	7.0
Ruegeria lacuscaerulensis_B	3	3	3	100.0	12.0
Ruegeria sp009363615	16	120	120	100.0	12.0
Ruegeria sp013033515	6	15	15	73.33333333333333	37.0
Ruegeria sp013111185	11	55	55	98.18181818181819	20.0
Ruegeria sp013112245	11	55	55	94.54545454545455	23.0
Ruegeria sp017872555	3	3	3	100.0	16.0
Ruegeria sp903914075	7	21	21	95.23809523809524	25.0
Ruegeria_B pomeroyi	5	10	10	50.0	1.5
Ruegeria_E mediterranea	2	1	1	100.0	11.0
Rufibacter glacialis	2	1	1	0.0	0.0
Rufibacter ruber	2	1	1	100.0	24.0
Rufibacter sp014876185	10	45	45	62.22222222222222	2.0
Rufibacter sp017916365	2	1	1	0.0	1.0
Rugamonas rubra	0	0	0	0	
Rugosibacter aromaticivorans	2	1	1	0.0	1.0
Rugosibacter sp002422995	4	6	6	0.0	0.0
Rugosibacter sp002424865	4	6	6	100.0	2.0
RumEn-M2 sp001421175	14	91	91	9.89010989010989	0.0
RumEn-M2 sp002502965	2	1	1	0.0	0.0
RumEn-M2 sp012522645	2	1	1	0.0	0.0
Ruminiclostridium cellobioparum	2	1	1	100.0	15.0
Ruminiclostridium josui	2	1	1	0.0	0.0
Ruminiclostridium_E siraeum	34	561	561	77.00534759358288	6.0
Ruminiclostridium_E sp002363155	2	1	1	100.0	6.0
Ruminiclostridium_E sp002437415	3	3	3	66.66666666666667	2.0
Ruminiclostridium_E sp003512525	6	15	15	73.33333333333333	3.0
Ruminiclostridium_E sp014799365	2	1	1	100.0	4.0
Ruminiclostridium_E sp017408635	2	1	1	100.0	2.0
Ruminiclostridium_E sp017479645	2	1	1	100.0	2.0
Ruminiclostridium_E sp017624025	2	1	1	0.0	0.0
Ruminiclostridium_E sp017625405	2	1	1	100.0	2.0
Ruminiclostridium_E sp900539195	3	3	3	100.0	5.0
Ruminiclostridium_E sp900556525	2	1	1	100.0	3.0
Ruminobacter amylophilus	5	10	10	10.0	1.0
Ruminobacter sp002309455	3	3	3	0.0	0.0
Ruminobacter sp017940385	2	1	1	0.0	1.0
Ruminobacter sp900315145	5	10	10	20.0	1.0
Ruminococcus flavefaciens_A	2	1	1	100.0	19.0
Ruminococcus flavefaciens_AA	3	3	3	66.66666666666667	5.0
Ruminococcus flavefaciens_B	11	55	55	74.54545454545455	2.0
Ruminococcus flavefaciens_E	4	6	6	50.0	3.5
Ruminococcus flavefaciens_F	4	6	6	66.66666666666667	3.5
Ruminococcus flavefaciens_G	2	1	1	100.0	2.0
Ruminococcus flavefaciens_H	4	6	6	50.0	2.0
Ruminococcus flavefaciens_L	3	3	3	33.333333333333336	0.0
Ruminococcus flavefaciens_N	5	10	10	80.0	3.5
Ruminococcus flavefaciens_O	2	1	1	100.0	6.0
Ruminococcus flavefaciens_Q	2	1	1	0.0	0.0
Ruminococcus flavefaciens_R	13	78	78	76.92307692307692	3.0
Ruminococcus flavefaciens_T	2	1	1	100.0	3.0
Ruminococcus flavefaciens_U	2	1	1	0.0	1.0
Ruminococcus flavefaciens_V	3	3	3	100.0	3.0
Ruminococcus flavefaciens_Z	3	3	3	100.0	7.0
Ruminococcus sp001604035	2	1	1	0.0	1.0
Ruminococcus sp002362135	3	3	3	100.0	3.0
Ruminococcus sp002389995	5	10	10	10.0	0.0
Ruminococcus sp002394695	7	21	21	42.857142857142854	1.0
Ruminococcus sp002438605	7	21	21	52.38095238095238	2.0
Ruminococcus sp015066875	2	1	1	0.0	0.0
Ruminococcus sp015066935	3	3	3	100.0	24.0
Ruminococcus sp017513795	2	1	1	0.0	0.0
Ruminococcus sp017519145	3	3	3	66.66666666666667	3.0
Ruminococcus sp017523285	3	3	3	33.333333333333336	1.0
Ruminococcus sp017543335	2	1	1	0.0	0.0
Ruminococcus sp017543595	2	1	1	0.0	0.0
Ruminococcus sp017961625	2	1	1	0.0	1.0
Ruminococcus sp900315755	4	6	6	83.33333333333333	3.0
Ruminococcus sp900315975	8	28	28	7.142857142857143	0.0
Ruminococcus sp900318825	2	1	1	0.0	0.0
Ruminococcus sp900319195	2	1	1	0.0	0.0
Ruminococcus sp900321885	2	1	1	0.0	0.0
Ruminococcus sp900540005	3	3	3	66.66666666666667	2.0
Ruminococcus sp900545125	2	1	1	100.0	4.0
Ruminococcus_B gnavus	101	5050	5050	86.01980198019803	6.0
Ruminococcus_B sp900544395	2	1	1	0.0	0.0
Ruminococcus_C callidus	9	36	36	72.22222222222223	3.0
Ruminococcus_C sp000433635	9	36	36	36.111111111111114	1.0
Ruminococcus_C sp000437175	4	6	6	100.0	7.0
Ruminococcus_C sp000437255	3	3	3	0.0	0.0
Ruminococcus_C sp000980705	6	15	15	73.33333333333333	3.0
Ruminococcus_C sp900545285	3	3	3	33.333333333333336	0.0
Ruminococcus_C sp900765125	2	1	1	100.0	2.0
Ruminococcus_D albus	8	28	28	67.85714285714286	2.5
Ruminococcus_D albus_A	5	10	10	100.0	3.5
Ruminococcus_D albus_B	2	1	1	100.0	10.0
Ruminococcus_D albus_C	5	10	10	100.0	67.0
Ruminococcus_D bicirculans	50	1225	1225	69.55102040816327	3.0
Ruminococcus_D sp000434695	4	6	6	66.66666666666667	5.5
Ruminococcus_D sp002371625	5	10	10	60.0	2.0
Ruminococcus_D sp900119155	2	1	1	100.0	2.0
Ruminococcus_D sp900314975	4	6	6	50.0	1.0
Ruminococcus_D sp900318545	8	28	28	57.142857142857146	2.0
Ruminococcus_D sp900319075	16	120	120	37.5	1.0
Ruminococcus_D sp900539095	3	3	3	100.0	15.0
Ruminococcus_D sp900543145	2	1	1	0.0	0.0
Ruminococcus_D sp900752625	2	1	1	0.0	1.0
Ruminococcus_D sp902762735	2	1	1	0.0	1.0
Ruminococcus_D sp902780505	2	1	1	0.0	0.0
Ruminococcus_D sp902786965	5	10	10	90.0	3.0
Ruminococcus_D sp902786975	2	1	1	0.0	1.0
Ruminococcus_D sp902788785	4	6	6	50.0	1.5
Ruminococcus_D sp902797535	2	1	1	0.0	1.0
Ruminococcus_D sp902800795	3	3	3	100.0	3.0
Ruminococcus_E bromii	6	15	15	20.0	0.0
Ruminococcus_E bromii_A	5	10	10	40.0	0.5
Ruminococcus_E bromii_B	47	1081	1081	41.81313598519889	1.0
Ruminococcus_E sp002350765	6	15	15	40.0	1.0
Ruminococcus_E sp002394725	2	1	1	0.0	1.0
Ruminococcus_E sp002493635	4	6	6	66.66666666666667	3.5
Ruminococcus_E sp003438075	5	10	10	60.0	2.0
Ruminococcus_E sp003526955	16	120	120	70.0	4.0
Ruminococcus_E sp017410265	2	1	1	0.0	0.0
Ruminococcus_E sp017446165	2	1	1	0.0	0.0
Ruminococcus_E sp900100595	34	561	561	15.864527629233512	0.0
Ruminococcus_E sp900313865	2	1	1	0.0	0.0
Ruminococcus_E sp900313895	4	6	6	0.0	0.0
Ruminococcus_E sp900314705	10	45	45	20.0	0.0
Ruminococcus_E sp900314795	7	21	21	90.47619047619048	5.0
Ruminococcus_E sp900315085	11	55	55	40.0	1.0
Ruminococcus_E sp900315195	3	3	3	0.0	0.0
Ruminococcus_E sp900315605	11	55	55	70.9090909090909	3.0
Ruminococcus_E sp900315785	2	1	1	0.0	0.0
Ruminococcus_E sp900315815	2	1	1	0.0	0.0
Ruminococcus_E sp900316385	2	1	1	0.0	0.0
Ruminococcus_E sp900316435	2	1	1	0.0	0.0
Ruminococcus_E sp900316555	62	1891	1891	11.475409836065573	0.0
Ruminococcus_E sp900316815	7	21	21	0.0	0.0
Ruminococcus_E sp900317315	119	7021	7021	28.215353938185444	1.0
Ruminococcus_E sp900317595	3	3	3	0.0	0.0
Ruminococcus_E sp900317875	2	1	1	0.0	0.0
Ruminococcus_E sp900318495	2	1	1	0.0	0.0
Ruminococcus_E sp900318905	7	21	21	14.285714285714286	0.0
Ruminococcus_E sp900319615	10	45	45	57.77777777777778	2.0
Ruminococcus_E sp900319655	33	528	528	25.946969696969695	1.0
Ruminococcus_E sp900320415	2	1	1	0.0	0.0
Ruminococcus_E sp900320995	2	1	1	0.0	0.0
Ruminococcus_E sp900543095	2	1	1	0.0	0.0
Ruminococcus_E sp902765625	5	10	10	0.0	0.0
Ruminococcus_E sp902767845	2	1	1	0.0	1.0
Ruminococcus_E sp902773635	2	1	1	0.0	1.0
Ruminococcus_E sp902776185	2	1	1	100.0	3.0
Ruminococcus_E sp902776975	4	6	6	100.0	6.0
Ruminococcus_E sp902779225	2	1	1	100.0	2.0
Ruminococcus_E sp902785365	2	1	1	0.0	0.0
Ruminococcus_E sp902790985	2	1	1	0.0	1.0
Ruminococcus_E sp902797225	3	3	3	0.0	0.0
Ruminococcus_E sp902797655	2	1	1	0.0	1.0
Ruminococcus_E sp902798605	2	1	1	0.0	1.0
Ruminococcus_E sp902798755	6	15	15	26.666666666666668	1.0
Ruminococcus_E sp905215855	4	6	6	83.33333333333333	2.5
Ruminococcus_F champanellensis	4	6	6	0.0	0.0
Ruminococcus_F sp015066905	2	1	1	0.0	0.0
Ruminococcus_G avistercoris	3	3	3	0.0	0.0
Ruminococcus_G gauvreauii	0	0	0	0	
Rummeliibacillus sp003576525	2	1	1	0.0	
Rummeliibacillus stabekisii	5	10	10	50.0	1.5
Rummeliibacillus suwonensis	3	3	3	100.0	9.0
Runella defluvii	3	3	3	100.0	9.0
Runella zeae	2	1	1	100.0	4.0
Ruthenibacterium avium	2	1	1	0.0	0.0
Ruthenibacterium lactatiformans	40	780	780	82.56410256410257	7.0
Ruthenibacterium merdavium	3	3	3	66.66666666666667	4.0
Ruthenibacterium merdipullorum	7	21	21	42.857142857142854	1.0
Ruthenibacterium sp009929695	2	1	1	100.0	6.0
Ruthenibacterium sp013316265	2	1	1	100.0	6.0
Ruthenibacterium sp014799685	2	1	1	100.0	4.0
Ruthenibacterium sp018380115	6	15	15	46.666666666666664	1.0
Ruthia magnifica	2	1	1	0.0	0.0
S012-109 sp015488555	3	3	3	0.0	0.0
S012-113 sp015488485	4	6	6	50.0	1.5
S012-128 sp015488325	5	10	10	90.0	3.0
S012-22 sp015523445	2	1	1	0.0	0.0
S012-40 sp015487785	3	3	3	66.66666666666667	2.0
S012-47 sp015487695	2	1	1	0.0	1.0
S012-72 sp015487455	2	1	1	0.0	1.0
S012-90 sp015487305	5	10	10	30.0	0.0
S014-63 sp015486555	2	1	1	0.0	0.0
S016-19 sp015486235	2	1	1	100.0	6.0
S0819 sp009295635	2	1	1	0.0	0.0
S139-112 sp015485715	2	1	1	100.0	2.0
S139-113 sp015485695	2	1	1	0.0	0.0
S139-149 sp015485585	3	3	3	0.0	0.0
S140-43 sp015491615	3	3	3	33.333333333333336	1.0
S140-46 sp015491585	2	1	1	0.0	0.0
S141-43 sp015490715	2	1	1	0.0	1.0
S141-55 sp015490555	2	1	1	0.0	0.0
S141-66 sp015490455	2	1	1	0.0	0.0
S143-107 sp015489815	5	10	10	30.0	0.0
S144-17 sp015494395	2	1	1	100.0	3.0
S144-35 sp015494185	2	1	1	100.0	9.0
S144-51 sp015493995	3	3	3	0.0	0.0
S145-15 sp015493635	2	1	1	0.0	1.0
S146-42 sp015492715	3	3	3	100.0	2.0
S146-62 sp015492495	2	1	1	0.0	1.0
S146-80 sp015492305	2	1	1	0.0	0.0
S15-B10 sp001626655	4	6	6	0.0	0.0
S15-B10 sp002448795	3	3	3	66.66666666666667	2.0
S20-B6 sp002329075	7	21	21	33.333333333333336	0.0
S20-B6 sp002346745	8	28	28	78.57142857142857	3.5
S20-B6 sp002699725	3	3	3	66.66666666666667	3.0
S36-B12 sp002694095	3	3	3	0.0	0.0
S36-B12 sp002728915	4	6	6	16.666666666666668	1.0
S36-B12 sp002729215	12	66	66	12.121212121212121	0.0
S36-B12 sp010029945	5	10	10	30.0	1.0
S36-B12 sp012103605	2	1	1	100.0	5.0
S5-A14a sp000758905	2	1	1	0.0	1.0
S5-K13 sp019248485	3	3	3	0.0	1.0
SABY01 sp012523265	2	1	1	0.0	0.0
SAR86A sp000252525	16	120	120	5.833333333333333	0.0
SAR86A sp002169625	4	6	6	16.666666666666668	0.0
SAR86A sp002690725	2	1	1	0.0	0.0
SAR86A sp002721465	2	1	1	0.0	0.0
SAR86A sp003213495	3	3	3	0.0	0.0
SAR86A sp004212975	8	28	28	7.142857142857143	0.0
SAR86A sp902516285	2	1	1	0.0	0.0
SAR86A sp902517505	3	3	3	0.0	0.0
SAR86A sp902520725	2	1	1	0.0	0.0
SAR86A sp902541175	3	3	3	0.0	0.0
SAR86A sp902551185	2	1	1	0.0	1.0
SAR86A sp902557965	3	3	3	0.0	0.0
SAR86A sp902560315	2	1	1	0.0	0.0
SAR86A sp902582355	2	1	1	0.0	0.0
SAR86A sp902586925	2	1	1	0.0	0.0
SAR86A sp902591925	3	3	3	0.0	0.0
SAR86A sp902612915	10	45	45	6.666666666666667	0.0
SAR86A sp902617045	4	6	6	0.0	0.0
SAR86A sp902631785	2	1	1	0.0	0.0
SAT37 sp002706605	2	1	1	0.0	1.0
SBAX01 sp016200265	2	1	1	0.0	0.0
SCADC1-2-3 sp000681355	7	21	21	76.19047619047619	4.0
SCADC1-2-3 sp002327235	2	1	1	0.0	0.0
SCAELEC01 sp004282745	4	6	6	0.0	0.0
SCGC-AAA003-L08 sp002701525	2	1	1	0.0	0.0
SCGC-AAA011-G17 sp000402515	3	3	3	33.333333333333336	0.0
SCGC-AAA076-P13 sp000385055	2	1	1	100.0	8.0
SCGC-AAA076-P13 sp010024215	5	10	10	0.0	0.0
SCGC-AAA076-P13 sp902558395	2	1	1	0.0	0.0
SCGC-AAA076-P13 sp902591665	2	1	1	100.0	2.0
SCGC-AAA076-P13 sp902635645	2	1	1	0.0	0.0
SCGC-AAA160-P02 sp000383355	6	15	15	26.666666666666668	0.0
SCGC-AAA160-P02 sp014075215	2	1	1	0.0	0.0
SCGC-AAA160-P02 sp015665265	2	1	1	0.0	0.0
SCGC-AAA160-P02 sp018608485	2	1	1	0.0	0.0
SCGC-AAA471-B05 sp000380705	6	15	15	93.33333333333333	16.0
SCGC-AG-212-J23 sp005881595	4	6	6	50.0	2.5
SCGC-AG-212-J23 sp005883675	2	1	1	0.0	1.0
SCGC-AG-212-J23 sp019245555	2	1	1	0.0	0.0
SCMQ01 sp005503335	3	3	3	66.66666666666667	2.0
SCMT01 sp005502915	2	1	1	0.0	1.0
SCN-69-89 sp001898645	2	1	1	0.0	0.0
SCN-69-89 sp003577305	4	6	6	0.0	0.0
SCN-70-22 sp016719105	8	28	28	92.85714285714286	20.0
SCRT01 sp004298465	2	1	1	0.0	0.0
SCSIO-52909 sp013815575	2	1	1	100.0	2.0
SCSIO-52909 sp016781725	2	1	1	0.0	0.0
SCUD01 sp016844605	2	1	1	0.0	0.0
SCUS01 sp016704445	4	6	6	100.0	33.0
SCUS01 sp903845045	2	1	1	100.0	18.0
SD8 sp018432765	2	1	1	0.0	1.0
SDRK01 sp007845205	2	1	1	0.0	0.0
SDRW01 sp007845485	7	21	21	0.0	0.0
SEOHO-28 sp003044185	2	1	1	100.0	5.0
SFDB01 sp004558825	9	36	36	5.555555555555555	0.0
SFDP01 sp004558185	2	1	1	100.0	4.0
SFEB01 sp004558105	9	36	36	8.333333333333334	0.0
SFEL01 sp004557245	17	136	136	36.76470588235294	1.0
SFHK01 sp004556395	3	3	3	100.0	2.0
SFHK01 sp016296675	2	1	1	100.0	2.0
SFJ001 sp004555865	3	3	3	0.0	0.0
SFLA01 sp004553575	3	3	3	0.0	0.0
SFLA01 sp017399965	3	3	3	100.0	3.0
SFLA01 sp017625615	2	1	1	0.0	1.0
SFLA01 sp017646185	4	6	6	0.0	0.5
SFMI01 sp004556155	8	28	28	92.85714285714286	7.5
SFMI01 sp017532155	2	1	1	0.0	0.0
SFMI01 sp017544935	3	3	3	66.66666666666667	3.0
SFRY01 sp004562065	2	1	1	0.0	0.0
SFTJ01 sp004557385	3	3	3	66.66666666666667	5.0
SG8-38 sp003647035	2	1	1	0.0	1.0
SG8-38 sp004283055	8	28	28	89.28571428571429	12.0
SGZJ01 sp004213995	3	3	3	0.0	0.0
SHAN690 sp002336485	7	21	21	0.0	0.0
SHAN690 sp002389645	3	3	3	0.0	0.0
SHAN690 sp002390775	5	10	10	0.0	0.0
SHAN690 sp009937235	13	78	78	0.0	0.0
SHLJ01 sp004283005	6	15	15	0.0	0.0
SHLJ01 sp013001965	2	1	1	0.0	0.0
SHLJ01 sp013003555	4	6	6	0.0	0.0
SHLJ01 sp013042625	5	10	10	0.0	0.0
SHLN01 sp004283105	6	15	15	53.333333333333336	2.0
SHLN01 sp013002865	3	3	3	100.0	3.0
SHLQ01 sp004282895	2	1	1	0.0	0.0
SHUY01 sp009694435	7	21	21	4.761904761904762	0.0
SHXW01 sp009693115	2	1	1	0.0	0.0
SHYG01 sp009692925	2	1	1	0.0	0.0
SIAJ01 sp009691845	2	1	1	100.0	2.0
SIAQ01 sp005799265	3	3	3	33.333333333333336	1.0
SIAT01 sp009691645	2	1	1	0.0	0.0
SIBS01 sp009695045	2	1	1	0.0	0.0
SIG200 sp017441065	2	1	1	0.0	0.0
SIG204 sp900544605	3	3	3	0.0	0.0
SIG220 sp017617775	2	1	1	0.0	0.0
SIG230 sp015058845	2	1	1	0.0	1.0
SIG263 sp015058185	2	1	1	0.0	0.0
SIG291 sp015057605	2	1	1	100.0	2.0
SIG336 sp015056765	3	3	3	0.0	0.0
SIG37 sp015062715	2	1	1	0.0	0.0
SIG371 sp015056045	3	3	3	33.333333333333336	1.0
SIG402 sp017421905	2	1	1	0.0	0.0
SIG424 sp017517275	2	1	1	0.0	1.0
SIG440 sp015068655	2	1	1	0.0	0.0
SIG447 sp017442155	2	1	1	0.0	1.0
SIG450 sp017554615	2	1	1	100.0	2.0
SIG480 sp017408185	2	1	1	100.0	3.0
SIG480 sp017409405	3	3	3	33.333333333333336	1.0
SIG480 sp017435965	2	1	1	0.0	0.0
SIG499 sp015067715	2	1	1	100.0	5.0
SIG499 sp016303065	2	1	1	0.0	0.0
SIG5 sp015063195	2	1	1	0.0	0.0
SIG5 sp016297775	2	1	1	100.0	2.0
SIG526 sp017440425	2	1	1	100.0	2.0
SIG565 sp015066405	2	1	1	0.0	0.0
SIG575 sp015065765	2	1	1	100.0	9.0
SIG589 sp015065875	2	1	1	0.0	0.0
SIG589 sp017513245	2	1	1	100.0	2.0
SIG607 sp015065605	3	3	3	66.66666666666667	4.0
SIG607 sp904501755	2	1	1	0.0	0.0
SIG636 sp017397805	2	1	1	0.0	1.0
SIG640 sp015064885	3	3	3	33.333333333333336	1.0
SIG644 sp015064805	2	1	1	0.0	0.0
SIG672 sp017532425	2	1	1	100.0	2.0
SIG673 sp015064245	2	1	1	100.0	3.0
SIG77 sp015061915	2	1	1	0.0	1.0
SKGQ01 sp003565775	2	1	1	0.0	0.0
SKHV01 sp016930365	2	1	1	0.0	1.0
SKIA01 sp007128245	2	1	1	0.0	0.0
SKJO01 sp007134165	4	6	6	0.0	0.0
SKKC01 sp007121695	2	1	1	0.0	0.0
SKKC01 sp007128315	3	3	3	0.0	0.0
SKKK01 sp007121535	4	6	6	83.33333333333333	3.5
SKKN01 sp007121455	3	3	3	0.0	0.0
SKLC01 sp007130695	2	1	1	0.0	0.0
SKLG01 sp007123335	3	3	3	0.0	0.0
SKLM01 sp007118795	2	1	1	0.0	0.0
SKLM01 sp007123205	4	6	6	16.666666666666668	0.0
SKLV01 sp007121385	3	3	3	0.0	0.0
SKLX01 sp007121375	3	3	3	0.0	0.0
SKMY01 sp003556225	5	10	10	0.0	0.0
SKMY01 sp003561325	4	6	6	0.0	0.0
SKNC01 sp007120745	2	1	1	0.0	0.0
SKNL01 sp007120385	3	3	3	0.0	0.0
SKNL01 sp007120555	2	1	1	0.0	0.0
SKNL01 sp007127665	2	1	1	0.0	0.0
SKNL01 sp007127695	4	6	6	0.0	0.0
SKNL01 sp007128425	3	3	3	0.0	0.0
SKNL01 sp007128855	2	1	1	0.0	0.0
SKNL01 sp007132975	3	3	3	0.0	0.0
SKNL01 sp007133995	2	1	1	0.0	0.0
SKNW01 sp007120305	2	1	1	0.0	0.0
SKOM01 sp003562535	3	3	3	0.0	0.0
SKOM01 sp007120095	4	6	6	0.0	0.0
SKON01 sp007120035	5	10	10	60.0	2.0
SKOX01 sp007119835	3	3	3	0.0	0.0
SKOZ01 sp007119795	2	1	1	0.0	0.0
SKPH01 sp007119615	2	1	1	0.0	0.0
SKPS01 sp007119395	3	3	3	0.0	1.0
SKPT01 sp007119405	2	1	1	0.0	1.0
SKQS01 sp007118895	3	3	3	0.0	0.0
SKRC01 sp007118695	3	3	3	66.66666666666667	2.0
SKRC01 sp007134665	4	6	6	0.0	0.0
SKRI01 sp007118565	2	1	1	0.0	0.0
SKRM01 sp007118495	2	1	1	0.0	0.0
SKRY01 sp007118235	3	3	3	0.0	1.0
SKSH01 sp007118145	2	1	1	0.0	0.0
SKSP01 sp007122945	2	1	1	100.0	2.0
SKTA01 sp007120085	3	3	3	0.0	0.0
SKTA01 sp007122745	4	6	6	0.0	0.0
SKTA01 sp007123065	6	15	15	0.0	0.0
SKTA01 sp007132825	3	3	3	0.0	0.0
SKTG01 sp007120485	2	1	1	0.0	0.0
SKTG01 sp007121785	2	1	1	0.0	0.0
SKUL01 sp007129985	3	3	3	0.0	0.0
SKVC01 sp007129655	2	1	1	100.0	2.0
SKVJ01 sp003552125	2	1	1	100.0	2.0
SKVJ01 sp007129495	5	10	10	0.0	0.0
SKVL01 sp007125155	3	3	3	0.0	0.0
SKVR01 sp007118135	3	3	3	0.0	0.0
SKVR01 sp007129355	2	1	1	0.0	0.0
SKVR01 sp007131895	2	1	1	0.0	1.0
SKVR01 sp007132585	2	1	1	0.0	0.0
SKVR01 sp007135645	3	3	3	0.0	0.0
SKWO01 sp007128895	2	1	1	0.0	0.0
SKXI01 sp007129135	2	1	1	0.0	0.0
SKXS01 sp007128345	4	6	6	0.0	0.0
SKXZ01 sp007128145	2	1	1	0.0	0.0
SKYF01 sp007128005	3	3	3	0.0	0.0
SKYG01 sp007128045	2	1	1	0.0	0.0
SKYL01 sp007121755	2	1	1	100.0	2.0
SKZA01 sp007136425	5	10	10	10.0	0.0
SKZT01 sp007127235	6	15	15	0.0	0.0
SKZT01 sp011389745	2	1	1	100.0	15.0
SKZV01 sp007127165	3	3	3	0.0	0.0
SLAA01 sp007127105	4	6	6	0.0	0.0
SLAD01 sp007123265	4	6	6	16.666666666666668	0.0
SLAD01 sp007125875	2	1	1	0.0	1.0
SLAK01 sp007126855	2	1	1	0.0	1.0
SLAN01 sp007135605	2	1	1	100.0	2.0
SLAO01 sp007126835	2	1	1	0.0	0.0
SLAU01 sp007126675	2	1	1	0.0	0.0
SLBA01 sp007126575	2	1	1	0.0	0.0
SLBA01 sp007130605	4	6	6	0.0	0.0
SLCC01 sp007126035	2	1	1	0.0	0.0
SLCH01 sp003566995	2	1	1	0.0	1.0
SLCH01 sp007125915	4	6	6	0.0	0.0
SLCJ01 sp007125835	3	3	3	0.0	0.0
SLCK01 sp007124095	2	1	1	0.0	0.0
SLCK01 sp007125845	3	3	3	0.0	0.0
SLCP01 sp007121015	2	1	1	0.0	0.0
SLCP01 sp007125735	3	3	3	0.0	0.0
SLDB01 sp007125475	2	1	1	0.0	0.0
SLDE01 sp007125455	2	1	1	0.0	0.0
SLDG01 sp007125355	3	3	3	0.0	1.0
SLDT01 sp007125125	2	1	1	0.0	0.0
SLFH01 sp007124345	2	1	1	0.0	0.0
SLFT01 sp007118765	5	10	10	60.0	2.0
SLFT01 sp007124105	3	3	3	66.66666666666667	2.0
SLFX01 sp007124045	2	1	1	0.0	0.0
SLGK01 sp007123775	2	1	1	0.0	0.0
SLHA01 sp007136405	5	10	10	10.0	0.0
SLHW01 sp007135955	3	3	3	0.0	0.0
SLIM01 sp007135625	2	1	1	0.0	0.0
SLJK01 sp007135125	4	6	6	0.0	0.0
SLKC01 sp007134775	3	3	3	0.0	0.0
SLKG01 sp007134735	3	3	3	0.0	0.0
SLLF01 sp003562335	3	3	3	0.0	0.0
SLLF01 sp007134175	2	1	1	0.0	1.0
SLLG01 sp007123395	4	6	6	33.333333333333336	0.0
SLLR01 sp007134025	4	6	6	0.0	0.0
SLLW01 sp007133875	2	1	1	0.0	0.0
SLMF01 sp007124535	5	10	10	40.0	1.0
SLMJ01 sp007124395	4	6	6	0.0	0.0
SLMJ01 sp007133615	2	1	1	0.0	0.0
SLMP01 sp007133465	3	3	3	0.0	0.0
SLMS01 sp007132505	2	1	1	0.0	0.0
SLMS01 sp007133495	2	1	1	0.0	0.0
SLNJ01 sp007133065	2	1	1	0.0	0.0
SLNM01 sp007133055	2	1	1	0.0	1.0
SLNP01 sp007132995	4	6	6	0.0	0.0
SLOV01 sp007132345	3	3	3	0.0	0.0
SLPH01 sp007132095	3	3	3	0.0	0.0
SLPV01 sp003558125	2	1	1	0.0	1.0
SLQM01 sp007129055	2	1	1	0.0	0.0
SLQR01 sp007123975	5	10	10	10.0	0.0
SLQR01 sp007132465	3	3	3	0.0	0.0
SLQV01 sp007124745	2	1	1	0.0	0.0
SLQV01 sp007131285	2	1	1	0.0	0.0
SLRQ01 sp007130885	3	3	3	0.0	0.0
SLRW01 sp003567955	2	1	1	0.0	0.0
SLRW01 sp007130745	2	1	1	0.0	0.0
SLSJ01 sp007130525	3	3	3	0.0	0.0
SLSL01 sp003552825	2	1	1	0.0	0.0
SLSL01 sp007130465	3	3	3	0.0	0.0
SLSP01 sp007130345	3	3	3	66.66666666666667	2.0
SLSQ01 sp007130355	2	1	1	0.0	0.0
SLSR01 sp007130365	2	1	1	0.0	1.0
SLST01 sp007118855	3	3	3	0.0	0.0
SLST01 sp007127335	4	6	6	0.0	0.0
SLTB01 sp007122315	4	6	6	0.0	0.0
SLTB01 sp007130155	2	1	1	100.0	2.0
SLTB01 sp007131295	5	10	10	20.0	1.0
SM1-40 sp001303705	3	3	3	0.0	0.0
SM1-46 sp001304215	4	6	6	0.0	0.0
SM1-50 sp002496355	6	15	15	0.0	0.0
SM1-50 sp002900555	2	1	1	0.0	0.0
SM1-50 sp014894395	2	1	1	100.0	3.0
SM23-78 sp018819305	4	6	6	0.0	0.0
SMTZ1-45 sp016839345	2	1	1	0.0	0.0
SMTZ1-45 sp016840685	2	1	1	0.0	0.0
SMTZ1-83 sp001563325	2	1	1	0.0	0.0
SMWF01 sp004357385	2	1	1	0.0	0.0
SMWN01 sp003645215	2	1	1	0.0	0.0
SMWT01 sp003650125	2	1	1	0.0	0.0
SMWZ01 sp004356455	2	1	1	0.0	0.0
SMXJ01 sp004356305	3	3	3	0.0	0.0
SMXQ01 sp018666775	11	55	55	0.0	0.0
SMYD01 sp004356015	2	1	1	0.0	0.0
SOIY01 sp004376785	2	1	1	0.0	0.0
SOJT01 sp004376485	2	1	1	0.0	0.0
SOJZ01 sp004376295	2	1	1	0.0	1.0
SOKP01 sp005222975	2	1	1	100.0	3.0
SOKP01 sp011364975	3	3	3	33.333333333333336	0.0
SOKP01 sp018238625	6	15	15	100.0	6.0
SP197 sp018700655	5	10	10	10.0	0.0
SP4073 sp902524895	2	1	1	0.0	1.0
SP4260 sp002715745	2	1	1	0.0	0.0
SP4260 sp902517795	2	1	1	100.0	2.0
SPGG2 sp001643475	3	3	3	66.66666666666667	2.0
SPLOWO2-01-44-7 sp001798075	7	21	21	9.523809523809524	0.0
SR-FBR-E99 sp002383485	2	1	1	0.0	0.0
SR-FBR-E99 sp002403305	5	10	10	0.0	0.0
SR-FBR-E99 sp009881065	7	21	21	47.61904761904762	1.0
SR-FBR-E99 sp018262715	3	3	3	0.0	0.0
SSSZ01 sp009469665	2	1	1	0.0	0.0
SSSZ01 sp016720065	4	6	6	50.0	2.0
STGJ01 sp003856275	2	1	1	100.0	3.0
SUP05 sp000205985	14	91	91	4.395604395604396	0.0
SURF-10 sp018819925	4	6	6	50.0	1.0
SURF-10 sp018896025	4	6	6	66.66666666666667	2.0
SURF-10 sp018902755	6	15	15	0.0	0.0
SURF-16 sp018897105	2	1	1	100.0	3.0
SURF-27 sp903844845	18	153	153	26.797385620915033	1.0
SURF-3 sp014237465	2	1	1	0.0	0.0
SURF-52 sp016208235	2	1	1	100.0	4.0
SURF-60 sp019084485	6	15	15	13.333333333333334	0.0
SV1-B22 sp018398915	2	1	1	100.0	2.0
SV1-B22 sp018433595	7	21	21	47.61904761904762	1.0
SV3-B141 sp018433015	2	1	1	100.0	3.0
SV3-B162 sp018432955	2	1	1	100.0	3.0
SW-7-71-33 sp003022865	2	1	1	0.0	0.0
SW10 sp002172625	2	1	1	0.0	0.0
SW10 sp002323895	3	3	3	0.0	1.0
SW10 sp002420315	11	55	55	1.8181818181818181	0.0
SW10 sp002729295	2	1	1	0.0	0.0
SW10 sp905181965	5	10	10	50.0	1.5
SW132 sp003390325	2	1	1	0.0	0.0
SW4 sp002732825	2	1	1	100.0	4.0
SXIK01 sp005772855	2	1	1	100.0	7.0
SXIP01 sp005772825	2	1	1	0.0	0.0
SXKJ01 sp003669125	3	3	3	66.66666666666667	3.0
SXKJ01 sp005778115	2	1	1	0.0	1.0
SXKJ01 sp005798445	2	1	1	0.0	0.0
SXMI01 sp005777415	3	3	3	33.333333333333336	1.0
SXMI01 sp903852755	10	45	45	6.666666666666667	0.0
SXMI01 sp903873135	9	36	36	2.7777777777777777	0.0
SXMI01 sp903953195	3	3	3	0.0	0.0
SXNL01 sp005777185	3	3	3	0.0	1.0
SXOB01 sp005776945	4	6	6	0.0	0.0
SXOD01 sp005776885	4	6	6	0.0	0.0
SXON01 sp005778355	3	3	3	0.0	0.0
SXON01 sp903885375	10	45	45	6.666666666666667	0.0
SXON01 sp903921785	4	6	6	83.33333333333333	3.5
SXPK01 sp903925435	3	3	3	66.66666666666667	4.0
SXQI01 sp005793025	4	6	6	33.333333333333336	0.5
SXQI01 sp008933045	2	1	1	100.0	2.0
SXRF01 sp005792635	2	1	1	0.0	0.0
SXRM01 sp005792545	2	1	1	0.0	0.0
SXRM01 sp903883645	11	55	55	47.27272727272727	1.0
SXSI01 sp005792285	4	6	6	0.0	0.0
SXSK01 sp005793375	3	3	3	0.0	1.0
SXTU01 sp005791875	5	10	10	0.0	0.0
SXTU01 sp009773355	3	3	3	0.0	0.0
SXTU01 sp009922615	2	1	1	100.0	3.0
SXTU01 sp016871445	2	1	1	0.0	1.0
SXUL01 sp005790545	4	6	6	0.0	0.0
SXWH01 sp903882875	3	3	3	0.0	1.0
SXWH01 sp903929475	2	1	1	0.0	0.0
SXXH01 sp005789645	4	6	6	0.0	0.0
SXXH01 sp903829565	5	10	10	40.0	1.0
SXXK01 sp005791255	2	1	1	100.0	6.0
SXXK01 sp903858815	2	1	1	100.0	3.0
SXXK01 sp903871805	3	3	3	100.0	2.0
SXXK01 sp903896675	7	21	21	100.0	4.0
SXXK01 sp903924405	2	1	1	0.0	1.0
SXXS01 sp005791235	3	3	3	0.0	0.0
SXXS01 sp903828265	3	3	3	66.66666666666667	2.0
SXXZ01 sp005805505	3	3	3	33.333333333333336	1.0
SXXZ01 sp903854475	2	1	1	100.0	6.0
SXXZ01 sp903939515	11	55	55	65.45454545454545	2.0
SXYR01 sp005788265	2	1	1	0.0	0.0
SXYR01 sp009919185	3	3	3	0.0	0.0
SXYR01 sp903826405	3	3	3	33.333333333333336	1.0
SXYR01 sp903894575	4	6	6	66.66666666666667	2.5
SXYR01 sp903920455	3	3	3	0.0	0.0
SXYR01 sp903951405	3	3	3	0.0	0.0
SYAC01 sp903898755	11	55	55	18.181818181818183	0.0
SYAN01 sp010028225	2	1	1	0.0	0.0
SYAR01 sp009925685	2	1	1	0.0	0.0
SYDM01 sp008638125	9	36	36	0.0	0.0
SYDY01 sp005801425	2	1	1	0.0	1.0
SYFI01 sp005792725	2	1	1	0.0	0.0
SYFI01 sp903943955	6	15	15	33.333333333333336	0.0
SYFN01 sp005800405	2	1	1	0.0	0.0
SYFN01 sp018882935	2	1	1	100.0	2.0
SYFN01 sp900299005	2	1	1	0.0	0.0
SYFN01 sp903846425	3	3	3	0.0	0.0
SYFN01 sp903872555	3	3	3	0.0	0.0
SYFR01 sp005800325	2	1	1	0.0	1.0
SYFT01 sp005799825	4	6	6	0.0	0.0
SYGM01 sp005799545	3	3	3	0.0	0.0
SYHX01 sp009926245	2	1	1	0.0	0.0
SYHX01 sp009927485	2	1	1	0.0	0.0
SYHX01 sp903856555	3	3	3	0.0	0.0
SYIM01 sp903866395	2	1	1	0.0	0.0
SYKL01 sp005797785	3	3	3	0.0	0.0
SYKU01 sp005808865	2	1	1	0.0	0.0
SYLG01 sp005808665	4	6	6	0.0	0.0
SYLI01 sp005809105	4	6	6	0.0	0.0
SYLI01 sp009695465	2	1	1	0.0	0.0
SYLY01 sp005808475	2	1	1	100.0	2.0
SYOX01 sp005804885	2	1	1	100.0	3.0
SZ-28-30 sp018992565	2	1	1	0.0	0.0
SZAS-103 sp018241125	3	3	3	100.0	6.0
SZAS-3 sp018239815	2	1	1	0.0	0.0
SZAS-7 sp018239765	2	1	1	0.0	0.0
SZUA-117 sp018701055	2	1	1	0.0	1.0
SZUA-1514 sp015523545	3	3	3	0.0	0.0
SZUA-1514 sp015523605	3	3	3	0.0	0.0
SZUA-152 sp011321815	2	1	1	100.0	3.0
SZUA-152 sp015487095	2	1	1	100.0	2.0
SZUA-160 sp003228815	2	1	1	0.0	1.0
SZUA-217 sp004356805	3	3	3	66.66666666666667	2.0
SZUA-226 sp004357365	2	1	1	0.0	0.0
SZUA-236 sp002923215	2	1	1	0.0	1.0
SZUA-259 sp003246675	2	1	1	0.0	0.0
SZUA-287 sp003251275	2	1	1	0.0	0.0
SZUA-320 sp003246755	2	1	1	0.0	0.0
SZUA-370 sp018816345	2	1	1	0.0	0.0
SZUA-381 sp006226555	2	1	1	0.0	0.0
SZUA-442 sp003235475	2	1	1	0.0	1.0
SZUA-472 sp003251795	2	1	1	0.0	1.0
SZUA-521 sp003248125	2	1	1	100.0	2.0
SZUA-53 sp015488735	2	1	1	0.0	0.0
SZUA-592 sp003250975	2	1	1	0.0	0.0
SZUA-592 sp011772965	10	45	45	0.0	0.0
SZUA-76 sp015491865	5	10	10	0.0	0.0
Saccharibacillus brassicae	2	1	1	100.0	6.0
Saccharibacillus deserti	2	1	1	0.0	0.0
Saccharibacillus endophyticus	2	1	1	0.0	0.0
Saccharibacillus kuerlensis	2	1	1	0.0	0.0
Saccharibacter sp009834765	3	3	3	0.0	0.0
Saccharicenans sp002316315	2	1	1	0.0	1.0
Saccharicenans sp002441005	4	6	6	16.666666666666668	0.0
Saccharicenans sp002877915	2	1	1	0.0	0.0
Saccharicenans sp003476685	0	0	0	0	
Saccharicrinis fermentans	2	1	1	0.0	0.0
Saccharimonas aalborgensis	6	15	15	20.0	0.0
Saccharimonas sp010202265	2	1	1	0.0	0.0
Saccharimonas sp013333795	2	1	1	0.0	0.0
Saccharimonas sp015257605	2	1	1	0.0	0.0
Saccharimonas sp905371715	2	1	1	0.0	0.0
Saccharimonas sp905372095	4	6	6	0.0	0.0
Saccharococcus caldoxylosilyticus	5	10	10	70.0	3.0
Saccharofermentans sp002450095	2	1	1	0.0	1.0
Saccharofermentans sp003149065	4	6	6	0.0	1.0
Saccharofermentans sp003543635	2	1	1	0.0	0.0
Saccharofermentans sp012728275	2	1	1	100.0	2.0
Saccharofermentans sp015069205	5	10	10	30.0	1.0
Saccharofermentans sp016288885	2	1	1	100.0	2.0
Saccharofermentans sp016292145	2	1	1	100.0	2.0
Saccharofermentans sp016292215	2	1	1	0.0	1.0
Saccharofermentans sp017427465	2	1	1	100.0	3.0
Saccharofermentans sp017428155	3	3	3	100.0	2.0
Saccharofermentans sp017527865	2	1	1	0.0	0.0
Saccharofermentans sp017529925	4	6	6	16.666666666666668	0.0
Saccharofermentans sp017552455	2	1	1	0.0	0.0
Saccharofermentans sp017612755	2	1	1	0.0	0.0
Saccharofermentans sp017615325	2	1	1	0.0	0.0
Saccharofermentans sp017940895	3	3	3	100.0	3.0
Saccharofermentans sp900111435	7	21	21	33.333333333333336	1.0
Saccharofermentans sp900176545	2	1	1	0.0	0.0
Saccharofermentans sp900313405	3	3	3	0.0	0.0
Saccharofermentans sp900314745	5	10	10	40.0	1.0
Saccharofermentans sp902764825	6	15	15	20.0	1.0
Saccharofermentans sp902775565	2	1	1	0.0	0.0
Saccharofermentans sp902780785	2	1	1	0.0	1.0
Saccharofermentans sp902782125	10	45	45	17.77777777777778	0.0
Saccharofermentans sp902782235	8	28	28	7.142857142857143	0.0
Saccharofermentans sp902787975	2	1	1	0.0	1.0
Saccharofermentans sp902795955	2	1	1	0.0	1.0
Saccharofermentans sp902801755	2	1	1	100.0	5.0
Saccharolobus islandicus	24	276	276	81.8840579710145	8.0
Saccharolobus shibatae	3	3	3	100.0	5.0
Saccharolobus solfataricus	14	91	91	47.252747252747255	0.0
Saccharolobus sp001719125	7	21	21	80.95238095238095	4.0
Saccharolobus sp009601705	2	1	1	100.0	3.0
Saccharomonospora azurea	2	1	1	100.0	13.0
Saccharomonospora endophytica	3	3	3	100.0	8.0
Saccharomonospora marina_A	3	3	3	66.66666666666667	2.0
Saccharomonospora muralis	2	1	1	0.0	0.0
Saccharomonospora piscinae	3	3	3	66.66666666666667	2.0
Saccharomonospora rugosa	3	3	3	66.66666666666667	5.0
Saccharomonospora viridis	3	3	3	66.66666666666667	5.0
Saccharomonospora xinjiangensis	2	1	1	100.0	4.0
Saccharophagus degradans	2	1	1	100.0	6.0
Saccharopolyspora antimicrobica	2	1	1	100.0	16.0
Saccharopolyspora endophytica	3	3	3	100.0	9.0
Saccharopolyspora jiangxiensis	2	1	1	100.0	3.0
Saccharopolyspora phatthalungensis	2	1	1	100.0	2.0
Saccharopolyspora pogona	2	1	1	100.0	35.0
Saccharopolyspora rectivirgula	2	1	1	0.0	0.0
Saccharopolyspora spinosa	3	3	3	66.66666666666667	35.0
Saccharopolyspora_D erythraea	5	10	10	10.0	0.0
Saccharospirillum mangrovi	2	1	1	0.0	0.0
Salana multivorans	2	1	1	0.0	1.0
Salaquimonas sp017854535	2	1	1	100.0	3.0
Salegentibacter agarivorans	4	6	6	50.0	2.5
Salegentibacter maritimus	3	3	3	100.0	5.0
Salegentibacter mishustinae	4	6	6	33.333333333333336	0.5
Salegentibacter salarius	3	3	3	0.0	0.0
Salegentibacter salegens	2	1	1	0.0	0.0
Salegentibacter salinarum	2	1	1	0.0	0.0
Salifodinibacter halophilus	0	0	0	0	
Salimicrobium album	5	10	10	80.0	2.5
Salimicrobium sp002295105	2	1	1	0.0	
Salinarimonas sp900094735	2	1	1	0.0	0.0
Salinibacter altiplanensis	3	3	3	33.333333333333336	1.0
Salinibacter ruber	14	91	91	84.61538461538461	4.0
Salinibacter sp003023125	2	1	1	0.0	0.0
Salinicoccus halodurans	0	0	0	0	
Salinicoccus merdavium	2	1	1	0.0	0.0
Salinicoccus roseus	4	6	6	0.0	0.0
Salinicola endophyticus	2	1	1	100.0	3.0
Salinicola halophyticus	2	1	1	0.0	0.0
Salinicola lusitanus	2	1	1	100.0	10.0
Salinicola salarius	2	1	1	100.0	7.0
Salinicola socius	3	3	3	66.66666666666667	8.0
Salinicola sp000737985	0	0	0	0	
Salinicola sp002695065	2	1	1	0.0	0.0
Salinicola tamaricis	2	1	1	100.0	17.0
Salinigranum halophilum	3	3	3	66.66666666666667	6.0
Salinimicrobium catena	2	1	1	0.0	1.0
Salinisphaera sp002715985	2	1	1	0.0	0.0
Salinisphaera sp003177035	0	0	0	0	
Salinivibrio costicola	10	45	45	66.66666666666667	2.0
Salinivibrio kushneri	16	120	120	45.833333333333336	2.0
Salinivibrio proteolyticus	11	55	55	54.54545454545455	2.0
Salinivibrio siamensis	15	105	105	71.42857142857143	3.0
Salinivibrio socompensis	3	3	3	100.0	2.0
Salipaludibacillus neizhouensis	2	1	1	0.0	0.0
Salipiger aestuarii	5	10	10	70.0	3.0
Salipiger bermudensis	4	6	6	100.0	20.0
Salipiger marinus	2	1	1	100.0	8.0
Salipiger pacificus	2	1	1	100.0	3.0
Salipiger pacificus_A	3	3	3	100.0	14.0
Salipiger profundus	5	10	10	70.0	2.0
Salipiger sp001687105	2	1	1	100.0	27.0
Salipiger thiooxidans	6	15	15	40.0	7.0
Salirhabdus euzebyi	2	1	1	0.0	1.0
Salisediminibacterium halotolerans	5	10	10	10.0	0.0
Salmonella arizonae	14	91	91	64.83516483516483	3.0
Salmonella bongori	32	496	496	67.94354838709677	4.0
Salmonella diarizonae	85	3570	3570	79.27170868347339	4.0
Salmonella enterica	11051	61056775	61056775	77.13150424338659	3.0
Salmonella houtenae	6	15	15	86.66666666666667	3.0
Sam29DG08-bin30 sp003045995	2	1	1	0.0	0.0
Sandarakinorhabdus cyanobacteriorum	2	1	1	0.0	0.0
Sandarakinorhabdus limnophila	2	1	1	0.0	0.0
Sandarakinorhabdus sp002280855	2	1	1	0.0	0.0
Sanguibacter inulinus	3	3	3	0.0	0.0
Saprospira sp903854205	2	1	1	0.0	1.0
Scalindua rubra_B	3	3	3	0.0	1.0
Scalindua sp001828595	3	3	3	0.0	0.0
Scalindua sp018670825	5	10	10	60.0	2.0
Scalindua_A sediminis	3	3	3	33.333333333333336	1.0
Scandinavium goeteborgense	3	3	3	100.0	3.0
Scardovia inopinata	3	3	3	0.0	0.0
Scardovia wiggsiae	4	6	6	0.0	0.0
Scatacola_A faecigallinarum	10	45	45	8.88888888888889	0.0
Scatavimonas merdigallinarum	3	3	3	0.0	0.0
Scatavimonas merdipullorum	5	10	10	30.0	0.0
Scatavimonas sp900540275	4	6	6	66.66666666666667	2.0
Scatavimonas sp900540865	2	1	1	0.0	0.0
Scatenecus faecavium	5	10	10	80.0	4.5
Scatenecus sp900554095	2	1	1	100.0	2.0
Scatocola faecipullorum	10	45	45	35.55555555555556	1.0
Scatomonas merdavium	2	1	1	0.0	0.0
Scatomonas merdigallinarum	3	3	3	100.0	3.0
Scatomonas pullistercoris	2	1	1	0.0	0.0
Scatomonas sp003481995	3	3	3	66.66666666666667	6.0
Scatomorpha gallistercoris	3	3	3	100.0	2.0
Scatomorpha intestinigallinarum	6	15	15	60.0	2.0
Scatomorpha merdavium	6	15	15	60.0	2.0
Scatomorpha merdigallinarum	2	1	1	0.0	1.0
Scatomorpha pullicola	7	21	21	80.95238095238095	4.0
Scatomorpha pullistercoris	3	3	3	66.66666666666667	2.0
Scatomorpha sp002427465	5	10	10	40.0	1.0
Scatomorpha sp900545405	4	6	6	50.0	1.5
Scatomorpha sp900752445	2	1	1	0.0	0.0
Scatomorpha sp900759385	3	3	3	66.66666666666667	4.0
Scatoplasma sp002449135	2	1	1	0.0	0.0
Scatoplasma sp902772915	2	1	1	0.0	0.0
Scatosoma pullicola	3	3	3	66.66666666666667	2.0
Scatosoma sp003150575	5	10	10	40.0	1.0
Scatosoma sp015055545	2	1	1	100.0	2.0
Scatosoma sp015069295	2	1	1	100.0	2.0
Scatosoma sp015069565	3	3	3	0.0	0.0
Scatosoma sp015071005	2	1	1	100.0	2.0
Scatosoma sp017467265	2	1	1	0.0	0.0
Scatosoma sp900552625	5	10	10	60.0	2.0
Scatosoma sp900555925	3	3	3	100.0	6.0
Scatosoma sp904419075	2	1	1	0.0	0.0
Scatosoma sp904501815	2	1	1	0.0	0.0
Scatousia excrementigallinarum	2	1	1	100.0	2.0
Scatousia sp000431315	6	15	15	80.0	5.0
Scatousia sp900321895	4	6	6	33.333333333333336	0.0
Scatousia sp900554385	3	3	3	0.0	0.0
Scatovivens faecipullorum	2	1	1	0.0	0.0
Scatovivens sp002449785	2	1	1	0.0	0.0
Schaedlerella arabinosiphila	9	36	36	94.44444444444444	22.0
Schaedlerella glycyrrhizinilytica_A	8	28	28	35.714285714285715	2.0
Schaedlerella sp000403295	2	1	1	100.0	23.0
Schaedlerella sp009911175	3	3	3	100.0	25.0
Schaedlerella sp900066545	9	36	36	66.66666666666667	8.5
Schaedlerella sp900765975	2	1	1	0.0	0.0
Schaedlerella sp910574195	2	1	1	100.0	10.0
Schaedlerella sp910574865	2	1	1	100.0	10.0
Schaedlerella sp910575475	2	1	1	100.0	4.0
Schlegelella thermodepolymerans	3	3	3	33.333333333333336	0.0
Schleiferia thermophila	3	3	3	0.0	0.0
Schleiferilactobacillus harbinensis	9	36	36	91.66666666666667	4.0
Schlesneria sp903834925	2	1	1	100.0	3.0
Schlesneria sp903840265	3	3	3	33.333333333333336	1.0
Schlesneria sp903858935	3	3	3	66.66666666666667	2.0
Schlesneria sp903871875	4	6	6	50.0	2.0
Schlesneria sp903899985	2	1	1	100.0	2.0
Schlesneria sp903904835	7	21	21	85.71428571428571	3.0
Schnuerera ultunensis	2	1	1	0.0	0.0
Schwartzia succinivorans	5	10	10	0.0	0.0
Scrofimicrobium sp014069575	2	1	1	100.0	3.0
Scybalenecus merdavium	6	15	15	93.33333333333333	4.0
Scybalenecus sp900540085	5	10	10	40.0	1.0
Scybalocola faecipullorum	3	3	3	0.0	0.0
Scybalocola sp900557175	2	1	1	100.0	2.0
Scybalomonas excrementigallinarum	2	1	1	0.0	1.0
Scybalomonas sp900544525	4	6	6	50.0	1.5
Scybalosoma faecavium	4	6	6	50.0	1.5
Scybalousia intestinigallinarum	3	3	3	0.0	1.0
Scybalousia sp900542735	4	6	6	16.666666666666668	1.0
Scybalousia sp900543675	2	1	1	0.0	0.0
Sebaldella termitidis	2	1	1	0.0	0.0
Secundilactobacillus collinoides	3	3	3	66.66666666666667	7.0
Secundilactobacillus kimchicus	3	3	3	66.66666666666667	3.0
Secundilactobacillus malefermentans	3	3	3	0.0	1.0
Secundilactobacillus odoratitofui	2	1	1	0.0	0.0
Secundilactobacillus oryzae	2	1	1	0.0	0.0
Secundilactobacillus paracollinoides	5	10	10	80.0	3.0
Secundilactobacillus pentosiphilus	2	1	1	100.0	3.0
Secundilactobacillus silagei	3	3	3	0.0	0.0
Secundilactobacillus silagincola	2	1	1	0.0	0.0
Secundilactobacillus similis	2	1	1	100.0	3.0
Sedimentibacter sp002316225	2	1	1	0.0	1.0
Sedimentibacter sp002331025	3	3	3	100.0	14.0
Sedimentibacter sp002340985	4	6	6	66.66666666666667	2.5
Sedimentibacter sp002381185	6	15	15	66.66666666666667	2.0
Sedimentibacter sp002385835	2	1	1	0.0	0.0
Sedimentibacter sp003457065	2	1	1	100.0	2.0
Sedimentibacter sp003483345	3	3	3	0.0	0.0
Sedimenticola selenatireducens	2	1	1	100.0	2.0
Sedimenticola selenatireducens_A	2	1	1	0.0	0.0
Sedimenticola_A endophacoides	6	15	15	20.0	1.0
Sedimentisphaera salicampi	2	1	1	100.0	5.0
Sedimentitalea nanhaiensis	2	1	1	100.0	4.0
Sediminibacillus terrae	2	1	1	0.0	
Sediminibacterium magnilacihabitans	3	3	3	66.66666666666667	6.0
Sediminibacterium sp000515315	2	1	1	100.0	4.0
Sediminibacterium sp001829005	3	3	3	0.0	1.0
Sediminibacterium sp002256765	2	1	1	0.0	0.0
Sediminibacterium sp002281875	3	3	3	0.0	1.0
Sediminibacterium sp002786355	2	1	1	0.0	0.0
Sediminibacterium sp004294135	3	3	3	0.0	0.0
Sediminibacterium sp004297075	2	1	1	0.0	1.0
Sediminibacterium sp008080615	2	1	1	0.0	0.0
Sediminibacterium sp009928005	3	3	3	33.333333333333336	1.0
Sediminibacterium sp017983845	2	1	1	0.0	0.0
Sediminibacterium sp903819975	8	28	28	7.142857142857143	0.0
Sediminibacterium sp903825065	3	3	3	0.0	0.0
Sediminibacterium sp903825095	2	1	1	0.0	0.0
Sediminibacterium sp903831935	6	15	15	0.0	0.0
Sediminibacterium sp903851465	3	3	3	0.0	0.0
Sediminibacterium sp903854725	5	10	10	0.0	0.0
Sediminibacterium sp903865435	16	120	120	0.0	0.0
Sediminibacterium sp903874055	9	36	36	5.555555555555555	0.0
Sediminibacterium sp903899675	2	1	1	0.0	0.0
Sediminibacterium sp903926855	7	21	21	4.761904761904762	0.0
Sediminibacterium sp903927185	3	3	3	0.0	0.0
Sediminibacterium sp903938445	3	3	3	0.0	0.0
Sediminibacterium sp903953815	4	6	6	0.0	0.0
Sediminibacterium sp903958045	2	1	1	0.0	0.0
Sediminihabitans luteus	2	1	1	0.0	0.0
Sediminimonas qiaohouensis	2	1	1	100.0	5.0
Segeticoccus rhizosphaerae	2	1	1	100.0	3.0
Seleniivibrio woodruffii	2	1	1	0.0	0.0
Selenomonas sp905372355	2	1	1	100.0	2.0
Selenomonas sputigena	2	1	1	0.0	
Selenomonas_A montiformis	2	1	1	0.0	0.0
Selenomonas_A ruminantium_B	5	10	10	80.0	3.5
Selenomonas_A ruminantium_F	3	3	3	0.0	0.0
Selenomonas_A ruminantium_J	2	1	1	100.0	6.0
Selenomonas_A ruminantium_K	3	3	3	100.0	2.0
Selenomonas_A ruminantium_N	2	1	1	100.0	8.0
Selenomonas_A sp000686945	2	1	1	100.0	10.0
Selenomonas_A sp000702005	2	1	1	0.0	1.0
Selenomonas_A sp008271295	2	1	1	0.0	0.0
Selenomonas_B ruminantium_A	3	3	3	100.0	9.0
Selenomonas_B ruminantium_B	2	1	1	100.0	3.0
Selenomonas_C bovis	11	55	55	60.0	3.0
Selenomonas_C sp002351185	3	3	3	66.66666666666667	3.0
Selenomonas_C sp900314825	2	1	1	0.0	1.0
Selenomonas_C sp900315575	4	6	6	33.333333333333336	0.5
Selenomonas_C sp900318215	6	15	15	86.66666666666667	9.0
Selenomonas_C sp902780535	5	10	10	80.0	4.5
Sellimonas avistercoris	9	36	36	61.111111111111114	2.0
Sellimonas intestinalis	20	190	190	64.73684210526316	2.0
Sellimonas sp002159995	2	1	1	0.0	0.0
Senegalimassilia anaerobia	6	15	15	33.333333333333336	1.0
Senegalimassilia faecalis	4	6	6	50.0	1.5
Senegalimassilia sp900550055	3	3	3	100.0	3.0
Serinicoccus marinus	4	6	6	83.33333333333333	3.5
Serinicoccus profundi	3	3	3	0.0	0.0
Serinicoccus sp004322775	2	1	1	0.0	0.0
Serpentinicella alkaliphila	2	1	1	0.0	0.0
Serpentinomonas mccroryi	3	3	3	66.66666666666667	2.0
Serratia bockelmannii	42	861	861	42.508710801393725	1.0
Serratia ficaria	5	10	10	70.0	2.5
Serratia grimesii	6	15	15	13.333333333333334	0.0
Serratia inhibens	2	1	1	100.0	3.0
Serratia liquefaciens	25	300	300	46.666666666666664	1.0
Serratia liquefaciens_A	3	3	3	33.333333333333336	2.0
Serratia marcescens	72	2556	2556	38.41940532081377	0.0
Serratia marcescens_J	2	1	1	100.0	7.0
Serratia marcescens_K	403	81003	81003	73.22691752157327	3.0
Serratia nematodiphila	84	3486	3486	72.37521514629948	25.0
Serratia nevei	125	7750	7750	66.43870967741935	3.0
Serratia plymuthica	28	378	378	57.93650793650794	3.0
Serratia proteamaculans	10	45	45	48.888888888888886	1.0
Serratia proteamaculans_D	3	3	3	66.66666666666667	2.0
Serratia quinivorans	8	28	28	46.42857142857143	3.0
Serratia surfactantfaciens	5	10	10	90.0	2.0
Serratia symbiotica	9	36	36	97.22222222222223	19.0
Serratia ureilytica	139	9591	9591	57.32457512251069	2.0
Serratia_A fonticola	39	741	741	80.83670715249663	4.0
Serratia_A fonticola_A	0	0	0	0	
Serratia_A sp000633355	2	1	1	0.0	1.0
Serratia_B rhizosphaerae	5	10	10	80.0	3.0
Serratia_B rubidaea	11	55	55	63.63636363636363	3.0
Serratia_F odorifera	5	10	10	30.0	1.0
Sharpea azabuensis	46	1035	1035	17.294685990338163	0.0
Shewanella algae	87	3741	3741	75.11360598770382	3.0
Shewanella algidipiscicola	2	1	1	100.0	10.0
Shewanella baltica	16	120	120	98.33333333333333	11.0
Shewanella benthica	2	1	1	0.0	0.0
Shewanella benthica_A	2	1	1	100.0	7.0
Shewanella bicestrii	2	1	1	100.0	4.0
Shewanella carassii	2	1	1	0.0	1.0
Shewanella chilikensis	5	10	10	50.0	2.0
Shewanella colwelliana	2	1	1	100.0	3.0
Shewanella decolorationis	3	3	3	100.0	24.0
Shewanella fidelis	2	1	1	100.0	8.0
Shewanella fodinae	3	3	3	100.0	5.0
Shewanella frigidimarina	5	10	10	90.0	4.0
Shewanella hanedai	2	1	1	0.0	0.0
Shewanella indica	5	10	10	70.0	2.0
Shewanella intestini	2	1	1	0.0	0.0
Shewanella japonica	6	15	15	33.333333333333336	0.0
Shewanella litoralis	2	1	1	0.0	0.0
Shewanella loihica	2	1	1	100.0	3.0
Shewanella marisflavi	3	3	3	0.0	0.0
Shewanella maritima	2	1	1	100.0	2.0
Shewanella morhuae	3	3	3	66.66666666666667	4.0
Shewanella oneidensis	2	1	1	0.0	0.0
Shewanella polaris	2	1	1	100.0	9.0
Shewanella putrefaciens	8	28	28	78.57142857142857	7.0
Shewanella sp000014665	2	1	1	100.0	6.0
Shewanella sp000203935	2	1	1	100.0	15.0
Shewanella sp002836205	4	6	6	0.0	0.0
Shewanella sp002836275	3	3	3	66.66666666666667	2.0
Shewanella sp002836315	4	6	6	100.0	4.0
Shewanella sp002838165	8	28	28	57.142857142857146	2.0
Shewanella sp002873135	3	3	3	100.0	4.0
Shewanella sp002966515	8	28	28	67.85714285714286	9.0
Shewanella sp007004545	2	1	1	0.0	0.0
Shewanella sp007197555	2	1	1	100.0	5.0
Shewanella sp017354985	3	3	3	66.66666666666667	6.0
Shewanella vesiculosa	17	136	136	16.176470588235293	0.0
Shewanella waksmanii	2	1	1	0.0	1.0
Shewanella woodyi	2	1	1	100.0	16.0
Shewanella xiamenensis	24	276	276	85.14492753623189	6.0
Shimia marina	3	3	3	66.66666666666667	3.0
Shimia sp014872815	2	1	1	100.0	5.0
Shimia sp016019955	2	1	1	0.0	0.0
Shimia sp017743735	3	3	3	66.66666666666667	3.0
Shimia thalassica	2	1	1	100.0	5.0
Shimwellia blattae	4	6	6	0.0	0.0
Shinella granuli	2	1	1	100.0	5.0
Shinella sp001262505	4	6	6	50.0	6.0
Shinella sp002364745	2	1	1	100.0	18.0
Shinella sp004514435	2	1	1	100.0	2.0
Shuttleworthia satelles	2	1	1	100.0	9.0
Siccibacter turicensis	4	6	6	0.0	0.0
Siccirubricoccus deserti	0	0	0	0	
Sideroxydans sp002787455	4	6	6	0.0	0.0
Sideroxydans sp013140695	2	1	1	100.0	2.0
Sideroxydans sp013791855	4	6	6	16.666666666666668	0.0
Sideroxydans sp018813765	3	3	3	33.333333333333336	1.0
Sideroxydans sp018814405	3	3	3	0.0	0.0
Sideroxydans sp018819205	2	1	1	0.0	0.0
Sideroxydans sp018820925	2	1	1	0.0	0.0
Silanimonas sp018334015	2	1	1	0.0	0.0
Silicimonas algicola	2	1	1	0.0	0.0
Silvanigrella sanaruensis	2	1	1	0.0	1.0
Silvibacterium bohemicum	2	1	1	0.0	0.0
Silvibacterium dinghuense	2	1	1	0.0	0.0
Simiduia agarivorans	2	1	1	100.0	2.0
Siminovitchia acidinfaciens	0	0	0	0	
Siminovitchia fordii	3	3	3	0.0	0.0
Siminovitchia fortis	13	78	78	47.43589743589744	1.0
Siminovitchia terrae	3	3	3	66.66666666666667	3.0
Siminovitchia thermophila	0	0	0	0	
Simonsiella muelleri	2	1	1	0.0	
Singulisphaera acidiphila	2	1	1	0.0	0.0
Sinomicrobium sp014518365	2	1	1	0.0	0.0
Sinomonas atrocyanea	3	3	3	66.66666666666667	2.0
Sinomonas sp014656475	2	1	1	0.0	0.0
Sinorhizobium alkalisoli	2	1	1	100.0	13.0
Sinorhizobium americanum	4	6	6	83.33333333333333	17.0
Sinorhizobium aridi	6	15	15	100.0	13.0
Sinorhizobium fredii	15	105	105	91.42857142857143	10.0
Sinorhizobium fredii_B	2	1	1	100.0	32.0
Sinorhizobium fredii_C	7	21	21	85.71428571428571	7.0
Sinorhizobium medicae	61	1830	1830	93.93442622950819	12.0
Sinorhizobium meliloti	239	28441	28441	96.73007278225097	15.0
Sinorhizobium meliloti_A	5	10	10	100.0	11.0
Sinorhizobium mexicanum	2	1	1	0.0	0.0
Sinorhizobium saheli	2	1	1	0.0	0.0
Sinorhizobium sojae	2	1	1	0.0	0.0
Sinorhizobium terangae	2	1	1	0.0	0.0
Siphonobacter sp002872335	2	1	1	100.0	5.0
Site-B1 sp013043005	2	1	1	0.0	0.0
Skermanella aerolata	2	1	1	0.0	0.0
Slackia exigua	3	3	3	0.0	0.0
Slackia heliotrinireducens	2	1	1	0.0	0.0
Slackia_A isoflavoniconvertens	13	78	78	53.84615384615385	2.0
Slackia_A piriformis	2	1	1	0.0	0.0
Slackia_A sp900553655	2	1	1	0.0	0.0
Slackia_A sp900553775	2	1	1	100.0	4.0
Slackia_A sp900555495	2	1	1	0.0	0.0
Smaragdicoccus niigatensis	2	1	1	0.0	0.0
Smithella sp000747625	4	6	6	100.0	4.0
Smithella sp000753945	4	6	6	50.0	3.0
Smithella sp001412345	2	1	1	0.0	0.0
Smithella sp002327415	2	1	1	0.0	1.0
Smithella sp002441205	2	1	1	0.0	0.0
Smithella sp003139775	14	91	91	91.20879120879121	14.0
Sneathia sanguinegens	2	1	1	0.0	0.0
Sneathia vaginalis	2	1	1	100.0	2.0
Sneathiella chungangensis	0	0	0	0	
Sneathiella sp002694385	3	3	3	100.0	7.0
Sneathiella sp002706985	2	1	1	0.0	0.0
Snodgrassella alvi	47	1081	1081	77.42830712303423	3.0
Snodgrassella alvi_B	4	6	6	100.0	4.0
Snodgrassella alvi_C	2	1	1	100.0	7.0
Snodgrassella alvi_D	4	6	6	100.0	5.5
Snodgrassella alvi_E	3	3	3	66.66666666666667	2.0
Snodgrassella sp900094895	11	55	55	89.0909090909091	7.0
SoEE sp002933335	2	1	1	0.0	0.0
Sodaliphilus pleomorphus	18	153	153	42.48366013071895	1.0
Sodaliphilus sp002353285	2	1	1	100.0	6.0
Sodaliphilus sp002353885	5	10	10	100.0	5.0
Sodaliphilus sp002396085	3	3	3	66.66666666666667	3.0
Sodaliphilus sp004557565	13	78	78	83.33333333333333	6.0
Sodaliphilus sp004559845	3	3	3	0.0	1.0
Sodaliphilus sp017477555	3	3	3	100.0	11.0
Sodaliphilus sp017964485	2	1	1	100.0	2.0
Sodaliphilus sp900314215	2	1	1	0.0	0.0
Sodaliphilus sp900316835	12	66	66	74.24242424242425	2.0
Sodaliphilus sp900317325	2	1	1	0.0	0.0
Sodaliphilus sp900317835	2	1	1	0.0	0.0
Sodaliphilus sp900318065	24	276	276	65.94202898550725	2.0
Sodaliphilus sp900318205	6	15	15	40.0	1.0
Sodaliphilus sp900318255	5	10	10	80.0	4.0
Sodaliphilus sp900318335	11	55	55	45.45454545454545	1.0
Sodaliphilus sp900318345	2	1	1	0.0	0.0
Sodaliphilus sp900318535	17	136	136	72.05882352941177	3.0
Sodaliphilus sp900318645	4	6	6	66.66666666666667	4.0
Sodaliphilus sp900318865	5	10	10	70.0	2.0
Sodaliphilus sp900319525	5	10	10	30.0	0.5
Sodaliphilus sp900320055	16	120	120	45.0	1.0
Sodaliphilus sp900320245	5	10	10	50.0	1.5
Sodaliphilus sp900322135	2	1	1	0.0	0.0
Sodaliphilus sp902761475	3	3	3	66.66666666666667	2.0
Sodaliphilus sp902762385	6	15	15	66.66666666666667	3.0
Sodaliphilus sp902776835	8	28	28	67.85714285714286	3.0
Sodaliphilus sp902777835	2	1	1	0.0	1.0
Sodaliphilus sp902779125	3	3	3	66.66666666666667	2.0
Sodaliphilus sp902781045	2	1	1	100.0	6.0
Sodaliphilus sp902782465	2	1	1	100.0	4.0
Sodaliphilus sp902782545	2	1	1	0.0	1.0
Sodaliphilus sp902785925	5	10	10	80.0	3.5
Sodaliphilus sp902792435	5	10	10	80.0	4.0
Sodaliphilus sp902793405	2	1	1	100.0	5.0
Sodaliphilus sp902800715	4	6	6	50.0	2.0
Sodalis glossinidius	2	1	1	100.0	5.0
Soehngenia_A longivitae	2	1	1	100.0	2.0
Soehngenia_A sp018434075	2	1	1	0.0	0.0
Solibacillus silvestris	5	10	10	40.0	1.0
Solibacillus sp003073375	2	1	1	0.0	0.0
Solibacter sp003136215	2	1	1	100.0	13.0
Solibaculum mannosilyticum	3	3	3	33.333333333333336	0.0
Solimicrobium sp903862415	2	1	1	0.0	0.0
Solimicrobium sp903893945	2	1	1	0.0	0.0
Solincola sediminis	2	1	1	0.0	0.0
Solincola_A tengchongensis	3	3	3	0.0	0.0
Solincola_B daggyaiensis	2	1	1	0.0	1.0
Solirubrum busanensis	2	1	1	0.0	0.0
Sorangium cellulosum_D	2	1	1	100.0	78.0
SpSt-150 sp011056185	0	0	0	0	
SpSt-165 sp011057335	0	0	0	0	
SpSt-205 sp011058435	0	0	0	0	
SpSt-223 sp011053995	0	0	0	0	
SpSt-225 sp011053965	0	0	0	0	
SpSt-398 sp017303415	2	1	1	0.0	1.0
SpSt-505 sp011368345	0	0	0	0	
SpSt-600 sp011364775	0	0	0	0	
SpSt-77 sp011053895	0	0	0	0	
Specibacter alpinus	2	1	1	100.0	7.0
Specibacter alpinus_A	3	3	3	66.66666666666667	2.0
Specibacter glacialis	2	1	1	100.0	5.0
Specibacter psychrochitiniphilus	2	1	1	0.0	0.0
Sphaerimonospora mesophila	2	1	1	100.0	5.0
Sphaerisporangium krabiense	2	1	1	0.0	0.0
Sphaerisporangium melleum	2	1	1	0.0	0.0
Sphaerisporangium siamense	2	1	1	0.0	0.0
Sphaerobacter thermophilus	2	1	1	100.0	4.0
Sphaerochaeta halotolerans	4	6	6	16.666666666666668	1.0
Sphaerochaeta sp001604325	4	6	6	33.333333333333336	0.5
Sphaerochaeta sp002432715	11	55	55	43.63636363636363	1.0
Sphaerochaeta sp003446545	2	1	1	100.0	6.0
Sphaerochaeta sp004294855	4	6	6	16.666666666666668	0.5
Sphaerochaeta sp009930195	2	1	1	0.0	0.0
Sphaerochaeta sp012511235	2	1	1	0.0	0.0
Sphaerospermopsis kisseleviana_A	6	15	15	100.0	13.0
Sphaerotilus montanus	2	1	1	100.0	2.0
Sphaerotilus natans	2	1	1	0.0	1.0
Sphaerotilus sulfidivorans	2	1	1	0.0	1.0
Sphingobacterium alkalisoli	2	1	1	0.0	0.0
Sphingobacterium athyrii	3	3	3	100.0	7.0
Sphingobacterium cellulitidis	4	6	6	50.0	1.5
Sphingobacterium daejeonense	2	1	1	100.0	5.0
Sphingobacterium faecium	3	3	3	66.66666666666667	4.0
Sphingobacterium hotanense	2	1	1	100.0	3.0
Sphingobacterium kitahiroshimense	6	15	15	86.66666666666667	6.0
Sphingobacterium lactis	2	1	1	0.0	0.0
Sphingobacterium mizutaii	4	6	6	50.0	1.5
Sphingobacterium multivorum	43	903	903	70.43189368770764	5.0
Sphingobacterium psychroaquaticum	2	1	1	100.0	3.0
Sphingobacterium siyangense	12	66	66	92.42424242424242	5.0
Sphingobacterium sp000938735	2	1	1	100.0	148.0
Sphingobacterium sp002418355	2	1	1	0.0	0.0
Sphingobacterium sp002429765	5	10	10	40.0	1.0
Sphingobacterium sp002472835	2	1	1	0.0	1.0
Sphingobacterium sp002476975	5	10	10	70.0	3.0
Sphingobacterium sp002500745	2	1	1	0.0	0.0
Sphingobacterium sp002734245	2	1	1	100.0	2.0
Sphingobacterium sp009557615	2	1	1	0.0	0.0
Sphingobacterium sp011007365	4	6	6	0.0	0.0
Sphingobacterium sp011043515	2	1	1	100.0	2.0
Sphingobacterium spiritivorum	3	3	3	0.0	0.0
Sphingobacterium spiritivorum_A	3	3	3	100.0	5.0
Sphingobacterium thalpophilum	3	3	3	66.66666666666667	2.0
Sphingobium amiense	2	1	1	0.0	0.0
Sphingobium chlorophenolicum	3	3	3	66.66666666666667	22.0
Sphingobium chungbukense	2	1	1	100.0	7.0
Sphingobium cloacae	2	1	1	0.0	0.0
Sphingobium cupriresistens	3	3	3	0.0	1.0
Sphingobium fuliginis	11	55	55	92.72727272727273	9.0
Sphingobium herbicidovorans	3	3	3	0.0	0.0
Sphingobium indicum	6	15	15	93.33333333333333	12.0
Sphingobium limneticum	5	10	10	80.0	4.0
Sphingobium phenoxybenzoativorans	2	1	1	100.0	8.0
Sphingobium quisquiliarum	2	1	1	100.0	8.0
Sphingobium sp000153545	9	36	36	61.111111111111114	3.0
Sphingobium sp000283515	2	1	1	100.0	14.0
Sphingobium sp001563265	2	1	1	100.0	10.0
Sphingobium sp001650725	2	1	1	0.0	0.0
Sphingobium sp001713415	2	1	1	100.0	239.0
Sphingobium sp002312805	2	1	1	100.0	8.0
Sphingobium sp006226685	2	1	1	0.0	0.0
Sphingobium sp014201265	0	0	0	0	
Sphingobium sp014203965	0	0	0	0	
Sphingobium sp016000085	2	1	1	0.0	0.0
Sphingobium sp017984895	4	6	6	0.0	0.0
Sphingobium sp018823325	4	6	6	0.0	0.0
Sphingobium sp900013425	6	15	15	33.333333333333336	0.0
Sphingobium sp900218065	3	3	3	100.0	4.0
Sphingobium wenxiniae	4	6	6	33.333333333333336	8.0
Sphingobium xenophagum	22	231	231	64.93506493506493	2.0
Sphingobium yanoikuyae	34	561	561	93.58288770053476	26.0
Sphingomicrobium ginsengisoli	2	1	1	0.0	1.0
Sphingomicrobium sp004282935	2	1	1	0.0	0.0
Sphingomicrobium sp014873375	0	0	0	0	
Sphingomicrobium sp016924655	2	1	1	0.0	0.0
Sphingomonas adhaesiva	3	3	3	0.0	0.0
Sphingomonas aerolata	15	105	105	86.66666666666667	9.0
Sphingomonas aquatilis	10	45	45	46.666666666666664	2.0
Sphingomonas aurantiaca	4	6	6	50.0	18.0
Sphingomonas carotinifaciens	4	6	6	100.0	3.0
Sphingomonas desiccabilis	2	1	1	100.0	2.0
Sphingomonas echinoides	2	1	1	100.0	8.0
Sphingomonas endophytica	2	1	1	100.0	6.0
Sphingomonas ginsenosidimutans	5	10	10	70.0	6.5
Sphingomonas glacialis	2	1	1	100.0	15.0
Sphingomonas hankookensis	3	3	3	66.66666666666667	2.0
Sphingomonas insulae	2	1	1	0.0	0.0
Sphingomonas japonica	2	1	1	0.0	0.0
Sphingomonas koreensis	72	2556	2556	33.05946791862285	0.0
Sphingomonas koreensis_A	2	1	1	100.0	34.0
Sphingomonas leidyi	3	3	3	0.0	0.0
Sphingomonas naasensis	2	1	1	0.0	0.0
Sphingomonas olei	3	3	3	100.0	6.0
Sphingomonas pacifica	3	3	3	66.66666666666667	3.0
Sphingomonas parapaucimobilis	2	1	1	100.0	3.0
Sphingomonas paucimobilis	13	78	78	71.7948717948718	3.0
Sphingomonas pseudosanguinis	2	1	1	0.0	0.0
Sphingomonas sanguinis	8	28	28	57.142857142857146	2.0
Sphingomonas sanguinis_B	3	3	3	100.0	8.0
Sphingomonas sp000251145	2	1	1	100.0	10.0
Sphingomonas sp000282895	2	1	1	100.0	2.0
Sphingomonas sp000797515	4	6	6	66.66666666666667	6.0
Sphingomonas sp001421355	3	3	3	66.66666666666667	5.0
Sphingomonas sp001421715	3	3	3	100.0	5.0
Sphingomonas sp001421765	3	3	3	0.0	0.0
Sphingomonas sp001421805	2	1	1	100.0	13.0
Sphingomonas sp001421965	2	1	1	100.0	11.0
Sphingomonas sp001425385	3	3	3	66.66666666666667	3.0
Sphingomonas sp001464615	2	1	1	100.0	4.0
Sphingomonas sp001555965	8	28	28	75.0	3.0
Sphingomonas sp001556185	2	1	1	100.0	4.0
Sphingomonas sp001557215	2	1	1	100.0	7.0
Sphingomonas sp001897045	3	3	3	66.66666666666667	11.0
Sphingomonas sp001897375	3	3	3	66.66666666666667	2.0
Sphingomonas sp002280555	3	3	3	100.0	4.0
Sphingomonas sp002280565	2	1	1	0.0	1.0
Sphingomonas sp002403415	4	6	6	50.0	4.0
Sphingomonas sp003050745	3	3	3	100.0	9.0
Sphingomonas sp003075315	4	6	6	83.33333333333333	3.0
Sphingomonas sp003610375	2	1	1	0.0	0.0
Sphingomonas sp004340945	2	1	1	100.0	19.0
Sphingomonas sp004341505	2	1	1	100.0	14.0
Sphingomonas sp005503355	2	1	1	0.0	1.0
Sphingomonas sp014193845	2	1	1	100.0	9.0
Sphingomonas sp016820445	2	1	1	100.0	8.0
Sphingomonas sp018139225	2	1	1	0.0	0.0
Sphingomonas sp900109205	2	1	1	100.0	6.0
Sphingomonas sp902826325	2	1	1	100.0	4.0
Sphingomonas taxi	2	1	1	100.0	10.0
Sphingomonas trueperi	3	3	3	100.0	9.0
Sphingomonas trueperi_A	0	0	0	0	
Sphingomonas yabuuchiae	4	6	6	83.33333333333333	2.5
Sphingomonas yantingensis	2	1	1	100.0	21.0
Sphingomonas zeae	2	1	1	0.0	0.0
Sphingomonas_B horti	2	1	1	0.0	0.0
Sphingomonas_E fennica	3	3	3	100.0	8.0
Sphingomonas_E sp002151445	2	1	1	0.0	0.0
Sphingomonas_G prati	3	3	3	0.0	0.0
Sphingomonas_N chungangi	2	1	1	0.0	0.0
Sphingomonas_N sp903871605	2	1	1	0.0	0.0
Sphingopyxis bauzanensis	2	1	1	100.0	4.0
Sphingopyxis granuli	6	15	15	60.0	3.0
Sphingopyxis macrogoltabida	2	1	1	100.0	2.0
Sphingopyxis microcysteis	2	1	1	100.0	6.0
Sphingopyxis solisilvae	2	1	1	100.0	48.0
Sphingopyxis sp001427085	3	3	3	100.0	13.0
Sphingopyxis sp001427105	2	1	1	0.0	0.0
Sphingopyxis sp001468225	8	28	28	42.857142857142854	1.0
Sphingopyxis sp001468285	2	1	1	100.0	8.0
Sphingopyxis sp001468395	7	21	21	42.857142857142854	1.0
Sphingopyxis sp002454115	2	1	1	100.0	6.0
Sphingopyxis sp003609815	2	1	1	100.0	26.0
Sphingopyxis sp005503165	2	1	1	100.0	7.0
Sphingopyxis sp005503215	2	1	1	100.0	6.0
Sphingopyxis sp013410105	2	1	1	0.0	1.0
Sphingopyxis sp018823905	3	3	3	66.66666666666667	3.0
Sphingopyxis terrae	19	171	171	89.47368421052632	9.0
Sphingorhabdus_B sp002255985	3	3	3	0.0	0.0
Sphingorhabdus_B sp002278855	2	1	1	0.0	0.0
Sphingorhabdus_B sp002282385	4	6	6	0.0	0.0
Sphingorhabdus_B sp016462305	2	1	1	0.0	0.0
Sphingorhabdus_B sp016720115	3	3	3	66.66666666666667	5.0
Sphingorhabdus_B sp016721875	3	3	3	66.66666666666667	2.0
Sphingorhabdus_B sp903821685	2	1	1	100.0	2.0
Sphingosinicella microcystinivorans	2	1	1	0.0	0.0
Spirabiliibacterium mucosae	2	1	1	100.0	4.0
Spiribacter roseus	7	21	21	38.095238095238095	0.0
Spiribacter vilamensis	2	1	1	0.0	0.0
Spirillospora chibensis	2	1	1	0.0	0.0
Spirillospora citrea	2	1	1	100.0	2.0
Spirillospora coerulea	0	0	0	0	
Spirillospora formosensis	2	1	1	0.0	0.0
Spirillospora kijaniata	2	1	1	100.0	8.0
Spirillospora latina	2	1	1	100.0	3.0
Spirillospora litoris	2	1	1	100.0	8.0
Spirillospora livida	3	3	3	66.66666666666667	7.0
Spirillospora madurae	3	3	3	66.66666666666667	4.0
Spirillospora nitritigenes	2	1	1	100.0	36.0
Spirillospora rifamycini	2	1	1	100.0	16.0
Spirillospora syzygii	2	1	1	100.0	23.0
Spirillospora verrucosospora	2	1	1	100.0	27.0
Spiro-02 sp001604275	2	1	1	0.0	0.0
Spiro-10 sp004294945	2	1	1	0.0	0.0
Spiroplasma citri	8	28	28	57.142857142857146	2.0
Spiroplasma eriocheiris	2	1	1	0.0	0.0
Spiroplasma melliferum	4	6	6	66.66666666666667	2.0
Spiroplasma mirum	3	3	3	0.0	0.0
Spiroplasma phoeniceum	3	3	3	33.333333333333336	1.0
Spiroplasma poulsonii	6	15	15	60.0	7.0
Spiroplasma sp001886495	2	1	1	0.0	0.0
Spiroplasma_A clarkii	2	1	1	0.0	0.0
Spiroplasma_A turonicum	2	1	1	0.0	0.0
Spiroplasma_D ixodetis	5	10	10	40.0	0.5
Spirosoma sordidisoli	2	1	1	100.0	6.0
Spirosoma sp001898575	2	1	1	0.0	0.0
Spirosoma sp003259005	2	1	1	0.0	0.0
Spirosoma utsteinense	2	1	1	0.0	0.0
Spongiibacter marinus	3	3	3	33.333333333333336	1.0
Spongiibacter tropicus	9	36	36	47.22222222222222	1.0
Sporanaerobacter acetigenes	2	1	1	0.0	0.0
Sporofaciens musculi	3	3	3	100.0	16.0
Sporofaciens sp000403455	2	1	1	100.0	4.0
Sporofaciens sp009774295	4	6	6	50.0	2.0
Sporofaciens sp910574715	2	1	1	100.0	5.0
Sporofaciens sp910574885	5	10	10	100.0	16.0
Sporolactobacillus inulinus	3	3	3	33.333333333333336	1.0
Sporolactobacillus terrae	5	10	10	50.0	1.5
Sporolactobacillus vineae	2	1	1	0.0	0.0
Sporomusa acidovorans	0	0	0	0	
Sporomusa ovata	3	3	3	100.0	3.0
Sporomusa sphaeroides	4	6	6	50.0	3.0
Sporosalibacterium faouarense	2	1	1	0.0	0.0
Sporosarcina newyorkensis	2	1	1	100.0	9.0
Sporosarcina pasteurii	2	1	1	0.0	0.0
Sporosarcina psychrophila	2	1	1	100.0	4.0
Sporosarcina sp000813425	2	1	1	0.0	1.0
Sporosarcina sp002077155	3	3	3	33.333333333333336	0.0
Sporosarcina sp002743255	4	6	6	66.66666666666667	2.5
Sporosarcina sp002743335	5	10	10	30.0	1.0
Sporosarcina sp014282005	2	1	1	100.0	7.0
Sporosarcina ureae	7	21	21	28.571428571428573	1.0
Sporosarcina ureae_A	2	1	1	100.0	4.0
Sporosarcina ureae_B	5	10	10	80.0	3.0
Sporosarcina ureae_C	3	3	3	100.0	4.0
Spyradenecus sp017548245	3	3	3	0.0	0.0
Spyradenecus sp017558005	3	3	3	66.66666666666667	3.0
Spyradocola merdavium	8	28	28	46.42857142857143	1.0
Spyradomonas excrementavium	4	6	6	50.0	3.0
Spyradomonas sp900547585	2	1	1	0.0	1.0
Spyradosoma merdigallinarum	2	1	1	100.0	15.0
Spyradosoma sp004558035	3	3	3	100.0	2.0
Stagnimonas sp004297005	2	1	1	100.0	2.0
Staphylococcus agnetis	39	741	741	40.35087719298246	1.0
Staphylococcus argensis	8	28	28	57.142857142857146	2.0
Staphylococcus argenteus	170	14365	14365	53.17786286112078	2.0
Staphylococcus arlettae	40	780	780	32.17948717948718	1.0
Staphylococcus aureus	12794	81836821	81836821	40.28422853815399	3.0
Staphylococcus auricularis	10	45	45	22.22222222222222	0.0
Staphylococcus borealis	15	105	105	35.23809523809524	1.0
Staphylococcus caeli	2	1	1	0.0	1.0
Staphylococcus capitis	145	10440	10440	16.350574712643677	0.0
Staphylococcus caprae	17	136	136	25.0	1.0
Staphylococcus carnosus	12	66	66	16.666666666666668	0.0
Staphylococcus chromogenes	130	8385	8385	27.465712581991653	1.0
Staphylococcus coagulans	36	630	630	27.3015873015873	0.0
Staphylococcus cohnii	57	1596	1596	28.82205513784461	1.0
Staphylococcus condimenti	11	55	55	30.90909090909091	0.0
Staphylococcus croceilyticus	2	1	1	0.0	0.0
Staphylococcus delphini	24	276	276	56.15942028985507	2.0
Staphylococcus devriesei	9	36	36	13.88888888888889	0.0
Staphylococcus devriesei_A	2	1	1	0.0	0.0
Staphylococcus epidermidis	1049	549676	549676	27.611174582845166	1.0
Staphylococcus equorum	49	1176	1176	21.258503401360546	0.0
Staphylococcus equorum_A	4	6	6	33.333333333333336	1.0
Staphylococcus felis	31	465	465	48.38709677419355	1.0
Staphylococcus gallinarum	25	300	300	17.333333333333332	0.0
Staphylococcus haemolyticus	378	71253	71253	48.2141102830758	2.0
Staphylococcus hominis	165	13530	13530	21.33037694013304	0.0
Staphylococcus hyicus	9	36	36	5.555555555555555	0.0
Staphylococcus intermedius	8	28	28	50.0	1.5
Staphylococcus kloosii	9	36	36	61.111111111111114	2.0
Staphylococcus lloydii	3	3	3	0.0	0.0
Staphylococcus lugdunensis	70	2415	2415	14.492753623188406	2.0
Staphylococcus lutrae	2	1	1	100.0	4.0
Staphylococcus massiliensis	3	3	3	66.66666666666667	2.0
Staphylococcus microti	3	3	3	66.66666666666667	2.0
Staphylococcus muscae	4	6	6	0.0	0.5
Staphylococcus nepalensis	22	231	231	29.004329004329005	1.0
Staphylococcus pasteuri	26	325	325	24.307692307692307	1.0
Staphylococcus petrasii	7	21	21	0.0	0.0
Staphylococcus pettenkoferi	21	210	210	28.095238095238095	0.0
Staphylococcus piscifermentans	3	3	3	33.333333333333336	0.0
Staphylococcus pragensis	3	3	3	0.0	0.0
Staphylococcus pseudintermedius	426	90525	90525	68.66059099696217	3.0
Staphylococcus pseudoxylosus	5	10	10	10.0	0.0
Staphylococcus saccharolyticus	15	105	105	6.666666666666667	0.0
Staphylococcus saprophyticus	167	13861	13861	41.490512950003605	1.0
Staphylococcus schleiferi	21	210	210	43.80952380952381	1.0
Staphylococcus schweitzeri	9	36	36	66.66666666666667	2.5
Staphylococcus simiae	3	3	3	33.333333333333336	1.0
Staphylococcus simiae_A	6	15	15	33.333333333333336	0.0
Staphylococcus simulans	76	2850	2850	24.210526315789473	1.0
Staphylococcus simulans_A	2	1	1	0.0	0.0
Staphylococcus simulans_B	2	1	1	0.0	0.0
Staphylococcus sp015025035	0	0	0	0	
Staphylococcus succinus	21	210	210	20.476190476190474	0.0
Staphylococcus ureilyticus	79	3081	3081	16.877637130801688	0.0
Staphylococcus warneri	70	2415	2415	27.494824016563147	1.0
Staphylococcus warneri_A	21	210	210	34.285714285714285	1.0
Staphylococcus xylosus	46	1035	1035	10.241545893719806	0.0
Staphylococcus xylosus_A	11	55	55	32.72727272727273	1.0
Staphylococcus xylosus_B	0	0	0	0	
Stappia indica	3	3	3	66.66666666666667	5.0
Stappia sp002722295	2	1	1	100.0	2.0
Stappia sp003610575	2	1	1	0.0	0.0
Stappia sp900185725	3	3	3	100.0	4.0
Stappia taiwanensis	2	1	1	0.0	0.0
Starkeya sp007559435	2	1	1	100.0	11.0
Starkeya sp017872635	0	0	0	0	
Stella humosa	2	1	1	0.0	0.0
Stenomitos sp014695975	2	1	1	100.0	10.0
Stenotrophomonas acidaminiphila	10	45	45	53.333333333333336	2.0
Stenotrophomonas acidaminiphila_A	13	78	78	61.53846153846154	3.0
Stenotrophomonas bentonitica	2	1	1	0.0	0.0
Stenotrophomonas bentonitica_A	5	10	10	40.0	3.0
Stenotrophomonas chelatiphaga	0	0	0	0	
Stenotrophomonas cyclobalanopsidis	5	10	10	90.0	2.5
Stenotrophomonas geniculata	11	55	55	76.36363636363636	6.0
Stenotrophomonas indicatrix	22	231	231	83.11688311688312	5.0
Stenotrophomonas koreensis	2	1	1	100.0	2.0
Stenotrophomonas lactitubi	9	36	36	83.33333333333333	4.5
Stenotrophomonas maltophilia	233	27028	27028	88.57111143998816	7.0
Stenotrophomonas maltophilia_A	40	780	780	77.94871794871794	6.0
Stenotrophomonas maltophilia_AA	3	3	3	0.0	0.0
Stenotrophomonas maltophilia_AC	3	3	3	100.0	11.0
Stenotrophomonas maltophilia_AE	2	1	1	100.0	13.0
Stenotrophomonas maltophilia_AH	2	1	1	100.0	6.0
Stenotrophomonas maltophilia_AJ	10	45	45	62.22222222222222	4.0
Stenotrophomonas maltophilia_AK	89	3916	3916	78.83043922369765	4.0
Stenotrophomonas maltophilia_AL	7	21	21	100.0	11.0
Stenotrophomonas maltophilia_AM	20	190	190	80.52631578947368	5.0
Stenotrophomonas maltophilia_AN	2	1	1	0.0	0.0
Stenotrophomonas maltophilia_AO	5	10	10	90.0	9.0
Stenotrophomonas maltophilia_AP	2	1	1	100.0	4.0
Stenotrophomonas maltophilia_AQ	3	3	3	100.0	4.0
Stenotrophomonas maltophilia_AT	5	10	10	100.0	6.0
Stenotrophomonas maltophilia_AX	3	3	3	100.0	16.0
Stenotrophomonas maltophilia_B	6	15	15	93.33333333333333	6.0
Stenotrophomonas maltophilia_F	12	66	66	65.15151515151516	3.0
Stenotrophomonas maltophilia_G	0	0	0	0	
Stenotrophomonas maltophilia_L	7	21	21	90.47619047619048	6.0
Stenotrophomonas maltophilia_N	6	15	15	80.0	11.0
Stenotrophomonas maltophilia_O	5	10	10	90.0	6.0
Stenotrophomonas maltophilia_P	10	45	45	82.22222222222223	4.0
Stenotrophomonas maltophilia_Q	9	36	36	91.66666666666667	6.0
Stenotrophomonas maltophilia_Z	5	10	10	80.0	2.5
Stenotrophomonas nitritireducens	3	3	3	66.66666666666667	2.0
Stenotrophomonas nitritireducens_A	2	1	1	100.0	2.0
Stenotrophomonas pavanii	9	36	36	91.66666666666667	4.0
Stenotrophomonas pictorum	2	1	1	0.0	1.0
Stenotrophomonas rhizophila	0	0	0	0	
Stenotrophomonas rhizophila_A	9	36	36	94.44444444444444	7.0
Stenotrophomonas sp002192255	8	28	28	78.57142857142857	5.0
Stenotrophomonas sp002471015	4	6	6	100.0	2.5
Stenotrophomonas sp002836635	6	15	15	100.0	7.0
Stenotrophomonas sp002893095	3	3	3	100.0	15.0
Stenotrophomonas sp003028475	3	3	3	100.0	4.0
Stenotrophomonas sp003086695	10	45	45	91.11111111111111	9.0
Stenotrophomonas sp003086775	8	28	28	100.0	8.5
Stenotrophomonas sp003086795	6	15	15	93.33333333333333	9.0
Stenotrophomonas sp003484865	2	1	1	100.0	29.0
Stenotrophomonas sp003504055	2	1	1	100.0	9.0
Stenotrophomonas sp004348115	2	1	1	100.0	19.0
Stenotrophomonas sp014621775	3	3	3	100.0	6.0
Stenotrophomonas_A panacihumi	2	1	1	0.0	1.0
Stercoripulliclostridium_A sp017533505	2	1	1	0.0	0.0
Stercorousia faecigallinarum	4	6	6	83.33333333333333	2.5
Stercorousia sp000433095	3	3	3	100.0	6.0
Stercorousia sp000437435	3	3	3	66.66666666666667	5.0
Stercorousia sp001765415	5	10	10	60.0	6.5
Stercorousia sp001917115	8	28	28	67.85714285714286	3.0
Stercorousia sp900551675	2	1	1	0.0	0.0
Stercorousia sp900555175	2	1	1	0.0	0.0
Stercorousia sp900556295	3	3	3	100.0	4.0
Stercorousia sp900752845	2	1	1	100.0	2.0
Steroidobacter_A agaridevorans	2	1	1	100.0	6.0
Sterolibacterium sp018062105	2	1	1	0.0	0.0
Stieleria baltica_A	2	1	1	100.0	16.0
Stieleria lacunae	2	1	1	100.0	2.0
Stieleria sp002167455	2	1	1	100.0	3.0
Stigmatella aurantiaca_A	2	1	1	100.0	4.0
Stigonema sp903903925	3	3	3	100.0	28.0
Stomatobaculum longum	2	1	1	0.0	0.0
Stomatobaculum naviforme	2	1	1	0.0	1.0
Stomatobaculum sp902780465	4	6	6	0.0	0.0
Stomatobaculum sp902793685	3	3	3	66.66666666666667	2.0
Stoquefichus massiliensis	0	0	0	0	
Stoquefichus sp001244545	2	1	1	100.0	6.0
Streptacidiphilus albus	2	1	1	100.0	6.0
Streptacidiphilus jiangxiensis	2	1	1	100.0	4.0
Streptobacillus felis	2	1	1	0.0	0.0
Streptobacillus moniliformis	25	300	300	31.666666666666668	0.5
Streptobacillus notomytis	3	3	3	0.0	0.0
Streptococcus acidominimus	5	10	10	80.0	5.0
Streptococcus agalactiae	1496	1118260	1118260	53.6875145315043	2.0
Streptococcus alactolyticus	10	45	45	6.666666666666667	0.0
Streptococcus anginosus	74	2701	2701	55.238800444279896	3.0
Streptococcus anginosus_C	40	780	780	47.82051282051282	2.0
Streptococcus australis	5	10	10	0.0	0.0
Streptococcus australis_B	3	3	3	66.66666666666667	2.0
Streptococcus azizii	5	10	10	60.0	2.0
Streptococcus canis	20	190	190	82.63157894736842	4.0
Streptococcus catagoni	3	3	3	0.0	0.0
Streptococcus chenjunshii	3	3	3	0.0	0.0
Streptococcus chosunense	2	1	1	100.0	9.0
Streptococcus constellatus	30	435	435	34.48275862068966	1.0
Streptococcus constellatus_A	0	0	0	0	
Streptococcus criceti	2	1	1	0.0	0.0
Streptococcus cristatus	17	136	136	32.35294117647059	1.0
Streptococcus cristatus_B	3	3	3	33.333333333333336	0.0
Streptococcus cristatus_C	8	28	28	42.857142857142854	1.0
Streptococcus cuniculi_A	2	1	1	0.0	0.0
Streptococcus danieliae	3	3	3	66.66666666666667	6.0
Streptococcus danieliae_A	2	1	1	0.0	0.0
Streptococcus dentisani	6	15	15	13.333333333333334	0.0
Streptococcus downei	2	1	1	100.0	2.0
Streptococcus dysgalactiae	120	7140	7140	62.19887955182073	2.0
Streptococcus equi	389	75466	75466	81.1040733575385	4.0
Streptococcus equinus	40	780	780	15.64102564102564	0.0
Streptococcus equinus_B	6	15	15	13.333333333333334	0.0
Streptococcus ferus	2	1	1	0.0	0.0
Streptococcus gallolyticus	21	210	210	57.61904761904762	3.0
Streptococcus gordonii	59	1711	1711	27.819988310929283	0.0
Streptococcus halichoeri	19	171	171	76.0233918128655	3.0
Streptococcus halitosis	10	45	45	42.22222222222222	1.0
Streptococcus henryi	2	1	1	100.0	3.0
Streptococcus himalayensis	2	1	1	0.0	0.0
Streptococcus hyovaginalis	4	6	6	83.33333333333333	7.0
Streptococcus infantarius	18	153	153	21.568627450980394	0.0
Streptococcus infantis	3	3	3	100.0	2.0
Streptococcus infantis_F	2	1	1	100.0	5.0
Streptococcus infantis_I	3	3	3	0.0	0.0
Streptococcus iniae	94	4371	4371	19.011667810569662	0.0
Streptococcus intermedius	45	990	990	12.323232323232324	0.0
Streptococcus koreensis	8	28	28	50.0	1.5
Streptococcus lactarius	7	21	21	38.095238095238095	0.0
Streptococcus lutetiensis	46	1035	1035	55.36231884057971	2.0
Streptococcus macacae	2	1	1	0.0	0.0
Streptococcus macedonicus	9	36	36	72.22222222222223	5.0
Streptococcus massiliensis	3	3	3	0.0	0.0
Streptococcus merionis	2	1	1	0.0	1.0
Streptococcus minor	2	1	1	0.0	1.0
Streptococcus mitis	23	253	253	53.75494071146245	2.0
Streptococcus mitis_AC	7	21	21	71.42857142857143	2.0
Streptococcus mitis_AI	2	1	1	0.0	0.0
Streptococcus mitis_AK	7	21	21	52.38095238095238	2.0
Streptococcus mitis_AQ	2	1	1	100.0	9.0
Streptococcus mitis_AT	3	3	3	33.333333333333336	1.0
Streptococcus mitis_AV	2	1	1	100.0	5.0
Streptococcus mitis_AW	2	1	1	100.0	2.0
Streptococcus mitis_AX	3	3	3	66.66666666666667	3.0
Streptococcus mitis_BA	14	91	91	91.20879120879121	5.0
Streptococcus mitis_BB	5	10	10	20.0	0.0
Streptococcus mitis_BC	2	1	1	100.0	2.0
Streptococcus mitis_BD	2	1	1	0.0	0.0
Streptococcus mitis_BE	2	1	1	0.0	
Streptococcus mitis_BF	2	1	1	0.0	0.0
Streptococcus mitis_BJ	2	1	1	100.0	2.0
Streptococcus mitis_BM	26	325	325	44.92307692307692	1.0
Streptococcus mitis_BN	4	6	6	0.0	0.0
Streptococcus mitis_C	2	1	1	0.0	0.0
Streptococcus mitis_I	2	1	1	100.0	6.0
Streptococcus mitis_K	3	3	3	100.0	7.0
Streptococcus mitis_N	0	0	0	0	
Streptococcus mitis_O	3	3	3	100.0	2.0
Streptococcus mitis_Q	2	1	1	0.0	0.0
Streptococcus mitis_S	4	6	6	50.0	5.5
Streptococcus mitis_Y	2	1	1	100.0	4.0
Streptococcus mutans	258	33153	33153	14.502458299399752	0.0
Streptococcus oralis	34	561	561	44.02852049910874	2.0
Streptococcus oralis_AA	3	3	3	0.0	0.0
Streptococcus oralis_AC	5	10	10	30.0	1.0
Streptococcus oralis_BA	2	1	1	0.0	
Streptococcus oralis_BC	7	21	21	47.61904761904762	7.0
Streptococcus oralis_BD	3	3	3	33.333333333333336	0.0
Streptococcus oralis_BK	2	1	1	0.0	0.0
Streptococcus oralis_C	2	1	1	0.0	0.0
Streptococcus oralis_E	2	1	1	0.0	0.0
Streptococcus oralis_F	6	15	15	40.0	0.0
Streptococcus oralis_G	6	15	15	0.0	0.0
Streptococcus oralis_H	7	21	21	23.80952380952381	0.0
Streptococcus oralis_J	2	1	1	100.0	3.0
Streptococcus oralis_L	2	1	1	0.0	0.0
Streptococcus oralis_R	3	3	3	0.0	0.0
Streptococcus oralis_S	18	153	153	24.836601307189543	1.0
Streptococcus oralis_T	5	10	10	20.0	2.0
Streptococcus oralis_W	8	28	28	42.857142857142854	1.0
Streptococcus oralis_Y	3	3	3	66.66666666666667	4.0
Streptococcus panodentis	2	1	1	0.0	
Streptococcus parasanguinis	20	190	190	46.31578947368421	2.0
Streptococcus parasanguinis_B	11	55	55	14.545454545454545	0.5
Streptococcus parasanguinis_C	7	21	21	19.047619047619047	0.0
Streptococcus parasanguinis_D	4	6	6	16.666666666666668	0.0
Streptococcus parasanguinis_E	12	66	66	24.242424242424242	1.0
Streptococcus parasanguinis_F	10	45	45	40.0	2.5
Streptococcus parasanguinis_G	2	1	1	0.0	0.0
Streptococcus parasuis	17	136	136	24.264705882352942	0.0
Streptococcus parauberis	22	231	231	42.42424242424242	1.0
Streptococcus pasteurianus	21	210	210	74.28571428571429	5.0
Streptococcus peroris	2	1	1	0.0	
Streptococcus phocae	2	1	1	100.0	4.0
Streptococcus pluranimalium	2	1	1	100.0	7.0
Streptococcus pneumoniae	7671	29418285	29418285	96.805816518536	12.0
Streptococcus pneumoniae_C	2	1	1	100.0	4.0
Streptococcus porcinus	7	21	21	38.095238095238095	0.0
Streptococcus porcinus_A	2	1	1	0.0	1.0
Streptococcus pseudopneumoniae	120	7140	7140	92.52100840336135	5.0
Streptococcus pseudopneumoniae_C	2	1	1	100.0	2.0
Streptococcus pseudopneumoniae_E	2	1	1	0.0	0.0
Streptococcus pseudopneumoniae_L	3	3	3	0.0	1.0
Streptococcus pseudopneumoniae_M	2	1	1	0.0	0.0
Streptococcus pseudopneumoniae_N	2	1	1	0.0	
Streptococcus pseudoporcinus	10	45	45	77.77777777777777	4.0
Streptococcus pyogenes	2098	2199753	2199753	76.276791076089	4.0
Streptococcus ratti	5	10	10	30.0	0.0
Streptococcus rubneri	4	6	6	0.0	0.5
Streptococcus ruminantium	22	231	231	82.68398268398268	3.0
Streptococcus salivarius	123	7503	7503	50.81967213114754	5.0
Streptococcus sanguinis	46	1035	1035	31.207729468599034	2.0
Streptococcus sanguinis_C	3	3	3	0.0	0.0
Streptococcus sanguinis_E	5	10	10	50.0	3.5
Streptococcus sanguinis_F	3	3	3	0.0	0.0
Streptococcus sanguinis_G	2	1	1	0.0	1.0
Streptococcus sanguinis_H	13	78	78	29.487179487179485	2.0
Streptococcus sanguinis_I	2	1	1	0.0	1.0
Streptococcus shenyangsis	4	6	6	33.333333333333336	1.0
Streptococcus sinensis	3	3	3	33.333333333333336	2.0
Streptococcus sobrinus	52	1326	1326	38.83861236802413	1.0
Streptococcus sp000187445	16	120	120	25.0	1.0
Streptococcus sp000220065	0	0	0	0	
Streptococcus sp000411475	0	0	0	0	
Streptococcus sp000831085	2	1	1	100.0	3.0
Streptococcus sp001182825	2	1	1	0.0	0.0
Streptococcus sp001553685	2	1	1	0.0	
Streptococcus sp001556435	77	2926	2926	55.912508544087494	3.0
Streptococcus sp001650315	0	0	0	0	
Streptococcus sp001813295	5	10	10	60.0	2.0
Streptococcus sp004166885	7	21	21	33.333333333333336	0.0
Streptococcus sp004569635	2	1	1	0.0	0.0
Streptococcus sp004570525	2	1	1	0.0	0.0
Streptococcus sp007859205	3	3	3	66.66666666666667	2.0
Streptococcus sp011038795	2	1	1	0.0	0.0
Streptococcus sp013276795	5	10	10	50.0	1.5
Streptococcus sp013277415	4	6	6	100.0	5.0
Streptococcus sp013277515	2	1	1	100.0	2.0
Streptococcus sp013623465	7	21	21	0.0	0.0
Streptococcus sp016458205	3	3	3	100.0	4.0
Streptococcus sp900550895	2	1	1	0.0	0.0
Streptococcus sp900555155	3	3	3	0.0	0.0
Streptococcus sp900766505	29	406	406	56.89655172413793	2.0
Streptococcus sp902729355	5	10	10	70.0	2.5
Streptococcus sp903645285	2	1	1	100.0	5.0
Streptococcus sp905221035	2	1	1	0.0	0.0
Streptococcus sp905221065	2	1	1	0.0	0.0
Streptococcus sp905221095	2	1	1	0.0	0.0
Streptococcus sp905221165	2	1	1	100.0	3.0
Streptococcus sp905221195	3	3	3	66.66666666666667	3.0
Streptococcus sp905221215	2	1	1	100.0	2.0
Streptococcus sp905221255	3	3	3	0.0	0.0
Streptococcus sp905221305	6	15	15	0.0	0.0
Streptococcus sp905221335	2	1	1	100.0	2.0
Streptococcus sp905221385	3	3	3	33.333333333333336	1.0
Streptococcus sp905221415	2	1	1	0.0	0.0
Streptococcus sp905221505	3	3	3	0.0	0.0
Streptococcus sp905221545	2	1	1	0.0	0.0
Streptococcus sp905371745	6	15	15	20.0	1.5
Streptococcus suis	1263	796953	796953	77.27871028780869	4.0
Streptococcus suis_F	8	28	28	82.14285714285714	4.0
Streptococcus suis_N	2	1	1	100.0	2.0
Streptococcus suis_P	133	8778	8778	90.76099339257235	5.0
Streptococcus suis_S	2	1	1	0.0	0.0
Streptococcus suis_U	2	1	1	100.0	14.0
Streptococcus suis_V	6	15	15	93.33333333333333	6.0
Streptococcus suis_W	102	5151	5151	88.29353523587653	5.0
Streptococcus suis_X	0	0	0	0	
Streptococcus suis_Y	5	10	10	100.0	10.0
Streptococcus symci	20	190	190	28.94736842105263	1.0
Streptococcus thermophilus	126	7875	7875	48.13968253968254	2.0
Streptococcus timonensis	0	0	0	0	
Streptococcus uberis	68	2278	2278	14.574187884108868	0.0
Streptococcus urinalis	3	3	3	0.0	0.0
Streptococcus vestibularis	12	66	66	53.03030303030303	2.0
Streptococcus vicugnae	4	6	6	50.0	5.0
Streptococcus xiaochunlingii	9	36	36	36.111111111111114	0.0
Streptomonospora nanhaiensis	2	1	1	100.0	18.0
Streptomyces abikoensis	2	1	1	100.0	14.0
Streptomyces abyssalis	2	1	1	100.0	2.0
Streptomyces acidicola	2	1	1	100.0	29.0
Streptomyces acidiscabies	7	21	21	71.42857142857143	27.0
Streptomyces agglomeratus	4	6	6	100.0	13.5
Streptomyces albidoflavus	95	4465	4465	61.67973124300112	4.0
Streptomyces alboflavus	3	3	3	100.0	4.0
Streptomyces albogriseolus	7	21	21	95.23809523809524	6.0
Streptomyces alboniger	3	3	3	100.0	7.0
Streptomyces albulus_C	6	15	15	100.0	6.0
Streptomyces albus	13	78	78	60.256410256410255	5.0
Streptomyces alfalfae	7	21	21	71.42857142857143	5.0
Streptomyces alkaliterrae	3	3	3	100.0	10.0
Streptomyces althioticus	9	36	36	72.22222222222223	3.0
Streptomyces altiplanensis	2	1	1	100.0	17.0
Streptomyces ambofaciens	2	1	1	0.0	0.0
Streptomyces amritsarensis	4	6	6	100.0	5.0
Streptomyces angustmyceticus	2	1	1	100.0	17.0
Streptomyces anthocyanicus	23	253	253	51.383399209486164	2.0
Streptomyces antibioticus_B	5	10	10	80.0	2.5
Streptomyces antimycoticus	6	15	15	100.0	18.0
Streptomyces anulatus	26	325	325	83.6923076923077	11.0
Streptomyces anulatus_C	3	3	3	0.0	1.0
Streptomyces aquilus	2	1	1	100.0	17.0
Streptomyces ardesiacus	9	36	36	80.55555555555556	4.5
Streptomyces asiaticus	10	45	45	95.55555555555556	23.0
Streptomyces asoensis	3	3	3	66.66666666666667	2.0
Streptomyces atratus	2	1	1	100.0	35.0
Streptomyces aurantiacus	2	1	1	100.0	14.0
Streptomyces aureocirculatus	2	1	1	0.0	0.0
Streptomyces avermitilis	8	28	28	35.714285714285715	1.0
Streptomyces avidinii	2	1	1	0.0	0.0
Streptomyces bacillaris	37	666	666	87.23723723723724	5.0
Streptomyces barkulensis	2	1	1	100.0	53.0
Streptomyces bauhiniae	6	15	15	66.66666666666667	4.0
Streptomyces bicolor	2	1	1	0.0	0.0
Streptomyces bikiniensis	10	45	45	62.22222222222222	4.5
Streptomyces bluensis	0	0	0	0	
Streptomyces bobili	3	3	3	66.66666666666667	14.0
Streptomyces bottropensis	3	3	3	33.333333333333336	8.0
Streptomyces bryophytorum	2	1	1	100.0	22.0
Streptomyces buecherae	7	21	21	85.71428571428571	10.0
Streptomyces cacaoi	7	21	21	90.47619047619048	11.0
Streptomyces cadmiisoli	2	1	1	100.0	7.0
Streptomyces caelestis	0	0	0	0	
Streptomyces caelestis_A	3	3	3	66.66666666666667	3.0
Streptomyces californicus	41	820	820	61.34146341463415	2.0
Streptomyces calvus	5	10	10	90.0	7.5
Streptomyces candidus	2	1	1	0.0	0.0
Streptomyces canus	3	3	3	33.333333333333336	24.0
Streptomyces capillispiralis	2	1	1	0.0	0.0
Streptomyces capitiformicae	2	1	1	100.0	136.0
Streptomyces cattleya	3	3	3	0.0	0.0
Streptomyces celluloflavus	4	6	6	83.33333333333333	11.0
Streptomyces cellulosae	11	55	55	80.0	6.0
Streptomyces chartreusis	9	36	36	97.22222222222223	12.5
Streptomyces chartreusis_D	4	6	6	33.333333333333336	9.0
Streptomyces chattanoogensis	0	0	0	0	
Streptomyces chrestomyceticus	4	6	6	100.0	10.0
Streptomyces chromofuscus	2	1	1	0.0	1.0
Streptomyces chryseus	3	3	3	66.66666666666667	5.0
Streptomyces cinnamonensis	24	276	276	89.1304347826087	9.0
Streptomyces cinnamoneus_A	0	0	0	0	
Streptomyces clavifer	5	10	10	10.0	1.0
Streptomyces clavuligerus	17	136	136	15.441176470588236	1.0
Streptomyces coelicoflavus	6	15	15	66.66666666666667	7.5
Streptomyces coeruleorubidus	4	6	6	50.0	16.0
Streptomyces collinus	2	1	1	100.0	2.0
Streptomyces collinus_A	0	0	0	0	
Streptomyces curacoi	4	6	6	100.0	7.0
Streptomyces cyaneofuscatus	11	55	55	50.90909090909091	4.0
Streptomyces daqingensis	2	1	1	100.0	5.0
Streptomyces decoyicus	2	1	1	100.0	16.0
Streptomyces dengpaensis	2	1	1	0.0	1.0
Streptomyces diastaticus	11	55	55	72.72727272727273	5.0
Streptomyces diastatochromogenes	2	1	1	100.0	15.0
Streptomyces erythrochromogenes	2	1	1	100.0	18.0
Streptomyces eurocidicus	3	3	3	100.0	8.0
Streptomyces europaeiscabiei	3	3	3	33.333333333333336	9.0
Streptomyces eurythermus	4	6	6	83.33333333333333	16.5
Streptomyces filamentosus	4	6	6	83.33333333333333	15.5
Streptomyces fildesensis	4	6	6	100.0	14.5
Streptomyces filipinensis	2	1	1	100.0	15.0
Streptomyces fimicarius	10	45	45	71.11111111111111	2.0
Streptomyces flaveolus_A	8	28	28	82.14285714285714	6.0
Streptomyces flaveus	2	1	1	100.0	41.0
Streptomyces flavidovirens	2	1	1	100.0	11.0
Streptomyces flavofungini	2	1	1	0.0	0.0
Streptomyces fradiae	5	10	10	80.0	6.5
Streptomyces fulvorobeus	2	1	1	0.0	0.0
Streptomyces fungicidicus_A	4	6	6	100.0	6.5
Streptomyces galbus	3	3	3	66.66666666666667	57.0
Streptomyces gardneri	4	6	6	50.0	15.0
Streptomyces glauciniger	3	3	3	33.333333333333336	16.0
Streptomyces globisporus	10	45	45	97.77777777777777	7.0
Streptomyces globosus	2	1	1	100.0	35.0
Streptomyces goshikiensis	10	45	45	62.22222222222222	13.5
Streptomyces griseoaurantiacus	5	10	10	100.0	9.5
Streptomyces griseochromogenes	2	1	1	100.0	2.0
Streptomyces griseofuscus	7	21	21	90.47619047619048	6.0
Streptomyces griseoincarnatus	20	190	190	88.94736842105263	8.0
Streptomyces griseoloalbus	3	3	3	66.66666666666667	2.0
Streptomyces griseoluteus	4	6	6	100.0	8.0
Streptomyces griseorubiginosus	7	21	21	47.61904761904762	10.5
Streptomyces griseosporeus	3	3	3	0.0	0.0
Streptomyces griseostramineus	3	3	3	0.0	0.0
Streptomyces griseoviridis	3	3	3	66.66666666666667	4.0
Streptomyces griseoviridis_A	2	1	1	0.0	0.0
Streptomyces griseus	10	45	45	60.0	4.5
Streptomyces halstedii	16	120	120	94.16666666666667	5.0
Streptomyces harbinensis	3	3	3	100.0	6.0
Streptomyces hawaiiensis	3	3	3	66.66666666666667	7.0
Streptomyces himalayensis	2	1	1	100.0	19.0
Streptomyces himastatinicus	5	10	10	90.0	27.0
Streptomyces hirsutus	2	1	1	100.0	28.0
Streptomyces hokutonensis	2	1	1	100.0	12.0
Streptomyces humi	0	0	0	0	
Streptomyces hyaluromycini	2	1	1	100.0	52.0
Streptomyces hydrogenans	3	3	3	100.0	21.0
Streptomyces hygroscopicus	7	21	21	95.23809523809524	8.0
Streptomyces iakyrus	3	3	3	100.0	12.0
Streptomyces incarnatus_A	3	3	3	100.0	7.0
Streptomyces ipomoeae	4	6	6	100.0	14.5
Streptomyces iranensis	0	0	0	0	
Streptomyces jumonjinensis_A	2	1	1	0.0	0.0
Streptomyces kanamyceticus	2	1	1	100.0	11.0
Streptomyces katrae_A	3	3	3	66.66666666666667	3.0
Streptomyces katrae_B	4	6	6	100.0	16.5
Streptomyces klenkii	2	1	1	100.0	4.0
Streptomyces laculatispora	3	3	3	33.333333333333336	35.0
Streptomyces lasiicapitis	2	1	1	100.0	3.0
Streptomyces lateritius	2	1	1	100.0	10.0
Streptomyces lavendulae_C	3	3	3	66.66666666666667	2.0
Streptomyces leeuwenhoekii	3	3	3	100.0	6.0
Streptomyces libani	12	66	66	90.9090909090909	19.0
Streptomyces lincolnensis	3	3	3	100.0	4.0
Streptomyces litmocidini	2	1	1	100.0	36.0
Streptomyces longwoodensis	2	1	1	100.0	20.0
Streptomyces lunaelactis	18	153	153	99.34640522875817	9.0
Streptomyces luteogriseus	2	1	1	100.0	13.0
Streptomyces lydicus	5	10	10	90.0	16.5
Streptomyces massasporeus	4	6	6	100.0	10.0
Streptomyces melanogenes	2	1	1	100.0	20.0
Streptomyces mesophilus	2	1	1	100.0	12.0
Streptomyces mexicanus	3	3	3	33.333333333333336	0.0
Streptomyces microflavus	12	66	66	92.42424242424242	11.0
Streptomyces milbemycinicus	2	1	1	100.0	31.0
Streptomyces minutiscleroticus	2	1	1	100.0	378.0
Streptomyces mirabilis	20	190	190	97.89473684210526	36.0
Streptomyces misionensis	3	3	3	100.0	12.0
Streptomyces mobaraensis	3	3	3	100.0	8.0
Streptomyces monashensis	2	1	1	100.0	21.0
Streptomyces morookaense	2	1	1	0.0	1.0
Streptomyces murinus	6	15	15	100.0	10.0
Streptomyces mutabilis	3	3	3	33.333333333333336	14.0
Streptomyces mutomycini	2	1	1	100.0	4.0
Streptomyces nanshensis_A	2	1	1	100.0	7.0
Streptomyces narbonensis	2	1	1	100.0	13.0
Streptomyces netropsis	2	1	1	0.0	0.0
Streptomyces nigra	4	6	6	83.33333333333333	4.0
Streptomyces nitrosporeus	2	1	1	0.0	0.0
Streptomyces niveiscabiei	2	1	1	100.0	45.0
Streptomyces niveus	3	3	3	33.333333333333336	12.0
Streptomyces nodosus	5	10	10	70.0	3.0
Streptomyces nojiriensis	3	3	3	0.0	1.0
Streptomyces noursei	2	1	1	100.0	31.0
Streptomyces odonnellii	2	1	1	100.0	2.0
Streptomyces olivaceoviridis	3	3	3	33.333333333333336	13.0
Streptomyces olivaceus	5	10	10	80.0	4.0
Streptomyces olivochromogenes	2	1	1	0.0	0.0
Streptomyces ossamyceticus	0	0	0	0	
Streptomyces otsuchiensis	3	3	3	66.66666666666667	5.0
Streptomyces pactum_A	2	1	1	100.0	3.0
Streptomyces papulosus	8	28	28	71.42857142857143	3.0
Streptomyces parvulus	4	6	6	66.66666666666667	5.5
Streptomyces parvus	23	253	253	50.59288537549407	4.0
Streptomyces phaeochromogenes	3	3	3	100.0	12.0
Streptomyces physcomitrii	0	0	0	0	
Streptomyces pilosus	2	1	1	100.0	5.0
Streptomyces platensis	7	21	21	90.47619047619048	16.0
Streptomyces pluripotens	3	3	3	100.0	8.0
Streptomyces populi	2	1	1	100.0	12.0
Streptomyces prasinus	4	6	6	100.0	8.5
Streptomyces pristinaespiralis	3	3	3	0.0	0.0
Streptomyces pseudogriseolus	8	28	28	92.85714285714286	8.0
Streptomyces puniciscabiei	3	3	3	100.0	27.0
Streptomyces purpureus	2	1	1	0.0	
Streptomyces qinglanensis	2	1	1	0.0	0.0
Streptomyces rapamycinicus	3	3	3	66.66666666666667	5.0
Streptomyces resistomycificus	2	1	1	0.0	1.0
Streptomyces rimosus	43	903	903	64.34108527131782	7.0
Streptomyces rochei	27	351	351	85.18518518518519	7.0
Streptomyces roseifaciens	2	1	1	100.0	22.0
Streptomyces rubiginosohelvolus	22	231	231	84.41558441558442	6.0
Streptomyces rubradiris	2	1	1	0.0	0.0
Streptomyces scabiei	14	91	91	51.64835164835165	2.0
Streptomyces scabiei_E	2	1	1	100.0	49.0
Streptomyces scopuliridis	2	1	1	100.0	2.0
Streptomyces silaceus	2	1	1	100.0	18.0
Streptomyces sindenensis	5	10	10	80.0	6.0
Streptomyces sioyaensis	9	36	36	94.44444444444444	12.0
Streptomyces smyrnaeus	5	10	10	100.0	7.5
Streptomyces solisilvae	9	36	36	94.44444444444444	8.0
Streptomyces sp000158895	3	3	3	33.333333333333336	15.0
Streptomyces sp000177195	16	120	120	44.166666666666664	1.0
Streptomyces sp000213055	10	45	45	62.22222222222222	4.0
Streptomyces sp000373565	2	1	1	0.0	0.0
Streptomyces sp000373585	2	1	1	0.0	0.0
Streptomyces sp000373645	2	1	1	0.0	0.0
Streptomyces sp000383935	4	6	6	33.333333333333336	7.0
Streptomyces sp000424765	5	10	10	90.0	7.5
Streptomyces sp000426325	2	1	1	100.0	7.0
Streptomyces sp000527195	5	10	10	100.0	12.5
Streptomyces sp000717875	2	1	1	0.0	0.0
Streptomyces sp000717915	2	1	1	100.0	6.0
Streptomyces sp000720135	2	1	1	100.0	4.0
Streptomyces sp000720175	3	3	3	100.0	12.0
Streptomyces sp000720765	2	1	1	100.0	36.0
Streptomyces sp000725625	4	6	6	66.66666666666667	2.5
Streptomyces sp000772045	8	28	28	100.0	14.5
Streptomyces sp000829695	2	1	1	100.0	8.0
Streptomyces sp001184025	2	1	1	100.0	7.0
Streptomyces sp001280125	3	3	3	66.66666666666667	5.0
Streptomyces sp001282115	2	1	1	100.0	6.0
Streptomyces sp001293595	2	1	1	100.0	6.0
Streptomyces sp001298545	4	6	6	50.0	18.0
Streptomyces sp001418285	3	3	3	66.66666666666667	3.0
Streptomyces sp001426405	2	1	1	0.0	0.0
Streptomyces sp001426585	3	3	3	66.66666666666667	3.0
Streptomyces sp001507435	3	3	3	100.0	29.0
Streptomyces sp001509795	3	3	3	66.66666666666667	9.0
Streptomyces sp001654495	2	1	1	0.0	
Streptomyces sp001865245	3	3	3	100.0	27.0
Streptomyces sp001895105	2	1	1	100.0	6.0
Streptomyces sp001905385	2	1	1	100.0	7.0
Streptomyces sp001905595	4	6	6	100.0	5.0
Streptomyces sp001905735	6	15	15	60.0	5.5
Streptomyces sp001905825	2	1	1	100.0	17.0
Streptomyces sp001905885	2	1	1	100.0	12.0
Streptomyces sp001905905	2	1	1	0.0	
Streptomyces sp001941845	2	1	1	0.0	1.0
Streptomyces sp002078175	2	1	1	100.0	9.0
Streptomyces sp002080455	5	10	10	100.0	5.0
Streptomyces sp002300165	2	1	1	100.0	8.0
Streptomyces sp002573955	2	1	1	100.0	10.0
Streptomyces sp002711365	7	21	21	57.142857142857146	6.0
Streptomyces sp002797655	8	28	28	53.57142857142857	9.0
Streptomyces sp002846625	2	1	1	100.0	11.0
Streptomyces sp002847285	4	6	6	100.0	9.5
Streptomyces sp002920615	0	0	0	0	
Streptomyces sp002939385	4	6	6	100.0	13.0
Streptomyces sp003046555	3	3	3	33.333333333333336	1.0
Streptomyces sp003116725	7	21	21	66.66666666666667	8.0
Streptomyces sp003143855	2	1	1	100.0	67.0
Streptomyces sp003148825	3	3	3	66.66666666666667	12.0
Streptomyces sp003248355	2	1	1	0.0	1.0
Streptomyces sp003259365	2	1	1	0.0	0.0
Streptomyces sp003259585	5	10	10	70.0	5.0
Streptomyces sp003287935	2	1	1	100.0	720.0
Streptomyces sp003386135	2	1	1	100.0	3.0
Streptomyces sp003626575	2	1	1	0.0	0.0
Streptomyces sp003634225	0	0	0	0	
Streptomyces sp003671715	2	1	1	100.0	18.0
Streptomyces sp003814525	0	0	0	0	
Streptomyces sp003947455	2	1	1	100.0	32.0
Streptomyces sp003949805	2	1	1	100.0	22.0
Streptomyces sp004343515	2	1	1	100.0	24.0
Streptomyces sp004353505	4	6	6	50.0	2.0
Streptomyces sp006088715	2	1	1	100.0	23.0
Streptomyces sp006715395	2	1	1	100.0	21.0
Streptomyces sp009827025	2	1	1	100.0	14.0
Streptomyces sp010384365	2	1	1	100.0	5.0
Streptomyces sp012927245	2	1	1	0.0	1.0
Streptomyces sp014596525	2	1	1	100.0	3.0
Streptomyces sp016654115	2	1	1	100.0	19.0
Streptomyces sp016893485	4	6	6	83.33333333333333	3.0
Streptomyces sp018614095	3	3	3	66.66666666666667	6.0
Streptomyces sp900091725	2	1	1	0.0	0.0
Streptomyces sp900091845	2	1	1	0.0	0.0
Streptomyces sp900091855	2	1	1	0.0	0.0
Streptomyces sp900105245	5	10	10	90.0	11.0
Streptomyces sp900105415	2	1	1	100.0	36.0
Streptomyces sp900105515	7	21	21	47.61904761904762	4.5
Streptomyces sp900114955	8	28	28	92.85714285714286	7.0
Streptomyces sp900116325	4	6	6	83.33333333333333	9.5
Streptomyces sp900129855	0	0	0	0	
Streptomyces sp900187385	6	15	15	53.333333333333336	2.0
Streptomyces sp900290235	2	1	1	100.0	19.0
Streptomyces sparsogenes	2	1	1	100.0	3.0
Streptomyces spectabilis	4	6	6	50.0	11.5
Streptomyces speibonae	3	3	3	100.0	17.0
Streptomyces spinoverrucosus	5	10	10	90.0	29.0
Streptomyces spiralis	2	1	1	100.0	20.0
Streptomyces spiroverticillatus	2	1	1	0.0	0.0
Streptomyces spongiicola	2	1	1	100.0	29.0
Streptomyces sporangiiformans	3	3	3	66.66666666666667	50.0
Streptomyces stelliscabiei	4	6	6	33.333333333333336	20.0
Streptomyces subrutilus	2	1	1	0.0	0.0
Streptomyces sviceus	3	3	3	33.333333333333336	2.0
Streptomyces syringium	0	0	0	0	
Streptomyces tanashiensis	2	1	1	100.0	15.0
Streptomyces tendae	6	15	15	60.0	7.0
Streptomyces thermodiastaticus	5	10	10	50.0	1.5
Streptomyces thermovulgaris	2	1	1	100.0	12.0
Streptomyces tibetensis	3	3	3	0.0	0.0
Streptomyces tirandamycinicus	6	15	15	33.333333333333336	15.5
Streptomyces toxytricini	2	1	1	100.0	5.0
Streptomyces tricolor	5	10	10	90.0	44.0
Streptomyces triculaminicus_A	3	3	3	100.0	11.0
Streptomyces triticirhizae	3	3	3	66.66666666666667	6.0
Streptomyces tsukubensis	5	10	10	30.0	0.5
Streptomyces tsukubensis_B	2	1	1	0.0	0.0
Streptomyces turgidiscabies	2	1	1	100.0	10.0
Streptomyces typhae	2	1	1	100.0	25.0
Streptomyces uncialis	4	6	6	50.0	5.0
Streptomyces varsoviensis	2	1	1	100.0	2.0
Streptomyces venezuelae	6	15	15	40.0	1.0
Streptomyces venezuelae_B	4	6	6	100.0	3.5
Streptomyces vinaceus	3	3	3	66.66666666666667	9.0
Streptomyces violaceus	5	10	10	100.0	21.0
Streptomyces violaceusniger	2	1	1	100.0	30.0
Streptomyces violaceusniger_A	3	3	3	100.0	37.0
Streptomyces virginiae_A	3	3	3	100.0	9.0
Streptomyces viridochromogenes_A	3	3	3	66.66666666666667	6.0
Streptomyces viridosporus	4	6	6	50.0	15.0
Streptomyces wedmorensis	3	3	3	100.0	2.0
Streptomyces xanthochromogenes	3	3	3	100.0	10.0
Streptomyces xantholiticus	0	0	0	0	
Streptomyces xanthophaeus	3	3	3	100.0	6.0
Streptomyces xiamenensis	3	3	3	66.66666666666667	3.0
Streptomyces xinghaiensis	6	15	15	86.66666666666667	3.0
Streptomyces yangpuensis	3	3	3	100.0	18.0
Streptomyces yunnanensis	4	6	6	100.0	27.0
Streptomyces_A vitaminophilus	2	1	1	100.0	3.0
Streptosporangium becharense	2	1	1	100.0	3.0
Streptosporangium canum	2	1	1	100.0	33.0
Streptosporangium subroseum	2	1	1	100.0	49.0
Subsaximicrobium wynnwilliamsii	3	3	3	0.0	1.0
Subtercola boreus	2	1	1	0.0	0.0
Subtercola boreus_A	3	3	3	0.0	0.0
Subtercola lobariae	2	1	1	0.0	0.0
Succinatimonas hippei	2	1	1	100.0	6.0
Succiniclasticum sp002342505	6	15	15	86.66666666666667	3.0
Succiniclasticum sp003512125	2	1	1	0.0	0.0
Succiniclasticum sp017460905	2	1	1	100.0	3.0
Succiniclasticum sp900314855	5	10	10	10.0	0.0
Succiniclasticum sp900315345	12	66	66	19.696969696969695	1.0
Succiniclasticum sp900315805	5	10	10	0.0	0.0
Succiniclasticum sp900315925	42	861	861	32.868757259001164	1.0
Succiniclasticum sp900316935	10	45	45	37.77777777777778	0.0
Succiniclasticum sp900544275	3	3	3	66.66666666666667	2.0
Succiniclasticum sp902801365	3	3	3	66.66666666666667	3.0
Succiniclasticum sp905233365	2	1	1	100.0	7.0
Succinimonas sp002372325	3	3	3	100.0	7.0
Succinivibrio dextrinosolvens	6	15	15	86.66666666666667	2.0
Succinivibrio dextrinosolvens_A	6	15	15	86.66666666666667	5.0
Succinivibrio sp000431835	11	55	55	65.45454545454545	2.0
Succinivibrio sp002449335	3	3	3	100.0	4.0
Succinivibrio sp002473165	6	15	15	40.0	1.0
Succinivibrio sp003456415	5	10	10	70.0	2.0
Succinivibrio sp003477345	2	1	1	0.0	1.0
Succinivibrio sp900315395	3	3	3	0.0	0.0
Succinivibrio sp900316175	9	36	36	8.333333333333334	0.0
Succinivibrio sp900316375	2	1	1	0.0	0.0
Succinivibrio sp900317105	4	6	6	66.66666666666667	2.0
Succinivibrio sp900548485	2	1	1	0.0	1.0
Succinivibrio sp900552905	3	3	3	0.0	0.0
Succinivibrio sp900555115	3	3	3	0.0	0.0
Succinivibrio sp902776275	3	3	3	100.0	2.0
Sulcia muelleri	8	28	28	0.0	0.0
Sulcia muelleri_A	2	1	1	0.0	0.0
Sulfitobacter donghicola	2	1	1	0.0	0.0
Sulfitobacter dubius	2	1	1	100.0	3.0
Sulfitobacter geojensis	35	595	595	16.30252100840336	0.0
Sulfitobacter guttiformis	2	1	1	0.0	0.0
Sulfitobacter litoralis	6	15	15	33.333333333333336	1.0
Sulfitobacter mediterraneus	71	2485	2485	5.150905432595573	0.0
Sulfitobacter mediterraneus_A	16	120	120	0.0	0.0
Sulfitobacter noctilucicola	2	1	1	0.0	1.0
Sulfitobacter pontiacus	22	231	231	67.0995670995671	2.0
Sulfitobacter sp001634775	5	10	10	10.0	0.0
Sulfitobacter sp001634885	4	6	6	16.666666666666668	0.0
Sulfitobacter sp001635605	4	6	6	66.66666666666667	3.0
Sulfitobacter sp002703405	3	3	3	0.0	0.0
Sulfitobacter sp002731875	3	3	3	0.0	1.0
Sulfitobacter sp013282155	3	3	3	0.0	1.0
Sulfobacillus benefaciens_A	2	1	1	100.0	9.0
Sulfobacillus thermosulfidooxidans	7	21	21	66.66666666666667	2.0
Sulfobacillus thermotolerans	3	3	3	66.66666666666667	3.0
Sulfobacillus_A acidophilus	2	1	1	100.0	19.0
Sulfodiicoccus acidiphilus	2	1	1	100.0	6.0
Sulfolobus acidocaldarius	55	1485	1485	17.575757575757574	0.0
Sulfotelmatobacter sp003131585	2	1	1	100.0	3.0
Sulfotelmatobacter sp003131635	3	3	3	33.333333333333336	1.0
Sulfotelmatobacter sp003134655	3	3	3	100.0	4.0
Sulfotelmatobacter sp003134995	6	15	15	73.33333333333333	3.0
Sulfotelmatobacter sp003156805	2	1	1	100.0	5.0
Sulfotelmatobacter sp003166855	3	3	3	100.0	21.0
Sulfotelmatobacter sp003168355	6	15	15	73.33333333333333	2.0
Sulfuracidifex metallicus	2	1	1	0.0	0.0
Sulfuracidifex tepidarius	3	3	3	66.66666666666667	2.0
Sulfuricaulis sp001785195	5	10	10	10.0	0.0
Sulfuricella sp002784065	4	6	6	0.0	0.0
Sulfuricella sp018823025	2	1	1	0.0	0.0
Sulfuricurvum kujiense_A	4	6	6	0.0	0.0
Sulfuricurvum sp000310245	4	6	6	16.666666666666668	0.0
Sulfuricurvum sp000747095	2	1	1	0.0	1.0
Sulfuricurvum sp002282015	2	1	1	0.0	1.0
Sulfuricurvum sp002327465	2	1	1	0.0	0.0
Sulfuricurvum sp014764105	2	1	1	0.0	0.0
Sulfuriferula plumbiphila	2	1	1	0.0	0.0
Sulfurihydrogenibium sp000020325	2	1	1	0.0	0.0
Sulfurihydrogenibium sp002878035	2	1	1	0.0	1.0
Sulfurimicrobium sp018824405	3	3	3	66.66666666666667	2.0
Sulfurimonas gotlandica	2	1	1	0.0	0.0
Sulfurimonas ponti	2	1	1	0.0	0.0
Sulfurimonas sp001829625	2	1	1	100.0	3.0
Sulfurimonas sp001829675	4	6	6	0.0	0.0
Sulfurimonas sp001829715	2	1	1	0.0	1.0
Sulfurimonas sp001829785	4	6	6	50.0	1.0
Sulfurimonas sp002335055	3	3	3	0.0	0.0
Sulfurimonas sp002452425	2	1	1	0.0	0.0
Sulfurimonas sp002452895	4	6	6	33.333333333333336	0.5
Sulfurimonas sp002781365	19	171	171	0.0	0.0
Sulfurimonas sp013791885	8	28	28	14.285714285714286	0.0
Sulfurimonas sp015488615	2	1	1	0.0	0.0
Sulfurimonas sp015488855	2	1	1	0.0	0.0
Sulfurimonas sp018822665	2	1	1	0.0	0.0
Sulfurimonas sp018825665	2	1	1	0.0	0.0
Sulfurirhabdus autotrophica	2	1	1	0.0	0.0
Sulfurisoma sediminicola	2	1	1	0.0	0.0
Sulfurisoma sp018825305	3	3	3	0.0	0.0
Sulfurisphaera ohwakuensis	2	1	1	0.0	0.0
Sulfurisphaera tokodaii	2	1	1	0.0	0.0
Sulfuritalea sp006218025	2	1	1	0.0	0.0
Sulfuritalea sp016710465	3	3	3	100.0	16.0
Sulfuritalea sp016712985	2	1	1	100.0	25.0
Sulfuritalea sp903848955	24	276	276	34.78260869565217	1.0
Sulfuritalea sp903908065	5	10	10	20.0	1.0
Sulfuritalea sp903932755	2	1	1	0.0	0.0
Sulfuritalea sp903933395	2	1	1	100.0	2.0
Sulfuritalea sp903959855	4	6	6	33.333333333333336	1.0
Sulfuritortus calidifontis	2	1	1	0.0	0.0
Sulfurospirillum cavolei	5	10	10	40.0	1.0
Sulfurospirillum multivorans	2	1	1	0.0	0.0
Sulfurospirillum sp000743525	3	3	3	0.0	0.0
Sulfurospirillum sp002162315	2	1	1	0.0	0.0
Sulfurospirillum sp002309535	3	3	3	33.333333333333336	0.0
Sulfurospirillum sp016930915	2	1	1	0.0	0.0
Sulfurospirillum sp018058685	3	3	3	0.0	0.0
Sulfurospirillum_A arcachonense_A	2	1	1	0.0	0.0
Sulfurospirillum_A sp002742765	3	3	3	33.333333333333336	0.0
Sulfurospirillum_A sp016735235	2	1	1	100.0	4.0
Sulfurospirillum_A sp016744795	2	1	1	0.0	1.0
Sulfurovum sp002281755	6	15	15	0.0	0.0
Sulfurovum sp002403155	3	3	3	33.333333333333336	1.0
Sulfurovum sp002742845	3	3	3	0.0	0.0
Sulfurovum sp011048515	2	1	1	0.0	0.0
Sulfurovum sp015493425	3	3	3	0.0	0.0
Sulfurovum sp015493435	2	1	1	0.0	0.0
Sumerlaea chitinivorans	3	3	3	0.0	0.0
Sunxiuqinia elliptica	3	3	3	66.66666666666667	4.0
Superficieibacter electus	2	1	1	0.0	0.0
Superficieibacter sp001187865	2	1	1	0.0	0.0
Superficieibacter sp900766525	2	1	1	100.0	2.0
Sutcliffiella cohnii	2	1	1	0.0	0.0
Sutcliffiella_A horikoshii_C	4	6	6	100.0	5.5
Sutterella faecalis	5	10	10	80.0	4.0
Sutterella massiliensis	2	1	1	100.0	2.0
Sutterella merdavium	4	6	6	83.33333333333333	5.0
Sutterella parvirubra	3	3	3	100.0	6.0
Sutterella seckii_A	4	6	6	100.0	5.0
Sutterella sp900545275	2	1	1	100.0	2.0
Sutterella sp900754475	2	1	1	100.0	4.0
Sutterella sp900757865	2	1	1	100.0	4.0
Sutterella sp900762445	3	3	3	33.333333333333336	0.0
Sutterella sp900764215	2	1	1	100.0	2.0
Sutterella sp905186105	3	3	3	100.0	6.0
Sutterella wadsworthensis	34	561	561	71.4795008912656	5.0
Sutterella wadsworthensis_A	7	21	21	52.38095238095238	3.0
Suttonella ornithocola	2	1	1	100.0	4.0
Symbiopectobacterium endolongispinus	3	3	3	100.0	4.0
Symmachiella dynata	2	1	1	100.0	5.0
Synechococcus elongatus	7	21	21	47.61904761904762	1.0
Synechococcus elongatus_A	0	0	0	0	
Synechococcus_B sp007571085	2	1	1	0.0	0.0
Synechococcus_B sp009836025	12	66	66	28.78787878787879	1.0
Synechococcus_B sp009840445	7	21	21	33.333333333333336	0.0
Synechococcus_B spongiarum_E	4	6	6	66.66666666666667	2.0
Synechococcus_B spongiarum_F	2	1	1	0.0	1.0
Synechococcus_C sp000063505	2	1	1	100.0	2.0
Synechococcus_C sp000153065	2	1	1	0.0	
Synechococcus_C sp000230675	8	28	28	28.571428571428573	0.0
Synechococcus_C sp001631935	3	3	3	66.66666666666667	3.0
Synechococcus_C sp001632165	7	21	21	14.285714285714286	0.0
Synechococcus_C sp002171995	4	6	6	0.0	0.5
Synechococcus_C sp002172935	2	1	1	100.0	3.0
Synechococcus_C sp002500205	9	36	36	19.444444444444443	0.0
Synechococcus_C sp002693285	3	3	3	33.333333333333336	0.0
Synechococcus_C sp003209155	6	15	15	46.666666666666664	1.0
Synechococcus_C sp003210315	2	1	1	100.0	2.0
Synechococcus_C sp003210755	4	6	6	66.66666666666667	2.0
Synechococcus_C sp004209775	2	1	1	0.0	0.0
Synechococcus_C sp004332415	3	3	3	66.66666666666667	3.0
Synechococcus_C sp014279795	3	3	3	0.0	0.0
Synechococcus_C sp014279835	4	6	6	16.666666666666668	0.0
Synechococcus_D lacustris	20	190	190	31.57894736842105	1.0
Synechococcus_D lacustris_A	31	465	465	12.688172043010752	0.0
Synechococcus_D sp009914645	2	1	1	0.0	0.0
Synechococcus_E sp000012505	4	6	6	16.666666666666668	0.0
Synechococcus_E sp000012625	2	1	1	100.0	2.0
Synechococcus_E sp000195975	2	1	1	100.0	3.0
Synechococcus_E sp000515235	2	1	1	0.0	0.0
Synechococcus_E sp000737575	8	28	28	0.0	0.0
Synechococcus_E sp002170825	2	1	1	0.0	0.0
Synechococcus_E sp002691345	2	1	1	0.0	0.0
Synechococcus_E sp002700765	2	1	1	0.0	0.0
Synechococcus_E sp002701375	2	1	1	0.0	1.0
Synechococcus_E sp002724845	13	78	78	62.82051282051282	2.0
Synechococcus_E sp003208835	2	1	1	100.0	2.0
Synechococcus_E sp003210735	3	3	3	33.333333333333336	0.0
Synechococcus_E sp004212765	4	6	6	0.0	0.5
Synechococcus_E sp900474185	3	3	3	100.0	2.0
Synechocystis salina	4	6	6	83.33333333333333	3.0
Synechocystis sp000284455	14	91	91	24.175824175824175	0.0
Synechocystis sp018282115	0	0	0	0	
Syner-03 sp002306075	4	6	6	16.666666666666668	0.0
Syner-03 sp002316795	7	21	21	0.0	0.0
Syner-03 sp002428495	2	1	1	100.0	4.0
Syner-03 sp002839185	5	10	10	10.0	0.0
Synergistes jonesii	6	15	15	0.0	0.0
Synergistes sp016288355	2	1	1	0.0	0.0
Syntrophaceticus schinkii	3	3	3	66.66666666666667	2.0
Syntropharchaeum butanivorans	3	3	3	66.66666666666667	8.0
Syntrophomonas methylbutyratica	5	10	10	90.0	4.0
Syntrophopropionicum sp018435055	2	1	1	0.0	1.0
Syntrophorhabdus aromaticivorans	2	1	1	100.0	3.0
Syntrophorhabdus sp002067165	2	1	1	100.0	4.0
Syntrophorhabdus sp002067585	5	10	10	30.0	1.0
Syntrophosphaera sp002070045	3	3	3	0.0	0.0
Syntrophosphaera sp002376725	5	10	10	30.0	1.0
Syntrophosphaera sp012516855	2	1	1	0.0	0.0
Syntrophosphaera thermopropionivorans	5	10	10	10.0	0.0
Syntrophotalea acetylenica	2	1	1	0.0	0.0
Syntrophothermus lipocalidus	3	3	3	33.333333333333336	1.0
Syntrophus aciditrophicus	3	3	3	33.333333333333336	1.0
T1SED10-26 sp003554145	2	1	1	0.0	0.0
T1SED10-26 sp007122335	7	21	21	0.0	0.0
T1SED10-28 sp003554105	5	10	10	0.0	0.0
T1SED10-78 sp018400895	2	1	1	0.0	0.0
T1SED10-81 sp003551005	2	1	1	0.0	0.0
T1SED10-81 sp003568315	3	3	3	0.0	0.0
T1SED10-84 sp003553485	2	1	1	0.0	1.0
T1SED10-84 sp003554225	2	1	1	0.0	0.0
T1SED10-84 sp007134885	6	15	15	0.0	0.0
T1Sed10-49 sp003553795	4	6	6	0.0	0.0
T1Sed10-49 sp007133145	3	3	3	0.0	0.0
T1Sed10-7 sp003554005	5	10	10	20.0	1.0
T1Sed10-7 sp003561535	8	28	28	10.714285714285714	0.0
T1Sed10-7 sp007131525	2	1	1	0.0	0.0
T3SED10-260 sp003566815	4	6	6	16.666666666666668	0.0
T3SED10-47 sp003562845	2	1	1	0.0	0.0
T3SED10-47 sp003566155	2	1	1	0.0	0.0
T3SED10-7 sp003564505	2	1	1	0.0	0.0
T3SED10-7 sp007119965	3	3	3	0.0	0.0
T3SED10-7 sp007126465	2	1	1	0.0	0.0
T3SED10-7 sp007127255	6	15	15	6.666666666666667	0.0
T3Sed10-11 sp003567775	2	1	1	0.0	0.0
T3Sed10-11 sp003568415	5	10	10	0.0	0.0
T3Sed10-11 sp007128495	2	1	1	0.0	0.0
T3Sed10-11 sp007131635	4	6	6	0.0	0.0
T3Sed10-241 sp003565555	2	1	1	0.0	1.0
T3Sed10-66 sp003564555	4	6	6	0.0	0.0
T78 sp002347705	2	1	1	0.0	0.0
T78 sp002409365	3	3	3	0.0	0.0
T78 sp002409625	6	15	15	20.0	0.0
T78 sp002411175	9	36	36	63.888888888888886	2.5
T78 sp019136215	2	1	1	0.0	0.0
TA-13 sp005877225	3	3	3	33.333333333333336	0.0
TA-13 sp005877365	2	1	1	0.0	1.0
TA-20 sp005877305	2	1	1	0.0	0.0
TA-20 sp007280335	3	3	3	0.0	0.0
TA-20 sp013287585	2	1	1	0.0	1.0
TA-21 sp005877075	3	3	3	0.0	1.0
TCS55 sp001577025	7	21	21	0.0	0.0
TCS55 sp002471845	5	10	10	0.0	0.0
TCS55 sp002715035	4	6	6	0.0	0.0
TCS55 sp012964665	3	3	3	0.0	0.0
TCS55 sp014239505	6	15	15	0.0	0.0
TCS55 sp014382015	3	3	3	0.0	0.0
TCS55 sp018647265	15	105	105	0.0	0.0
TCS55 sp018674655	15	105	105	0.0	0.0
TCS60 sp018334695	2	1	1	0.0	0.0
TCS61 sp001577185	2	1	1	0.0	0.0
TCS61 sp018645365	3	3	3	33.333333333333336	1.0
TEKIR-8 sp014730165	2	1	1	0.0	0.0
TMED-70 sp002171675	3	3	3	0.0	0.0
TMED-70 sp002699165	4	6	6	0.0	0.0
TMED-70 sp002703265	8	28	28	7.142857142857143	0.0
TMED-70 sp002711965	2	1	1	0.0	1.0
TMED-70 sp008373205	2	1	1	0.0	0.0
TMED-70 sp009937255	2	1	1	0.0	0.0
TMED108 sp002172545	2	1	1	0.0	0.0
TMED108 sp002724475	4	6	6	0.0	0.0
TMED109 sp002171375	4	6	6	0.0	0.0
TMED109 sp002720535	3	3	3	0.0	0.0
TMED109 sp002937655	2	1	1	0.0	0.0
TMED112 sp002716745	3	3	3	0.0	0.0
TMED112 sp003213455	2	1	1	0.0	0.0
TMED112 sp003278815	2	1	1	0.0	0.0
TMED112 sp003280455	14	91	91	23.076923076923077	1.0
TMED112 sp016779525	2	1	1	0.0	0.0
TMED112 sp902529055	9	36	36	11.11111111111111	0.0
TMED112 sp902535365	7	21	21	0.0	0.0
TMED112 sp902563885	3	3	3	0.0	0.0
TMED112 sp902585315	6	15	15	20.0	0.0
TMED112 sp902610995	6	15	15	0.0	0.0
TMED112 sp902619265	6	15	15	6.666666666666667	0.0
TMED126 sp002701605	3	3	3	33.333333333333336	0.0
TMED13 sp002167825	2	1	1	0.0	0.0
TMED131 sp002689905	2	1	1	0.0	0.0
TMED14 sp001438205	8	28	28	0.0	0.0
TMED14 sp002167805	2	1	1	0.0	0.0
TMED14 sp002381225	11	55	55	3.6363636363636362	0.0
TMED14 sp002737315	2	1	1	0.0	0.0
TMED14 sp003444795	2	1	1	0.0	0.0
TMED14 sp003507115	3	3	3	0.0	1.0
TMED144 sp902615915	2	1	1	0.0	0.0
TMED15 sp002714785	5	10	10	70.0	2.0
TMED161 sp002731795	2	1	1	0.0	0.0
TMED167 sp002170915	2	1	1	0.0	0.0
TMED2 sp002168225	15	105	105	5.714285714285714	0.0
TMED211 sp002169685	2	1	1	0.0	0.0
TMED23 sp002168115	2	1	1	0.0	0.0
TMED23 sp012960465	2	1	1	0.0	0.0
TMED23 sp016777585	2	1	1	0.0	0.0
TMED23 sp018649725	3	3	3	33.333333333333336	1.0
TMED25 sp002168075	4	6	6	0.0	0.0
TMED25 sp002694595	3	3	3	0.0	0.0
TMED25 sp002699615	4	6	6	0.0	0.0
TMED25 sp002704755	2	1	1	0.0	0.0
TMED25 sp016780665	2	1	1	0.0	0.0
TMED25 sp902613795	3	3	3	0.0	0.0
TMED25 sp902633855	2	1	1	0.0	0.0
TMED26 sp003280605	4	6	6	66.66666666666667	2.0
TMED27 sp002167715	3	3	3	0.0	0.0
TMED48 sp002689135	2	1	1	0.0	0.0
TMED48 sp002692165	2	1	1	0.0	0.0
TMED48 sp002701765	2	1	1	0.0	0.0
TMED48 sp002720735	3	3	3	33.333333333333336	1.0
TMED48 sp902562425	2	1	1	100.0	9.0
TMED54 sp002691795	2	1	1	0.0	0.0
TMED54 sp003210115	2	1	1	0.0	0.0
TMED58 sp002167555	5	10	10	0.0	0.0
TMED58 sp018654605	2	1	1	0.0	0.0
TMED6 sp002167465	2	1	1	0.0	1.0
TMED62 sp002170595	2	1	1	0.0	0.0
TMED69 sp002170535	2	1	1	0.0	0.0
TMED8 sp002690705	3	3	3	0.0	0.0
TMED80 sp002170405	2	1	1	0.0	0.0
TMED80 sp018645565	6	15	15	0.0	0.0
TMED88 sp002171515	2	1	1	0.0	0.0
TMED96 sp002171475	2	1	1	0.0	0.0
TMED96 sp902582405	2	1	1	0.0	0.0
TMED96 sp902635965	3	3	3	0.0	0.0
TMP-24 sp018240425	2	1	1	0.0	0.0
TNE-4 sp019083985	2	1	1	0.0	0.0
TOLSYN sp903851035	5	10	10	40.0	1.0
TTA-H9 sp002071415	7	21	21	9.523809523809524	0.0
TTA-H9 sp002418865	5	10	10	0.0	0.5
Tabrizicola sp002280315	2	1	1	0.0	1.0
Tabrizicola sp004762095	2	1	1	100.0	6.0
Tabrizicola sp013824055	2	1	1	0.0	0.0
Tabrizicola thermarum	0	0	0	0	
Tagaea sp017308135	2	1	1	100.0	41.0
Tahibacter sp001725155	4	6	6	0.0	0.0
Taishania pollutisoli	0	0	0	0	
Tamilnaduibacter salinus	2	1	1	100.0	6.0
Tamlana_A agarivorans	3	3	3	0.0	0.0
Tannerella forsythia	12	66	66	98.48484848484848	10.5
Tannerella forsythia_A	2	1	1	100.0	2.0
Tannerella sp002890585	3	3	3	100.0	22.0
Tannerella sp003033925	5	10	10	100.0	15.0
Tardiphaga robiniae	4	6	6	100.0	15.5
Tardiphaga sp007018905	5	10	10	100.0	4.5
Tardiphaga sp900114605	0	0	0	0	
Tateyamaria sp003445215	9	36	36	8.333333333333334	0.0
Tatlockia brunensis	2	1	1	100.0	9.0
Tatlockia drozanskii	3	3	3	66.66666666666667	3.0
Tatlockia fairfieldensis	2	1	1	100.0	5.0
Tatlockia feeleii	5	10	10	70.0	3.5
Tatlockia hackeliae	3	3	3	66.66666666666667	8.0
Tatlockia jamestowniensis	4	6	6	83.33333333333333	4.0
Tatlockia jordanis	6	15	15	46.666666666666664	1.0
Tatlockia lansingensis	4	6	6	83.33333333333333	2.5
Tatlockia maceachernii	4	6	6	83.33333333333333	9.0
Tatlockia massiliensis	2	1	1	0.0	0.0
Tatlockia micdadei	7	21	21	57.142857142857146	2.0
Tatlockia nautarum	2	1	1	100.0	11.0
Tatumella citrea	2	1	1	0.0	0.0
Tatumella morbirosei	2	1	1	0.0	0.0
Tatumella ptyseos	4	6	6	83.33333333333333	2.0
Tatumella sp018257575	6	15	15	86.66666666666667	2.0
Tautonia rosea	3	3	3	66.66666666666667	3.0
Taylorella asinigenitalis	2	1	1	0.0	0.0
Taylorella equigenitalis	11	55	55	25.454545454545453	0.0
Tc-Br11 sp001564275	2	1	1	0.0	0.0
Tc-Br11 sp003552325	2	1	1	0.0	0.0
Tc-Br11-B2g6-7 sp001564055	2	1	1	100.0	5.0
Tc-Br11-B2g6-7 sp007124945	3	3	3	33.333333333333336	0.0
Tc-Br11-E2g1 sp001564255	2	1	1	0.0	0.0
Tc-Br11-E2g8 sp001564115	2	1	1	0.0	0.0
Telmatospirillum sp903858635	3	3	3	100.0	3.0
Tenacibaculum dicentrarchi	0	0	0	0	
Tenacibaculum discolor	3	3	3	66.66666666666667	3.0
Tenacibaculum finnmarkense	6	15	15	80.0	2.0
Tenacibaculum finnmarkense_A	6	15	15	0.0	0.0
Tenacibaculum lutimaris	2	1	1	100.0	2.0
Tenacibaculum maritimum	25	300	300	78.33333333333333	4.0
Tenacibaculum mesophilum	5	10	10	0.0	0.5
Tenacibaculum ovolyticum	2	1	1	0.0	0.0
Tenacibaculum piscium	5	10	10	80.0	2.0
Tenacibaculum singaporense	2	1	1	100.0	4.0
Tenacibaculum sp900105985	2	1	1	0.0	1.0
Tenderia electrophaga	2	1	1	100.0	2.0
Tener-01 sp001940985	2	1	1	0.0	0.0
Tenuibacillus multivorans	2	1	1	0.0	0.0
Tenuifilum sp002383425	3	3	3	66.66666666666667	4.0
Tenuifilum sp018056955	2	1	1	0.0	0.0
Tepidanaerobacter acetatoxydans	3	3	3	0.0	0.0
Tepidanaerobacter sp001896545	2	1	1	0.0	0.0
Tepidanaerobacter syntrophicus	5	10	10	80.0	3.0
Tepidibacillus_A decaturensis	2	1	1	0.0	1.0
Tepidicaulis marinus	0	0	0	0	
Tepidimonas fonticaldi	2	1	1	100.0	2.0
Tepidimonas ignava	2	1	1	0.0	0.0
Tepidimonas taiwanensis	3	3	3	0.0	1.0
Tepidiphilus baoligensis	3	3	3	100.0	19.0
Tepidiphilus succinatimandens	4	6	6	66.66666666666667	2.0
Teredinibacter haidensis	0	0	0	0	
Teredinibacter purpureus	2	1	1	0.0	0.0
Teredinibacter turnerae	5	10	10	30.0	3.0
Teredinibacter turnerae_B	4	6	6	33.333333333333336	2.0
Terrabacter lapilli	0	0	0	0	
Terrabacter sp001428505	2	1	1	100.0	2.0
Terrabacter sp001429185	2	1	1	100.0	8.0
Terrabacter sp013361975	4	6	6	66.66666666666667	2.5
Terrabacter tumescens	2	1	1	0.0	0.0
Terracidiphilus sp003133425	3	3	3	100.0	10.0
Terracidiphilus sp003138365	18	153	153	86.9281045751634	3.0
Terracidiphilus sp003138515	5	10	10	60.0	2.0
Terracidiphilus sp003139795	5	10	10	50.0	1.5
Terracidiphilus sp003140785	3	3	3	100.0	6.0
Terracidiphilus sp003142015	2	1	1	100.0	4.0
Terracidiphilus sp003142935	2	1	1	0.0	1.0
Terracidiphilus sp003151435	2	1	1	100.0	8.0
Terracidiphilus sp003151985	2	1	1	100.0	14.0
Terracidiphilus sp003159355	7	21	21	19.047619047619047	0.0
Terracidiphilus sp003161045	8	28	28	85.71428571428571	3.0
Terracidiphilus sp003165005	2	1	1	100.0	2.0
Terracidiphilus sp003166055	3	3	3	100.0	5.0
Terracidiphilus sp003170825	8	28	28	39.285714285714285	1.0
Terracidiphilus sp903828675	4	6	6	83.33333333333333	7.5
Terracidiphilus sp903849645	2	1	1	0.0	0.0
Terracoccus luteus	2	1	1	100.0	5.0
Terribacillus saccharophilus	3	3	3	0.0	0.0
Terribacillus saccharophilus_A	5	10	10	0.0	0.0
Terribacillus saccharophilus_B	5	10	10	10.0	0.0
Terricaulis sp002343395	2	1	1	100.0	9.0
Terricaulis sp016703335	2	1	1	100.0	13.0
Terricaulis sp900696695	2	1	1	0.0	0.0
Terrilactibacillus laevilacticus	2	1	1	100.0	5.0
Terrimesophilobacter mesophilus	3	3	3	0.0	0.0
Terrimesophilobacter sp012274275	2	1	1	0.0	0.0
Terrimicrobium sp001897195	2	1	1	0.0	0.0
Terrimonas ferruginea	4	6	6	50.0	1.5
Terrisporobacter glycolicus	3	3	3	66.66666666666667	2.0
Terrisporobacter glycolicus_A	0	0	0	0	
Terrisporobacter othiniensis	3	3	3	100.0	6.0
Terrisporobacter sp900557165	2	1	1	100.0	2.0
Tetragenococcus halophilus	29	406	406	71.42857142857143	3.0
Tetragenococcus koreensis	7	21	21	47.61904761904762	1.0
Tetragenococcus muriaticus	3	3	3	100.0	3.0
Thalassarchaeum betae	6	15	15	0.0	0.0
Thalassarchaeum sp002501885	9	36	36	0.0	0.0
Thalassarchaeum sp002503055	5	10	10	0.0	0.0
Thalassarchaeum sp002507125	3	3	3	0.0	0.0
Thalassarchaeum sp002698225	2	1	1	0.0	0.0
Thalassarchaeum sp002714745	7	21	21	0.0	0.0
Thalassarchaeum sp004195715	3	3	3	0.0	0.0
Thalassobacillus devorans	3	3	3	0.0	0.0
Thalassobacter stenotrophicus	5	10	10	100.0	5.0
Thalassobaculum litoreum	2	1	1	0.0	0.0
Thalassobius autumnalis	2	1	1	100.0	2.0
Thalassobius gelatinovorus	3	3	3	66.66666666666667	2.0
Thalassobius mediterraneus	2	1	1	0.0	0.0
Thalassobius sp002708925	2	1	1	0.0	0.0
Thalassococcus halodurans	2	1	1	100.0	5.0
Thalassolituus oleivorans	10	45	45	62.22222222222222	2.0
Thalassospira indica	0	0	0	0	
Thalassospira lucentensis	5	10	10	70.0	2.0
Thalassospira lucentensis_A	8	28	28	96.42857142857143	12.5
Thalassospira marina	2	1	1	100.0	5.0
Thalassospira povalilytica	7	21	21	23.80952380952381	0.0
Thalassospira sp001613795	10	45	45	51.111111111111114	2.0
Thalassospira tepidiphila	14	91	91	48.35164835164835	1.0
Thalassospira xiamenensis	23	253	253	68.3794466403162	3.0
Thalassotalea_A crassostreae	2	1	1	0.0	0.0
Thalassotalea_A sp004752005	2	1	1	100.0	2.0
Thauera aminoaromatica	8	28	28	28.571428571428573	0.0
Thauera chlorobenzoica	3	3	3	66.66666666666667	2.0
Thauera humireducens	2	1	1	100.0	2.0
Thauera linaloolentis	2	1	1	0.0	1.0
Thauera phenolivorans	2	1	1	100.0	3.0
Thauera propionica	2	1	1	100.0	6.0
Thauera sp000310145	4	6	6	83.33333333333333	3.5
Thauera sp003446655	2	1	1	0.0	0.0
Thauera_A hydrothermalis	3	3	3	100.0	8.0
Thauera_A sp014489115	2	1	1	0.0	0.0
Thermacetogenium phaeum	3	3	3	0.0	0.0
Thermaerobacter subterraneus	2	1	1	0.0	1.0
Thermasporomyces composti	2	1	1	0.0	1.0
Thermaurantiacus tibetensis	2	1	1	0.0	0.0
Thermincola ferriacetica	2	1	1	100.0	4.0
Thermoactinomyces vulgaris	17	136	136	25.735294117647058	0.0
Thermoactinomyces_A daqus	5	10	10	90.0	3.5
Thermoanaerobacter ethanolicus	8	28	28	32.142857142857146	6.0
Thermoanaerobacter pseudethanolicus	7	21	21	23.80952380952381	1.0
Thermoanaerobacter thermocopriae	5	10	10	70.0	3.5
Thermoanaerobacter uzonensis	2	1	1	100.0	8.0
Thermoanaerobacterium aotearoense	3	3	3	0.0	0.0
Thermoanaerobacterium sp002102475	2	1	1	0.0	1.0
Thermoanaerobacterium thermosaccharolyticum	9	36	36	94.44444444444444	4.5
Thermoanaerobaculum aquaticum	2	1	1	0.0	0.0
Thermobacillus xylanilyticus	4	6	6	83.33333333333333	5.0
Thermobifida fusca	8	28	28	17.857142857142858	0.0
Thermobifida halotolerans	0	0	0	0	
Thermobispora bispora	3	3	3	33.333333333333336	1.0
Thermobrachium celere	2	1	1	0.0	0.0
Thermocladium modestius	2	1	1	0.0	0.0
Thermoclostridium sp001513105	2	1	1	0.0	1.0
Thermoclostridium stercorarium	5	10	10	0.0	0.0
Thermoclostridium_A sp001512555	2	1	1	0.0	0.0
Thermococcus barossii	2	1	1	0.0	0.0
Thermococcus celer	2	1	1	0.0	0.0
Thermococcus celericrescens	2	1	1	100.0	7.0
Thermococcus cleftensis	2	1	1	100.0	8.0
Thermococcus kodakarensis	2	1	1	100.0	3.0
Thermococcus nautili	2	1	1	100.0	6.0
Thermococcus onnurineus	5	10	10	50.0	1.0
Thermococcus peptonophilus	2	1	1	0.0	0.0
Thermococcus radiotolerans	2	1	1	100.0	3.0
Thermococcus sp015520705	2	1	1	0.0	0.0
Thermococcus sp015523185	3	3	3	33.333333333333336	1.0
Thermococcus thioreducens	3	3	3	0.0	0.0
Thermococcus_A litoralis	2	1	1	100.0	2.0
Thermococcus_A sibiricus	5	10	10	10.0	0.0
Thermococcus_A sp000430485	4	6	6	83.33333333333333	7.0
Thermococcus_A sp001484685	2	1	1	100.0	9.0
Thermococcus_A sp003663525	2	1	1	0.0	0.0
Thermococcus_B barophilus	2	1	1	100.0	7.0
Thermococcus_B sp012027325	2	1	1	0.0	0.0
Thermocrispum agreste	2	1	1	0.0	0.0
Thermodesulfatator_A sp015494065	2	1	1	0.0	0.0
Thermodesulfobacterium commune	10	45	45	0.0	0.0
Thermodesulfobacterium geofontis	0	0	0	0	
Thermodesulfobacterium geofontis_C	0	0	0	0	
Thermodesulfobium acidiphilum	2	1	1	0.0	0.0
Thermodesulfovibrio aggregans	2	1	1	100.0	2.0
Thermodesulfovibrio thiophilus	2	1	1	0.0	0.0
Thermodesulfovibrio yellowstonii	3	3	3	66.66666666666667	2.0
Thermofilum_B adornatum	3	3	3	0.0	0.0
Thermofilum_C pendens_A	0	0	0	0	
Thermofilum_C sp011364825	0	0	0	0	
Thermoflexus hugenholtzii	5	10	10	90.0	2.0
Thermoflexus sinensis	4	6	6	100.0	6.0
Thermoflexus sp011048055	0	0	0	0	
Thermogemmata fonticola	0	0	0	0	
Thermogemmatispora aurantia	2	1	1	100.0	3.0
Thermogladius calderae_A	2	1	1	100.0	2.0
Thermogutta terrifontis	0	0	0	0	
Thermogymnomonas acidicola	2	1	1	0.0	0.0
Thermoleophilum sp002898855	0	0	0	0	
Thermomicrobium roseum	6	15	15	13.333333333333334	1.0
Thermomicrobium sp002898255	0	0	0	0	
Thermomonas carbonis	2	1	1	0.0	0.0
Thermomonas fusca	2	1	1	100.0	2.0
Thermomonas haemolytica	3	3	3	66.66666666666667	2.0
Thermomonas sp016720345	11	55	55	29.09090909090909	0.0
Thermomonas sp018242365	2	1	1	0.0	0.0
Thermomonospora amylolytica	2	1	1	100.0	21.0
Thermomonospora curvata	2	1	1	0.0	0.0
Thermophagus xiamenensis	2	1	1	0.0	0.0
Thermophilibacter avicola	2	1	1	100.0	8.0
Thermophilibacter avistercoris	5	10	10	60.0	2.0
Thermophilibacter excrementavium	2	1	1	0.0	0.0
Thermophilibacter provencensis	3	3	3	100.0	3.0
Thermophilibacter sp002407785	2	1	1	0.0	0.0
Thermophilibacter timonensis	4	6	6	0.0	0.0
Thermopolyspora flexuosa	2	1	1	0.0	0.0
Thermoproteus sp002077075	4	6	6	83.33333333333333	3.0
Thermosipho affectus	6	15	15	86.66666666666667	2.0
Thermosipho africanus	3	3	3	100.0	2.0
Thermosipho japonicus	2	1	1	0.0	0.0
Thermosipho melanesiensis	7	21	21	0.0	0.0
Thermosulfurimonas_A sp015494725	3	3	3	0.0	0.0
Thermosulfuriphilus ammonigenes	4	6	6	0.0	0.0
Thermosynechococcus elongatus_A	0	0	0	0	
Thermosynechococcus sp000505665	4	6	6	0.0	0.0
Thermosynechococcus sp008386235	2	1	1	100.0	16.0
Thermosynechococcus sp015295825	2	1	1	0.0	0.0
Thermosynergistes sp001508935	5	10	10	40.0	0.5
Thermotoga maritima	11	55	55	50.90909090909091	2.0
Thermotoga neapolitana	4	6	6	0.0	0.0
Thermotoga petrophila	10	45	45	6.666666666666667	0.0
Thermotoga sp000784835	2	1	1	0.0	0.0
Thermovirga lienii	2	1	1	0.0	0.0
Thermus antranikianii	2	1	1	100.0	10.0
Thermus aquaticus	2	1	1	100.0	7.0
Thermus oshimai	2	1	1	100.0	2.0
Thermus parvatiensis	2	1	1	100.0	6.0
Thermus scotoductus	44	946	946	98.5200845665962	7.0
Thermus tengchongensis	3	3	3	33.333333333333336	3.0
Thermus thermophilus	18	153	153	86.9281045751634	4.0
Thioalkalivibrio halophilus	11	55	55	1.8181818181818181	0.0
Thioalkalivibrio sp000025545	2	1	1	0.0	
Thioalkalivibrio sp000376845	2	1	1	0.0	0.0
Thioalkalivibrio sp000376865	2	1	1	0.0	1.0
Thioalkalivibrio sp000377205	3	3	3	0.0	
Thioalkalivibrio sp000377405	11	55	55	1.8181818181818181	5.0
Thioalkalivibrio sp000378305	12	66	66	9.090909090909092	3.0
Thioalkalivibrio sp000378605	3	3	3	0.0	
Thioalkalivibrio sp007120575	2	1	1	0.0	0.0
Thioalkalivibrio thiocyanoxidans	2	1	1	0.0	
Thioalkalivibrio versutus	13	78	78	7.6923076923076925	2.5
Thioalkalivibrio_B sp003563455	2	1	1	0.0	0.0
Thioalkalivibrio_B sp007116035	2	1	1	0.0	0.0
Thioalkalivibrio_B sp007136145	4	6	6	16.666666666666668	0.5
Thiobacillus denitrificans_A	5	10	10	40.0	0.0
Thiobacillus denitrificans_E	2	1	1	0.0	0.0
Thiobacillus sp001802655	2	1	1	100.0	2.0
Thiobacillus sp001897675	3	3	3	100.0	3.0
Thiobacillus sp001897705	4	6	6	50.0	2.0
Thiobacillus sp001899305	5	10	10	30.0	0.0
Thiobacillus sp001899765	5	10	10	10.0	0.5
Thiobacillus sp002256995	3	3	3	66.66666666666667	4.0
Thiobacillus sp002257045	3	3	3	66.66666666666667	2.0
Thiobacillus sp002279795	2	1	1	100.0	3.0
Thiobacillus sp002281775	3	3	3	0.0	0.0
Thiobacillus sp003510325	2	1	1	100.0	5.0
Thiobacillus sp018820765	3	3	3	0.0	0.0
Thiocapsa sp009929855	2	1	1	0.0	0.0
Thiocapsa sp018399035	3	3	3	66.66666666666667	50.0
Thioclava dalianensis	2	1	1	0.0	0.0
Thioclava marina	6	15	15	93.33333333333333	6.0
Thioclava nitratireducens	7	21	21	90.47619047619048	5.0
Thioclava sediminum	8	28	28	96.42857142857143	6.0
Thioclava sp002563775	0	0	0	0	
Thiococcus pfennigii	2	1	1	100.0	27.0
Thiodiazotropha endoloripes	9	36	36	47.22222222222222	1.0
Thiodiazotropha endoloripes_B	11	55	55	54.54545454545455	2.0
Thiodiazotropha endolucinida	26	325	325	42.76923076923077	1.0
Thiodiazotropha endolucinida_A	30	435	435	58.39080459770115	2.0
Thiodiazotropha sp003058495	6	15	15	6.666666666666667	0.0
Thiodiazotropha sp003058525	2	1	1	100.0	6.0
Thiodiazotropha sp003094535	13	78	78	16.666666666666668	0.0
Thiodiazotropha sp003094555	3	3	3	66.66666666666667	2.0
Thiodictyon sp903946935	5	10	10	90.0	4.0
Thiodubiliella sp001298715	38	703	703	75.39118065433856	3.0
Thiodubiliella sp001547755	2	1	1	0.0	0.0
Thiodubiliella sp001875585	5	10	10	100.0	10.5
Thiodubiliella sp008364125	2	1	1	100.0	8.0
Thiodubiliella sp900128405	36	630	630	69.04761904761905	3.5
Thiodubiliella sp900128535	15	105	105	98.0952380952381	11.0
Thiodubiliella sp900180345	4	6	6	33.333333333333336	1.0
Thioglobus pontius	3	3	3	0.0	0.0
Thioglobus sp012963715	5	10	10	0.0	0.0
Thioglobus sp018644675	16	120	120	0.0	0.0
Thioglobus sp900128515	8	28	28	50.0	1.5
Thiogranum sp015494295	2	1	1	0.0	0.0
Thiohalobacter thiocyanaticus_A	2	1	1	0.0	0.0
Thiohalocapsa halophila	2	1	1	100.0	10.0
Thiohalocapsa sp003525925	3	3	3	100.0	12.0
Thiohalorhabdus denitrificans	2	1	1	100.0	2.0
Thiolapillus sp003972985	2	1	1	100.0	2.0
Thiomicrorhabdus sp002299245	2	1	1	0.0	0.0
Thiomicrorhabdus sp014763835	2	1	1	0.0	0.0
Thiomonas arsenitoxydans	17	136	136	55.88235294117647	6.0
Thiomonas bhubaneswarensis	2	1	1	0.0	0.0
Thiomonas delicata	3	3	3	100.0	5.0
Thiomonas sp000377645	3	3	3	66.66666666666667	4.0
Thiopontia autotrophica	2	1	1	0.0	0.0
Thiopontia sp013349825	21	210	210	17.142857142857142	0.0
Thiopontia sp018648825	15	105	105	13.333333333333334	0.0
Thiopontia sp018658305	16	120	120	32.5	0.0
Thiopseudomonas denitrificans	2	1	1	0.0	0.0
Thiopseudomonas sp001513435	2	1	1	0.0	0.0
Thiorhodovibrio_B sp007128075	3	3	3	0.0	0.0
Thiosymbion oneisti	3	3	3	100.0	19.0
Thiothrix moscowensis	4	6	6	16.666666666666668	1.0
Thiothrix sp018822845	3	3	3	0.0	0.0
Tibeticola sp013693755	2	1	1	100.0	11.0
Tidjanibacter inops_A	16	120	120	33.333333333333336	1.0
Tidjanibacter sp015059945	2	1	1	0.0	1.0
Tidjanibacter sp017379955	2	1	1	100.0	3.0
Tidjanibacter sp017390585	2	1	1	0.0	0.0
Tidjanibacter sp017396085	3	3	3	66.66666666666667	3.0
Tidjanibacter sp017503465	2	1	1	100.0	3.0
Tidjanibacter sp017935385	2	1	1	0.0	0.0
Tidjanibacter sp017936005	2	1	1	0.0	1.0
Timburyella stercoris	2	1	1	0.0	0.0
Timonella senegalensis	4	6	6	100.0	6.0
Tindallia sp007134225	5	10	10	0.0	0.0
Tissierella carlieri	3	3	3	100.0	4.0
Tissierella praeacuta	5	10	10	60.0	2.0
Tistlia consotensis	2	1	1	0.0	1.0
Tistrella mobilis	5	10	10	90.0	13.5
Tolypothrix_B sp002368235	2	1	1	100.0	2.0
Tomitella biformata	2	1	1	0.0	0.0
Tomitella sp007559025	2	1	1	0.0	0.0
Tomitella sp014126825	2	1	1	100.0	5.0
Tous-C4FEB sp002304445	4	6	6	66.66666666666667	2.5
Tous-C4FEB sp903938935	6	15	15	6.666666666666667	1.0
Trabulsiella odontotermitis	5	10	10	30.0	1.0
Trabulsiella odontotermitis_A	2	1	1	100.0	18.0
Tractidigestivibacter sp000752675	4	6	6	66.66666666666667	3.0
Tractidigestivibacter sp900119625	2	1	1	100.0	2.0
Tractidigestivibacter sp900548775	10	45	45	71.11111111111111	2.0
Tractidigestivibacter sp900768455	2	1	1	0.0	0.0
Tractidigestivibacter sp902773995	4	6	6	0.0	1.0
Tractidigestivibacter sp902834555	2	1	1	0.0	0.0
Treponema medium	3	3	3	0.0	0.0
Treponema pallidum	86	3655	3655	2.3255813953488373	0.0
Treponema phagedenis	14	91	91	81.31868131868131	57.5
Treponema vincentii	2	1	1	0.0	1.0
Treponema_B denticola	17	136	136	5.147058823529412	1.0
Treponema_B denticola_A	2	1	1	0.0	
Treponema_B pedis	6	15	15	100.0	6.0
Treponema_B putidum	2	1	1	100.0	4.0
Treponema_C lecithinolyticum	2	1	1	0.0	0.0
Treponema_D berlinense	4	6	6	16.666666666666668	0.0
Treponema_D bryantii_D	3	3	3	66.66666666666667	2.0
Treponema_D paredis	2	1	1	100.0	7.0
Treponema_D parvum_A	2	1	1	100.0	2.0
Treponema_D pectinovorum	5	10	10	10.0	0.5
Treponema_D porcinum	5	10	10	30.0	1.0
Treponema_D rectale	3	3	3	0.0	0.0
Treponema_D ruminis	2	1	1	100.0	2.0
Treponema_D saccharophilum	3	3	3	33.333333333333336	1.0
Treponema_D socranskii	2	1	1	0.0	1.0
Treponema_D sp002296965	3	3	3	33.333333333333336	0.0
Treponema_D sp002309195	5	10	10	20.0	1.0
Treponema_D sp002309305	3	3	3	100.0	5.0
Treponema_D sp002350445	2	1	1	0.0	0.0
Treponema_D sp002368605	3	3	3	0.0	0.0
Treponema_D sp002369025	4	6	6	0.0	0.0
Treponema_D sp002373205	16	120	120	71.66666666666667	3.0
Treponema_D sp002392275	3	3	3	33.333333333333336	0.0
Treponema_D sp002392405	2	1	1	0.0	0.0
Treponema_D sp002393835	2	1	1	100.0	3.0
Treponema_D sp002393865	2	1	1	100.0	2.0
Treponema_D sp002394685	4	6	6	83.33333333333333	4.0
Treponema_D sp002395155	3	3	3	33.333333333333336	0.0
Treponema_D sp002396325	7	21	21	38.095238095238095	1.0
Treponema_D sp002399405	2	1	1	100.0	7.0
Treponema_D sp002437725	13	78	78	80.76923076923077	4.0
Treponema_D sp002448445	3	3	3	100.0	4.0
Treponema_D sp002449305	10	45	45	88.88888888888889	4.0
Treponema_D sp002477955	7	21	21	71.42857142857143	2.0
Treponema_D sp002478955	2	1	1	100.0	2.0
Treponema_D sp003447785	4	6	6	16.666666666666668	0.0
Treponema_D sp003455655	4	6	6	0.0	0.0
Treponema_D sp014334325	2	1	1	100.0	81.0
Treponema_D sp014803985	8	28	28	82.14285714285714	3.0
Treponema_D sp014804005	4	6	6	100.0	9.0
Treponema_D sp014804085	3	3	3	100.0	5.0
Treponema_D sp016281495	2	1	1	0.0	0.0
Treponema_D sp016288205	3	3	3	100.0	3.0
Treponema_D sp016292805	2	1	1	0.0	0.0
Treponema_D sp016293005	2	1	1	0.0	0.0
Treponema_D sp016293495	3	3	3	0.0	1.0
Treponema_D sp016293915	4	6	6	66.66666666666667	4.5
Treponema_D sp016294035	3	3	3	0.0	0.0
Treponema_D sp017381365	2	1	1	100.0	3.0
Treponema_D sp017421145	2	1	1	0.0	0.0
Treponema_D sp017449265	2	1	1	0.0	0.0
Treponema_D sp017469785	2	1	1	100.0	6.0
Treponema_D sp017521105	2	1	1	100.0	4.0
Treponema_D sp017525605	2	1	1	100.0	6.0
Treponema_D sp017534445	2	1	1	0.0	1.0
Treponema_D sp017553635	2	1	1	0.0	0.0
Treponema_D sp017934745	2	1	1	100.0	9.0
Treponema_D sp017961705	2	1	1	100.0	2.0
Treponema_D sp018384055	3	3	3	33.333333333333336	0.0
Treponema_D sp900316905	16	120	120	51.666666666666664	2.0
Treponema_D sp900317625	4	6	6	66.66666666666667	3.5
Treponema_D sp900319625	5	10	10	40.0	0.0
Treponema_D sp900541945	3	3	3	100.0	3.0
Treponema_D sp900541995	3	3	3	33.333333333333336	1.0
Treponema_D sp900767955	5	10	10	20.0	0.0
Treponema_D sp900769985	2	1	1	0.0	1.0
Treponema_D sp900770075	2	1	1	100.0	4.0
Treponema_D sp902766125	2	1	1	0.0	0.0
Treponema_D sp902772605	2	1	1	0.0	0.0
Treponema_D sp902783155	4	6	6	0.0	0.0
Treponema_D sp902792795	2	1	1	100.0	3.0
Treponema_D sp902799665	3	3	3	0.0	1.0
Treponema_D sp902803415	2	1	1	0.0	0.0
Treponema_D succinifaciens	3	3	3	100.0	12.0
Treponema_F brennaborense	2	1	1	0.0	0.0
Treponema_F sp016294105	2	1	1	0.0	0.0
Treponema_F sp017622135	7	21	21	71.42857142857143	3.0
Treponema_F sp017623685	2	1	1	0.0	0.0
Treponema_F sp017629095	3	3	3	0.0	0.0
Treponema_F sp017936345	2	1	1	0.0	1.0
Trichlorobacter sp002419465	3	3	3	0.0	0.0
Trichlorobacter sp002422265	2	1	1	100.0	2.0
Trichloromonas acetexigens	2	1	1	0.0	0.0
Trichococcus collinsii	2	1	1	100.0	4.0
Trichococcus flocculiformis	15	105	105	31.428571428571427	1.0
Trichococcus ilyis	2	1	1	0.0	0.0
Trichococcus palustris	2	1	1	0.0	0.0
Trichococcus pasteurii	3	3	3	0.0	1.0
Trichococcus shcherbakoviae	3	3	3	100.0	6.0
Trichodesmium erythraeum	2	1	1	0.0	1.0
Trichormus sp000009705	8	28	28	64.28571428571429	2.0
Trichormus sp001548375	0	0	0	0	
Trichormus sp001597745	2	1	1	100.0	2.0
Trichormus sp011332035	2	1	1	0.0	0.0
Trichormus variabilis	9	36	36	80.55555555555556	4.0
Trinickia caryophylli	5	10	10	30.0	0.5
Trinickia soli	3	3	3	66.66666666666667	12.0
Trinickia sp004322045	2	1	1	100.0	4.0
Trinickia symbiotica	4	6	6	33.333333333333336	7.0
Tropheryma whipplei	19	171	171	1.7543859649122806	0.0
Tropicibacter naphthalenivorans	2	1	1	0.0	0.0
Tropicimonas sabulilitoris	0	0	0	0	
Trueperella bernardiae	5	10	10	30.0	1.5
Trueperella pecoris	4	6	6	50.0	1.5
Trueperella pyogenes	20	190	190	50.0	1.5
Tsukamurella conjunctivitidis	2	1	1	0.0	1.0
Tsukamurella paurometabola	2	1	1	0.0	0.0
Tsukamurella pseudospumae	2	1	1	100.0	7.0
Tsukamurella pulmonis	5	10	10	0.0	0.0
Tsukamurella tyrosinosolvens	7	21	21	42.857142857142854	1.0
Tsuneonella flava	2	1	1	100.0	2.0
Tsuneonella troitsensis	2	1	1	0.0	0.0
Tullyiplasma syrphidae	2	1	1	0.0	0.0
Turicibacter sanguinis	17	136	136	25.0	1.0
Turicibacter sp001543345	6	15	15	53.333333333333336	2.0
Turicibacter sp002311155	3	3	3	0.0	1.0
Turicimonas muris	8	28	28	89.28571428571429	4.0
Turicimonas sp900542195	3	3	3	100.0	4.0
U87765 sp018131225	5	10	10	90.0	6.0
UA16 sp002323795	2	1	1	0.0	0.0
UA16 sp002390405	2	1	1	0.0	0.0
UA16 sp002390615	4	6	6	0.0	0.0
UA16 sp002420235	4	6	6	0.0	0.0
UA16 sp002448555	2	1	1	0.0	0.0
UA16 sp002477505	7	21	21	0.0	0.0
UA16 sp002690915	2	1	1	0.0	0.0
UA16 sp002863125	5	10	10	0.0	0.0
UA16 sp905479395	2	1	1	0.0	0.0
UASB340 sp018897535	2	1	1	0.0	0.0
UBA10001 sp003512705	2	1	1	0.0	0.0
UBA10002 sp001003605	2	1	1	100.0	3.0
UBA10002 sp001821155	6	15	15	20.0	0.0
UBA10003 sp003514455	3	3	3	0.0	0.0
UBA10009 sp001001205	9	36	36	2.7777777777777777	0.0
UBA10014 sp000996355	2	1	1	100.0	2.0
UBA10015 sp003522725	3	3	3	33.333333333333336	1.0
UBA10015 sp016214285	2	1	1	100.0	3.0
UBA10025 sp001003705	4	6	6	16.666666666666668	0.0
UBA10027 sp001003725	2	1	1	0.0	0.0
UBA10027 sp015999875	2	1	1	0.0	0.0
UBA1006 sp002698305	2	1	1	0.0	0.0
UBA10066 sp003448535	2	1	1	0.0	0.0
UBA10066 sp018663635	4	6	6	0.0	0.0
UBA10085 sp003456765	3	3	3	33.333333333333336	0.0
UBA10092 sp003455995	12	66	66	10.606060606060606	0.0
UBA10102 sp001825035	12	66	66	0.0	0.0
UBA10103 sp001781105	2	1	1	0.0	0.0
UBA10103 sp001781175	2	1	1	0.0	0.0
UBA10103 sp001781335	4	6	6	0.0	0.0
UBA10103 sp001781445	2	1	1	0.0	0.0
UBA10103 sp001783335	3	3	3	0.0	0.0
UBA10103 sp003545515	2	1	1	0.0	0.0
UBA10103 sp903824595	2	1	1	0.0	0.0
UBA10103 sp903881205	3	3	3	0.0	0.0
UBA10105 sp000995415	7	21	21	0.0	0.0
UBA10107 sp10107u	2	1	1	0.0	0.0
UBA10108 sp003545435	2	1	1	0.0	0.0
UBA10110 sp003524745	2	1	1	0.0	0.0
UBA10119 sp001002135	2	1	1	0.0	0.0
UBA10119 sp001787405	4	6	6	0.0	0.0
UBA10122 sp001001185	4	6	6	0.0	0.0
UBA10122 sp001817215	3	3	3	0.0	0.0
UBA10133 sp001001485	6	15	15	0.0	0.0
UBA10133 sp001774685	7	21	21	0.0	0.0
UBA10133 sp002789895	5	10	10	0.0	0.0
UBA10133 sp003531665	7	21	21	4.761904761904762	0.0
UBA10138 sp000995845	12	66	66	10.606060606060606	0.0
UBA1014 sp001469005	8	28	28	32.142857142857146	0.0
UBA1014 sp002683785	8	28	28	28.571428571428573	1.0
UBA10146 sp001001925	2	1	1	0.0	0.0
UBA10151 sp001776635	2	1	1	0.0	0.0
UBA10151 sp001776935	8	28	28	3.5714285714285716	0.0
UBA10151 sp001777455	2	1	1	0.0	0.0
UBA10161 sp10161u	2	1	1	0.0	1.0
UBA10165 sp001816475	5	10	10	0.0	0.0
UBA10166 sp001799695	2	1	1	0.0	0.0
UBA10170 sp001798165	4	6	6	50.0	1.0
UBA10174 sp003528115	3	3	3	33.333333333333336	0.0
UBA10181 sp001784285	4	6	6	0.0	0.0
UBA10183 sp003485765	2	1	1	0.0	0.0
UBA10185 sp000994815	3	3	3	0.0	0.0
UBA10190 sp001817065	6	15	15	40.0	1.0
UBA10191 sp10036u	3	3	3	0.0	0.0
UBA10199 sp001797365	2	1	1	100.0	5.0
UBA1020 sp000503915	2	1	1	0.0	0.0
UBA1020 sp002316545	2	1	1	0.0	0.0
UBA1020 sp002335175	5	10	10	10.0	0.0
UBA1020 sp002348605	4	6	6	0.0	0.0
UBA1020 sp002348615	7	21	21	0.0	0.0
UBA10212 sp001790575	2	1	1	100.0	2.0
UBA10219 sp10219u	2	1	1	100.0	2.0
UBA10281 sp000437515	3	3	3	100.0	3.0
UBA10281 sp900548285	3	3	3	66.66666666666667	2.0
UBA10281 sp900554485	3	3	3	33.333333333333336	1.0
UBA10281 sp900556195	2	1	1	100.0	3.0
UBA10281 sp900764105	2	1	1	100.0	15.0
UBA10281 sp900767815	3	3	3	100.0	5.0
UBA10281 sp902766475	3	3	3	33.333333333333336	1.0
UBA10347 sp003485885	2	1	1	100.0	4.0
UBA10348 sp002469915	11	55	55	3.6363636363636362	0.0
UBA10364 sp002378005	3	3	3	0.0	0.0
UBA10364 sp002387615	10	45	45	0.0	0.0
UBA10364 sp003023665	2	1	1	0.0	0.0
UBA10364 sp003045825	20	190	190	0.0	0.0
UBA10364 sp003385605	2	1	1	100.0	3.0
UBA10364 sp003445735	3	3	3	0.0	0.0
UBA10364 sp003487785	3	3	3	0.0	0.0
UBA10364 sp018402665	2	1	1	0.0	0.0
UBA10365 sp003536295	6	15	15	0.0	0.0
UBA10424 sp003500165	3	3	3	100.0	6.0
UBA10425 sp003499545	2	1	1	0.0	1.0
UBA10428 sp016938235	2	1	1	0.0	0.0
UBA10438 sp002426145	12	66	66	89.39393939393939	5.5
UBA10449 sp001917815	5	10	10	10.0	0.0
UBA10449 sp001917895	2	1	1	0.0	1.0
UBA10449 sp003446775	2	1	1	0.0	1.0
UBA10449 sp005880315	2	1	1	0.0	1.0
UBA10449 sp005880855	2	1	1	100.0	3.0
UBA10450 sp003219195	4	6	6	83.33333333333333	2.0
UBA10450 sp003445855	2	1	1	0.0	1.0
UBA10452 sp002501855	6	15	15	33.333333333333336	0.0
UBA1049 sp003452915	2	1	1	100.0	4.0
UBA10566 sp002399025	2	1	1	100.0	2.0
UBA10566 sp002399565	2	1	1	0.0	1.0
UBA10566 sp002407855	7	21	21	52.38095238095238	2.0
UBA1062 sp001896555	9	36	36	16.666666666666668	0.0
UBA1062 sp002316295	4	6	6	50.0	1.5
UBA1062 sp018436855	2	1	1	0.0	0.0
UBA1063 sp002316275	2	1	1	0.0	0.0
UBA1063 sp011363785	0	0	0	0	
UBA1064 sp002316235	4	6	6	0.0	0.0
UBA10646 sp004292605	3	3	3	0.0	0.0
UBA10649 sp903908025	3	3	3	0.0	1.0
UBA10649 sp903934925	4	6	6	0.0	1.0
UBA10649 sp903940375	2	1	1	100.0	2.0
UBA10656 sp002085445	2	1	1	0.0	0.0
UBA10656 sp003645185	2	1	1	100.0	2.0
UBA1066 sp002308255	2	1	1	0.0	0.0
UBA1066 sp002350625	2	1	1	0.0	0.0
UBA1066 sp002369495	2	1	1	0.0	0.0
UBA1066 sp900313955	2	1	1	0.0	0.0
UBA1066 sp900314565	19	171	171	29.239766081871345	1.0
UBA1066 sp900315305	11	55	55	0.0	0.0
UBA1066 sp900317045	8	28	28	3.5714285714285716	0.0
UBA1066 sp900317515	9	36	36	16.666666666666668	0.0
UBA1066 sp900319795	4	6	6	0.0	0.0
UBA1066 sp900320575	2	1	1	0.0	0.0
UBA1066 sp900320615	4	6	6	0.0	0.0
UBA1066 sp902766955	2	1	1	0.0	0.0
UBA1066 sp902776305	9	36	36	16.666666666666668	0.0
UBA1066 sp902779245	2	1	1	100.0	3.0
UBA1066 sp902788035	4	6	6	33.333333333333336	1.0
UBA1066 sp902803245	2	1	1	0.0	0.0
UBA1067 sp002298665	20	190	190	58.94736842105263	2.0
UBA1067 sp002350535	7	21	21	95.23809523809524	7.0
UBA1067 sp002351765	5	10	10	90.0	15.0
UBA1067 sp002371755	2	1	1	100.0	4.0
UBA1067 sp002395905	2	1	1	100.0	2.0
UBA1067 sp002440145	6	15	15	73.33333333333333	2.0
UBA1067 sp017395505	2	1	1	0.0	0.0
UBA1067 sp017520845	2	1	1	100.0	5.0
UBA1067 sp900320855	2	1	1	0.0	0.0
UBA1067 sp900321255	2	1	1	0.0	0.0
UBA1067 sp900321575	3	3	3	0.0	0.0
UBA1067 sp902770045	2	1	1	100.0	14.0
UBA1067 sp902776615	2	1	1	100.0	8.0
UBA1067 sp902799955	2	1	1	100.0	15.0
UBA1067 sp902800055	3	3	3	66.66666666666667	38.0
UBA1067 sp904502135	2	1	1	0.0	0.0
UBA10677 sp003533505	4	6	6	83.33333333333333	3.0
UBA10677 sp017623435	2	1	1	0.0	0.0
UBA10677 sp900543755	3	3	3	33.333333333333336	1.0
UBA10677 sp900553005	3	3	3	0.0	0.0
UBA10677 sp900762945	2	1	1	0.0	1.0
UBA10677 sp900767465	2	1	1	100.0	12.0
UBA10806 sp003520965	2	1	1	0.0	0.0
UBA1081 sp002431305	2	1	1	0.0	1.0
UBA1081 sp900314355	2	1	1	0.0	0.0
UBA1081 sp900321595	2	1	1	0.0	0.0
UBA1081 sp900543395	2	1	1	0.0	1.0
UBA10906 sp903834465	2	1	1	0.0	0.0
UBA10906 sp903847275	4	6	6	0.0	0.0
UBA10906 sp903848905	4	6	6	0.0	0.5
UBA10906 sp903848935	8	28	28	14.285714285714286	0.0
UBA10906 sp903867225	4	6	6	16.666666666666668	0.0
UBA10906 sp903870545	8	28	28	0.0	0.0
UBA10906 sp903876445	2	1	1	0.0	0.0
UBA10906 sp903889445	2	1	1	0.0	0.0
UBA10906 sp903953455	7	21	21	19.047619047619047	1.0
UBA1096 sp002170545	5	10	10	40.0	0.0
UBA1096 sp002453165	7	21	21	66.66666666666667	3.0
UBA1096 sp002684915	2	1	1	0.0	0.0
UBA1096 sp002708005	3	3	3	0.0	0.0
UBA1096 sp002721375	2	1	1	0.0	0.0
UBA1096 sp018674955	14	91	91	31.86813186813187	1.0
UBA1100 sp002719595	4	6	6	16.666666666666668	0.5
UBA11056 sp003543035	2	1	1	100.0	14.0
UBA11063 sp003538525	2	1	1	0.0	0.0
UBA11063 sp903891375	2	1	1	0.0	0.0
UBA11096 sp003534055	3	3	3	33.333333333333336	1.0
UBA11096 sp011054805	0	0	0	0	
UBA11164 sp002420085	2	1	1	100.0	2.0
UBA1123 sp002313895	6	15	15	0.0	0.0
UBA11236 sp003455335	2	1	1	0.0	1.0
UBA1127 sp002311595	2	1	1	0.0	1.0
UBA11320 sp016199985	2	1	1	0.0	1.0
UBA11358 sp003139955	2	1	1	100.0	4.0
UBA11358 sp903820285	3	3	3	66.66666666666667	2.0
UBA11358 sp903827955	5	10	10	20.0	0.0
UBA11358 sp903833055	3	3	3	0.0	0.0
UBA11358 sp903835255	7	21	21	90.47619047619048	4.0
UBA11358 sp903858275	3	3	3	100.0	3.0
UBA11358 sp903865745	4	6	6	0.0	0.5
UBA11358 sp903870815	2	1	1	0.0	1.0
UBA11358 sp903872345	3	3	3	0.0	0.0
UBA11358 sp903875465	2	1	1	100.0	4.0
UBA11358 sp903878805	2	1	1	0.0	0.0
UBA11358 sp903884535	5	10	10	20.0	0.0
UBA11358 sp903888765	3	3	3	100.0	5.0
UBA11358 sp903895255	2	1	1	100.0	2.0
UBA11358 sp903911825	2	1	1	0.0	0.0
UBA11358 sp903918885	5	10	10	20.0	0.0
UBA11358 sp903936645	2	1	1	100.0	2.0
UBA11358 sp903944085	3	3	3	100.0	4.0
UBA11361 sp001919995	3	3	3	33.333333333333336	0.0
UBA11361 sp005881295	6	15	15	60.0	2.0
UBA1138 sp002311875	2	1	1	100.0	4.0
UBA1138 sp002313925	5	10	10	0.0	0.0
UBA1138 sp002501085	2	1	1	0.0	0.0
UBA1138 sp002724575	4	6	6	0.0	0.0
UBA1138 sp003447875	3	3	3	66.66666666666667	5.0
UBA1138 sp009937285	16	120	120	5.833333333333333	0.0
UBA1138 sp012960225	2	1	1	0.0	0.0
UBA11398 sp009699465	3	3	3	0.0	0.0
UBA11398 sp009699705	2	1	1	0.0	0.0
UBA1140 sp002311915	2	1	1	0.0	0.0
UBA1140 sp006212005	2	1	1	100.0	4.0
UBA1140 sp018822805	2	1	1	0.0	0.0
UBA11426 sp002346225	2	1	1	0.0	0.0
UBA11426 sp003448375	2	1	1	0.0	0.0
UBA11452 sp002069785	2	1	1	100.0	4.0
UBA11452 sp003526375	5	10	10	80.0	8.5
UBA1146 sp002311345	2	1	1	100.0	3.0
UBA1147 sp002311315	2	1	1	0.0	1.0
UBA11471 sp000434215	6	15	15	73.33333333333333	4.0
UBA11471 sp900542765	2	1	1	0.0	1.0
UBA11471 sp900547555	2	1	1	100.0	4.0
UBA11475 sp003538975	3	3	3	0.0	0.0
UBA1149 sp002311335	2	1	1	100.0	3.0
UBA1149 sp012960245	2	1	1	100.0	2.0
UBA11490 sp003524095	2	1	1	0.0	0.0
UBA11512 sp003522145	6	15	15	46.666666666666664	1.0
UBA11524 sp000437595	39	741	741	89.20377867746289	5.0
UBA11524 sp017936765	2	1	1	100.0	19.0
UBA11549 sp002439085	8	28	28	60.714285714285715	7.0
UBA11549 sp002440235	2	1	1	100.0	2.0
UBA11549 sp017616015	2	1	1	0.0	1.0
UBA11549 sp900550445	5	10	10	50.0	1.5
UBA11606 sp002694825	7	21	21	23.80952380952381	0.0
UBA11606 sp002729125	2	1	1	0.0	0.0
UBA11606 sp009937405	2	1	1	0.0	0.0
UBA11606 sp018699415	3	3	3	66.66666666666667	2.0
UBA11612 sp002712165	2	1	1	0.0	0.0
UBA1162 sp003142375	2	1	1	100.0	2.0
UBA1163 sp002311635	2	1	1	100.0	5.0
UBA1163 sp002327985	2	1	1	100.0	4.0
UBA1163 sp002780715	2	1	1	100.0	2.0
UBA11650 sp002401285	2	1	1	0.0	0.0
UBA11650 sp002708395	2	1	1	100.0	3.0
UBA11650 sp002710215	3	3	3	33.333333333333336	0.0
UBA11654 sp001629325	6	15	15	0.0	0.0
UBA11654 sp002691305	2	1	1	0.0	0.0
UBA11654 sp002691465	2	1	1	0.0	0.0
UBA11654 sp002718375	2	1	1	0.0	0.0
UBA11654 sp902553145	5	10	10	20.0	0.0
UBA11657 sp002296125	3	3	3	0.0	0.0
UBA11657 sp002377585	4	6	6	0.0	0.0
UBA11663 sp002313415	3	3	3	66.66666666666667	2.0
UBA11663 sp002729115	4	6	6	0.0	0.0
UBA11663 sp002863145	6	15	15	0.0	0.0
UBA11699 sp003482855	2	1	1	0.0	0.0
UBA117 sp002494785	2	1	1	0.0	0.0
UBA11703 sp001822075	13	78	78	0.0	0.0
UBA11704 sp903834855	2	1	1	0.0	0.0
UBA11704 sp903875555	2	1	1	0.0	0.0
UBA11707 sp903848275	2	1	1	0.0	0.0
UBA11712 sp000995965	9	36	36	0.0	0.0
UBA11712 sp001784875	4	6	6	0.0	0.0
UBA11713 sp001778985	6	15	15	0.0	0.0
UBA11716 sp9638u	2	1	1	0.0	0.0
UBA1172 sp002457135	9	36	36	0.0	0.0
UBA1174 sp002311025	2	1	1	100.0	3.0
UBA1174 sp017534965	2	1	1	0.0	0.0
UBA1174 sp900556855	2	1	1	100.0	5.0
UBA11740 sp003168335	2	1	1	0.0	1.0
UBA1177 sp002309575	4	6	6	66.66666666666667	2.0
UBA1177 sp002310995	2	1	1	0.0	1.0
UBA1177 sp017405875	2	1	1	100.0	6.0
UBA1177 sp902774115	2	1	1	100.0	9.0
UBA1177 sp905235605	2	1	1	100.0	3.0
UBA11774 sp003507655	6	15	15	0.0	0.0
UBA1179 sp002340405	7	21	21	14.285714285714286	0.0
UBA1179 sp017530735	2	1	1	100.0	2.0
UBA1179 sp017556585	3	3	3	0.0	0.0
UBA1179 sp017557635	2	1	1	100.0	6.0
UBA1179 sp017651315	2	1	1	0.0	0.0
UBA1179 sp900318995	8	28	28	60.714285714285715	3.0
UBA1179 sp900319225	5	10	10	80.0	2.0
UBA1179 sp902760965	2	1	1	100.0	5.0
UBA1179 sp902774335	3	3	3	33.333333333333336	0.0
UBA1179 sp902779875	2	1	1	0.0	0.0
UBA1179 sp902782245	3	3	3	0.0	1.0
UBA1179 sp902799685	2	1	1	100.0	8.0
UBA11791 sp002714255	4	6	6	16.666666666666668	1.0
UBA11791 sp012960345	2	1	1	0.0	0.0
UBA11795 sp002708065	4	6	6	0.0	0.5
UBA1181 sp002310215	3	3	3	0.0	0.0
UBA1181 sp015061185	4	6	6	83.33333333333333	2.5
UBA1181 sp017550335	3	3	3	66.66666666666667	2.0
UBA1181 sp017551675	3	3	3	33.333333333333336	1.0
UBA1181 sp017962085	2	1	1	0.0	0.0
UBA1181 sp900769555	3	3	3	0.0	0.0
UBA1181 sp902766045	2	1	1	100.0	7.0
UBA11855 sp11852u	2	1	1	0.0	0.0
UBA11858 sp003513015	2	1	1	0.0	0.0
UBA11872 sp002433065	3	3	3	0.0	0.0
UBA1188 sp900318975	2	1	1	0.0	0.0
UBA11883 sp002714565	2	1	1	0.0	1.0
UBA11889 sp002313255	2	1	1	0.0	0.0
UBA11889 sp002715785	3	3	3	0.0	0.0
UBA11889 sp002719135	3	3	3	33.333333333333336	1.0
UBA1189 sp016291905	2	1	1	100.0	5.0
UBA1189 sp017520935	2	1	1	100.0	18.0
UBA1189 sp017557005	2	1	1	100.0	5.0
UBA1189 sp017615125	3	3	3	100.0	5.0
UBA1189 sp017622495	5	10	10	100.0	8.0
UBA1189 sp017650105	2	1	1	0.0	0.0
UBA11891 sp003533785	2	1	1	0.0	0.0
UBA11891 sp009886755	3	3	3	0.0	0.0
UBA1195 sp002309855	3	3	3	33.333333333333336	1.0
UBA1195 sp902774175	5	10	10	90.0	4.0
UBA11996 sp002320875	3	3	3	0.0	0.0
UBA11996 sp002435305	4	6	6	0.0	0.0
UBA11996 sp002722155	2	1	1	0.0	0.0
UBA11996 sp009392675	2	1	1	0.0	0.0
UBA11998 sp002686315	2	1	1	0.0	1.0
UBA1201 sp002309675	2	1	1	0.0	0.0
UBA1201 sp900319565	2	1	1	0.0	0.0
UBA12014 sp002167845	2	1	1	0.0	1.0
UBA12014 sp002690755	2	1	1	0.0	0.0
UBA12026 sp000989765	7	21	21	0.0	0.0
UBA12026 sp000990005	4	6	6	0.0	0.0
UBA12028 sp001002285	5	10	10	0.0	0.0
UBA12030 sp10106u	5	10	10	0.0	0.0
UBA12037 sp003527485	2	1	1	0.0	0.0
UBA12042 sp001002325	5	10	10	0.0	0.0
UBA12042 sp001775555	6	15	15	0.0	0.0
UBA12044 sp000989675	10	45	45	0.0	0.0
UBA12049 sp001784155	10	45	45	0.0	0.0
UBA1205 sp002309475	9	36	36	27.77777777777778	0.0
UBA1205 sp002309615	2	1	1	0.0	0.0
UBA12053 sp001001345	3	3	3	33.333333333333336	0.0
UBA12053 sp001003855	3	3	3	0.0	0.0
UBA12059 sp001829185	10	45	45	66.66666666666667	3.0
UBA12059 sp018815555	2	1	1	0.0	0.0
UBA1206 sp000433115	3	3	3	66.66666666666667	3.0
UBA1206 sp002305335	2	1	1	0.0	1.0
UBA1206 sp002310055	6	15	15	6.666666666666667	0.0
UBA1206 sp017429165	2	1	1	0.0	1.0
UBA12068 sp000991245	8	28	28	0.0	0.0
UBA12068 sp000991645	2	1	1	0.0	0.0
UBA12068 sp003507445	2	1	1	0.0	0.0
UBA12075 sp003514005	11	55	55	0.0	0.0
UBA12077 sp001768235	5	10	10	40.0	0.0
UBA12077 sp001768565	2	1	1	0.0	0.0
UBA12078 sp000991805	4	6	6	0.0	0.0
UBA12079 sp001029775	9	36	36	5.555555555555555	0.0
UBA12086 sp001871445	4	6	6	0.0	0.0
UBA12086 sp002784795	3	3	3	0.0	0.0
UBA12086 sp002792995	2	1	1	0.0	0.0
UBA12086 sp003518365	7	21	21	23.80952380952381	0.0
UBA12087 sp001796335	6	15	15	0.0	0.0
UBA12088 sp000998045	2	1	1	100.0	2.0
UBA12088 sp007116405	2	1	1	0.0	0.0
UBA12091 sp001799485	4	6	6	50.0	1.0
UBA12108 sp001002415	11	55	55	0.0	0.0
UBA1211 sp002309585	2	1	1	100.0	3.0
UBA12115 sp003514055	12	66	66	13.636363636363637	0.0
UBA1212 sp002308595	2	1	1	0.0	0.0
UBA1212 sp002309655	8	28	28	57.142857142857146	2.0
UBA1212 sp902792515	3	3	3	33.333333333333336	1.0
UBA1213 sp002308635	2	1	1	0.0	0.0
UBA1213 sp002350705	2	1	1	0.0	1.0
UBA1213 sp002351795	2	1	1	0.0	1.0
UBA1213 sp900315465	2	1	1	0.0	0.0
UBA1213 sp900315875	2	1	1	0.0	1.0
UBA1213 sp900316485	2	1	1	0.0	1.0
UBA1213 sp900316925	2	1	1	0.0	0.0
UBA1213 sp900317215	2	1	1	0.0	0.0
UBA1213 sp900317395	2	1	1	0.0	0.0
UBA1213 sp900317795	10	45	45	48.888888888888886	1.0
UBA1213 sp900319255	2	1	1	0.0	1.0
UBA1213 sp900320235	2	1	1	0.0	0.0
UBA1213 sp900320925	2	1	1	0.0	1.0
UBA1213 sp900321195	3	3	3	0.0	0.0
UBA1213 sp900322105	10	45	45	77.77777777777777	3.0
UBA1213 sp900322145	17	136	136	44.85294117647059	1.0
UBA1213 sp902778175	2	1	1	100.0	2.0
UBA1213 sp902800005	2	1	1	100.0	2.0
UBA12151 sp000990585	4	6	6	0.0	0.0
UBA12158 sp000989305	4	6	6	0.0	0.0
UBA12158 sp001873665	4	6	6	0.0	0.0
UBA12158 sp002780135	2	1	1	0.0	0.0
UBA1217 sp002309335	2	1	1	100.0	4.0
UBA1217 sp900316965	6	15	15	40.0	1.0
UBA1217 sp902788805	24	276	276	59.05797101449275	2.0
UBA1217 sp902793295	3	3	3	66.66666666666667	2.0
UBA12170 sp013166655	2	1	1	100.0	2.0
UBA12183 sp003530935	2	1	1	100.0	7.0
UBA12189 sp014189895	9	36	36	0.0	0.0
UBA1219 sp002309295	2	1	1	100.0	4.0
UBA12191 sp002691835	2	1	1	0.0	0.0
UBA12191 sp003540375	4	6	6	0.0	0.0
UBA12191 sp009937185	5	10	10	0.0	0.0
UBA12191 sp012269595	2	1	1	0.0	0.0
UBA1221 sp002350725	2	1	1	0.0	0.0
UBA1221 sp900320675	4	6	6	0.0	0.0
UBA1221 sp902760645	2	1	1	0.0	1.0
UBA1222 sp016284035	2	1	1	0.0	0.0
UBA12225 sp002347925	18	153	153	66.66666666666667	3.0
UBA12247 sp003477185	2	1	1	0.0	0.0
UBA1227 sp002309175	2	1	1	100.0	2.0
UBA1227 sp017451425	4	6	6	16.666666666666668	0.0
UBA1227 sp017538005	2	1	1	0.0	0.0
UBA1227 sp900545655	3	3	3	33.333333333333336	1.0
UBA12276 sp8261u	2	1	1	0.0	0.0
UBA12294 sp002050275	2	1	1	0.0	0.0
UBA12294 sp002418205	3	3	3	33.333333333333336	1.0
UBA12294 sp003577395	2	1	1	100.0	3.0
UBA12294 sp011331405	2	1	1	0.0	0.0
UBA12294 sp016223135	2	1	1	100.0	2.0
UBA12294 sp016716235	3	3	3	100.0	8.0
UBA1231 sp904502205	2	1	1	0.0	0.0
UBA1234 sp900765095	2	1	1	0.0	0.0
UBA12382 sp002503845	8	28	28	0.0	0.0
UBA12393 sp001002765	4	6	6	0.0	0.0
UBA12395 sp000996275	2	1	1	0.0	0.0
UBA12395 sp001000065	2	1	1	0.0	0.0
UBA12396 sp001791615	6	15	15	0.0	0.0
UBA1240 sp001603145	3	3	3	100.0	4.0
UBA1240 sp002308875	4	6	6	66.66666666666667	2.0
UBA1240 sp017614995	3	3	3	100.0	6.0
UBA1240 sp902797925	2	1	1	100.0	5.0
UBA12402 sp001801305	2	1	1	0.0	0.0
UBA12403 sp003511125	4	6	6	0.0	0.0
UBA12405 sp003542615	7	21	21	0.0	0.0
UBA12409 sp000991575	5	10	10	0.0	0.0
UBA12411 sp003511165	4	6	6	0.0	0.0
UBA12420 sp001795385	2	1	1	0.0	0.0
UBA12420 sp001797255	2	1	1	100.0	5.0
UBA12420 sp003452395	2	1	1	0.0	0.0
UBA12445 sp003504275	2	1	1	0.0	0.0
UBA12451 sp001805965	6	15	15	0.0	0.0
UBA12451 sp018812705	3	3	3	0.0	0.0
UBA12454 sp001825665	2	1	1	0.0	0.0
UBA12454 sp001825675	2	1	1	100.0	2.0
UBA12454 sp003142595	3	3	3	66.66666666666667	4.0
UBA12454 sp018828825	4	6	6	0.0	0.0
UBA12454 sp903847315	3	3	3	0.0	0.0
UBA1246 sp002308315	2	1	1	100.0	3.0
UBA12463 sp000992695	2	1	1	0.0	0.0
UBA12463 sp000993595	2	1	1	0.0	1.0
UBA12465 sp000999715	2	1	1	0.0	0.0
UBA12465 sp001871165	4	6	6	0.0	0.0
UBA12470 sp000999315	3	3	3	0.0	1.0
UBA12471 sp001768735	2	1	1	0.0	1.0
UBA12472 sp003487265	5	10	10	0.0	0.0
UBA12473 sp000993615	3	3	3	0.0	0.0
UBA12478 sp000993535	2	1	1	0.0	0.0
UBA1248 sp902762505	2	1	1	100.0	2.0
UBA1248 sp902773455	3	3	3	0.0	1.0
UBA1248 sp902782785	2	1	1	0.0	0.0
UBA1248 sp902797235	2	1	1	100.0	2.0
UBA12480 sp003477045	2	1	1	100.0	2.0
UBA12481 sp001769295	2	1	1	100.0	3.0
UBA12481 sp903832165	2	1	1	0.0	1.0
UBA12481 sp903851365	3	3	3	33.333333333333336	1.0
UBA12489 sp003477305	2	1	1	100.0	2.0
UBA12489 sp903844055	4	6	6	33.333333333333336	1.0
UBA12499 sp001788395	2	1	1	100.0	2.0
UBA12499 sp016177555	3	3	3	33.333333333333336	0.0
UBA12501 sp10192u	3	3	3	0.0	0.0
UBA12508 sp001831095	2	1	1	100.0	2.0
UBA1254 sp002308495	2	1	1	0.0	0.0
UBA1254 sp017445475	2	1	1	0.0	1.0
UBA1254 sp017645485	2	1	1	100.0	2.0
UBA1254 sp900313355	4	6	6	16.666666666666668	0.0
UBA1254 sp902767055	2	1	1	100.0	2.0
UBA12545 sp003509545	2	1	1	0.0	0.0
UBA12545 sp013167955	2	1	1	100.0	6.0
UBA1255 sp002308795	2	1	1	100.0	2.0
UBA1255 sp017508875	2	1	1	100.0	5.0
UBA1255 sp902782885	6	15	15	53.333333333333336	2.0
UBA12567 sp018663565	4	6	6	33.333333333333336	1.0
UBA1257 sp002308775	3	3	3	33.333333333333336	1.0
UBA12574 sp002712305	3	3	3	100.0	2.0
UBA12574 sp018660835	7	21	21	47.61904761904762	1.0
UBA12578 sp002729195	3	3	3	33.333333333333336	1.0
UBA1258 sp002308235	2	1	1	0.0	0.0
UBA1258 sp016291405	2	1	1	100.0	3.0
UBA1258 sp017553505	3	3	3	0.0	0.0
UBA1258 sp017651385	2	1	1	0.0	0.0
UBA1258 sp902772805	2	1	1	0.0	0.0
UBA1259 sp002308755	3	3	3	100.0	3.0
UBA1259 sp015055805	2	1	1	0.0	0.0
UBA1259 sp900320065	2	1	1	0.0	0.0
UBA1259 sp902767225	2	1	1	0.0	0.0
UBA1259 sp904501795	2	1	1	0.0	0.0
UBA1259 sp904502225	2	1	1	0.0	0.0
UBA1259 sp905235765	2	1	1	0.0	0.0
UBA1267 sp002308115	3	3	3	0.0	0.0
UBA1267 sp017959345	2	1	1	0.0	0.0
UBA1267 sp902796795	2	1	1	0.0	1.0
UBA1267 sp902803345	2	1	1	0.0	0.0
UBA1268 sp002694955	3	3	3	0.0	0.0
UBA1268 sp009919445	6	15	15	26.666666666666668	0.0
UBA1268 sp016776925	13	78	78	6.410256410256411	0.0
UBA1268 sp018694455	6	15	15	0.0	0.0
UBA1275 sp002457365	7	21	21	0.0	0.0
UBA1275 sp902529365	3	3	3	0.0	0.0
UBA1309 sp002307185	2	1	1	100.0	16.0
UBA1328 sp002306745	4	6	6	0.0	0.0
UBA1328 sp002306815	5	10	10	0.0	0.0
UBA1328 sp002501045	2	1	1	0.0	0.0
UBA1328 sp012959765	2	1	1	0.0	0.0
UBA1328 sp018650845	2	1	1	0.0	0.0
UBA1328 sp018673955	13	78	78	3.8461538461538463	0.0
UBA1351 sp002342805	3	3	3	33.333333333333336	1.0
UBA1351 sp002382805	4	6	6	83.33333333333333	2.0
UBA1359 sp002306385	2	1	1	0.0	0.0
UBA1361 sp002306335	4	6	6	0.0	0.0
UBA1362 sp002306085	2	1	1	0.0	0.0
UBA1364 sp001029715	5	10	10	20.0	0.0
UBA1364 sp903842795	2	1	1	0.0	0.0
UBA1364 sp903959355	3	3	3	0.0	0.0
UBA1367 sp900314645	4	6	6	83.33333333333333	3.0
UBA1367 sp902766835	2	1	1	0.0	1.0
UBA1367 sp902778135	2	1	1	100.0	6.0
UBA1367 sp902779675	4	6	6	100.0	3.5
UBA1367 sp902788705	2	1	1	100.0	2.0
UBA1367 sp902801175	3	3	3	66.66666666666667	6.0
UBA1383 sp002304945	2	1	1	0.0	0.0
UBA1383 sp002305415	2	1	1	0.0	0.0
UBA1394 sp900066845	6	15	15	40.0	1.0
UBA1394 sp900538575	5	10	10	80.0	3.5
UBA1394 sp900554975	3	3	3	33.333333333333336	1.0
UBA1398 sp002305165	3	3	3	66.66666666666667	2.0
UBA1402 sp002305085	11	55	55	10.909090909090908	0.0
UBA1406 sp001788295	7	21	21	0.0	0.0
UBA1407 sp002305655	2	1	1	100.0	3.0
UBA1407 sp017964325	2	1	1	100.0	4.0
UBA1407 sp902776645	5	10	10	80.0	3.5
UBA1412 sp002305615	2	1	1	0.0	0.0
UBA1412 sp002308515	2	1	1	100.0	7.0
UBA1412 sp017557085	2	1	1	100.0	3.0
UBA1413 sp002304925	8	28	28	10.714285714285714	0.0
UBA1413 sp002419285	3	3	3	33.333333333333336	1.0
UBA1413 sp012729335	3	3	3	33.333333333333336	0.0
UBA1417 sp002305575	2	1	1	0.0	0.0
UBA1417 sp003531055	13	78	78	15.384615384615385	0.0
UBA1417 sp900549945	4	6	6	50.0	1.5
UBA1417 sp900552925	5	10	10	10.0	0.0
UBA1424 sp002329705	3	3	3	0.0	0.0
UBA1425 sp902790325	2	1	1	100.0	2.0
UBA1426 sp002329675	2	1	1	100.0	2.0
UBA1426 sp002385825	3	3	3	33.333333333333336	1.0
UBA1427 sp002329485	4	6	6	0.0	0.5
UBA1431 sp002329665	2	1	1	100.0	2.0
UBA1433 sp002329295	2	1	1	0.0	0.0
UBA1436 sp002329395	4	6	6	0.0	0.0
UBA1436 sp002432025	3	3	3	66.66666666666667	6.0
UBA1436 sp015062115	2	1	1	100.0	3.0
UBA1436 sp017961585	2	1	1	0.0	0.0
UBA1436 sp900315795	3	3	3	0.0	1.0
UBA1436 sp900315845	2	1	1	0.0	0.0
UBA1436 sp900319325	2	1	1	0.0	0.0
UBA1436 sp900319885	6	15	15	0.0	0.0
UBA1436 sp900540405	3	3	3	33.333333333333336	0.0
UBA1436 sp900541355	4	6	6	50.0	1.5
UBA1436 sp902765225	2	1	1	0.0	0.0
UBA1436 sp902772695	2	1	1	0.0	0.0
UBA1436 sp902798835	2	1	1	0.0	0.0
UBA1436 sp910576915	3	3	3	100.0	3.0
UBA1439 sp002329605	2	1	1	100.0	4.0
UBA1443 sp002329545	2	1	1	100.0	2.0
UBA1447 sp002069695	2	1	1	100.0	4.0
UBA1450 sp001789555	2	1	1	100.0	3.0
UBA1450 sp002788865	3	3	3	33.333333333333336	1.0
UBA147 sp002499085	2	1	1	0.0	0.0
UBA147 sp013791785	5	10	10	90.0	5.5
UBA1479 sp002325375	6	15	15	80.0	3.0
UBA1479 sp002706405	2	1	1	0.0	0.0
UBA148 sp002495885	2	1	1	100.0	4.0
UBA1494 sp002706365	2	1	1	100.0	4.0
UBA1532 sp002731825	2	1	1	0.0	0.0
UBA1535 sp002479485	2	1	1	100.0	3.0
UBA1539 sp002788135	10	45	45	2.2222222222222223	0.0
UBA1543 sp001871195	7	21	21	0.0	0.0
UBA1543 sp002779605	9	36	36	33.333333333333336	0.0
UBA1544 sp002774425	8	28	28	0.0	0.0
UBA1545 sp002771035	7	21	21	0.0	0.0
UBA1546 sp001805105	5	10	10	40.0	1.0
UBA1546 sp001871685	9	36	36	2.7777777777777777	0.0
UBA1547 sp001873625	7	21	21	0.0	0.0
UBA1547 sp002413425	4	6	6	0.0	0.0
UBA1547 sp903832635	6	15	15	0.0	0.0
UBA1547 sp903889015	2	1	1	0.0	0.0
UBA1547 sp903899655	6	15	15	0.0	0.0
UBA1547 sp903900345	2	1	1	0.0	0.0
UBA1547 sp903952435	3	3	3	0.0	0.0
UBA1550 sp000998425	4	6	6	0.0	0.0
UBA1550 sp001823535	3	3	3	0.0	0.0
UBA1550 sp001825115	2	1	1	0.0	0.0
UBA1550 sp001871765	2	1	1	0.0	0.0
UBA1550 sp002771015	6	15	15	0.0	0.0
UBA1550 sp003489395	4	6	6	0.0	0.0
UBA1551 sp001871075	5	10	10	10.0	0.0
UBA1557 sp001783255	2	1	1	100.0	3.0
UBA1557 sp001871435	3	3	3	0.0	0.0
UBA1558 sp002785295	4	6	6	0.0	0.0
UBA1559 sp001871015	4	6	6	50.0	1.5
UBA1561 sp001791745	2	1	1	0.0	0.0
UBA1561 sp001872545	3	3	3	0.0	0.0
UBA1562 sp002322525	2	1	1	0.0	1.0
UBA1563 sp001871325	9	36	36	16.666666666666668	0.0
UBA1565 sp002790095	5	10	10	0.0	0.0
UBA1567 sp001872485	6	15	15	0.0	0.0
UBA1568 sp001784695	2	1	1	0.0	0.0
UBA1568 sp001784735	2	1	1	0.0	0.0
UBA1568 sp002782305	9	36	36	0.0	0.0
UBA1568 sp002790675	2	1	1	0.0	0.0
UBA1573 sp001767915	2	1	1	0.0	0.0
UBA1573 sp001871905	2	1	1	0.0	0.0
UBA1573 sp002425415	4	6	6	0.0	0.0
UBA1573 sp018063145	3	3	3	33.333333333333336	0.0
UBA1603 sp002322035	2	1	1	0.0	1.0
UBA1609 sp002321895	2	1	1	0.0	0.0
UBA1611 sp012964275	2	1	1	0.0	0.0
UBA1660 sp002320815	2	1	1	100.0	2.0
UBA1668 sp002702575	3	3	3	33.333333333333336	0.0
UBA1685 sp002320595	7	21	21	66.66666666666667	2.0
UBA1685 sp004560435	3	3	3	33.333333333333336	0.0
UBA1685 sp017435905	2	1	1	0.0	0.0
UBA1685 sp900546845	2	1	1	100.0	9.0
UBA1711 sp002309955	2	1	1	0.0	0.0
UBA1711 sp002349055	2	1	1	0.0	0.0
UBA1711 sp002354035	2	1	1	0.0	0.0
UBA1711 sp002372855	7	21	21	57.142857142857146	2.0
UBA1711 sp016280915	2	1	1	100.0	2.0
UBA1711 sp017509045	2	1	1	100.0	8.0
UBA1711 sp017545365	2	1	1	0.0	1.0
UBA1711 sp017551765	2	1	1	0.0	1.0
UBA1711 sp900314925	9	36	36	36.111111111111114	1.0
UBA1711 sp900315935	6	15	15	20.0	1.0
UBA1711 sp900316055	5	10	10	50.0	1.5
UBA1711 sp900316235	8	28	28	32.142857142857146	1.0
UBA1711 sp900316515	3	3	3	66.66666666666667	8.0
UBA1711 sp900317125	22	231	231	62.77056277056277	2.0
UBA1711 sp900317285	21	210	210	22.857142857142858	0.0
UBA1711 sp900317955	3	3	3	66.66666666666667	6.0
UBA1711 sp900318175	10	45	45	6.666666666666667	0.0
UBA1711 sp900318275	7	21	21	38.095238095238095	1.0
UBA1711 sp900318665	4	6	6	16.666666666666668	0.5
UBA1711 sp900318835	2	1	1	0.0	0.0
UBA1711 sp900319865	17	136	136	59.55882352941177	2.0
UBA1711 sp900320975	3	3	3	0.0	0.0
UBA1711 sp900321975	2	1	1	0.0	0.0
UBA1711 sp902762805	2	1	1	100.0	7.0
UBA1711 sp902771735	5	10	10	40.0	1.0
UBA1711 sp902774845	2	1	1	100.0	6.0
UBA1711 sp902776365	6	15	15	20.0	0.0
UBA1711 sp902778925	3	3	3	33.333333333333336	1.0
UBA1711 sp902783595	2	1	1	0.0	0.0
UBA1711 sp902784865	3	3	3	0.0	0.0
UBA1711 sp902790215	8	28	28	78.57142857142857	3.0
UBA1711 sp905234665	2	1	1	100.0	6.0
UBA1712 sp002393095	2	1	1	0.0	0.0
UBA1712 sp017540355	2	1	1	0.0	1.0
UBA1712 sp017961385	2	1	1	0.0	0.0
UBA1712 sp018056665	3	3	3	0.0	0.0
UBA1712 sp900766815	2	1	1	0.0	1.0
UBA1712 sp902778165	2	1	1	0.0	1.0
UBA1712 sp902779505	3	3	3	0.0	0.0
UBA1712 sp902789785	3	3	3	33.333333333333336	0.0
UBA1715 sp002371705	7	21	21	80.95238095238095	3.0
UBA1715 sp017618935	2	1	1	100.0	3.0
UBA1723 sp002317115	2	1	1	0.0	0.0
UBA1723 sp002371265	11	55	55	67.27272727272727	3.0
UBA1723 sp002392915	7	21	21	47.61904761904762	1.0
UBA1723 sp015061115	2	1	1	0.0	0.0
UBA1723 sp016283095	2	1	1	100.0	2.0
UBA1723 sp902782665	2	1	1	0.0	0.0
UBA1724 sp900548225	5	10	10	80.0	3.0
UBA1724 sp900771165	2	1	1	0.0	0.0
UBA1732 sp900320095	5	10	10	80.0	4.0
UBA1732 sp902762495	5	10	10	40.0	1.0
UBA1737 sp900317575	2	1	1	0.0	0.0
UBA1740 sp004558975	2	1	1	0.0	1.0
UBA1740 sp017472305	2	1	1	0.0	0.0
UBA1740 sp017504785	3	3	3	66.66666666666667	2.0
UBA1740 sp017522795	2	1	1	0.0	0.0
UBA1740 sp017533565	2	1	1	0.0	0.0
UBA1740 sp017621415	3	3	3	66.66666666666667	3.0
UBA1740 sp017935065	3	3	3	33.333333333333336	1.0
UBA1740 sp902778985	2	1	1	0.0	1.0
UBA1740 sp902779285	2	1	1	0.0	1.0
UBA1740 sp904501765	2	1	1	0.0	0.0
UBA1752 sp015063885	2	1	1	100.0	4.0
UBA1752 sp017434845	2	1	1	0.0	0.0
UBA1752 sp017447445	2	1	1	0.0	1.0
UBA1752 sp017466805	2	1	1	0.0	0.0
UBA1752 sp017501055	2	1	1	0.0	0.0
UBA1752 sp017629895	2	1	1	0.0	1.0
UBA1752 sp900554405	3	3	3	100.0	2.0
UBA1752 sp902783535	2	1	1	0.0	0.0
UBA1753 sp017441585	2	1	1	0.0	0.0
UBA1754 sp015061145	3	3	3	66.66666666666667	2.0
UBA1756 sp016290715	2	1	1	0.0	0.0
UBA1756 sp017535665	3	3	3	66.66666666666667	4.0
UBA1756 sp900321845	6	15	15	6.666666666666667	0.0
UBA1757 sp017380635	13	78	78	26.923076923076923	1.0
UBA1765 sp017631885	4	6	6	16.666666666666668	0.0
UBA1776 sp017457105	3	3	3	66.66666666666667	3.0
UBA1783 sp016302195	2	1	1	0.0	0.0
UBA1783 sp017561615	2	1	1	0.0	0.0
UBA1784 sp015061615	2	1	1	100.0	6.0
UBA1784 sp015061685	2	1	1	100.0	3.0
UBA1784 sp015061775	5	10	10	60.0	2.0
UBA1784 sp015061865	2	1	1	100.0	2.0
UBA1784 sp017508385	2	1	1	100.0	11.0
UBA1786 sp017480685	4	6	6	83.33333333333333	4.5
UBA1786 sp902785075	2	1	1	100.0	5.0
UBA1786 sp902787555	3	3	3	66.66666666666667	5.0
UBA1822 sp002314995	3	3	3	0.0	0.0
UBA1822 sp900545365	3	3	3	66.66666666666667	2.0
UBA1829 sp002338895	2	1	1	100.0	3.0
UBA1829 sp900548385	3	3	3	100.0	14.0
UBA1829 sp900549045	3	3	3	100.0	11.0
UBA1829 sp900549415	3	3	3	66.66666666666667	4.0
UBA1847 sp013001045	2	1	1	0.0	0.0
UBA1847 sp013042375	6	15	15	0.0	0.0
UBA1847 sp013043165	3	3	3	0.0	0.0
UBA1858 sp002338385	2	1	1	0.0	0.0
UBA1859 sp002691095	2	1	1	0.0	0.0
UBA1876 sp003446665	5	10	10	0.0	0.0
UBA1924 sp002337545	3	3	3	66.66666666666667	2.0
UBA1924 sp002364005	4	6	6	50.0	1.0
UBA1930 sp002337145	2	1	1	0.0	0.0
UBA1941 sp002336805	2	1	1	0.0	0.0
UBA1941 sp018267365	2	1	1	100.0	7.0
UBA1941 sp903917755	2	1	1	100.0	2.0
UBA1942 sp002337085	2	1	1	0.0	0.0
UBA1942 sp009773395	2	1	1	0.0	0.0
UBA1943 sp013328815	2	1	1	100.0	2.0
UBA1952 sp018267625	2	1	1	0.0	0.0
UBA1977 sp002313355	2	1	1	0.0	1.0
UBA1994 sp002335865	11	55	55	0.0	0.0
UBA2009 sp002314145	5	10	10	0.0	0.0
UBA2009 sp002335285	6	15	15	33.333333333333336	1.0
UBA2009 sp002706025	7	21	21	47.61904761904762	1.0
UBA2009 sp002733205	2	1	1	100.0	12.0
UBA2009 sp016132445	2	1	1	100.0	6.0
UBA2013 sp002335045	3	3	3	0.0	0.0
UBA2013 sp003489145	42	861	861	0.23228803716608595	0.0
UBA2017 sp002335425	4	6	6	0.0	0.5
UBA2030 sp002332755	4	6	6	50.0	1.5
UBA2031 sp002333145	6	15	15	0.0	0.0
UBA2033 sp002333425	2	1	1	0.0	1.0
UBA2033 sp016708435	5	10	10	100.0	11.5
UBA2040 sp002384725	2	1	1	0.0	0.0
UBA2059 sp002332615	2	1	1	0.0	0.0
UBA207 sp002503135	2	1	1	0.0	0.0
UBA2093 sp002331255	3	3	3	0.0	0.0
UBA2093 sp005790505	5	10	10	0.0	0.0
UBA2093 sp009703125	2	1	1	0.0	0.0
UBA2093 sp009704065	2	1	1	100.0	2.0
UBA2093 sp009705865	3	3	3	0.0	0.0
UBA2093 sp009920715	6	15	15	26.666666666666668	0.0
UBA2093 sp903929185	5	10	10	40.0	1.0
UBA2100 sp002331185	4	6	6	0.0	0.0
UBA2100 sp002331495	3	3	3	0.0	0.0
UBA2100 sp002401925	2	1	1	0.0	0.0
UBA2108 sp002713215	2	1	1	0.0	0.0
UBA2110 sp002719335	2	1	1	100.0	3.0
UBA2110 sp012960315	2	1	1	0.0	0.0
UBA2125 sp002311275	10	45	45	11.11111111111111	0.0
UBA2125 sp002329125	5	10	10	0.0	0.0
UBA2126 sp002436185	5	10	10	10.0	0.0
UBA2126 sp002713385	2	1	1	0.0	0.0
UBA2126 sp002730315	3	3	3	0.0	0.0
UBA2126 sp004124385	2	1	1	100.0	3.0
UBA2126 sp004124535	2	1	1	0.0	0.0
UBA2128 sp002402135	5	10	10	0.0	0.0
UBA2128 sp002471865	6	15	15	0.0	0.0
UBA213 sp002713325	3	3	3	0.0	0.0
UBA2134 sp002471805	3	3	3	0.0	0.0
UBA2135 sp002327685	2	1	1	0.0	0.0
UBA2136 sp002328405	3	3	3	0.0	0.0
UBA2136 sp002689455	2	1	1	0.0	1.0
UBA2137 sp002328415	3	3	3	0.0	0.0
UBA2137 sp002695035	3	3	3	0.0	0.0
UBA2143 sp002685955	2	1	1	0.0	0.0
UBA2144 sp002328295	3	3	3	100.0	3.0
UBA2144 sp018818235	3	3	3	33.333333333333336	1.0
UBA2146 sp002471705	6	15	15	0.0	0.0
UBA2156 sp002328165	4	6	6	0.0	0.0
UBA2160 sp002328865	7	21	21	38.095238095238095	1.0
UBA2161 sp002328835	4	6	6	66.66666666666667	6.0
UBA2162 sp002335405	3	3	3	0.0	0.0
UBA2163 sp002327585	3	3	3	0.0	0.0
UBA2163 sp018648925	2	1	1	0.0	0.0
UBA2165 sp018649245	2	1	1	0.0	0.0
UBA2166 sp012965905	4	6	6	16.666666666666668	0.0
UBA2168 sp009843635	7	21	21	66.66666666666667	2.0
UBA2169 sp002687895	3	3	3	0.0	0.0
UBA2170 sp002436205	3	3	3	0.0	0.0
UBA2170 sp018652955	8	28	28	0.0	0.0
UBA2170 sp018662075	2	1	1	0.0	0.0
UBA2174 sp002327445	2	1	1	0.0	0.0
UBA2177 sp002328805	2	1	1	0.0	0.0
UBA2185 sp003508565	2	1	1	0.0	0.0
UBA2192 sp002327315	3	3	3	0.0	0.0
UBA2192 sp012728915	3	3	3	66.66666666666667	4.0
UBA2193 sp002327335	2	1	1	0.0	0.0
UBA2197 sp002424625	2	1	1	0.0	1.0
UBA2199 sp018897435	3	3	3	33.333333333333336	1.0
UBA2201 sp002327305	3	3	3	100.0	4.0
UBA2202 sp002327905	4	6	6	50.0	1.5
UBA2206 sp001784805	4	6	6	33.333333333333336	0.0
UBA2206 sp003483065	4	6	6	0.0	0.0
UBA2207 sp002418885	5	10	10	0.0	0.0
UBA2210 sp002327865	2	1	1	100.0	3.0
UBA2211 sp002327845	2	1	1	0.0	0.0
UBA2212 sp002402585	5	10	10	10.0	0.0
UBA2212 sp009773735	2	1	1	0.0	0.0
UBA2212 sp903919545	2	1	1	100.0	2.0
UBA2224 sp012719295	2	1	1	0.0	0.0
UBA2226 sp001777915	10	45	45	68.88888888888889	2.0
UBA2226 sp018821925	4	6	6	50.0	1.0
UBA2231 sp003500765	2	1	1	100.0	3.0
UBA2231 sp009773155	2	1	1	0.0	0.0
UBA2242 sp002347855	3	3	3	0.0	1.0
UBA2245 sp002347265	2	1	1	100.0	3.0
UBA2247 sp002347295	2	1	1	100.0	12.0
UBA2250 sp002347405	2	1	1	100.0	2.0
UBA2250 sp011330945	2	1	1	0.0	0.0
UBA2250 sp013791905	7	21	21	0.0	0.0
UBA2251 sp002347815	2	1	1	0.0	0.0
UBA2252 sp002382605	4	6	6	0.0	0.0
UBA2253 sp002347755	2	1	1	100.0	2.0
UBA2255 sp002347565	2	1	1	0.0	0.0
UBA2256 sp001603165	14	91	91	12.087912087912088	0.0
UBA2256 sp002383375	2	1	1	0.0	0.0
UBA2259 sp002347605	2	1	1	0.0	0.0
UBA2262 sp002347095	2	1	1	100.0	3.0
UBA2262 sp002347185	2	1	1	100.0	2.0
UBA2262 sp002841785	5	10	10	0.0	0.0
UBA2262 sp003517965	2	1	1	0.0	0.0
UBA2262 sp013791995	2	1	1	0.0	0.0
UBA2262 sp018830485	3	3	3	0.0	0.0
UBA2262 sp903869265	39	741	741	4.183535762483131	0.0
UBA2268 sp002418685	4	6	6	66.66666666666667	2.0
UBA2270 sp002347745	13	78	78	47.43589743589744	1.0
UBA2270 sp018821985	3	3	3	0.0	0.0
UBA2270 sp903887485	3	3	3	33.333333333333336	1.0
UBA2270 sp903891045	2	1	1	0.0	0.0
UBA2277 sp000998275	8	28	28	0.0	0.0
UBA2277 sp002347045	2	1	1	0.0	0.0
UBA2277 sp903884375	4	6	6	0.0	0.0
UBA2277 sp903886255	7	21	21	14.285714285714286	0.0
UBA2279 sp016938135	2	1	1	0.0	0.0
UBA228 sp002402635	2	1	1	0.0	0.0
UBA2284 sp001830045	16	120	120	10.833333333333334	0.0
UBA2284 sp002418725	2	1	1	0.0	0.0
UBA2284 sp003518475	4	6	6	0.0	0.0
UBA2287 sp002345675	2	1	1	0.0	0.0
UBA2289 sp002419505	2	1	1	0.0	0.0
UBA2316 sp002345205	2	1	1	100.0	8.0
UBA2329 sp002344975	7	21	21	95.23809523809524	12.0
UBA233 sp003661945	2	1	1	0.0	0.0
UBA2330 sp002344965	3	3	3	66.66666666666667	6.0
UBA2333 sp002344895	2	1	1	0.0	1.0
UBA2334 sp903928495	2	1	1	0.0	0.0
UBA2336 sp002344065	4	6	6	50.0	1.0
UBA2336 sp002425185	4	6	6	50.0	8.0
UBA2337 sp002344825	2	1	1	100.0	3.0
UBA2353 sp002344005	6	15	15	73.33333333333333	3.0
UBA2357 sp002344625	3	3	3	33.333333333333336	0.0
UBA2359 sp002345145	6	15	15	60.0	2.0
UBA2361 sp002343185	2	1	1	0.0	0.0
UBA2364 sp002344075	4	6	6	16.666666666666668	0.5
UBA2365 sp002344345	2	1	1	100.0	9.0
UBA2376 sp016707895	3	3	3	100.0	5.0
UBA2376 sp018057825	3	3	3	0.0	0.0
UBA2376 sp900696455	3	3	3	100.0	55.0
UBA2377 sp002344205	2	1	1	0.0	1.0
UBA2377 sp017988885	2	1	1	100.0	2.0
UBA2377 sp903952145	2	1	1	100.0	4.0
UBA2383 sp002343485	2	1	1	0.0	1.0
UBA2387 sp002343445	2	1	1	100.0	2.0
UBA2392 sp002343805	4	6	6	50.0	1.5
UBA2392 sp003576915	2	1	1	0.0	0.0
UBA2402 sp002343715	2	1	1	100.0	4.0
UBA2402 sp903929885	2	1	1	0.0	1.0
UBA2450 sp002373085	2	1	1	0.0	0.0
UBA2450 sp900314865	2	1	1	0.0	0.0
UBA2450 sp902769185	2	1	1	100.0	2.0
UBA2450 sp902800025	2	1	1	0.0	0.0
UBA2450 sp902803285	2	1	1	0.0	0.0
UBA2463 sp002342295	6	15	15	20.0	0.0
UBA2463 sp009646425	2	1	1	0.0	0.0
UBA2466 sp002342225	4	6	6	33.333333333333336	0.0
UBA2466 sp016875135	2	1	1	100.0	3.0
UBA2475 sp009927275	2	1	1	0.0	0.0
UBA2475 sp016705695	4	6	6	100.0	6.0
UBA2486 sp018854025	2	1	1	0.0	0.0
UBA2558 sp002340425	3	3	3	0.0	0.0
UBA2588 sp002723125	17	136	136	2.9411764705882355	0.0
UBA2589 sp002348265	5	10	10	0.0	0.0
UBA2589 sp002348465	4	6	6	0.0	0.0
UBA2589 sp002500925	10	45	45	0.0	0.0
UBA2589 sp013002885	2	1	1	100.0	2.0
UBA2638 sp002359735	4	6	6	16.666666666666668	0.0
UBA2645 sp001767955	5	10	10	80.0	2.0
UBA2645 sp002359655	3	3	3	0.0	0.0
UBA2645 sp903849835	3	3	3	0.0	1.0
UBA2645 sp903870105	2	1	1	0.0	0.0
UBA2645 sp903898475	2	1	1	0.0	0.0
UBA2645 sp903937405	16	120	120	10.0	1.0
UBA2653 sp002342175	3	3	3	0.0	0.0
UBA2658 sp018385135	2	1	1	0.0	0.0
UBA2664 sp003559375	3	3	3	33.333333333333336	1.0
UBA2664 sp007123715	2	1	1	0.0	1.0
UBA2664 sp007123785	2	1	1	0.0	1.0
UBA2664 sp007123985	2	1	1	0.0	0.0
UBA2664 sp007127745	4	6	6	0.0	0.0
UBA2664 sp007134085	6	15	15	0.0	0.0
UBA2664 sp007135335	2	1	1	0.0	0.0
UBA2679 sp002354735	2	1	1	0.0	0.0
UBA2705 sp002690045	2	1	1	0.0	0.0
UBA2730 sp900313345	2	1	1	0.0	0.0
UBA2730 sp900319955	2	1	1	0.0	1.0
UBA2730 sp900320505	3	3	3	0.0	0.0
UBA2766 sp002352645	2	1	1	0.0	0.0
UBA2772 sp018675685	7	21	21	14.285714285714286	0.0
UBA2779 sp003644105	2	1	1	0.0	0.0
UBA2796 sp002352035	2	1	1	100.0	16.0
UBA2798 sp002351955	7	21	21	66.66666666666667	3.0
UBA2804 sp900319705	11	55	55	58.18181818181818	2.0
UBA2804 sp902782145	2	1	1	100.0	4.0
UBA2804 sp902796095	2	1	1	0.0	0.0
UBA2810 sp002351705	7	21	21	33.333333333333336	1.0
UBA2810 sp900317945	22	231	231	50.64935064935065	2.0
UBA2813 sp002361485	2	1	1	0.0	1.0
UBA2813 sp900314375	5	10	10	0.0	0.0
UBA2813 sp900319365	7	21	21	71.42857142857143	3.0
UBA2813 sp902766975	3	3	3	66.66666666666667	7.0
UBA2813 sp902774905	2	1	1	0.0	1.0
UBA2821 sp002351535	2	1	1	0.0	0.0
UBA2834 sp002363515	2	1	1	0.0	1.0
UBA2834 sp017524405	2	1	1	0.0	1.0
UBA285 sp002495025	2	1	1	0.0	1.0
UBA285 sp011364525	0	0	0	0	
UBA2862 sp002350605	2	1	1	100.0	3.0
UBA2862 sp017512905	2	1	1	100.0	9.0
UBA2862 sp900315585	5	10	10	80.0	3.0
UBA2862 sp900317565	2	1	1	0.0	1.0
UBA2862 sp900318045	7	21	21	90.47619047619048	6.0
UBA2862 sp902765305	4	6	6	83.33333333333333	4.0
UBA2862 sp902798105	2	1	1	100.0	14.0
UBA2862 sp902799465	2	1	1	0.0	1.0
UBA2862 sp902800625	2	1	1	100.0	4.0
UBA2868 sp002350465	9	36	36	44.44444444444444	1.0
UBA2868 sp002368575	2	1	1	0.0	1.0
UBA2868 sp002371615	2	1	1	0.0	1.0
UBA2868 sp003484785	3	3	3	66.66666666666667	2.0
UBA2868 sp004552595	3	3	3	0.0	0.0
UBA2868 sp017432845	2	1	1	0.0	0.0
UBA2868 sp017550535	2	1	1	0.0	0.0
UBA2868 sp900320345	3	3	3	0.0	0.0
UBA2882 sp002362385	3	3	3	66.66666666666667	9.0
UBA2882 sp900317505	4	6	6	0.0	0.0
UBA2882 sp900542015	3	3	3	66.66666666666667	3.0
UBA2882 sp900549665	2	1	1	100.0	2.0
UBA2882 sp910574745	3	3	3	100.0	8.0
UBA2883 sp002103075	2	1	1	0.0	1.0
UBA2883 sp002481545	4	6	6	83.33333333333333	3.5
UBA2883 sp900313115	2	1	1	0.0	0.0
UBA2883 sp902797985	2	1	1	100.0	2.0
UBA2897 sp002350105	8	28	28	46.42857142857143	1.0
UBA2897 sp900315155	3	3	3	0.0	1.0
UBA2897 sp900316275	2	1	1	0.0	0.0
UBA2903 sp002438565	6	15	15	40.0	1.0
UBA2903 sp900768465	2	1	1	100.0	2.0
UBA2912 sp900314775	3	3	3	0.0	0.0
UBA2912 sp900314845	3	3	3	0.0	0.0
UBA2912 sp900317095	3	3	3	0.0	1.0
UBA2913 sp002349925	3	3	3	33.333333333333336	1.0
UBA2918 sp002349865	10	45	45	42.22222222222222	1.0
UBA2918 sp017427065	2	1	1	100.0	2.0
UBA2918 sp017471185	3	3	3	0.0	1.0
UBA2918 sp900313715	2	1	1	0.0	0.0
UBA2918 sp902788865	6	15	15	40.0	1.0
UBA2922 sp900313925	5	10	10	0.0	0.0
UBA2922 sp902802565	8	28	28	25.0	0.5
UBA2922 sp904501855	2	1	1	0.0	0.0
UBA2942 sp900321525	5	10	10	20.0	0.5
UBA2943 sp002350845	8	28	28	25.0	0.5
UBA2943 sp017476845	2	1	1	0.0	1.0
UBA2943 sp900321295	3	3	3	0.0	0.0
UBA2943 sp900321565	2	1	1	0.0	1.0
UBA2943 sp902764915	2	1	1	0.0	0.0
UBA2962 sp002728115	3	3	3	0.0	0.0
UBA2963 sp002719715	3	3	3	0.0	0.0
UBA2963 sp002725515	2	1	1	0.0	1.0
UBA2963 sp003215215	6	15	15	6.666666666666667	0.0
UBA2965 sp002348385	2	1	1	100.0	4.0
UBA2966 sp002348365	3	3	3	66.66666666666667	2.0
UBA2968 sp002714465	2	1	1	100.0	7.0
UBA2968 sp002727195	3	3	3	66.66666666666667	3.0
UBA2979 sp002348225	2	1	1	0.0	0.0
UBA2985 sp002717805	3	3	3	0.0	1.0
UBA2988 sp002346665	2	1	1	0.0	0.0
UBA2990 sp002347025	3	3	3	0.0	0.0
UBA2991 sp002346645	3	3	3	0.0	0.0
UBA2991 sp009839725	4	6	6	16.666666666666668	0.0
UBA2991 sp009841435	4	6	6	0.0	0.0
UBA2993 sp002721705	3	3	3	0.0	0.0
UBA2994 sp002346545	2	1	1	0.0	0.0
UBA2995 sp002346535	2	1	1	100.0	3.0
UBA2995 sp014529615	2	1	1	100.0	2.0
UBA2995 sp014529675	0	0	0	0	
UBA3002 sp002346425	2	1	1	0.0	0.0
UBA3006 sp001438985	2	1	1	0.0	0.0
UBA3006 sp002367695	7	21	21	0.0	0.0
UBA3006 sp009698745	2	1	1	0.0	0.0
UBA3006 sp903850275	2	1	1	0.0	1.0
UBA3006 sp903853285	4	6	6	0.0	0.0
UBA3006 sp903895515	3	3	3	0.0	0.0
UBA3012 sp002346305	2	1	1	0.0	0.0
UBA3012 sp009701305	3	3	3	0.0	0.0
UBA3012 sp903902965	2	1	1	0.0	0.0
UBA3015 sp001438005	6	15	15	0.0	0.0
UBA3015 sp002342345	2	1	1	0.0	0.0
UBA3015 sp002367435	8	28	28	0.0	0.0
UBA3015 sp010025475	3	3	3	33.333333333333336	0.0
UBA3015 sp903905395	2	1	1	0.0	1.0
UBA3015 sp903956835	5	10	10	10.0	0.0
UBA3031 sp002167745	2	1	1	0.0	0.0
UBA3031 sp002367635	3	3	3	0.0	0.0
UBA3031 sp905478365	7	21	21	0.0	0.0
UBA3031 sp905479505	4	6	6	0.0	0.0
UBA3054 sp002366995	3	3	3	66.66666666666667	2.0
UBA3064 sp002342365	39	741	741	47.50337381916329	1.0
UBA3064 sp002359635	24	276	276	64.4927536231884	3.0
UBA3064 sp005787245	12	66	66	37.878787878787875	1.0
UBA3065 sp002367415	6	15	15	60.0	2.0
UBA3072 sp002215665	2	1	1	0.0	0.0
UBA3073 sp002366725	2	1	1	100.0	2.0
UBA3073 sp002774315	2	1	1	0.0	0.0
UBA3079 sp002366635	2	1	1	0.0	0.0
UBA3088 sp002367275	3	3	3	33.333333333333336	0.0
UBA3125 sp002365325	7	21	21	0.0	0.0
UBA3125 sp002501135	2	1	1	0.0	0.0
UBA3125 sp002687745	5	10	10	0.0	0.0
UBA3125 sp002726315	2	1	1	0.0	0.0
UBA3125 sp014381745	3	3	3	0.0	1.0
UBA3125 sp015658775	2	1	1	0.0	0.0
UBA3125 sp018673475	16	120	120	0.0	0.0
UBA3206 sp002363705	3	3	3	0.0	1.0
UBA3207 sp002395065	2	1	1	0.0	0.0
UBA3207 sp017447725	3	3	3	0.0	0.0
UBA3207 sp900314585	3	3	3	0.0	0.0
UBA3207 sp902768335	2	1	1	0.0	1.0
UBA3207 sp902787955	2	1	1	0.0	1.0
UBA3210 sp900755065	2	1	1	0.0	0.0
UBA3212 sp002363615	4	6	6	0.0	0.0
UBA3263 sp001689615	12	66	66	51.515151515151516	2.0
UBA3263 sp002490725	3	3	3	0.0	0.0
UBA3263 sp014801955	6	15	15	53.333333333333336	2.0
UBA3263 sp014802435	9	36	36	97.22222222222223	8.0
UBA3282 sp002361355	5	10	10	0.0	0.0
UBA3282 sp002490705	2	1	1	0.0	0.0
UBA3282 sp002492525	3	3	3	66.66666666666667	2.0
UBA3282 sp003611805	4	6	6	50.0	3.0
UBA3282 sp003612405	2	1	1	0.0	0.0
UBA3282 sp009774175	2	1	1	100.0	4.0
UBA3282 sp009774215	2	1	1	100.0	8.0
UBA3282 sp009774575	2	1	1	0.0	1.0
UBA3282 sp009774585	2	1	1	0.0	0.0
UBA3282 sp009774655	2	1	1	0.0	1.0
UBA3282 sp014804365	2	1	1	100.0	2.0
UBA3282 sp910575245	2	1	1	100.0	4.0
UBA3282 sp910575775	2	1	1	100.0	13.0
UBA3305 sp002373555	3	3	3	0.0	1.0
UBA3362 sp016710235	5	10	10	100.0	5.5
UBA3362 sp016710265	3	3	3	100.0	3.0
UBA3362 sp016712145	2	1	1	100.0	3.0
UBA3362 sp016712225	5	10	10	100.0	7.0
UBA3362 sp016713905	2	1	1	100.0	3.0
UBA3362 sp016714025	3	3	3	100.0	2.0
UBA3362 sp016714365	12	66	66	90.9090909090909	13.0
UBA3362 sp016717265	6	15	15	93.33333333333333	7.0
UBA3362 sp016722295	3	3	3	100.0	8.0
UBA3362 sp019187365	3	3	3	0.0	1.0
UBA3402 sp002358555	2	1	1	100.0	3.0
UBA3402 sp003478355	5	10	10	60.0	2.0
UBA3402 sp910575585	3	3	3	100.0	3.0
UBA3439 sp002378605	2	1	1	0.0	0.0
UBA3439 sp003212345	3	3	3	0.0	0.0
UBA3439 sp003282865	2	1	1	0.0	0.0
UBA3439 sp009919335	2	1	1	0.0	0.0
UBA3439 sp016778895	2	1	1	0.0	0.0
UBA3439 sp016780525	2	1	1	0.0	0.0
UBA3439 sp017859295	2	1	1	0.0	0.0
UBA3439 sp902583715	2	1	1	0.0	0.0
UBA3442 sp002378565	22	231	231	0.4329004329004329	0.0
UBA3465 sp002729885	4	6	6	0.0	0.5
UBA3465 sp002730875	7	21	21	0.0	0.0
UBA3470 sp018665815	9	36	36	13.88888888888889	0.0
UBA3478 sp002381155	2	1	1	0.0	0.0
UBA3478 sp003045935	5	10	10	0.0	0.0
UBA3478 sp011525015	2	1	1	0.0	0.0
UBA3495 sp002724585	2	1	1	0.0	0.0
UBA3495 sp009392775	2	1	1	0.0	0.0
UBA3505 sp002728755	2	1	1	0.0	0.0
UBA3531 sp002376885	2	1	1	0.0	0.0
UBA3537 sp002684355	3	3	3	0.0	0.0
UBA3537 sp002709185	2	1	1	0.0	0.0
UBA3537 sp002725015	3	3	3	33.333333333333336	0.0
UBA3561 sp002376005	3	3	3	0.0	0.0
UBA3567 sp002376045	4	6	6	50.0	1.5
UBA3569 sp002375895	3	3	3	0.0	0.0
UBA3571 sp002011425	2	1	1	0.0	0.0
UBA3571 sp002375995	6	15	15	0.0	0.0
UBA3574 sp002375935	4	6	6	16.666666666666668	0.0
UBA3575 sp002375925	2	1	1	0.0	0.0
UBA3633 sp002374095	2	1	1	0.0	0.0
UBA3633 sp002392345	2	1	1	0.0	1.0
UBA3633 sp900313535	3	3	3	0.0	0.0
UBA3636 sp002448475	3	3	3	100.0	6.0
UBA3636 sp017476965	2	1	1	0.0	0.0
UBA3636 sp902761575	2	1	1	100.0	11.0
UBA3663 sp002373755	2	1	1	100.0	8.0
UBA3663 sp017449065	2	1	1	0.0	1.0
UBA3663 sp017632695	4	6	6	16.666666666666668	0.5
UBA3663 sp900319235	9	36	36	83.33333333333333	8.0
UBA3663 sp902776605	3	3	3	66.66666666666667	5.0
UBA3680 sp002372875	2	1	1	0.0	0.0
UBA3700 sp002372775	2	1	1	0.0	0.0
UBA3700 sp016287155	2	1	1	0.0	0.0
UBA3747 sp002394025	3	3	3	0.0	1.0
UBA3766 sp002368665	6	15	15	20.0	0.0
UBA3766 sp002393735	6	15	15	6.666666666666667	0.0
UBA3766 sp002494135	2	1	1	0.0	0.0
UBA3766 sp016285575	4	6	6	0.0	0.0
UBA3766 sp017624855	2	1	1	0.0	0.0
UBA3766 sp900100245	2	1	1	0.0	1.0
UBA3766 sp900313265	8	28	28	21.428571428571427	1.0
UBA3766 sp902765365	2	1	1	0.0	0.0
UBA3766 sp902789265	4	6	6	100.0	3.0
UBA3766 sp902789665	2	1	1	100.0	3.0
UBA3766 sp902803015	2	1	1	0.0	0.0
UBA3774 sp017455435	2	1	1	100.0	2.0
UBA3775 sp002369525	2	1	1	0.0	0.0
UBA3789 sp900314225	4	6	6	0.0	0.0
UBA3789 sp900543055	4	6	6	33.333333333333336	0.5
UBA3789 sp902776735	3	3	3	0.0	0.0
UBA3789 sp902780585	2	1	1	0.0	1.0
UBA3789 sp902793315	3	3	3	0.0	0.0
UBA3792 sp002369195	2	1	1	100.0	3.0
UBA3792 sp017428025	4	6	6	100.0	4.0
UBA3792 sp900318745	2	1	1	0.0	0.0
UBA3792 sp900318765	4	6	6	0.0	0.0
UBA3792 sp902789675	2	1	1	100.0	3.0
UBA3792 sp902792295	2	1	1	100.0	2.0
UBA3796 sp902801565	3	3	3	100.0	2.0
UBA3818 sp002369315	6	15	15	0.0	0.0
UBA3818 sp017408855	5	10	10	30.0	0.5
UBA3818 sp900557155	2	1	1	0.0	0.0
UBA3824 sp002393195	2	1	1	0.0	1.0
UBA3824 sp016286055	2	1	1	100.0	9.0
UBA3824 sp017535325	2	1	1	0.0	0.0
UBA3824 sp017544805	2	1	1	0.0	0.0
UBA3824 sp017964465	2	1	1	0.0	0.0
UBA3830 sp902771535	4	6	6	0.0	0.0
UBA3839 sp002350855	2	1	1	100.0	3.0
UBA3839 sp002393575	2	1	1	100.0	2.0
UBA3839 sp900313845	7	21	21	66.66666666666667	2.0
UBA3839 sp900314125	5	10	10	10.0	0.0
UBA3839 sp900319385	2	1	1	0.0	0.0
UBA3839 sp900321835	6	15	15	46.666666666666664	1.0
UBA3839 sp902798705	3	3	3	100.0	3.0
UBA3855 sp002392545	2	1	1	0.0	0.0
UBA3855 sp002449575	2	1	1	0.0	0.0
UBA3855 sp015066665	3	3	3	100.0	4.0
UBA3855 sp017462785	2	1	1	0.0	1.0
UBA3855 sp017521325	3	3	3	33.333333333333336	1.0
UBA3855 sp900316885	2	1	1	0.0	1.0
UBA3855 sp900319285	3	3	3	33.333333333333336	0.0
UBA3855 sp902767115	2	1	1	100.0	6.0
UBA3855 sp902783005	4	6	6	33.333333333333336	1.0
UBA3857 sp002392505	2	1	1	100.0	10.0
UBA3857 sp017394835	4	6	6	83.33333333333333	2.5
UBA3857 sp017539215	4	6	6	0.0	0.5
UBA3857 sp017541305	2	1	1	0.0	1.0
UBA3857 sp900313585	7	21	21	23.80952380952381	1.0
UBA3869 sp002392285	2	1	1	0.0	0.0
UBA3871 sp002392265	3	3	3	0.0	1.0
UBA3900 sp002391675	3	3	3	33.333333333333336	1.0
UBA3903 sp002391625	2	1	1	0.0	0.0
UBA3906 sp002391555	3	3	3	0.0	0.0
UBA3907 sp002391545	2	1	1	0.0	0.0
UBA3910 sp002391465	2	1	1	0.0	0.0
UBA3913 sp002391425	2	1	1	0.0	0.0
UBA3920 sp002386065	2	1	1	0.0	0.0
UBA3924 sp002385985	2	1	1	0.0	0.0
UBA3933 sp002385805	2	1	1	0.0	0.0
UBA3937 sp002385735	2	1	1	0.0	0.0
UBA3939 sp002385705	2	1	1	100.0	2.0
UBA3940 sp002385675	2	1	1	100.0	5.0
UBA3941 sp002385665	2	1	1	0.0	0.0
UBA3943 sp002385625	2	1	1	0.0	0.0
UBA3946 sp002385575	2	1	1	0.0	0.0
UBA3946 sp002385755	2	1	1	0.0	0.0
UBA3947 sp002385545	2	1	1	0.0	0.0
UBA3947 sp003541575	2	1	1	100.0	2.0
UBA3947 sp006351925	3	3	3	66.66666666666667	5.0
UBA3947 sp900095445	2	1	1	0.0	0.0
UBA3950 sp002385475	2	1	1	0.0	1.0
UBA3951 sp002385465	2	1	1	100.0	2.0
UBA4036 sp002382325	6	15	15	26.666666666666668	0.0
UBA4053 sp003457075	2	1	1	0.0	0.0
UBA4054 sp002383495	3	3	3	66.66666666666667	2.0
UBA4064 sp002382065	3	3	3	100.0	7.0
UBA4066 sp002383685	7	21	21	0.0	0.0
UBA4080 sp002381865	2	1	1	100.0	2.0
UBA4082 sp002383355	2	1	1	0.0	0.0
UBA4085 sp003154255	2	1	1	0.0	0.0
UBA4092 sp002428325	2	1	1	100.0	4.0
UBA4093 sp002083825	2	1	1	0.0	1.0
UBA412 sp002495685	12	66	66	16.666666666666668	0.0
UBA4124 sp002413705	2	1	1	0.0	0.0
UBA4124 sp018060905	2	1	1	0.0	0.0
UBA4124 sp903862255	2	1	1	0.0	0.0
UBA4132 sp002380945	3	3	3	0.0	1.0
UBA4132 sp903902705	4	6	6	33.333333333333336	0.5
UBA4142 sp002400365	3	3	3	100.0	32.0
UBA4151 sp002696345	4	6	6	16.666666666666668	0.5
UBA4175 sp002379855	2	1	1	100.0	4.0
UBA4179 sp002381125	8	28	28	60.714285714285715	2.0
UBA4179 sp002849245	8	28	28	78.57142857142857	3.0
UBA4181 sp002380425	2	1	1	0.0	1.0
UBA4181 sp017523725	2	1	1	0.0	0.0
UBA4207 sp002716825	2	1	1	100.0	2.0
UBA4207 sp002787775	3	3	3	0.0	0.0
UBA4246 sp002391225	4	6	6	100.0	11.0
UBA4248 sp004554395	4	6	6	66.66666666666667	7.5
UBA4285 sp002394965	2	1	1	0.0	0.0
UBA4285 sp900314255	2	1	1	0.0	0.0
UBA4285 sp900542465	3	3	3	33.333333333333336	1.0
UBA4285 sp900545225	3	3	3	33.333333333333336	1.0
UBA4292 sp002395865	2	1	1	0.0	1.0
UBA4292 sp902790095	5	10	10	60.0	2.0
UBA4293 sp002395835	4	6	6	0.0	0.5
UBA4293 sp900316585	5	10	10	0.0	0.0
UBA4312 sp002394635	3	3	3	0.0	1.0
UBA4334 sp002342585	5	10	10	90.0	5.0
UBA4334 sp002353575	5	10	10	0.0	0.0
UBA4334 sp002363115	2	1	1	0.0	1.0
UBA4334 sp002393555	3	3	3	33.333333333333336	1.0
UBA4334 sp017483605	2	1	1	100.0	5.0
UBA4334 sp017540585	2	1	1	100.0	3.0
UBA4334 sp900316505	54	1431	1431	70.30048916841369	3.0
UBA4334 sp900316975	13	78	78	76.92307692307692	2.5
UBA4334 sp900318775	6	15	15	20.0	0.0
UBA4334 sp902768125	2	1	1	100.0	2.0
UBA4334 sp902774005	3	3	3	33.333333333333336	0.0
UBA4334 sp902800305	2	1	1	100.0	11.0
UBA4334 sp902801475	15	105	105	98.0952380952381	15.0
UBA4334 sp902802265	2	1	1	100.0	2.0
UBA4334 sp904501945	2	1	1	0.0	0.0
UBA4334 sp905234125	2	1	1	0.0	0.0
UBA4334 sp905235525	2	1	1	0.0	0.0
UBA4345 sp002362105	6	15	15	46.666666666666664	1.0
UBA4345 sp002396385	4	6	6	50.0	2.0
UBA4363 sp002393965	3	3	3	33.333333333333336	1.0
UBA4363 sp017646805	2	1	1	0.0	0.0
UBA4363 sp017937025	7	21	21	71.42857142857143	4.0
UBA4372 sp002297545	2	1	1	0.0	1.0
UBA4372 sp002316015	7	21	21	28.571428571428573	0.0
UBA4372 sp002373535	4	6	6	0.0	0.5
UBA4372 sp002394305	2	1	1	100.0	2.0
UBA4372 sp002395775	2	1	1	100.0	3.0
UBA4372 sp002450165	5	10	10	0.0	0.0
UBA4372 sp002494215	7	21	21	80.95238095238095	3.0
UBA4372 sp017379075	3	3	3	33.333333333333336	1.0
UBA4372 sp017381015	3	3	3	33.333333333333336	1.0
UBA4372 sp017427185	7	21	21	71.42857142857143	4.0
UBA4372 sp017428785	2	1	1	0.0	1.0
UBA4372 sp017429525	2	1	1	100.0	2.0
UBA4372 sp017447625	2	1	1	0.0	0.0
UBA4372 sp017453445	2	1	1	100.0	2.0
UBA4372 sp017469525	4	6	6	100.0	6.5
UBA4372 sp017470425	2	1	1	0.0	0.0
UBA4372 sp017541025	2	1	1	100.0	4.0
UBA4372 sp017622815	4	6	6	100.0	5.5
UBA4372 sp017631315	9	36	36	2.7777777777777777	0.0
UBA4372 sp017935785	2	1	1	100.0	15.0
UBA4372 sp900313335	11	55	55	43.63636363636363	1.0
UBA4372 sp900313705	9	36	36	72.22222222222223	2.0
UBA4372 sp900316355	3	3	3	0.0	1.0
UBA4372 sp900318115	7	21	21	61.904761904761905	2.0
UBA4372 sp900320435	10	45	45	68.88888888888889	2.0
UBA4372 sp900320565	13	78	78	83.33333333333333	4.0
UBA4372 sp900320715	8	28	28	25.0	0.0
UBA4372 sp900543815	4	6	6	100.0	6.0
UBA4372 sp900766785	8	28	28	21.428571428571427	1.0
UBA4372 sp900770805	3	3	3	66.66666666666667	2.0
UBA4372 sp902763865	3	3	3	33.333333333333336	1.0
UBA4372 sp902775385	2	1	1	100.0	2.0
UBA4372 sp902776455	6	15	15	80.0	3.0
UBA4372 sp902778625	4	6	6	50.0	2.0
UBA4372 sp902779165	4	6	6	66.66666666666667	2.0
UBA4372 sp902779315	5	10	10	100.0	9.0
UBA4372 sp902779845	4	6	6	100.0	10.5
UBA4372 sp902781515	3	3	3	0.0	0.0
UBA4372 sp902788315	4	6	6	50.0	1.5
UBA4372 sp902799985	2	1	1	100.0	5.0
UBA4372 sp902801325	3	3	3	100.0	4.0
UBA4408 sp016718805	4	6	6	33.333333333333336	1.0
UBA4416 sp903834765	3	3	3	66.66666666666667	2.0
UBA4416 sp903893815	6	15	15	46.666666666666664	1.0
UBA4417 sp016707785	2	1	1	100.0	6.0
UBA4417 sp903822525	12	66	66	75.75757575757575	2.5
UBA4417 sp903878265	4	6	6	66.66666666666667	2.0
UBA4417 sp903879715	2	1	1	0.0	1.0
UBA4417 sp903887815	2	1	1	100.0	2.0
UBA4417 sp903946925	2	1	1	100.0	4.0
UBA4419 sp002336245	9	36	36	2.7777777777777777	0.0
UBA4421 sp002348825	3	3	3	33.333333333333336	1.0
UBA4421 sp002389675	3	3	3	0.0	0.0
UBA4421 sp002390555	2	1	1	0.0	0.0
UBA4421 sp002470275	6	15	15	33.333333333333336	0.0
UBA4421 sp002690405	4	6	6	33.333333333333336	0.5
UBA4421 sp002704225	4	6	6	33.333333333333336	1.0
UBA4421 sp002725095	2	1	1	0.0	0.0
UBA4421 sp002726925	3	3	3	0.0	0.0
UBA4421 sp002727775	4	6	6	16.666666666666668	1.0
UBA4421 sp002731575	2	1	1	0.0	0.0
UBA4421 sp004213835	2	1	1	100.0	2.0
UBA4421 sp009886205	9	36	36	2.7777777777777777	0.0
UBA4421 sp016779425	2	1	1	0.0	0.0
UBA4421 sp902565895	2	1	1	100.0	4.0
UBA4427 sp002390675	2	1	1	0.0	1.0
UBA4427 sp012959805	2	1	1	0.0	0.0
UBA4441 sp002390425	2	1	1	0.0	1.0
UBA4441 sp018660225	3	3	3	0.0	0.0
UBA4441 sp018675425	6	15	15	0.0	0.0
UBA4441 sp018699075	2	1	1	0.0	0.0
UBA4457 sp002390205	2	1	1	0.0	0.0
UBA4457 sp018668255	8	28	28	10.714285714285714	0.0
UBA4459 sp003648625	4	6	6	0.0	0.0
UBA4465 sp002292365	2	1	1	0.0	0.0
UBA4465 sp002470835	11	55	55	0.0	0.0
UBA4466 sp002389415	2	1	1	0.0	0.0
UBA4466 sp002733985	2	1	1	0.0	1.0
UBA4466 sp905182335	2	1	1	0.0	0.0
UBA447 sp002503205	7	21	21	0.0	0.0
UBA4479 sp002389385	8	28	28	3.5714285714285716	0.0
UBA4479 sp017640505	2	1	1	100.0	5.0
UBA4572 sp002387725	7	21	21	52.38095238095238	2.0
UBA4575 sp002386945	5	10	10	0.0	0.0
UBA4581 sp002386905	2	1	1	0.0	0.0
UBA4581 sp002387565	2	1	1	0.0	0.0
UBA4582 sp002386885	2	1	1	0.0	0.0
UBA4582 sp002389265	8	28	28	0.0	0.0
UBA4582 sp012960755	2	1	1	0.0	1.0
UBA4588 sp002387605	18	153	153	6.5359477124183005	0.0
UBA4592 sp002365735	2	1	1	0.0	0.0
UBA4592 sp002390705	9	36	36	0.0	0.0
UBA4592 sp002469525	6	15	15	0.0	0.0
UBA4592 sp017854795	2	1	1	0.0	0.0
UBA460 sp002505645	3	3	3	0.0	1.0
UBA460 sp018238545	6	15	15	60.0	2.0
UBA4615 sp903831925	2	1	1	0.0	0.0
UBA4615 sp903903975	5	10	10	60.0	2.5
UBA4636 sp002405915	2	1	1	0.0	1.0
UBA4636 sp017399185	5	10	10	40.0	1.0
UBA4636 sp900770945	3	3	3	100.0	9.0
UBA4644 sp002405755	3	3	3	66.66666666666667	4.0
UBA4644 sp900555855	2	1	1	100.0	4.0
UBA4647 sp002438625	2	1	1	0.0	1.0
UBA4664 sp002415345	3	3	3	33.333333333333336	0.0
UBA4665 sp002413755	2	1	1	0.0	0.0
UBA4665 sp002413835	2	1	1	0.0	0.0
UBA4675 sp002405165	7	21	21	19.047619047619047	0.0
UBA4716 sp002438865	2	1	1	100.0	2.0
UBA4719 sp012927555	2	1	1	100.0	9.0
UBA472 sp8940u	2	1	1	0.0	0.0
UBA4720 sp003131365	4	6	6	50.0	2.0
UBA4720 sp003134685	4	6	6	33.333333333333336	0.5
UBA4720 sp003221805	2	1	1	0.0	0.0
UBA4720 sp003223425	2	1	1	0.0	0.0
UBA4722 sp013287025	2	1	1	100.0	4.0
UBA4729 sp002413865	3	3	3	100.0	7.0
UBA4735 sp002404155	5	10	10	20.0	0.5
UBA4738 sp002413305	3	3	3	0.0	0.0
UBA4763 sp002403455	3	3	3	100.0	3.0
UBA4765 sp002365175	8	28	28	3.5714285714285716	0.0
UBA4767 sp002403385	2	1	1	100.0	6.0
UBA4770 sp002403335	2	1	1	0.0	0.0
UBA4782 sp002403095	3	3	3	0.0	0.0
UBA4802 sp002328585	2	1	1	0.0	0.0
UBA4810 sp002418825	4	6	6	16.666666666666668	0.0
UBA4810 sp002479215	2	1	1	100.0	2.0
UBA4811 sp002328075	2	1	1	0.0	0.0
UBA4839 sp002400085	15	105	105	11.428571428571429	0.0
UBA4844 sp002398105	14	91	91	20.87912087912088	0.0
UBA4844 sp002424365	4	6	6	100.0	6.5
UBA4851 sp002408445	7	21	21	61.904761904761905	2.0
UBA4874 sp002398065	6	15	15	13.333333333333334	0.0
UBA4877 sp002399345	3	3	3	0.0	0.0
UBA4881 sp002399235	5	10	10	20.0	0.5
UBA4882 sp002399265	18	153	153	26.143790849673202	0.0
UBA489 sp002505585	2	1	1	0.0	0.0
UBA492 sp002688315	3	3	3	0.0	0.0
UBA4923 sp001512945	2	1	1	0.0	0.0
UBA4923 sp002427535	4	6	6	0.0	0.0
UBA4923 sp012799695	4	6	6	0.0	0.0
UBA493 sp002687735	2	1	1	0.0	0.0
UBA4951 sp002296455	2	1	1	0.0	1.0
UBA4951 sp002297365	5	10	10	50.0	1.5
UBA4951 sp002397465	2	1	1	100.0	2.0
UBA4951 sp002404865	7	21	21	0.0	0.0
UBA4951 sp002440125	3	3	3	0.0	0.0
UBA4951 sp002449265	2	1	1	100.0	4.0
UBA4951 sp016287465	2	1	1	100.0	2.0
UBA4951 sp900320745	5	10	10	10.0	0.0
UBA4951 sp900321485	4	6	6	33.333333333333336	0.5
UBA4951 sp900540385	3	3	3	66.66666666666667	3.0
UBA4951 sp900542595	2	1	1	0.0	0.0
UBA4951 sp902802355	5	10	10	0.0	0.0
UBA4971 sp002398515	2	1	1	100.0	2.0
UBA4971 sp002424305	3	3	3	0.0	0.0
UBA4971 sp900019985	7	21	21	33.333333333333336	0.0
UBA4975 sp002408465	7	21	21	4.761904761904762	0.0
UBA4975 sp002423965	5	10	10	70.0	2.5
UBA5004 sp001824135	3	3	3	0.0	0.0
UBA5004 sp001824255	4	6	6	0.0	0.0
UBA5004 sp001825155	2	1	1	0.0	0.0
UBA5004 sp001825315	3	3	3	0.0	0.0
UBA5004 sp002787855	2	1	1	0.0	0.0
UBA5018 sp002396505	2	1	1	0.0	1.0
UBA5018 sp903862155	5	10	10	0.0	0.0
UBA5026 sp900313725	3	3	3	0.0	0.0
UBA5026 sp900546745	4	6	6	0.0	0.0
UBA5026 sp900550255	3	3	3	66.66666666666667	4.0
UBA5026 sp900552335	2	1	1	100.0	3.0
UBA5026 sp900557305	3	3	3	0.0	0.0
UBA5066 sp016714815	2	1	1	100.0	22.0
UBA5066 sp016719485	2	1	1	100.0	22.0
UBA5070 sp002414805	2	1	1	100.0	6.0
UBA5070 sp016699655	2	1	1	100.0	10.0
UBA5072 sp002415855	2	1	1	0.0	1.0
UBA5072 sp016934055	2	1	1	0.0	0.0
UBA5078 sp903876785	4	6	6	33.333333333333336	0.5
UBA5081 sp002415785	4	6	6	66.66666666666667	2.0
UBA509 sp002498845	18	153	153	20.915032679738562	0.0
UBA5109 sp002414385	5	10	10	10.0	0.0
UBA5122 sp002415485	2	1	1	0.0	0.0
UBA5123 sp002414225	2	1	1	0.0	0.0
UBA5169 sp002429485	2	1	1	100.0	2.0
UBA5172 sp002413385	2	1	1	100.0	3.0
UBA5172 sp003138795	6	15	15	40.0	1.0
UBA5189 sp003250155	2	1	1	0.0	1.0
UBA5195 sp002412925	2	1	1	0.0	0.0
UBA5195 sp005778035	2	1	1	0.0	0.0
UBA5195 sp903838415	22	231	231	86.14718614718615	4.0
UBA5195 sp903875215	6	15	15	0.0	0.0
UBA5195 sp903910795	2	1	1	100.0	10.0
UBA5200 sp002412825	2	1	1	100.0	2.0
UBA5202 sp002412795	2	1	1	0.0	0.0
UBA5203 sp016838895	2	1	1	0.0	0.0
UBA5206 sp002412705	2	1	1	0.0	0.0
UBA5206 sp016931855	2	1	1	0.0	0.0
UBA5209 sp002412645	2	1	1	0.0	0.0
UBA5214 sp002412545	2	1	1	100.0	6.0
UBA5216 sp002412495	2	1	1	0.0	1.0
UBA5216 sp903893565	14	91	91	39.56043956043956	1.0
UBA5232 sp012513575	2	1	1	0.0	0.0
UBA5232 sp903840015	5	10	10	0.0	0.0
UBA5239 sp002408885	2	1	1	100.0	4.0
UBA5261 sp002410065	3	3	3	0.0	0.0
UBA5266 sp002411545	4	6	6	33.333333333333336	0.5
UBA5272 sp002408565	2	1	1	100.0	2.0
UBA5278 sp002427165	3	3	3	0.0	0.0
UBA5336 sp002408125	4	6	6	66.66666666666667	2.5
UBA5352 sp002411015	2	1	1	0.0	0.0
UBA5352 sp003566775	2	1	1	0.0	1.0
UBA5359 sp002410925	2	1	1	100.0	2.0
UBA5388 sp002409975	6	15	15	66.66666666666667	2.0
UBA5389 sp002409965	6	15	15	46.666666666666664	0.0
UBA5409 sp002410615	13	78	78	5.128205128205129	0.0
UBA5420 sp002424045	2	1	1	0.0	1.0
UBA5429 sp002427605	4	6	6	33.333333333333336	1.0
UBA5429 sp009786185	2	1	1	0.0	0.0
UBA5429 sp009787115	2	1	1	0.0	0.0
UBA5436 sp002427545	2	1	1	0.0	0.0
UBA5444 sp002426575	2	1	1	0.0	0.0
UBA5448 sp002427425	2	1	1	100.0	2.0
UBA5453 sp002427375	2	1	1	0.0	1.0
UBA5456 sp002410505	14	91	91	16.483516483516482	0.0
UBA5456 sp002412625	2	1	1	0.0	0.0
UBA5456 sp002427325	2	1	1	100.0	4.0
UBA5456 sp018433885	3	3	3	100.0	2.0
UBA5500 sp002427055	2	1	1	0.0	1.0
UBA5508 sp002409745	11	55	55	58.18181818181818	2.0
UBA5518 sp002396625	14	91	91	63.73626373626374	2.0
UBA5518 sp016718385	5	10	10	90.0	11.0
UBA5518 sp903921135	2	1	1	100.0	3.0
UBA5518 sp903928015	4	6	6	33.333333333333336	1.0
UBA5518 sp903938575	4	6	6	33.333333333333336	0.5
UBA5536 sp018830105	3	3	3	0.0	0.0
UBA5540 sp014381785	2	1	1	100.0	3.0
UBA5540 sp903831085	4	6	6	50.0	1.5
UBA5550 sp002069965	2	1	1	0.0	0.0
UBA5609 sp002428485	2	1	1	100.0	8.0
UBA5615 sp002382075	2	1	1	0.0	0.0
UBA5619 sp001829875	2	1	1	0.0	0.0
UBA5619 sp001830835	3	3	3	0.0	0.0
UBA5619 sp001873745	3	3	3	66.66666666666667	2.0
UBA5619 sp003141195	5	10	10	90.0	4.0
UBA5619 sp018819165	4	6	6	16.666666666666668	0.5
UBA5619 sp018827585	3	3	3	100.0	3.0
UBA5619 sp018896355	5	10	10	50.0	2.0
UBA5619 sp903928915	3	3	3	33.333333333333336	1.0
UBA5633 sp002452735	4	6	6	16.666666666666668	1.0
UBA5680 sp002420425	8	28	28	7.142857142857143	0.0
UBA5691 sp002420265	4	6	6	0.0	0.0
UBA5691 sp002474325	2	1	1	100.0	3.0
UBA5691 sp002694885	2	1	1	100.0	13.0
UBA5691 sp018700525	5	10	10	50.0	1.5
UBA57 sp002494565	6	15	15	6.666666666666667	0.0
UBA57 sp002495905	4	6	6	0.0	0.0
UBA57 sp002693165	2	1	1	0.0	0.0
UBA5701 sp002420015	3	3	3	100.0	10.0
UBA5745 sp002435905	3	3	3	0.0	0.0
UBA5755 sp002419005	2	1	1	100.0	2.0
UBA5776 sp002418595	3	3	3	0.0	0.0
UBA5799 sp001595385	5	10	10	0.0	0.0
UBA5808 sp002417975	2	1	1	100.0	3.0
UBA5809 sp002417965	3	3	3	66.66666666666667	2.0
UBA5851 sp002431635	2	1	1	0.0	0.0
UBA5861 sp002432635	3	3	3	0.0	0.0
UBA5862 sp002408105	2	1	1	0.0	0.0
UBA588 sp002509085	3	3	3	0.0	0.0
UBA588 sp019084405	4	6	6	0.0	0.0
UBA5884 sp002431975	3	3	3	100.0	14.0
UBA5884 sp900551505	2	1	1	0.0	0.0
UBA5905 sp002437905	3	3	3	66.66666666666667	4.0
UBA5905 sp004558485	3	3	3	0.0	0.0
UBA5905 sp900549155	3	3	3	33.333333333333336	1.0
UBA5905 sp904501705	2	1	1	0.0	0.0
UBA5938 sp002414865	4	6	6	0.0	0.0
UBA5941 sp002430735	2	1	1	0.0	0.0
UBA5946 sp002434045	5	10	10	0.0	0.0
UBA5951 sp016779005	4	6	6	0.0	0.0
UBA5951 sp018666135	2	1	1	0.0	0.0
UBA5951 sp902520885	2	1	1	100.0	2.0
UBA5962 sp002430285	2	1	1	100.0	10.0
UBA5972 sp002430125	2	1	1	100.0	2.0
UBA5976 sp009698575	7	21	21	0.0	0.0
UBA5976 sp009923495	2	1	1	0.0	0.0
UBA5976 sp903892635	2	1	1	0.0	0.0
UBA5976 sp903951185	2	1	1	0.0	0.0
UBA60 sp002503395	5	10	10	40.0	1.0
UBA6022 sp002404195	3	3	3	0.0	0.0
UBA6024 sp002429385	3	3	3	66.66666666666667	2.0
UBA6024 sp003537645	2	1	1	0.0	1.0
UBA6024 sp903865775	2	1	1	100.0	2.0
UBA6055 sp009840575	8	28	28	39.285714285714285	1.0
UBA6107 sp012798065	2	1	1	0.0	0.0
UBA6120 sp002422535	5	10	10	10.0	0.0
UBA6136 sp005792805	2	1	1	0.0	0.0
UBA6136 sp007280285	13	78	78	35.8974358974359	1.0
UBA6136 sp009922685	6	15	15	73.33333333333333	4.0
UBA6136 sp903835265	2	1	1	0.0	0.0
UBA6154 sp017857175	4	6	6	0.0	0.0
UBA6163 sp007127095	3	3	3	33.333333333333336	1.0
UBA6170 sp002840735	5	10	10	0.0	0.0
UBA6174 sp903821605	2	1	1	0.0	0.0
UBA6175 sp001897305	2	1	1	0.0	0.0
UBA6175 sp002726935	3	3	3	0.0	0.0
UBA6176 sp903842505	4	6	6	100.0	3.0
UBA6176 sp903880005	4	6	6	100.0	12.0
UBA6176 sp903925515	4	6	6	66.66666666666667	4.5
UBA6183 sp018058165	2	1	1	0.0	0.0
UBA6186 sp002422785	5	10	10	10.0	0.0
UBA6186 sp903827925	2	1	1	0.0	0.0
UBA6192 sp018400955	2	1	1	100.0	4.0
UBA6192 sp018816765	2	1	1	0.0	0.0
UBA6192 sp903957365	5	10	10	80.0	2.5
UBA6244 sp001769215	2	1	1	100.0	5.0
UBA6244 sp002440885	2	1	1	0.0	1.0
UBA6249 sp018812825	2	1	1	0.0	0.0
UBA6249 sp018897555	3	3	3	0.0	0.0
UBA6249 sp903852325	3	3	3	0.0	0.0
UBA6249 sp903907475	2	1	1	0.0	1.0
UBA6256 sp002452295	2	1	1	100.0	2.0
UBA6263 sp903943625	2	1	1	0.0	1.0
UBA6264 sp002452615	2	1	1	0.0	0.0
UBA629 sp005465875	8	28	28	32.142857142857146	1.0
UBA629 sp900316625	5	10	10	20.0	1.0
UBA629 sp900316665	2	1	1	100.0	3.0
UBA629 sp900317915	13	78	78	15.384615384615385	0.0
UBA6345 sp002437945	2	1	1	0.0	1.0
UBA636 sp017428765	2	1	1	100.0	5.0
UBA636 sp900321955	28	378	378	44.44444444444444	1.0
UBA636 sp900546285	2	1	1	100.0	5.0
UBA636 sp902796525	2	1	1	0.0	0.0
UBA636 sp902803055	3	3	3	0.0	0.0
UBA636 sp902803275	3	3	3	0.0	0.0
UBA6382 sp002372095	4	6	6	0.0	0.0
UBA6382 sp002439755	10	45	45	42.22222222222222	1.0
UBA6382 sp017616915	2	1	1	100.0	3.0
UBA6382 sp017940565	2	1	1	0.0	1.0
UBA6382 sp900316315	2	1	1	0.0	0.0
UBA6382 sp900318305	2	1	1	0.0	0.0
UBA6382 sp900557555	2	1	1	100.0	6.0
UBA6382 sp902788275	4	6	6	100.0	2.5
UBA6382 sp902792555	6	15	15	46.666666666666664	1.0
UBA6398 sp002437495	6	15	15	73.33333333333333	2.0
UBA6398 sp002451695	6	15	15	100.0	13.0
UBA6398 sp003150315	5	10	10	90.0	6.0
UBA6398 sp900314335	2	1	1	0.0	0.0
UBA6398 sp900550635	3	3	3	100.0	9.0
UBA6398 sp900555645	2	1	1	0.0	0.0
UBA644 sp002299265	6	15	15	20.0	0.0
UBA644 sp900547165	3	3	3	33.333333333333336	1.0
UBA6448 sp000437315	3	3	3	33.333333333333336	1.0
UBA6448 sp002439555	3	3	3	0.0	0.0
UBA6502 sp002436415	10	45	45	4.444444444444445	0.0
UBA6503 sp002436405	4	6	6	0.0	0.0
UBA652 sp002299915	2	1	1	0.0	0.0
UBA6522 sp002434915	3	3	3	0.0	0.0
UBA6532 sp002434805	2	1	1	0.0	0.0
UBA6534 sp002687905	2	1	1	0.0	0.0
UBA6539 sp002687175	2	1	1	0.0	0.0
UBA6594 sp002480165	3	3	3	0.0	0.0
UBA6595 sp002433595	3	3	3	0.0	0.0
UBA6601 sp002433485	2	1	1	100.0	2.0
UBA6614 sp002721895	3	3	3	0.0	0.0
UBA6615 sp002713365	2	1	1	0.0	0.0
UBA6615 sp002937505	4	6	6	0.0	0.0
UBA6620 sp002433075	3	3	3	33.333333333333336	1.0
UBA6623 sp002433055	2	1	1	0.0	0.0
UBA6624 sp002716355	3	3	3	0.0	0.0
UBA6626 sp002716625	2	1	1	100.0	2.0
UBA6659 sp002344135	8	28	28	32.142857142857146	1.0
UBA6669 sp903862595	3	3	3	33.333333333333336	1.0
UBA668 sp002299395	7	21	21	33.333333333333336	0.0
UBA668 sp005778215	3	3	3	0.0	0.0
UBA668 sp009702045	6	15	15	6.666666666666667	0.0
UBA668 sp903919455	4	6	6	33.333333333333336	1.0
UBA6729 sp002454015	2	1	1	0.0	0.0
UBA6733 sp002454165	2	1	1	0.0	0.0
UBA6770 sp002707155	4	6	6	16.666666666666668	0.0
UBA6772 sp002685115	4	6	6	0.0	0.0
UBA6776 sp002453155	7	21	21	61.904761904761905	2.0
UBA6777 sp002731275	3	3	3	100.0	3.0
UBA6796 sp002452815	2	1	1	100.0	3.0
UBA6803 sp002452795	2	1	1	0.0	0.0
UBA6807 sp002441265	2	1	1	100.0	5.0
UBA6808 sp002383665	2	1	1	0.0	0.0
UBA6808 sp002452695	2	1	1	0.0	0.0
UBA6821 sp008933015	2	1	1	0.0	0.0
UBA6821 sp903823215	2	1	1	0.0	0.0
UBA6821 sp903826635	6	15	15	26.666666666666668	0.0
UBA6821 sp903847935	2	1	1	0.0	1.0
UBA6821 sp903858595	2	1	1	0.0	0.0
UBA6821 sp903868795	6	15	15	73.33333333333333	3.0
UBA6857 sp002438505	3	3	3	66.66666666666667	3.0
UBA6857 sp015066015	2	1	1	100.0	2.0
UBA6857 sp015066045	2	1	1	0.0	1.0
UBA6857 sp016292455	2	1	1	0.0	1.0
UBA6857 sp016293225	5	10	10	0.0	0.0
UBA6857 sp017396515	2	1	1	100.0	4.0
UBA6857 sp017425745	2	1	1	0.0	1.0
UBA6857 sp017434855	2	1	1	100.0	2.0
UBA6857 sp017435665	2	1	1	0.0	1.0
UBA6857 sp902786285	3	3	3	100.0	7.0
UBA6894 sp002451275	2	1	1	0.0	0.0
UBA6894 sp903912515	2	1	1	100.0	4.0
UBA6898 sp003252075	2	1	1	0.0	0.0
UBA6901 sp002451085	5	10	10	0.0	0.0
UBA6902 sp002451135	3	3	3	0.0	0.0
UBA6927 sp002717725	2	1	1	0.0	0.0
UBA6929 sp002448815	3	3	3	0.0	0.0
UBA693 sp002298785	2	1	1	100.0	11.0
UBA693 sp903913865	3	3	3	100.0	13.0
UBA6934 sp002346625	2	1	1	0.0	0.0
UBA6935 sp002722705	2	1	1	0.0	0.0
UBA6940 sp002450655	4	6	6	83.33333333333333	2.5
UBA6944 sp002296525	12	66	66	0.0	0.0
UBA6944 sp002724355	5	10	10	10.0	0.0
UBA695 sp903933715	4	6	6	66.66666666666667	2.0
UBA6952 sp002450515	2	1	1	0.0	0.0
UBA6955 sp002707835	4	6	6	0.0	0.0
UBA6957 sp002707365	2	1	1	0.0	0.0
UBA6984 sp003258725	3	3	3	0.0	0.0
UBA6984 sp900321735	3	3	3	33.333333333333336	1.0
UBA6984 sp900550295	3	3	3	33.333333333333336	1.0
UBA6985 sp900314465	2	1	1	0.0	0.0
UBA6987 sp016290595	2	1	1	100.0	3.0
UBA6987 sp902789555	3	3	3	0.0	0.0
UBA6987 sp902793995	2	1	1	0.0	0.0
UBA6987 sp902803355	3	3	3	0.0	0.0
UBA7050 sp002493905	3	3	3	0.0	0.0
UBA7050 sp003979345	3	3	3	0.0	0.0
UBA7050 sp014804425	2	1	1	100.0	7.0
UBA71 sp002506425	6	15	15	40.0	1.0
UBA71 sp006954425	2	1	1	100.0	5.0
UBA71 sp006954465	3	3	3	100.0	3.0
UBA71 sp015063125	2	1	1	100.0	2.0
UBA71 sp015063135	2	1	1	0.0	0.0
UBA71 sp015063165	5	10	10	60.0	2.0
UBA71 sp015063285	6	15	15	73.33333333333333	2.0
UBA71 sp017519045	2	1	1	0.0	0.0
UBA71 sp017524805	2	1	1	0.0	0.0
UBA71 sp017935945	3	3	3	0.0	0.0
UBA710 sp002298905	2	1	1	0.0	0.0
UBA710 sp017511585	2	1	1	0.0	0.0
UBA7109 sp910575605	2	1	1	100.0	4.0
UBA7109 sp910576335	3	3	3	100.0	3.0
UBA7173 sp001689485	5	10	10	60.0	2.0
UBA7173 sp001689685	9	36	36	5.555555555555555	0.0
UBA7173 sp001701135	3	3	3	33.333333333333336	1.0
UBA7173 sp001915385	4	6	6	100.0	12.5
UBA7173 sp002491305	6	15	15	40.0	1.0
UBA7173 sp004102805	3	3	3	0.0	1.0
UBA7173 sp013316535	2	1	1	100.0	2.0
UBA7173 sp013316675	3	3	3	100.0	6.0
UBA7173 sp014800385	3	3	3	100.0	2.0
UBA7173 sp014801075	4	6	6	83.33333333333333	3.5
UBA7173 sp014802535	2	1	1	0.0	1.0
UBA7173 sp900540205	4	6	6	50.0	2.0
UBA7173 sp900545955	4	6	6	0.0	0.0
UBA7173 sp900546835	3	3	3	66.66666666666667	2.0
UBA7173 sp900548705	4	6	6	100.0	3.0
UBA7173 sp900552325	2	1	1	0.0	0.0
UBA7173 sp900555165	3	3	3	66.66666666666667	5.0
UBA7185 sp002491065	5	10	10	0.0	0.0
UBA7185 sp017399005	2	1	1	100.0	4.0
UBA7185 sp017622155	3	3	3	0.0	1.0
UBA721 sp002348315	2	1	1	0.0	0.0
UBA721 sp002698965	2	1	1	0.0	0.0
UBA721 sp002701385	6	15	15	0.0	0.0
UBA721 sp002705165	2	1	1	0.0	0.0
UBA721 sp012965455	2	1	1	0.0	0.0
UBA721 sp018660825	7	21	21	61.904761904761905	2.0
UBA7227 sp002473085	10	45	45	44.44444444444444	1.0
UBA7236 sp002473275	4	6	6	50.0	2.0
UBA7236 sp016706255	2	1	1	100.0	35.0
UBA7236 sp016718035	5	10	10	80.0	6.0
UBA7239 sp002333095	3	3	3	66.66666666666667	3.0
UBA7239 sp016713115	2	1	1	100.0	12.0
UBA724 sp002430545	2	1	1	0.0	1.0
UBA724 sp002723075	6	15	15	6.666666666666667	0.0
UBA724 sp018672145	2	1	1	0.0	0.0
UBA724 sp902536935	2	1	1	0.0	0.0
UBA729 sp002722995	2	1	1	0.0	0.0
UBA7312 sp002715345	2	1	1	0.0	0.0
UBA7312 sp902580855	2	1	1	0.0	0.0
UBA7326 sp002708305	5	10	10	0.0	0.0
UBA7326 sp003212315	6	15	15	13.333333333333334	1.0
UBA7326 sp003284265	2	1	1	0.0	0.0
UBA7328 sp002471345	2	1	1	0.0	0.0
UBA7330 sp002471275	3	3	3	66.66666666666667	2.0
UBA7359 sp002292815	2	1	1	0.0	0.0
UBA7359 sp002470825	2	1	1	0.0	0.0
UBA7359 sp012960105	2	1	1	0.0	0.0
UBA7359 sp013112535	2	1	1	0.0	0.0
UBA737 sp002297415	3	3	3	33.333333333333336	1.0
UBA737 sp002363095	2	1	1	0.0	0.0
UBA737 sp002371985	2	1	1	0.0	1.0
UBA737 sp002431945	6	15	15	73.33333333333333	5.0
UBA737 sp015066005	2	1	1	100.0	18.0
UBA737 sp015066445	2	1	1	0.0	1.0
UBA737 sp016287385	3	3	3	33.333333333333336	1.0
UBA737 sp017390725	2	1	1	0.0	0.0
UBA737 sp017431035	2	1	1	0.0	1.0
UBA737 sp017503305	2	1	1	0.0	0.0
UBA737 sp017622555	2	1	1	0.0	1.0
UBA737 sp900543215	3	3	3	100.0	5.0
UBA737 sp900547095	3	3	3	33.333333333333336	1.0
UBA737 sp900547305	2	1	1	100.0	3.0
UBA737 sp900547445	2	1	1	0.0	0.0
UBA737 sp900549055	4	6	6	50.0	1.5
UBA737 sp900549755	3	3	3	33.333333333333336	1.0
UBA737 sp900754145	3	3	3	33.333333333333336	1.0
UBA737 sp902762875	3	3	3	33.333333333333336	1.0
UBA737 sp904501875	2	1	1	0.0	0.0
UBA737 sp904502215	2	1	1	0.0	0.0
UBA7377 sp002170285	2	1	1	0.0	0.0
UBA7377 sp002170395	2	1	1	0.0	0.0
UBA7378 sp002469805	5	10	10	0.0	0.0
UBA7378 sp002689195	4	6	6	66.66666666666667	4.0
UBA738 sp002404605	3	3	3	66.66666666666667	4.0
UBA738 sp003522945	7	21	21	61.904761904761905	2.0
UBA738 sp004557735	10	45	45	40.0	1.0
UBA738 sp017540645	2	1	1	100.0	2.0
UBA738 sp902768805	3	3	3	0.0	0.0
UBA7388 sp002470695	10	45	45	44.44444444444444	1.0
UBA7398 sp002470135	4	6	6	0.0	0.0
UBA7398 sp903878415	19	171	171	0.0	0.0
UBA7405 sp000755535	8	28	28	46.42857142857143	2.0
UBA7428 sp002477625	4	6	6	0.0	0.0
UBA7428 sp003023645	2	1	1	0.0	1.0
UBA7428 sp905181615	2	1	1	0.0	0.0
UBA7428 sp905478905	2	1	1	0.0	0.0
UBA7434 sp002339085	2	1	1	0.0	0.0
UBA7434 sp002480045	7	21	21	0.0	0.0
UBA7434 sp002726445	2	1	1	0.0	0.0
UBA7434 sp003492055	2	1	1	0.0	0.0
UBA7434 sp004283095	6	15	15	6.666666666666667	0.0
UBA7434 sp018668095	2	1	1	0.0	0.0
UBA7441 sp002480015	7	21	21	9.523809523809524	0.0
UBA7441 sp002729725	2	1	1	100.0	7.0
UBA7441 sp002862945	2	1	1	0.0	0.0
UBA7441 sp009886465	2	1	1	0.0	0.0
UBA7445 sp002470925	2	1	1	0.0	0.0
UBA7446 sp002313325	2	1	1	0.0	0.0
UBA7446 sp002470745	3	3	3	0.0	0.0
UBA7446 sp002478685	3	3	3	0.0	0.0
UBA7446 sp002862645	2	1	1	0.0	0.0
UBA7446 sp002862705	14	91	91	13.186813186813186	0.0
UBA7451 sp002457275	3	3	3	0.0	0.0
UBA7455 sp002690865	3	3	3	66.66666666666667	2.0
UBA7455 sp003452295	2	1	1	100.0	4.0
UBA7542 sp003134375	18	153	153	94.11764705882354	9.0
UBA7597 sp003448195	4	6	6	50.0	1.5
UBA7597 sp900542935	5	10	10	30.0	0.0
UBA7657 sp002483465	3	3	3	100.0	3.0
UBA7694 sp002482705	2	1	1	0.0	0.0
UBA7741 sp900314495	9	36	36	66.66666666666667	2.0
UBA7741 sp900314575	3	3	3	0.0	0.0
UBA7748 sp003862175	2	1	1	100.0	6.0
UBA7748 sp900313905	5	10	10	70.0	2.0
UBA7748 sp900314535	25	300	300	82.0	4.0
UBA7797 sp002480645	7	21	21	14.285714285714286	0.0
UBA7800 sp002480565	5	10	10	100.0	22.0
UBA7803 sp002480525	3	3	3	0.0	0.0
UBA7805 sp002480485	3	3	3	0.0	0.0
UBA7862 sp002500135	2	1	1	0.0	1.0
UBA7867 sp002405615	2	1	1	0.0	0.0
UBA7879 sp002500565	2	1	1	0.0	0.0
UBA7888 sp002500505	2	1	1	0.0	0.0
UBA7916 sp002308435	2	1	1	0.0	0.0
UBA7916 sp002722435	2	1	1	0.0	0.0
UBA7930 sp003453535	2	1	1	0.0	0.0
UBA796 sp002296975	3	3	3	33.333333333333336	0.0
UBA7971 sp002686885	6	15	15	73.33333333333333	2.0
UBA7985 sp002700865	2	1	1	0.0	0.0
UBA7985 sp002705565	2	1	1	0.0	0.0
UBA7985 sp002708995	3	3	3	66.66666666666667	2.0
UBA7985 sp002711265	3	3	3	0.0	0.0
UBA8079 sp018667335	6	15	15	0.0	0.0
UBA8079 sp018702955	5	10	10	10.0	0.0
UBA8087 sp002171655	2	1	1	0.0	0.0
UBA8087 sp002709755	2	1	1	0.0	0.0
UBA8106 sp002696705	2	1	1	0.0	0.0
UBA8108 sp002695115	2	1	1	0.0	1.0
UBA8108 sp002708465	2	1	1	0.0	1.0
UBA8110 sp002707655	5	10	10	80.0	2.0
UBA8110 sp002726945	2	1	1	0.0	1.0
UBA816 sp002313635	6	15	15	0.0	0.0
UBA817 sp002296285	2	1	1	0.0	0.0
UBA8199 sp003527065	6	15	15	33.333333333333336	1.0
UBA8202 sp003521565	2	1	1	0.0	0.0
UBA822 sp002731735	5	10	10	0.0	0.0
UBA8229 sp012964235	2	1	1	0.0	0.0
UBA823 sp002296225	4	6	6	16.666666666666668	0.0
UBA8248 sp002685755	2	1	1	0.0	0.0
UBA8248 sp018669005	9	36	36	2.7777777777777777	0.0
UBA826 sp002718095	6	15	15	6.666666666666667	0.0
UBA8260 sp003134115	8	28	28	60.714285714285715	2.0
UBA8260 sp003135255	2	1	1	0.0	0.0
UBA8260 sp003142035	2	1	1	0.0	0.0
UBA8260 sp003170875	2	1	1	0.0	0.0
UBA8260 sp003491925	2	1	1	100.0	2.0
UBA8296 sp002338335	5	10	10	0.0	0.0
UBA830 sp002471575	7	21	21	14.285714285714286	1.0
UBA830 sp002937455	5	10	10	10.0	0.0
UBA830 sp905479125	3	3	3	0.0	0.0
UBA8309 sp001627655	8	28	28	42.857142857142854	1.0
UBA8309 sp002686685	5	10	10	10.0	0.0
UBA8309 sp016780765	14	91	91	13.186813186813186	0.0
UBA8316 sp002364535	2	1	1	0.0	0.0
UBA8316 sp002390455	3	3	3	33.333333333333336	0.0
UBA8316 sp002695445	2	1	1	0.0	1.0
UBA8316 sp002711215	2	1	1	0.0	0.0
UBA8316 sp003538555	2	1	1	0.0	0.0
UBA8316 sp009936675	3	3	3	0.0	0.0
UBA8316 sp902515395	2	1	1	0.0	1.0
UBA8316 sp902590705	2	1	1	0.0	0.0
UBA8316 sp905182575	2	1	1	0.0	0.0
UBA8317 sp002469865	4	6	6	0.0	0.0
UBA8337 sp002721725	2	1	1	0.0	0.0
UBA8337 sp009920875	2	1	1	0.0	0.0
UBA8337 sp018660505	3	3	3	0.0	0.0
UBA8337 sp900197605	6	15	15	0.0	0.0
UBA8363 sp002753515	4	6	6	100.0	19.5
UBA8363 sp002753615	3	3	3	100.0	3.0
UBA8363 sp002753735	7	21	21	85.71428571428571	6.0
UBA8363 sp013349385	2	1	1	100.0	5.0
UBA8363 sp015228975	2	1	1	100.0	15.0
UBA8366 sp002722095	2	1	1	100.0	4.0
UBA8401 sp903861125	16	120	120	47.5	1.0
UBA8401 sp903958625	6	15	15	60.0	2.0
UBA8403 sp002325615	3	3	3	0.0	0.0
UBA8416 sp002428045	2	1	1	100.0	14.0
UBA8437 sp002724315	2	1	1	0.0	0.0
UBA8444 sp002714805	2	1	1	0.0	0.0
UBA845 sp002711995	4	6	6	0.0	0.0
UBA845 sp002718735	3	3	3	33.333333333333336	1.0
UBA8468 sp002791075	3	3	3	0.0	0.0
UBA8471 sp001871535	3	3	3	0.0	1.0
UBA8473 sp002782605	7	21	21	42.857142857142854	1.0
UBA8475 sp002780785	2	1	1	0.0	0.0
UBA8475 sp018826025	2	1	1	0.0	1.0
UBA8480 sp001871495	2	1	1	100.0	3.0
UBA8481 sp002780065	2	1	1	0.0	0.0
UBA8498 sp000503835	18	153	153	0.0	0.0
UBA8498 sp000996895	14	91	91	0.0	0.0
UBA8498 sp001773135	4	6	6	0.0	0.0
UBA8498 sp001773255	7	21	21	0.0	0.0
UBA8498 sp001773385	2	1	1	0.0	0.0
UBA8515 sp000505065	2	1	1	0.0	0.0
UBA8515 sp000990325	7	21	21	0.0	0.0
UBA8515 sp000991405	16	120	120	0.0	0.0
UBA8515 sp003155695	2	1	1	0.0	0.0
UBA8515 sp018061145	2	1	1	0.0	0.0
UBA8515 sp903834665	2	1	1	0.0	0.0
UBA8515 sp903862375	4	6	6	0.0	0.0
UBA8515 sp903929735	2	1	1	0.0	0.0
UBA8517 sp000997405	3	3	3	0.0	0.0
UBA8517 sp003484955	3	3	3	0.0	0.0
UBA8518 sp903841185	4	6	6	0.0	0.5
UBA852 sp002295925	4	6	6	0.0	0.0
UBA8525 sp002839335	5	10	10	80.0	2.5
UBA8530 sp003503675	2	1	1	0.0	0.0
UBA854 sp002295885	2	1	1	100.0	2.0
UBA854 sp002364485	2	1	1	100.0	3.0
UBA8558 sp002712065	5	10	10	0.0	0.0
UBA8592 sp002171605	5	10	10	0.0	0.0
UBA8592 sp002295705	4	6	6	0.0	0.0
UBA8592 sp002341185	2	1	1	0.0	0.0
UBA8592 sp002380145	6	15	15	6.666666666666667	0.0
UBA8592 sp002703045	3	3	3	0.0	0.0
UBA8592 sp002712325	2	1	1	0.0	0.0
UBA8592 sp002712415	3	3	3	0.0	1.0
UBA8592 sp002713485	2	1	1	100.0	2.0
UBA8592 sp002713605	2	1	1	0.0	0.0
UBA8592 sp002720485	2	1	1	0.0	0.0
UBA8592 sp002722525	2	1	1	0.0	0.0
UBA8592 sp002724825	3	3	3	0.0	0.0
UBA8612 sp017410325	2	1	1	100.0	5.0
UBA8612 sp017416765	2	1	1	100.0	2.0
UBA8649 sp002862745	3	3	3	0.0	0.0
UBA8653 sp002168105	2	1	1	100.0	2.0
UBA8653 sp002862275	4	6	6	16.666666666666668	0.0
UBA868 sp002171735	3	3	3	0.0	0.0
UBA868 sp002295285	2	1	1	0.0	1.0
UBA868 sp002327725	5	10	10	10.0	0.0
UBA868 sp002477475	11	55	55	16.363636363636363	0.0
UBA868 sp002694065	3	3	3	0.0	0.0
UBA868 sp010025385	8	28	28	10.714285714285714	0.5
UBA868 sp018661145	4	6	6	0.0	0.0
UBA868 sp018672825	14	91	91	6.593406593406593	0.0
UBA8687 sp009873655	3	3	3	66.66666666666667	2.0
UBA8752 sp002336475	2	1	1	0.0	0.0
UBA8752 sp002389295	3	3	3	0.0	0.0
UBA877 sp903884265	2	1	1	0.0	0.0
UBA8828 sp903868455	7	21	21	33.333333333333336	1.0
UBA8828 sp903929325	2	1	1	0.0	0.0
UBA8828 sp903957465	2	1	1	0.0	0.0
UBA8886 sp002509165	3	3	3	0.0	0.0
UBA8886 sp002687355	2	1	1	0.0	0.0
UBA8886 sp002731655	4	6	6	0.0	0.0
UBA8898 sp002070955	3	3	3	33.333333333333336	1.0
UBA8898 sp002402755	2	1	1	100.0	5.0
UBA890 sp002722645	3	3	3	33.333333333333336	0.0
UBA8901 sp002403115	2	1	1	0.0	1.0
UBA8904 sp002070455	2	1	1	100.0	3.0
UBA8904 sp002304995	6	15	15	46.666666666666664	1.0
UBA8904 sp003506745	3	3	3	0.0	0.0
UBA8904 sp012729055	2	1	1	0.0	0.0
UBA8904 sp012797505	5	10	10	10.0	0.0
UBA8904 sp018056765	2	1	1	0.0	0.0
UBA8905 sp002402795	2	1	1	0.0	0.0
UBA8919 sp002402375	2	1	1	100.0	7.0
UBA8950 sp001872455	4	6	6	0.0	0.5
UBA8958 sp903885795	6	15	15	53.333333333333336	2.0
UBA9002 sp003519545	3	3	3	33.333333333333336	1.0
UBA9040 sp002731665	2	1	1	0.0	0.0
UBA9040 sp905182565	2	1	1	0.0	0.0
UBA9042 sp002726535	2	1	1	0.0	0.0
UBA9076 sp003537975	2	1	1	0.0	0.0
UBA910 sp002294445	2	1	1	0.0	0.0
UBA910 sp903870365	3	3	3	0.0	0.0
UBA9145 sp001438145	25	300	300	1.0	0.0
UBA9145 sp002172295	2	1	1	0.0	0.0
UBA9145 sp002457215	2	1	1	100.0	4.0
UBA9145 sp002477465	11	55	55	25.454545454545453	0.0
UBA9145 sp002684935	3	3	3	0.0	0.0
UBA9145 sp002691885	2	1	1	0.0	0.0
UBA9145 sp002694855	6	15	15	6.666666666666667	0.0
UBA9145 sp002712055	5	10	10	0.0	0.0
UBA9145 sp002727755	3	3	3	0.0	0.0
UBA9145 sp002730035	2	1	1	0.0	1.0
UBA9145 sp002731775	6	15	15	60.0	2.0
UBA9145 sp003482475	3	3	3	0.0	0.0
UBA9145 sp003483155	6	15	15	26.666666666666668	0.0
UBA9145 sp003514305	2	1	1	0.0	0.0
UBA9145 sp007571115	2	1	1	100.0	2.0
UBA9145 sp008081045	4	6	6	16.666666666666668	0.5
UBA9145 sp009844085	13	78	78	83.33333333333333	6.0
UBA9145 sp012960305	2	1	1	0.0	0.0
UBA9145 sp016762995	2	1	1	0.0	0.0
UBA9145 sp018401885	3	3	3	33.333333333333336	1.0
UBA9145 sp018661465	14	91	91	0.0	0.0
UBA9148 sp002323325	2	1	1	100.0	2.0
UBA9148 sp902623005	2	1	1	100.0	2.0
UBA917 sp002293855	2	1	1	0.0	0.0
UBA919 sp002344425	4	6	6	0.0	0.5
UBA92 sp002497285	2	1	1	0.0	0.0
UBA920 sp002293685	6	15	15	73.33333333333333	2.0
UBA9212 sp9212u	2	1	1	0.0	0.0
UBA9215 sp009993885	2	1	1	0.0	0.0
UBA9216 sp016839055	2	1	1	0.0	0.0
UBA923 sp002387735	4	6	6	0.0	0.0
UBA927 sp002430725	8	28	28	14.285714285714286	0.0
UBA927 sp002433895	2	1	1	0.0	0.0
UBA93 sp002792915	6	15	15	6.666666666666667	0.0
UBA931 sp002293615	2	1	1	0.0	0.0
UBA931 sp009786085	2	1	1	0.0	0.0
UBA932 sp009777095	2	1	1	0.0	0.0
UBA9320 sp002384205	2	1	1	0.0	0.0
UBA9320 sp003484585	2	1	1	0.0	0.0
UBA9320 sp003516975	3	3	3	0.0	0.0
UBA9337 sp000990945	3	3	3	0.0	0.0
UBA9337 sp003056165	2	1	1	100.0	2.0
UBA9337 sp003507475	2	1	1	0.0	0.0
UBA940 sp015060105	2	1	1	100.0	4.0
UBA9410 sp002348705	6	15	15	6.666666666666667	0.0
UBA9410 sp002727895	2	1	1	0.0	1.0
UBA9410 sp012961035	2	1	1	0.0	0.0
UBA9410 sp014237715	2	1	1	100.0	2.0
UBA9410 sp014240365	5	10	10	40.0	1.0
UBA9414 sp003458885	2	1	1	0.0	1.0
UBA945 sp900549675	2	1	1	0.0	0.0
UBA9455 sp002313245	5	10	10	10.0	1.0
UBA95 sp002499405	5	10	10	0.0	0.0
UBA9506 sp003506415	6	15	15	73.33333333333333	2.0
UBA952 sp002167775	2	1	1	100.0	2.0
UBA952 sp002478565	2	1	1	0.0	1.0
UBA952 sp002480215	2	1	1	0.0	0.0
UBA952 sp003512365	2	1	1	0.0	1.0
UBA952 sp009924735	4	6	6	16.666666666666668	0.0
UBA952 sp009925805	2	1	1	0.0	0.0
UBA952 sp016866255	2	1	1	0.0	0.0
UBA952 sp017983465	2	1	1	0.0	0.0
UBA952 sp018665005	2	1	1	0.0	0.0
UBA952 sp903823565	6	15	15	0.0	0.0
UBA952 sp903860985	3	3	3	0.0	0.0
UBA952 sp903935095	5	10	10	0.0	0.0
UBA952 sp903939755	3	3	3	0.0	0.0
UBA953 sp002293065	4	6	6	0.0	0.0
UBA953 sp002293125	2	1	1	0.0	0.0
UBA953 sp002470605	17	136	136	17.647058823529413	0.5
UBA953 sp002737185	2	1	1	0.0	0.0
UBA953 sp003569405	4	6	6	0.0	0.0
UBA953 sp903829855	14	91	91	15.384615384615385	0.0
UBA953 sp903840235	2	1	1	100.0	2.0
UBA953 sp903840355	15	105	105	0.0	0.0
UBA953 sp903850885	7	21	21	19.047619047619047	1.0
UBA953 sp903853185	2	1	1	0.0	1.0
UBA953 sp903855995	20	190	190	24.210526315789473	0.0
UBA953 sp903860195	5	10	10	20.0	1.0
UBA953 sp903882335	7	21	21	0.0	0.0
UBA953 sp903895475	5	10	10	40.0	1.0
UBA953 sp903909465	2	1	1	0.0	1.0
UBA953 sp903913915	3	3	3	0.0	0.0
UBA953 sp903919185	4	6	6	0.0	0.0
UBA953 sp903924185	2	1	1	0.0	0.0
UBA954 sp002293155	18	153	153	7.189542483660131	0.0
UBA955 sp002293105	10	45	45	0.0	0.0
UBA955 sp002347985	2	1	1	0.0	0.0
UBA955 sp002737625	3	3	3	0.0	1.0
UBA955 sp002737705	2	1	1	0.0	0.0
UBA955 sp005788145	5	10	10	10.0	0.0
UBA955 sp005798825	5	10	10	10.0	0.0
UBA955 sp903959115	5	10	10	10.0	0.5
UBA9554 sp003512825	3	3	3	0.0	1.0
UBA956 sp002293145	4	6	6	50.0	5.5
UBA9579 sp001784615	2	1	1	0.0	0.0
UBA961 sp005788035	4	6	6	16.666666666666668	0.0
UBA961 sp014191195	2	1	1	0.0	0.0
UBA961 sp016873735	2	1	1	0.0	0.0
UBA9611 sp002328185	6	15	15	13.333333333333334	0.0
UBA9611 sp002698265	6	15	15	6.666666666666667	0.0
UBA9611 sp002721995	7	21	21	0.0	0.0
UBA9611 sp002746355	6	15	15	20.0	0.0
UBA9611 sp009391975	9	36	36	0.0	0.0
UBA9611 sp009392075	2	1	1	0.0	0.0
UBA9611 sp012959605	2	1	1	0.0	0.0
UBA9619 sp002718155	3	3	3	0.0	0.0
UBA9627 sp003452965	3	3	3	0.0	0.0
UBA9628 sp003452935	2	1	1	0.0	1.0
UBA9628 sp903830945	2	1	1	0.0	1.0
UBA9629 sp001818235	9	36	36	0.0	0.0
UBA963 sp002292955	2	1	1	0.0	0.0
UBA9630 sp003482885	2	1	1	0.0	0.0
UBA9630 sp903937035	4	6	6	0.0	0.0
UBA9631 sp003483925	4	6	6	0.0	0.5
UBA9634 sp001799565	5	10	10	30.0	1.0
UBA9637 sp001797665	9	36	36	13.88888888888889	0.0
UBA964 sp002292945	2	1	1	0.0	1.0
UBA964 sp010031985	12	66	66	80.3030303030303	4.5
UBA964 sp016874235	2	1	1	0.0	0.0
UBA964 sp903885195	6	15	15	0.0	0.0
UBA964 sp903910215	2	1	1	0.0	0.0
UBA964 sp903938365	4	6	6	50.0	1.5
UBA9642 sp12459u	5	10	10	0.0	0.0
UBA9644 sp003519445	7	21	21	0.0	0.0
UBA9645 sp001818155	9	36	36	11.11111111111111	0.0
UBA9647 sp003170475	3	3	3	0.0	0.0
UBA9649 sp001804415	9	36	36	30.555555555555557	0.0
UBA965 sp002292925	2	1	1	100.0	2.0
UBA965 sp003670675	2	1	1	0.0	0.0
UBA965 sp903889425	6	15	15	60.0	2.0
UBA965 sp903932805	4	6	6	83.33333333333333	3.0
UBA9653 sp018818785	2	1	1	0.0	1.0
UBA9655 sp001767835	13	78	78	29.487179487179485	0.0
UBA9659 sp002694945	3	3	3	0.0	0.0
UBA9659 sp012961165	2	1	1	0.0	1.0
UBA9659 sp017642855	7	21	21	28.571428571428573	0.0
UBA9659 sp018645845	4	6	6	66.66666666666667	2.0
UBA9659 sp018656865	3	3	3	0.0	0.0
UBA9659 sp018665025	14	91	91	71.42857142857143	2.0
UBA966 sp002292895	3	3	3	33.333333333333336	1.0
UBA966 sp002737585	2	1	1	0.0	1.0
UBA9662 sp002697225	4	6	6	50.0	1.5
UBA9662 sp012963885	4	6	6	0.0	0.0
UBA9664 sp002699085	2	1	1	0.0	0.0
UBA967 sp002290555	2	1	1	0.0	0.0
UBA967 sp009920585	2	1	1	100.0	4.0
UBA969 sp002303765	2	1	1	100.0	5.0
UBA969 sp003671255	7	21	21	4.761904761904762	0.0
UBA969 sp009920765	2	1	1	0.0	0.0
UBA969 sp903960945	7	21	21	47.61904761904762	1.0
UBA97 sp001871595	2	1	1	0.0	0.0
UBA970 sp903845135	4	6	6	0.0	0.5
UBA9715 sp902779135	4	6	6	66.66666666666667	3.0
UBA9722 sp900315015	6	15	15	0.0	0.0
UBA9732 sp001940825	3	3	3	100.0	5.0
UBA9732 sp017618315	2	1	1	0.0	0.0
UBA9732 sp900321635	2	1	1	0.0	0.0
UBA9732 sp902781545	12	66	66	19.696969696969695	0.0
UBA974 sp002292405	2	1	1	0.0	0.0
UBA974 sp002700285	2	1	1	0.0	1.0
UBA974 sp012963975	4	6	6	0.0	0.0
UBA974 sp902578505	2	1	1	0.0	1.0
UBA9775 sp003520145	4	6	6	16.666666666666668	0.5
UBA9786 sp003518745	3	3	3	66.66666666666667	2.0
UBA9786 sp902785705	4	6	6	100.0	8.0
UBA981 sp002292285	3	3	3	100.0	2.0
UBA985 sp002292185	3	3	3	0.0	0.0
UBA985 sp003527555	4	6	6	0.0	1.0
UBA985 sp013041925	2	1	1	0.0	0.0
UBA985 sp016811075	3	3	3	0.0	0.0
UBA985 sp017857425	2	1	1	0.0	0.0
UBA9862 sp003444595	2	1	1	0.0	0.0
UBA9865 sp003444375	2	1	1	0.0	1.0
UBA987 sp002292105	2	1	1	0.0	0.0
UBA9910 sp003444085	3	3	3	66.66666666666667	2.0
UBA9910 sp003561215	4	6	6	0.0	1.0
UBA9926 sp003451575	11	55	55	0.0	0.0
UBA9926 sp012960535	2	1	1	0.0	0.0
UBA9926 sp018647445	2	1	1	0.0	1.0
UBA9926 sp018666555	4	6	6	0.0	0.0
UBA9933 sp001000675	3	3	3	0.0	0.0
UBA9933 sp001029635	8	28	28	39.285714285714285	0.0
UBA9933 sp001793945	2	1	1	0.0	0.0
UBA9934 sp003453595	19	171	171	0.0	0.0
UBA9934 sp018673485	2	1	1	0.0	0.0
UBA9934 sp018896835	2	1	1	100.0	3.0
UBA9936 sp001774105	11	55	55	3.6363636363636362	0.0
UBA994 sp018725205	3	3	3	66.66666666666667	2.0
UBA9942 sp003489165	2	1	1	0.0	0.0
UBA9949 sp002068435	2	1	1	100.0	3.0
UBA9949 sp002499905	2	1	1	0.0	0.0
UBA9949 sp013415565	2	1	1	0.0	0.0
UBA9959 sp001799615	2	1	1	0.0	0.0
UBA9959 sp001799715	4	6	6	0.0	0.0
UBA9959 sp001799895	2	1	1	0.0	0.0
UBA9959 sp001799995	2	1	1	100.0	3.0
UBA9959 sp001800275	2	1	1	0.0	0.0
UBA9959 sp001871115	3	3	3	100.0	4.0
UBA9959 sp903879915	7	21	21	14.285714285714286	0.0
UBA9968 sp001798565	2	1	1	0.0	0.0
UBA9968 sp001799045	3	3	3	0.0	0.0
UBA9968 sp016184235	3	3	3	0.0	1.0
UBA9973 sp000989515	8	28	28	0.0	0.0
UBA9973 sp000990145	3	3	3	0.0	0.0
UBA9973 sp000991415	6	15	15	0.0	0.0
UBA9973 sp000999465	19	171	171	3.508771929824561	0.0
UBA9973 sp001785355	4	6	6	16.666666666666668	0.0
UBA9973 sp001785445	15	105	105	9.523809523809524	0.0
UBA9973 sp001785675	4	6	6	0.0	0.0
UBA9973 sp001785865	2	1	1	0.0	0.0
UBA9973 sp001786195	9	36	36	0.0	0.0
UBA9973 sp001786365	3	3	3	33.333333333333336	0.0
UBA9973 sp001786745	3	3	3	0.0	0.0
UBA9973 sp001786765	3	3	3	0.0	0.0
UBA9973 sp001786835	2	1	1	0.0	0.0
UBA9973 sp001786955	8	28	28	0.0	0.0
UBA9973 sp001787035	2	1	1	0.0	0.0
UBA9973 sp001787125	3	3	3	0.0	0.0
UBA9973 sp001787205	4	6	6	0.0	0.0
UBA9973 sp002788475	3	3	3	0.0	0.0
UBA9973 sp002792755	3	3	3	0.0	0.0
UBA9973 sp018063015	2	1	1	0.0	0.0
UBA9973 sp018813625	2	1	1	0.0	0.0
UBA9973 sp903888625	2	1	1	0.0	0.0
UBA9973 sp903904195	3	3	3	0.0	0.0
UBA9978 sp000995065	6	15	15	0.0	0.0
UBA9980 sp001791795	2	1	1	0.0	0.0
UBA9983 sp000996035	8	28	28	0.0	0.0
UBA9988 sp001823095	6	15	15	0.0	0.0
UBA9989 sp9989u	5	10	10	40.0	0.5
UCB2 sp003577245	3	3	3	100.0	3.0
UKL13-2 sp001602455	2	1	1	100.0	5.0
UKL13-3 sp001602415	2	1	1	0.0	0.0
UM-FILTER-34-12 sp002789465	2	1	1	0.0	0.0
UM-FILTER-36-11 sp002781265	4	6	6	0.0	0.0
UM-FILTER-36-13 sp002787405	3	3	3	0.0	0.0
UM-FILTER-38-24 sp002792535	2	1	1	0.0	0.0
UM-FILTER-39-15 sp002784465	3	3	3	0.0	0.0
UM-FILTER-39-64 sp002784365	5	10	10	0.0	0.0
UM-FILTER-40-11 sp002780305	3	3	3	0.0	0.0
UM-FILTER-40-16 sp002791475	2	1	1	0.0	1.0
UM-FILTER-41-14 sp002788755	3	3	3	0.0	0.0
UM-FILTER-41-21 sp002782865	5	10	10	0.0	0.0
UM-FILTER-41-35 sp002791275	2	1	1	0.0	0.0
UM-FILTER-43-11-A sp002791035	3	3	3	0.0	0.0
UM-FILTER-44-12 sp001873995	4	6	6	33.333333333333336	0.5
UM-FILTER-45-8 sp002781785	2	1	1	0.0	0.0
UM-FILTER-47-13 sp007117665	3	3	3	66.66666666666667	2.0
UM-FILTER-47-13 sp012960155	2	1	1	0.0	0.0
UM-FILTER-48-10 sp002771615	2	1	1	0.0	0.0
UMGS1002 sp900547565	3	3	3	0.0	0.0
UMGS1052 sp900548115	2	1	1	0.0	1.0
UMGS1071 sp900541905	4	6	6	33.333333333333336	1.0
UMGS1071 sp900542375	4	6	6	50.0	1.0
UMGS1071 sp900548305	2	1	1	100.0	2.0
UMGS1109 sp900548675	3	3	3	0.0	0.0
UMGS1124 sp900548725	2	1	1	0.0	0.0
UMGS1224 sp900549775	2	1	1	0.0	0.0
UMGS1225 sp900549725	3	3	3	0.0	1.0
UMGS124 sp900555105	2	1	1	100.0	7.0
UMGS1264 sp900550095	2	1	1	0.0	0.0
UMGS1279 sp900550315	3	3	3	33.333333333333336	1.0
UMGS1307 sp017436675	2	1	1	0.0	1.0
UMGS1307 sp900550505	2	1	1	0.0	0.0
UMGS1312 sp900550625	3	3	3	66.66666666666667	3.0
UMGS1322 sp900550765	3	3	3	0.0	0.0
UMGS1326 sp900550775	3	3	3	100.0	2.0
UMGS1338 sp900550805	3	3	3	100.0	2.0
UMGS1370 sp900542035	3	3	3	33.333333333333336	1.0
UMGS1370 sp904395885	2	1	1	0.0	1.0
UMGS1375 sp900066615	16	120	120	75.83333333333333	3.0
UMGS1384 sp018384365	2	1	1	0.0	0.0
UMGS1384 sp900551265	2	1	1	100.0	2.0
UMGS1387 sp900551295	2	1	1	100.0	6.0
UMGS1449 sp900551925	2	1	1	0.0	0.0
UMGS1449 sp902797995	2	1	1	100.0	2.0
UMGS1470 sp900552105	3	3	3	66.66666666666667	2.0
UMGS1470 sp900766395	2	1	1	0.0	0.0
UMGS1474 sp900547105	3	3	3	0.0	0.0
UMGS1474 sp900552115	2	1	1	100.0	3.0
UMGS1477 sp900552205	2	1	1	0.0	0.0
UMGS1484 sp900552285	4	6	6	66.66666666666667	2.5
UMGS1484 sp902388225	2	1	1	0.0	1.0
UMGS1484 sp902796075	2	1	1	0.0	0.0
UMGS1490 sp900547395	2	1	1	100.0	14.0
UMGS1491 sp900552265	2	1	1	100.0	3.0
UMGS1491 sp900554335	2	1	1	0.0	0.0
UMGS1491 sp900554775	3	3	3	0.0	0.0
UMGS1502 sp900552365	2	1	1	0.0	0.0
UMGS1518 sp900552575	2	1	1	100.0	18.0
UMGS1519 sp900552585	4	6	6	0.0	0.0
UMGS1572 sp900553045	2	1	1	0.0	0.0
UMGS1585 sp900553205	3	3	3	66.66666666666667	2.0
UMGS1590 sp900552455	3	3	3	100.0	2.0
UMGS1590 sp900553245	3	3	3	0.0	0.0
UMGS1591 sp900553255	2	1	1	0.0	0.0
UMGS1591 sp905198295	2	1	1	100.0	3.0
UMGS1663 sp900553865	3	3	3	66.66666666666667	2.0
UMGS1668 sp004556975	6	15	15	0.0	0.0
UMGS1668 sp015067125	4	6	6	33.333333333333336	1.0
UMGS1668 sp017399625	4	6	6	83.33333333333333	6.0
UMGS1668 sp017521825	2	1	1	100.0	4.0
UMGS1668 sp017536625	3	3	3	100.0	16.0
UMGS1668 sp017847875	3	3	3	100.0	4.0
UMGS1668 sp018110905	2	1	1	100.0	3.0
UMGS1668 sp900553955	3	3	3	66.66666666666667	8.0
UMGS1696 sp017398585	2	1	1	100.0	6.0
UMGS1696 sp017472105	2	1	1	100.0	3.0
UMGS1696 sp900554225	2	1	1	100.0	3.0
UMGS1696 sp900753285	2	1	1	0.0	1.0
UMGS1696 sp902773525	3	3	3	33.333333333333336	1.0
UMGS1696 sp902778205	2	1	1	100.0	7.0
UMGS1696 sp902782445	3	3	3	100.0	3.0
UMGS1696 sp902783705	2	1	1	100.0	2.0
UMGS1696 sp902783755	2	1	1	100.0	2.0
UMGS172 sp900539855	3	3	3	66.66666666666667	6.0
UMGS172 sp904501685	2	1	1	0.0	0.0
UMGS1781 sp900553365	3	3	3	66.66666666666667	2.0
UMGS1781 sp900553695	3	3	3	33.333333333333336	0.0
UMGS1781 sp900554635	2	1	1	0.0	0.0
UMGS1781 sp900555075	3	3	3	0.0	0.0
UMGS1795 sp900553555	4	6	6	0.0	0.5
UMGS1795 sp900555125	4	6	6	33.333333333333336	0.5
UMGS1810 sp900555295	2	1	1	0.0	0.0
UMGS1820 sp900545865	4	6	6	50.0	1.5
UMGS1820 sp900555375	3	3	3	0.0	0.0
UMGS1820 sp902760955	2	1	1	100.0	2.0
UMGS1820 sp905201285	2	1	1	100.0	2.0
UMGS1840 sp900555525	2	1	1	100.0	6.0
UMGS1851 sp900555605	2	1	1	0.0	0.0
UMGS1864 sp900555835	2	1	1	0.0	1.0
UMGS1865 sp002438075	2	1	1	100.0	3.0
UMGS1865 sp017379815	2	1	1	0.0	0.0
UMGS1865 sp017501225	2	1	1	0.0	1.0
UMGS1865 sp017613355	2	1	1	0.0	1.0
UMGS1865 sp900547725	3	3	3	100.0	13.0
UMGS1865 sp900555785	3	3	3	100.0	7.0
UMGS1883 sp017441965	2	1	1	0.0	0.0
UMGS1883 sp905195005	3	3	3	66.66666666666667	2.0
UMGS1889 sp900556055	2	1	1	100.0	2.0
UMGS1901 sp900553755	2	1	1	0.0	0.0
UMGS1908 sp900556185	3	3	3	0.0	0.0
UMGS1975 sp900546685	4	6	6	16.666666666666668	0.5
UMGS1975 sp900556815	2	1	1	0.0	0.0
UMGS1975 sp900751745	2	1	1	0.0	0.0
UMGS1976 sp017383985	3	3	3	33.333333333333336	1.0
UMGS1976 sp017399535	4	6	6	0.0	0.0
UMGS1976 sp900556765	2	1	1	0.0	0.0
UMGS1994 sp900553945	2	1	1	0.0	0.0
UMGS2016 sp900557185	2	1	1	100.0	2.0
UMGS2037 sp900557385	3	3	3	0.0	0.0
UMGS2068 sp900557675	2	1	1	0.0	0.0
UMGS2069 sp900554955	3	3	3	0.0	0.0
UMGS2069 sp900557585	2	1	1	0.0	1.0
UMGS2070 sp900557655	3	3	3	0.0	0.0
UMGS263 sp900540535	2	1	1	0.0	0.0
UMGS27 sp900538555	3	3	3	33.333333333333336	1.0
UMGS363 sp900541495	3	3	3	66.66666666666667	12.0
UMGS363 sp900543105	4	6	6	83.33333333333333	6.0
UMGS363 sp900550695	3	3	3	66.66666666666667	5.0
UMGS363 sp900768245	2	1	1	100.0	12.0
UMGS621 sp900543915	4	6	6	50.0	1.5
UMGS687 sp900544595	4	6	6	33.333333333333336	0.5
UMGS687 sp900545735	3	3	3	66.66666666666667	3.0
UMGS687 sp900551705	3	3	3	66.66666666666667	2.0
UMGS692 sp900544545	3	3	3	66.66666666666667	2.0
UMGS731 sp017456005	2	1	1	100.0	2.0
UMGS731 sp900544985	3	3	3	66.66666666666667	5.0
UMGS75 sp900538885	2	1	1	0.0	1.0
UMGS75 sp900752975	2	1	1	100.0	2.0
UMGS755 sp900545185	2	1	1	100.0	2.0
UMGS775 sp900545325	2	1	1	0.0	0.0
UMGS822 sp015240065	2	1	1	0.0	0.0
UMGS856 sp900546265	3	3	3	66.66666666666667	5.0
UMGS872 sp900546275	3	3	3	33.333333333333336	0.0
UMGS882 sp003343885	2	1	1	100.0	5.0
UMGS882 sp900546385	3	3	3	66.66666666666667	5.0
UMGS882 sp900757905	2	1	1	100.0	3.0
UMGS902 sp003343845	4	6	6	50.0	2.0
UMGS902 sp004554105	2	1	1	0.0	0.0
UMGS902 sp900546635	2	1	1	0.0	0.0
UMGS902 sp900761025	3	3	3	66.66666666666667	5.0
UMGS911 sp003343545	4	6	6	16.666666666666668	0.0
UMGS911 sp900545935	4	6	6	100.0	8.0
UMGS911 sp900546695	3	3	3	100.0	2.0
UMGS915 sp900546795	2	1	1	0.0	0.0
UMGS929 sp900546875	4	6	6	50.0	1.5
UMGS946 sp900544965	4	6	6	33.333333333333336	1.0
UMGS946 sp900547135	2	1	1	100.0	2.0
UMGS973 sp016293805	2	1	1	0.0	0.0
UMGS973 sp900547295	3	3	3	100.0	4.0
UMGS995 sp900547465	3	3	3	0.0	0.0
UTBCD1 sp018266555	2	1	1	0.0	0.0
UTBCD1 sp018267515	2	1	1	0.0	0.0
UTCHB3 sp002050155	3	3	3	66.66666666666667	3.0
UTCHB3 sp016707285	4	6	6	100.0	7.5
UTPLA1 sp002050205	2	1	1	100.0	3.0
UTPRO1 sp002050235	2	1	1	0.0	0.0
UWMA-0041 sp012965625	2	1	1	100.0	2.0
UWMA-0117 sp012963895	2	1	1	0.0	0.0
UWMA-0217 sp012961935	2	1	1	100.0	3.0
UWMA-0277 sp018645865	3	3	3	0.0	0.0
UWMA-0277 sp905478185	2	1	1	0.0	1.0
UWMA-0346 sp012959465	2	1	1	0.0	0.0
Udaeobacter sp003217875	3	3	3	33.333333333333336	1.0
Udaeobacter sp003217895	5	10	10	10.0	0.0
Udaeobacter sp003218135	5	10	10	20.0	1.0
Udaeobacter sp003218415	2	1	1	0.0	0.0
Udaeobacter sp003218475	2	1	1	0.0	0.0
Udaeobacter sp003218535	3	3	3	33.333333333333336	0.0
Udaeobacter sp003218615	2	1	1	0.0	0.0
Udaeobacter sp003218755	4	6	6	100.0	2.0
Udaeobacter sp003218785	2	1	1	0.0	0.0
Udaeobacter sp003218815	3	3	3	0.0	0.0
Udaeobacter sp003218885	2	1	1	0.0	0.0
Udaeobacter sp003218945	2	1	1	100.0	2.0
Udaeobacter sp003218975	5	10	10	10.0	0.5
Udaeobacter sp003219005	2	1	1	0.0	0.0
Udaeobacter sp003219415	6	15	15	0.0	0.0
Udaeobacter sp003219945	4	6	6	66.66666666666667	2.5
Udaeobacter sp003220005	2	1	1	0.0	0.0
Udaeobacter sp003221195	2	1	1	0.0	1.0
Udaeobacter sp003221375	2	1	1	0.0	1.0
Uliginosibacterium sp016718265	3	3	3	100.0	15.0
Ulvibacter litoralis	2	1	1	0.0	0.0
Ulvibacter_A alkanivorans	2	1	1	0.0	0.0
Undibacterium aquatile	4	6	6	83.33333333333333	4.0
Undibacterium oligocarboniphilum	2	1	1	100.0	3.0
Undibacterium sp014284115	2	1	1	0.0	0.0
Undibacterium sp014284365	2	1	1	100.0	3.0
Undinarchaeum marinum	2	1	1	0.0	0.0
Undinarchaeum sp002687935	4	6	6	16.666666666666668	0.5
UphvI-Ar2 sp002352215	4	6	6	66.66666666666667	2.0
UphvI-Ar2 sp016789105	2	1	1	0.0	1.0
Ureaplasma diversum	2	1	1	100.0	4.0
Ureaplasma parvum	14	91	91	6.593406593406593	0.0
Ureaplasma sp900544585	3	3	3	66.66666666666667	2.0
Ureaplasma urealyticum	16	120	120	20.0	0.0
Ureibacillus antri	2	1	1	100.0	2.0
Ureibacillus chungkukjangi	2	1	1	0.0	0.0
Ureibacillus composti	2	1	1	0.0	0.0
Ureibacillus manganicus	2	1	1	0.0	0.0
Ureibacillus massiliensis	2	1	1	0.0	0.0
Ureibacillus sinduriensis	2	1	1	0.0	0.0
Ureibacillus thermosphaericus	4	6	6	50.0	1.5
Urinicoccus massiliensis	2	1	1	100.0	5.0
Urinicoccus timonensis	2	1	1	100.0	13.0
Ursidibacter maritimus	15	105	105	55.23809523809524	2.0
V9D3004 sp002349525	4	6	6	0.0	0.0
VAUL01 sp005774545	2	1	1	0.0	0.0
VAYN01 sp018268575	2	1	1	100.0	10.0
VAZQ01 sp005883115	5	10	10	100.0	9.0
VAZQ01 sp019237215	4	6	6	33.333333333333336	1.0
VBAS01 sp005798905	4	6	6	0.0	0.0
VBCG01 sp005881895	2	1	1	0.0	1.0
VBCG01 sp016704895	3	3	3	100.0	20.0
VBDM01 sp005881355	2	1	1	100.0	4.0
VBDM01 sp005881575	2	1	1	0.0	1.0
VBDM01 sp005882235	2	1	1	100.0	2.0
VBDM01 sp005883665	2	1	1	0.0	0.0
VBDM01 sp005884455	2	1	1	0.0	0.0
VBDY01 sp005882775	2	1	1	0.0	0.0
VBGR01 sp005880695	3	3	3	33.333333333333336	1.0
VBWC01 sp006218035	2	1	1	0.0	0.0
VFBF01 sp006515885	3	3	3	100.0	3.0
VFJL01 sp013450215	9	36	36	25.0	0.0
VFJL01 sp903957805	5	10	10	10.0	1.0
VFLK01 sp002783105	7	21	21	0.0	0.0
VGOF01 sp016875975	2	1	1	0.0	0.0
VGXO01 sp017859745	4	6	6	0.0	0.0
VMDI01 sp008080915	2	1	1	0.0	0.0
VMEU01 sp007375675	3	3	3	0.0	0.0
VMEV01 sp007375725	4	6	6	0.0	0.0
VMGT01 sp007376725	3	3	3	33.333333333333336	0.0
VMGU01 sp007376745	2	1	1	0.0	0.0
VMGX01 sp018899555	3	3	3	0.0	0.0
VMGY01 sp007378955	2	1	1	0.0	0.0
VMSU01 sp013792005	2	1	1	0.0	1.0
VMSV01 sp013791935	4	6	6	50.0	2.0
VMTK01 sp013791585	7	21	21	9.523809523809524	0.0
VSJD01 sp008636095	5	10	10	40.0	1.0
VSJD01 sp018896395	3	3	3	100.0	2.0
VSOB01 sp009774625	2	1	1	0.0	0.0
VUNA01 sp002299625	6	15	15	33.333333333333336	1.0
VXLM01 sp009841605	3	3	3	33.333333333333336	1.0
VXMF01 sp009838515	3	3	3	33.333333333333336	1.0
VXMF01 sp009841225	2	1	1	100.0	3.0
VXMN01 sp009841055	2	1	1	100.0	2.0
VXMP01 sp009838635	2	1	1	0.0	0.0
VXMP01 sp009841075	4	6	6	33.333333333333336	0.5
VXMP01 sp009841105	3	3	3	0.0	0.0
VXMT01 sp009837285	3	3	3	33.333333333333336	1.0
VXMT01 sp009840965	2	1	1	100.0	2.0
VXNF01 sp009835395	3	3	3	0.0	0.0
VXNF01 sp009840735	3	3	3	0.0	0.0
VXNJ01 sp009840625	6	15	15	0.0	0.0
VXOI01 sp009840175	2	1	1	100.0	3.0
VXPQ01 sp009839485	2	1	1	100.0	2.0
VXPW01 sp009839325	2	1	1	0.0	0.0
VXRD01 sp009838845	8	28	28	89.28571428571429	4.0
VXRJ01 sp009838525	4	6	6	83.33333333333333	9.5
VXYK01 sp009845995	8	28	28	0.0	0.0
VXYL01 sp009837725	2	1	1	100.0	8.0
VXYL01 sp009846005	3	3	3	0.0	0.0
VYCS01 sp009840065	9	36	36	11.11111111111111	0.0
VYCS01 sp009843815	3	3	3	0.0	1.0
VYCW01 sp009835735	3	3	3	0.0	0.0
VYCW01 sp009837445	9	36	36	19.444444444444443	0.0
VYCW01 sp009842325	3	3	3	0.0	0.0
VYCW01 sp009843735	3	3	3	0.0	0.0
VYCW01 sp009843915	5	10	10	80.0	5.0
VYCW01 sp009844405	7	21	21	42.857142857142854	1.0
VYEH01 sp009843005	2	1	1	100.0	2.0
VYFG01 sp009842505	3	3	3	66.66666666666667	3.0
VYGS01 sp009841725	3	3	3	0.0	0.0
VadinCA11 sp002498365	13	78	78	6.410256410256411	0.0
VadinCA11 sp002505345	6	15	15	0.0	0.0
Vagococcus carniphilus	2	1	1	0.0	0.0
Vagococcus fluvialis	12	66	66	48.484848484848484	1.0
Vagococcus fluvialis_A	2	1	1	0.0	0.0
Vagococcus penaei	2	1	1	0.0	0.0
Vagococcus sp003462485	2	1	1	0.0	0.0
Vagococcus teuberi	2	1	1	100.0	12.0
Vagococcus_A lutrae	7	21	21	33.333333333333336	1.0
Vagococcus_A sp004792515	2	1	1	0.0	0.0
Vagococcus_A zengguangii	2	1	1	0.0	0.0
Vagococcus_D salmoninarum	2	1	1	0.0	0.0
Vallitalea guaymasensis	2	1	1	100.0	8.0
Vampirovibrio chlorellavorus_D	4	6	6	0.0	0.0
Varibaculum cambriense	4	6	6	16.666666666666668	1.0
Varibaculum cambriense_A	7	21	21	28.571428571428573	1.0
Varibaculum cambriense_B	3	3	3	0.0	0.0
Varibaculum timonense_A	6	15	15	26.666666666666668	0.0
Variibacter gotjawalensis	3	3	3	0.0	0.0
Variovorax beijingensis	2	1	1	0.0	1.0
Variovorax beijingensis_A	2	1	1	100.0	12.0
Variovorax boronicumulans	8	28	28	100.0	11.5
Variovorax ginsengisoli	3	3	3	0.0	1.0
Variovorax gossypii	6	15	15	93.33333333333333	4.0
Variovorax guangxiensis	2	1	1	100.0	2.0
Variovorax paradoxus	3	3	3	33.333333333333336	2.0
Variovorax paradoxus_A	3	3	3	100.0	10.0
Variovorax paradoxus_E	2	1	1	100.0	19.0
Variovorax sp000282635	2	1	1	100.0	9.0
Variovorax sp001899795	4	6	6	0.0	0.0
Variovorax sp002754375	3	3	3	100.0	33.0
Variovorax sp003014875	2	1	1	0.0	0.0
Variovorax sp003019815	3	3	3	100.0	5.0
Variovorax sp003053685	0	0	0	0	
Variovorax sp003096925	0	0	0	0	
Variovorax sp003952185	3	3	3	66.66666666666667	12.0
Variovorax sp004217005	0	0	0	0	
Variovorax sp014192585	2	1	1	0.0	0.0
Variovorax sp014303735	2	1	1	0.0	1.0
Variovorax sp018820395	3	3	3	66.66666666666667	2.0
Variovorax sp019207085	2	1	1	100.0	9.0
Variovorax sp900106655	4	6	6	100.0	7.5
Variovorax sp900112425	3	3	3	66.66666666666667	17.0
Variovorax sp900115375	12	66	66	100.0	19.5
Variovorax sp901827185	2	1	1	100.0	8.0
Veillonella atypica	33	528	528	21.78030303030303	1.0
Veillonella caviae	2	1	1	100.0	3.0
Veillonella denticariosi	3	3	3	0.0	0.0
Veillonella dispar	6	15	15	0.0	0.5
Veillonella infantium	2	1	1	100.0	3.0
Veillonella montpellierensis	2	1	1	0.0	1.0
Veillonella nakazawae	26	325	325	36.0	1.0
Veillonella parvula	4	6	6	0.0	0.0
Veillonella parvula_A	52	1326	1326	8.521870286576169	0.0
Veillonella rogosae	12	66	66	43.93939393939394	1.0
Veillonella sp003463825	2	1	1	100.0	2.0
Veillonella sp009929605	7	21	21	9.523809523809524	0.0
Veillonella sp900545205	3	3	3	33.333333333333336	1.0
Veillonella sp900550175	2	1	1	0.0	0.0
Veillonella sp900550455	5	10	10	10.0	0.0
Veillonella sp900552445	2	1	1	0.0	1.0
Veillonella sp900757715	2	1	1	100.0	2.0
Veillonella sp905209685	2	1	1	0.0	0.0
Veillonella tobetsuensis	7	21	21	23.80952380952381	0.0
Veillonella_A magna	6	15	15	20.0	1.0
Veillonella_A seminalis	5	10	10	20.0	0.0
Veillonella_A sp000431435	7	21	21	47.61904761904762	2.0
Veillonella_A sp900765165	4	6	6	0.0	0.0
Velocimicrobium ethanolgignens	2	1	1	0.0	0.0
Ventrenecus sp017476885	2	1	1	0.0	1.0
Ventrenecus sp900549625	2	1	1	100.0	3.0
Ventrenecus sp905205665	2	1	1	0.0	0.0
Ventrenecus stercoripullorum	2	1	1	0.0	0.0
Ventricola sp002395225	3	3	3	66.66666666666667	5.0
Ventricola sp004557905	3	3	3	0.0	0.0
Ventricola sp017436605	4	6	6	66.66666666666667	2.0
Ventricola sp900313545	2	1	1	0.0	0.0
Ventricola sp900542395	5	10	10	70.0	3.5
Ventricola sp900542445	4	6	6	83.33333333333333	2.0
Ventricola sp900548125	4	6	6	83.33333333333333	10.5
Ventricola sp902781095	2	1	1	0.0	0.0
Ventrimonas merdavium	2	1	1	100.0	2.0
Ventrimonas sp003478505	5	10	10	60.0	3.0
Ventrimonas sp003480315	4	6	6	33.333333333333336	0.0
Ventrimonas sp003481825	3	3	3	66.66666666666667	6.0
Ventrimonas sp003506385	5	10	10	70.0	2.0
Ventrimonas sp003611875	4	6	6	83.33333333333333	12.5
Ventrimonas sp003669055	2	1	1	0.0	1.0
Ventrimonas sp009911065	3	3	3	100.0	14.0
Ventrimonas sp900538475	3	3	3	66.66666666666667	2.0
Ventrimonas sp900540335	3	3	3	100.0	4.0
Ventrimonas sp900555625	3	3	3	66.66666666666667	2.0
Ventrimonas sp900770535	2	1	1	0.0	0.0
Ventrimonas sp910575255	4	6	6	100.0	7.0
Ventrisoma faecale	4	6	6	33.333333333333336	1.0
Ventrousia excrementavium	2	1	1	0.0	0.0
Verrucomicrobium spinosum	2	1	1	100.0	2.0
Vespertiliibacter pulmonis	2	1	1	0.0	0.0
Vibrio aestuarianus	13	78	78	79.48717948717949	5.0
Vibrio alfacsensis	0	0	0	0	
Vibrio alginolyticus	166	13695	13695	63.161737860533044	2.0
Vibrio algivorus	2	1	1	100.0	4.0
Vibrio anguillarum	120	7140	7140	66.23249299719888	3.0
Vibrio astriarenae	2	1	1	0.0	1.0
Vibrio atypicus	2	1	1	0.0	1.0
Vibrio azureus	3	3	3	0.0	0.0
Vibrio bivalvicida	2	1	1	100.0	4.0
Vibrio breoganii	52	1326	1326	97.05882352941177	7.0
Vibrio campbellii	76	2850	2850	61.29824561403509	2.0
Vibrio casei	5	10	10	70.0	2.5
Vibrio celticus	2	1	1	0.0	0.0
Vibrio chagasii	10	45	45	48.888888888888886	1.0
Vibrio chagasii_A	3	3	3	66.66666666666667	2.0
Vibrio cholerae	1503	1128753	1128753	44.65635971731636	2.0
Vibrio cidicii	8	28	28	82.14285714285714	5.5
Vibrio cincinnatiensis	6	15	15	20.0	1.0
Vibrio coralliilyticus	36	630	630	66.5079365079365	3.0
Vibrio coralliirubri	22	231	231	35.93073593073593	5.0
Vibrio crassostreae	173	14878	14878	70.11022986960613	3.0
Vibrio crassostreae_C	22	231	231	89.17748917748918	6.0
Vibrio cyclitrophicus	43	903	903	80.28792912513843	5.0
Vibrio diabolicus	40	780	780	68.2051282051282	4.0
Vibrio diazotrophicus	7	21	21	90.47619047619048	7.0
Vibrio echinoideorum	2	1	1	0.0	0.0
Vibrio europaeus	4	6	6	66.66666666666667	2.0
Vibrio ezurae	2	1	1	0.0	0.0
Vibrio fluvialis	61	1830	1830	61.58469945355191	2.0
Vibrio fortis	4	6	6	83.33333333333333	2.5
Vibrio fujianensis	8	28	28	50.0	1.5
Vibrio furnissii	10	45	45	75.55555555555556	4.0
Vibrio gallaecicus	2	1	1	0.0	0.0
Vibrio gazogenes	2	1	1	100.0	2.0
Vibrio gigantis	3	3	3	0.0	1.0
Vibrio halioticoli	3	3	3	66.66666666666667	4.0
Vibrio harveyi	40	780	780	58.84615384615385	2.0
Vibrio hepatarius	2	1	1	100.0	4.0
Vibrio hepatarius_A	2	1	1	0.0	1.0
Vibrio hyugaensis	6	15	15	46.666666666666664	1.0
Vibrio injensis	2	1	1	100.0	3.0
Vibrio ishigakensis	4	6	6	50.0	1.5
Vibrio jasicida	23	253	253	47.03557312252964	2.0
Vibrio kanaloae	15	105	105	51.42857142857143	2.0
Vibrio katoptron	2	1	1	0.0	1.0
Vibrio lentus	50	1225	1225	80.9795918367347	4.0
Vibrio litoralis	3	3	3	100.0	5.0
Vibrio maritimus_B	2	1	1	0.0	0.0
Vibrio mediterranei	13	78	78	88.46153846153847	5.0
Vibrio metoecus	25	300	300	37.333333333333336	1.0
Vibrio metoecus_B	2	1	1	100.0	2.0
Vibrio metschnikovii	49	1176	1176	48.46938775510204	1.0
Vibrio mimicus	22	231	231	67.53246753246754	3.0
Vibrio natriegens	11	55	55	70.9090909090909	3.0
Vibrio navarrensis	22	231	231	90.04329004329004	6.0
Vibrio neptunius	7	21	21	66.66666666666667	3.0
Vibrio nereis	2	1	1	0.0	0.0
Vibrio nigripulchritudo	18	153	153	30.065359477124183	2.0
Vibrio nitrifigilis	2	1	1	100.0	6.0
Vibrio ordalii	2	1	1	0.0	0.0
Vibrio orientalis	2	1	1	0.0	0.0
Vibrio ostreicida	2	1	1	100.0	5.0
Vibrio owensii	28	378	378	65.60846560846561	3.0
Vibrio panuliri	4	6	6	33.333333333333336	0.5
Vibrio parahaemolyticus	1529	1168156	1168156	65.56281866463041	4.0
Vibrio pectenicida	2	1	1	100.0	2.0
Vibrio penaeicida	2	1	1	100.0	8.0
Vibrio plantisponsor	0	0	0	0	
Vibrio ponticus	3	3	3	100.0	9.0
Vibrio proteolyticus	5	10	10	100.0	4.5
Vibrio renipiscarius	2	1	1	100.0	2.0
Vibrio rhodolitus	2	1	1	0.0	0.0
Vibrio rotiferianus	14	91	91	70.32967032967034	7.0
Vibrio sagamiensis	2	1	1	0.0	0.0
Vibrio scophthalmi	5	10	10	100.0	7.0
Vibrio sinaloensis	7	21	21	38.095238095238095	3.0
Vibrio sp000176715	2	1	1	100.0	3.0
Vibrio sp000272145	4	6	6	100.0	7.5
Vibrio sp000287055	3	3	3	100.0	7.0
Vibrio sp000960595	8	28	28	67.85714285714286	3.0
Vibrio sp001676025	2	1	1	0.0	0.0
Vibrio sp002342735	2	1	1	100.0	3.0
Vibrio sp002608565	2	1	1	0.0	0.0
Vibrio sp002873335	2	1	1	100.0	2.0
Vibrio sp002875705	9	36	36	13.88888888888889	1.0
Vibrio sp004804295	2	1	1	100.0	3.0
Vibrio sp007124475	2	1	1	0.0	0.0
Vibrio sp009601765	2	1	1	100.0	3.0
Vibrio sp013394185	2	1	1	0.0	0.0
Vibrio sp014596725	2	1	1	0.0	0.0
Vibrio sp903986855	4	6	6	66.66666666666667	6.0
Vibrio spartinae	2	1	1	100.0	15.0
Vibrio splendidus	90	4005	4005	87.76529338327092	5.0
Vibrio splendidus_F	2	1	1	100.0	5.0
Vibrio splendidus_J	4	6	6	83.33333333333333	7.0
Vibrio superstes	2	1	1	0.0	0.0
Vibrio taketomensis	2	1	1	0.0	0.0
Vibrio tasmaniensis	2	1	1	100.0	8.0
Vibrio tasmaniensis_A	20	190	190	64.73684210526316	3.0
Vibrio tetraodonis	2	1	1	100.0	5.0
Vibrio toranzoniae	7	21	21	42.857142857142854	1.0
Vibrio tubiashii	4	6	6	66.66666666666667	2.0
Vibrio vulnificus	223	24753	24753	71.44184543287682	3.0
Vicingus sp015075325	2	1	1	100.0	10.0
Victivallis lenta	10	45	45	95.55555555555556	7.0
Victivallis sp017466125	2	1	1	100.0	4.0
Victivallis sp900550905	2	1	1	0.0	0.0
Victivallis sp900551245	2	1	1	100.0	15.0
Victivallis sp900768515	2	1	1	0.0	0.0
Victivallis vadensis	6	15	15	93.33333333333333	12.0
Virgibacillus chiguensis	3	3	3	100.0	4.0
Virgibacillus dokdonensis	3	3	3	100.0	8.0
Virgibacillus halodenitrificans	7	21	21	71.42857142857143	3.0
Virgibacillus pantothenticus	18	153	153	51.63398692810458	2.0
Virgibacillus picturae	3	3	3	100.0	3.0
Virgibacillus salexigens	8	28	28	67.85714285714286	3.5
Virgibacillus sp003612345	3	3	3	0.0	0.0
Virgibacillus sp016919725	4	6	6	50.0	2.0
Virgibacillus_B alimentarius	2	1	1	100.0	2.0
Virgibacillus_E populi	3	3	3	0.0	
Virgibacillus_G profundi	0	0	0	0	
Viridibacillus arenosi	4	6	6	50.0	3.0
Viridibacillus arvi	2	1	1	100.0	4.0
Viridibacillus sp002813185	2	1	1	100.0	4.0
Viridilinea sp903915775	6	15	15	100.0	7.0
Vitreoscilla massiliensis	0	0	0	0	
Vitreoscilla stercoraria	2	1	1	100.0	4.0
Vogesella indigofera	2	1	1	100.0	7.0
Vulcanisaeta distributa	2	1	1	100.0	11.0
Vulcanisaeta souniana	2	1	1	0.0	0.0
Vulcanisaeta sp001516765	3	3	3	33.333333333333336	0.0
Vulcanococcus sp000179255	14	91	91	15.384615384615385	0.0
Vulcanococcus sp010030955	2	1	1	100.0	3.0
Vulcanococcus sp903934375	3	3	3	66.66666666666667	2.0
W0P28-013 sp004557405	4	6	6	33.333333333333336	0.5
W0P28-013 sp012837685	5	10	10	0.0	0.0
W0P31-042 sp004557195	2	1	1	0.0	1.0
W0P33-017 sp004562765	2	1	1	0.0	0.0
W3P20-009 sp015061285	2	1	1	100.0	5.0
W3P20-009 sp017539645	2	1	1	100.0	5.0
W5053 sp000467935	2	1	1	0.0	1.0
WALD01 sp018897475	4	6	6	16.666666666666668	0.0
WANL01 sp015521825	2	1	1	0.0	0.0
WANO01 sp015521765	4	6	6	0.0	0.0
WAOL01 sp015521295	3	3	3	33.333333333333336	0.0
WAPY01 sp015520525	3	3	3	0.0	0.0
WAQC01 sp015520425	2	1	1	0.0	0.0
WAQK01 sp015520265	4	6	6	50.0	1.0
WCHB1-27 sp002328485	2	1	1	0.0	0.0
WFVA01 sp015491895	3	3	3	0.0	0.0
WFVT01 sp015491485	5	10	10	40.0	1.0
WFWF01 sp015487615	2	1	1	0.0	1.0
WFWG01 sp015491235	3	3	3	66.66666666666667	2.0
WFXC01 sp015490805	3	3	3	33.333333333333336	0.0
WFXV01 sp015519965	2	1	1	0.0	0.0
WG-1 sp900539665	2	1	1	0.0	1.0
WGA-3G sp009835515	2	1	1	100.0	2.0
WGA-3G sp009839745	2	1	1	100.0	5.0
WGA-3G sp009843785	3	3	3	33.333333333333336	1.0
WGA-3G sp009845545	2	1	1	0.0	0.0
WGBF01 sp015494485	2	1	1	0.0	1.0
WGGQ01 sp009296285	4	6	6	0.0	0.5
WH-5701 sp014224355	2	1	1	0.0	0.0
WHST01 sp017354575	2	1	1	0.0	1.0
WJIX01 sp014730075	2	1	1	0.0	0.0
WJJU01 sp014729595	2	1	1	0.0	0.0
WJJW01 sp014729455	2	1	1	0.0	0.0
WJKZ01 sp014728785	2	1	1	0.0	0.0
WJLK01 sp014728565	2	1	1	0.0	0.0
WJMI01 sp014728015	2	1	1	0.0	0.0
WJMO01 sp014727915	2	1	1	0.0	0.0
WLJO01 sp009701715	4	6	6	16.666666666666668	0.5
WLND01 sp009699015	2	1	1	0.0	0.0
WLNW01 sp009699605	4	6	6	0.0	0.0
WLQV01 sp009697555	2	1	1	0.0	0.0
WLRQ01 sp009697815	3	3	3	0.0	0.0
WLRQ01 sp903826575	3	3	3	0.0	0.0
WLRQ01 sp903918645	5	10	10	50.0	1.5
WLWN01 sp012103575	3	3	3	0.0	0.0
WLWT01 sp012103455	2	1	1	100.0	2.0
WLWV01 sp011088265	2	1	1	0.0	0.0
WLWX01 sp012103375	3	3	3	0.0	0.0
WLXB01 sp018666155	5	10	10	0.0	0.0
WLXD01 sp012103255	2	1	1	0.0	0.0
WM-009 sp013822085	3	3	3	0.0	0.0
WM-3-3 sp002928495	4	6	6	0.0	0.0
WM01 sp004570605	2	1	1	0.0	0.0
WM01 sp013874835	4	6	6	83.33333333333333	6.0
WM01 sp017945845	3	3	3	0.0	0.0
WMHbin3 sp002753185	2	1	1	0.0	1.0
WMHbin7 sp002753155	2	1	1	0.0	0.0
WO2-35-19 sp001823925	4	6	6	0.0	0.0
WO2-35-19 sp001824215	4	6	6	0.0	0.0
WO2-35-19 sp001824275	2	1	1	0.0	0.0
WO2-35-19 sp001825335	4	6	6	0.0	0.0
WO2-39-10b sp001792215	2	1	1	0.0	0.0
WO2-40-15 sp001819555	4	6	6	0.0	0.0
WO2-40-15 sp001819605	5	10	10	0.0	0.0
WO2-42-50 sp001776545	6	15	15	0.0	0.0
WO2-43-9 sp001818315	4	6	6	0.0	0.0
WO2-44-18 sp001817915	2	1	1	0.0	0.0
WO2-46-25 sp001775835	3	3	3	0.0	0.0
WO2-47-17b sp001793865	2	1	1	0.0	0.0
WO2-48-25 sp001773695	2	1	1	0.0	0.0
WO2-49-40 sp001780035	5	10	10	0.0	0.0
WO2-54-10 sp001820725	4	6	6	0.0	0.0
WO2-FULL-39-10 sp001792345	4	6	6	0.0	0.0
WO2-FULL-39-9 sp001793155	5	10	10	0.0	0.0
WO2-FULL-40-11 sp001776505	4	6	6	0.0	0.0
WQRX01 sp009786535	2	1	1	0.0	0.0
WQRX01 sp009787785	2	1	1	0.0	0.0
WQVC01 sp009788055	2	1	1	0.0	0.0
WQXH01 sp009784425	2	1	1	0.0	0.0
WQXQ01 sp009786455	2	1	1	0.0	0.0
WQXQ01 sp009787285	2	1	1	0.0	0.0
WQXQ01 sp009787795	2	1	1	0.0	0.0
WRAC01 sp009780415	2	1	1	0.0	0.0
WRAY01 sp009787685	2	1	1	0.0	0.0
WRBG01 sp009784635	2	1	1	100.0	2.0
WRBW01 sp009779855	2	1	1	0.0	0.0
WRBW01 sp009784345	2	1	1	0.0	0.0
WRCC01 sp009784235	2	1	1	0.0	0.0
WRDF01 sp009783565	2	1	1	0.0	0.0
WRGC01 sp009787385	2	1	1	0.0	0.0
WRGU01 sp009787015	2	1	1	0.0	0.0
WRKR01 sp009786315	3	3	3	0.0	0.0
WRMS01 sp018434325	2	1	1	0.0	1.0
WS-11 sp016178725	2	1	1	0.0	0.0
WS-7 sp005893165	2	1	1	0.0	1.0
WS-7 sp005893265	2	1	1	100.0	2.0
WSXW01 sp009773495	2	1	1	100.0	2.0
WTCK01 sp018238375	5	10	10	70.0	3.5
WTFV01 sp009861545	2	1	1	100.0	16.0
WTFX01 sp009843525	18	153	153	62.745098039215684	2.0
WTFY01 sp009839635	2	1	1	0.0	0.0
WTGL01 sp009836625	5	10	10	60.0	3.0
WTGL01 sp009837085	3	3	3	100.0	3.0
WTGL01 sp009837885	2	1	1	0.0	0.0
WTGL01 sp009843505	2	1	1	0.0	0.0
WTGL01 sp009845425	3	3	3	33.333333333333336	1.0
WTHC01 sp011523285	2	1	1	0.0	0.0
WTXA01 sp009773805	2	1	1	0.0	0.0
WVWV01 sp011773845	6	15	15	0.0	0.0
WVWW01 sp011773795	2	1	1	0.0	0.0
WVXJ01 sp011773575	3	3	3	0.0	0.0
WVXK01 sp011773515	2	1	1	0.0	0.0
WVXT01 sp011773355	3	3	3	0.0	0.0
WVZY01 sp011772205	9	36	36	0.0	0.0
WYEN01 sp009903825	0	0	0	0	
WYEQ01 sp009904015	0	0	0	0	
WYZ-LMO10 sp004347955	2	1	1	0.0	0.0
WYZ-LMO11 sp004348015	3	3	3	0.0	0.0
WYZ-LMO2 sp004347865	2	1	1	0.0	1.0
WYZ-LMO2 sp011361745	0	0	0	0	
WYZ-LMO2 sp011367245	0	0	0	0	
WYZ-LMO2 sp011605865	3	3	3	33.333333333333336	0.0
WYZ-LMO8 sp004347965	2	1	1	0.0	0.0
Waddlia chondrophila	2	1	1	0.0	0.0
Wagnerdoeblera megaterium	2	1	1	0.0	0.0
Weeksella virosa	4	6	6	33.333333333333336	3.0
Weimeria bifida	2	1	1	100.0	13.0
Weimeria sp002480925	7	21	21	9.523809523809524	0.0
Weimeria sp900100095	2	1	1	100.0	3.0
Weimeria sp900315505	6	15	15	0.0	1.0
Weimeria sp900316165	4	6	6	33.333333333333336	0.0
Weimeria sp900317825	11	55	55	10.909090909090908	0.0
Weimeria sp902803645	2	1	1	100.0	2.0
Weissella bombi	2	1	1	0.0	1.0
Weissella ceti_A	5	10	10	30.0	0.0
Weissella cibaria	50	1225	1225	50.775510204081634	2.0
Weissella confusa	79	3081	3081	50.50308341447582	2.0
Weissella confusa_B	5	10	10	10.0	0.0
Weissella diestrammenae	0	0	0	0	
Weissella halotolerans	2	1	1	0.0	0.0
Weissella hellenica	4	6	6	50.0	1.0
Weissella hellenica_B	4	6	6	33.333333333333336	0.0
Weissella koreensis	5	10	10	0.0	0.0
Weissella minor	2	1	1	0.0	0.0
Weissella paramesenteroides	24	276	276	32.608695652173914	0.0
Weissella soli	5	10	10	0.0	0.0
Weissella thailandensis	5	10	10	40.0	0.0
Weissella viridescens	5	10	10	0.0	0.0
Weizmannia coagulans	16	120	120	77.5	4.0
Weizmannia coagulans_A	29	406	406	75.36945812807882	4.0
Weizmannia ginsengihum	4	6	6	50.0	3.0
Weizmannia sp008974185	3	3	3	33.333333333333336	1.0
Wenxinia marina	3	3	3	0.0	1.0
Wenyingzhuangia marina	2	1	1	100.0	2.0
Wenzhouxiangella marina	2	1	1	0.0	0.0
Wenzhouxiangella sp003417465	2	1	1	0.0	0.0
Wenzhouxiangella sp003561495	2	1	1	0.0	0.0
Wenzhouxiangella sp007116585	2	1	1	0.0	1.0
Wenzhouxiangella sp007119095	3	3	3	0.0	0.0
Wenzhouxiangella sp007121485	3	3	3	0.0	0.0
Wenzhouxiangella sp007123055	3	3	3	0.0	0.0
Wenzhouxiangella sp007123575	4	6	6	0.0	0.0
Wenzhouxiangella sp007128175	4	6	6	0.0	0.0
Wenzhouxiangella sp007131235	3	3	3	0.0	0.0
Wenzhouxiangella sp007134485	3	3	3	0.0	0.0
Wenzhouxiangella sp007135355	3	3	3	0.0	0.0
Williamsia arboriphila	2	1	1	0.0	0.0
Williamsia faeni	2	1	1	100.0	6.0
Williamsia muralis	4	6	6	50.0	5.5
Williamsia muralis_A	2	1	1	100.0	4.0
Williamsia sp002095435	2	1	1	0.0	1.0
Williamsia_A herbipolensis	2	1	1	100.0	3.0
Williamsoniiplasma freundtii	2	1	1	0.0	0.0
Williamsoniiplasma lucivorax	2	1	1	0.0	0.0
Williamsoniiplasma luminosum	3	3	3	0.0	0.0
Williamsoniiplasma somnilux	2	1	1	0.0	0.0
Winkia neuii	6	15	15	0.0	0.0
Winkia sp002849225	4	6	6	16.666666666666668	0.0
Winogradskyella echinorum	2	1	1	0.0	0.0
Winogradskyella epiphytica	2	1	1	0.0	0.0
Winogradskyella forsetii	4	6	6	66.66666666666667	3.0
Winogradskyella helgolandensis	2	1	1	100.0	5.0
Winogradskyella ouciana	2	1	1	0.0	0.0
Winogradskyella pacifica	2	1	1	0.0	0.0
Winogradskyella sediminis	2	1	1	100.0	4.0
Winogradskyella sp002163855	3	3	3	33.333333333333336	0.0
Winogradskyella sp002722255	2	1	1	0.0	0.0
Winogradskyella sp013003655	5	10	10	0.0	0.0
Winogradskyella sp013042245	2	1	1	0.0	0.0
Winogradskyella sp905480385	2	1	1	0.0	0.0
Winogradskyella undariae	4	6	6	66.66666666666667	3.0
Woeseia sp013003155	4	6	6	16.666666666666668	0.0
Wohlfahrtiimonas chitiniclastica	26	325	325	37.84615384615385	1.0
Wolbachia pipientis	995	494515	494515	11.152947837780452	0.0
Wolbachia pipientis_B	3	3	3	100.0	28.0
Wolbachia pipientis_C	6	15	15	53.333333333333336	2.0
Wolbachia sp000008385	27	351	351	14.52991452991453	0.0
Wolbachia sp000306885	17	136	136	2.2058823529411766	0.0
Wolbachia sp000376585	9	36	36	25.0	0.0
Wolbachia sp000829315	9	36	36	2.7777777777777777	0.0
Wolbachia sp001439985	18	153	153	59.47712418300654	5.0
Wolbachia sp003344345	2	1	1	100.0	16.0
Wolbachia sp003516275	2	1	1	0.0	0.0
Wolbachia sp013096535	20	190	190	26.842105263157894	0.0
Wolbachia sp018224395	3	3	3	0.0	0.0
Wolbachia sp902636535	22	231	231	0.0	0.0
Wolinella succinogenes	4	6	6	0.0	0.0
Woodwardibium gallinarum	2	1	1	0.0	0.0
Woodwardibium sp900754535	3	3	3	0.0	0.0
Woodwardibium sp900760275	2	1	1	0.0	0.0
Wukongarchaeum yapensis	2	1	1	100.0	2.0
XBB1006 sp016283755	4	6	6	16.666666666666668	0.0
XBB1006 sp017615375	3	3	3	0.0	0.0
XBB2008 sp905234595	2	1	1	0.0	1.0
XBD2001 sp900116395	9	36	36	22.22222222222222	0.0
XYA2-FULL-35-8 sp001778235	3	3	3	33.333333333333336	0.0
XYA2-FULL-43-15 sp001784815	2	1	1	0.0	0.0
XYA2-FULL-47-19 sp001780275	3	3	3	0.0	0.0
XYA2-FULL-47-53 sp001800315	7	21	21	14.285714285714286	0.0
XYB1-36-10 sp001821375	3	3	3	0.0	0.0
XYB1-40-15 sp001782825	4	6	6	0.0	0.0
XYB1-40-15 sp001783185	2	1	1	0.0	0.0
XYB1-FULL-32-11 sp001820485	2	1	1	0.0	0.0
XYB1-FULL-32-11 sp903854535	4	6	6	0.0	0.0
XYB1-FULL-42-16 sp001823055	2	1	1	0.0	0.0
XYB12-FULL-38-5 sp001803165	11	55	55	32.72727272727273	0.0
XYB12-FULL-38-5 sp009773205	2	1	1	100.0	2.0
XYB12-FULL-50-7 sp903856085	3	3	3	0.0	0.0
XYB12-FULL-50-7 sp903884815	7	21	21	0.0	0.0
XYB2-FULL-36-35 sp001771505	4	6	6	0.0	0.0
XYB2-FULL-38-15 sp001778095	3	3	3	0.0	0.0
XYB2-FULL-45-11 sp001791305	6	15	15	0.0	0.0
XYB2-FULL-45-9 sp001771575	5	10	10	0.0	0.0
XYB2-FULL-45-9 sp018822365	2	1	1	0.0	0.0
XYB2-FULL-49-35 sp001789205	7	21	21	9.523809523809524	0.0
XYB2-FULL-50-12 sp001800355	2	1	1	0.0	0.0
XYC1-FULL-37-79 sp001770015	4	6	6	0.0	0.0
XYC1-FULL-56-13 sp001783715	3	3	3	0.0	0.0
XYC2-34-220 sp001780285	5	10	10	0.0	0.0
XYC2-FULL-35-21 sp001804705	4	6	6	50.0	1.0
XYC2-FULL-37-10 sp001771535	3	3	3	0.0	1.0
XYC2-FULL-38-9 sp001818355	3	3	3	0.0	0.0
XYC2-FULL-41-22 sp001788795	4	6	6	0.0	0.0
XYC2-FULL-46-14 sp001771585	4	6	6	0.0	0.0
XYC2-FULL-47-12 sp001778285	2	1	1	0.0	0.0
XYD1-37-29 sp001818495	2	1	1	0.0	0.0
XYD1-37-29 sp018656065	2	1	1	0.0	0.0
XYD1-FULL-39-28 sp001822065	5	10	10	0.0	0.0
XYD1-FULL-39-28 sp001822095	2	1	1	0.0	0.0
XYD1-FULL-39-28 sp903835075	3	3	3	0.0	0.0
XYD1-FULL-40-9 sp001818015	2	1	1	0.0	0.0
XYD1-FULL-55-31 sp001770175	2	1	1	0.0	0.0
XYD12-FULL-36-8 sp001803045	10	45	45	0.0	0.0
XYD2-FULL-39-9 sp001783215	2	1	1	0.0	0.0
XYD2-FULL-41-16 sp001828645	3	3	3	33.333333333333336	1.0
XYD2-FULL-41-8 sp001771545	4	6	6	50.0	1.0
Xanthobacter sp000702385	2	1	1	100.0	20.0
Xanthobacter sp012275355	0	0	0	0	
Xanthobacter sp012932745	2	1	1	100.0	5.0
Xanthobacter tagetidis	2	1	1	0.0	0.0
Xanthomarina gelatinilytica	4	6	6	0.0	0.5
Xanthomonas arboricola	115	6555	6555	84.02745995423341	6.0
Xanthomonas arboricola_A	2	1	1	100.0	4.0
Xanthomonas arboricola_B	4	6	6	100.0	13.5
Xanthomonas arboricola_C	2	1	1	100.0	2.0
Xanthomonas axonopodis	4	6	6	33.333333333333336	4.0
Xanthomonas bromi	2	1	1	0.0	1.0
Xanthomonas campestris	67	2211	2211	52.7363184079602	6.0
Xanthomonas campestris_B	2	1	1	100.0	11.0
Xanthomonas cannabis	19	171	171	83.62573099415205	5.0
Xanthomonas cissicola	222	24531	24531	58.27320533202886	8.0
Xanthomonas cucurbitae	2	1	1	100.0	4.0
Xanthomonas euroxanthea	18	153	153	71.24183006535948	3.0
Xanthomonas fragariae	62	1891	1891	93.07244843997884	8.0
Xanthomonas hortorum	7	21	21	52.38095238095238	5.0
Xanthomonas hortorum_A	28	378	378	92.85714285714286	9.0
Xanthomonas maliensis	2	1	1	0.0	1.0
Xanthomonas nasturtii	2	1	1	100.0	4.0
Xanthomonas oryzae	334	55611	55611	80.710650770531	5.0
Xanthomonas perforans	239	28441	28441	76.05569424422488	3.0
Xanthomonas phaseoli	155	11935	11935	53.49811478843737	2.0
Xanthomonas pisi	2	1	1	0.0	0.0
Xanthomonas prunicola	3	3	3	33.333333333333336	1.0
Xanthomonas sp001423585	10	45	45	97.77777777777777	8.0
Xanthomonas sp905142465	2	1	1	100.0	11.0
Xanthomonas vasicola	107	5671	5671	63.357432551578206	5.0
Xanthomonas vesicatoria	15	105	105	79.04761904761905	3.0
Xanthomonas_A albilineans	17	136	136	99.26470588235294	26.0
Xanthomonas_A hyacinthi	2	1	1	0.0	1.0
Xanthomonas_A sacchari	6	15	15	73.33333333333333	4.0
Xanthomonas_A sacchari_B	0	0	0	0	
Xanthomonas_A sontii	12	66	66	92.42424242424242	5.0
Xanthomonas_A sp000963005	2	1	1	100.0	29.0
Xanthomonas_A sp001043115	2	1	1	100.0	3.0
Xanthomonas_A sp014199795	3	3	3	33.333333333333336	0.0
Xanthomonas_A sp014236855	7	21	21	85.71428571428571	5.0
Xanthomonas_A theicola	2	1	1	100.0	3.0
Xanthomonas_A translucens	59	1711	1711	85.56399766218586	11.0
Xanthomonas_B massiliensis	0	0	0	0	
Xenobium purgamenti	3	3	3	100.0	12.0
Xenorhabdus bovienii	7	21	21	14.285714285714286	10.0
Xenorhabdus bovienii_C	4	6	6	0.0	
Xenorhabdus budapestensis	2	1	1	100.0	15.0
Xenorhabdus cabanillasii	3	3	3	100.0	6.0
Xenorhabdus doucetiae	2	1	1	100.0	4.0
Xenorhabdus ehlersii	3	3	3	66.66666666666667	4.0
Xenorhabdus griffiniae	2	1	1	0.0	1.0
Xenorhabdus griffiniae_A	2	1	1	100.0	2.0
Xenorhabdus hominickii	2	1	1	100.0	14.0
Xenorhabdus indica	2	1	1	100.0	3.0
Xenorhabdus innexi	2	1	1	0.0	
Xenorhabdus mauleonii	2	1	1	100.0	3.0
Xenorhabdus miraniensis	2	1	1	100.0	6.0
Xenorhabdus nematophila	6	15	15	53.333333333333336	31.0
Xenorhabdus poinarii	2	1	1	100.0	5.0
Xenorhabdus stockiae	3	3	3	100.0	7.0
Xenorhabdus szentirmaii	3	3	3	66.66666666666667	3.0
Xiphinematobacter sp016766635	6	15	15	0.0	0.0
Xylella fastidiosa	122	7381	7381	85.73364042812626	5.0
Xylella taiwanensis	3	3	3	0.0	0.0
YA12-FULL-51-18 sp001799575	4	6	6	83.33333333333333	2.5
YA12-FULL-51-18 sp001800245	2	1	1	100.0	2.0
YA12-FULL-51-18 sp903867985	3	3	3	0.0	1.0
YA12-FULL-60-10 sp001803315	3	3	3	66.66666666666667	2.0
YB12-FULL-65-16 sp001803235	2	1	1	100.0	13.0
YC12-FULL-57-11 sp001791645	3	3	3	66.66666666666667	2.0
YC12-FULL-57-11 sp903843045	7	21	21	4.761904761904762	0.0
YC2-FULL-38-9 sp001790095	7	21	21	0.0	0.0
YD0425bin50 sp002753105	2	1	1	0.0	1.0
YD0425bin51 sp002753225	3	3	3	100.0	3.0
YD12-FULL-39-22 sp001770205	5	10	10	0.0	0.0
YD12-FULL-61-37 sp001801995	2	1	1	0.0	1.0
YD12-FULL-61-37 sp018812525	3	3	3	100.0	6.0
YY08-10 sp016629565	2	1	1	100.0	2.0
Yeosuana sp002784145	11	55	55	3.6363636363636362	0.0
Yersinia aldovae	11	55	55	63.63636363636363	3.0
Yersinia aleksiciae	10	45	45	80.0	4.0
Yersinia bercovieri	18	153	153	80.3921568627451	4.0
Yersinia canariae	3	3	3	100.0	6.0
Yersinia enterocolitica	183	16653	16653	87.91809283612562	10.0
Yersinia enterocolitica_F	0	0	0	0	
Yersinia enterocolitica_H	3	3	3	66.66666666666667	2.0
Yersinia entomophaga	3	3	3	100.0	6.0
Yersinia frederiksenii	10	45	45	84.44444444444444	5.0
Yersinia frederiksenii_A	7	21	21	42.857142857142854	1.0
Yersinia frederiksenii_C	12	66	66	59.09090909090909	2.0
Yersinia hibernica	3	3	3	100.0	8.0
Yersinia intermedia	29	406	406	93.5960591133005	6.0
Yersinia kristensenii	22	231	231	66.23376623376623	3.0
Yersinia kristensenii_C	4	6	6	83.33333333333333	4.0
Yersinia massiliensis	21	210	210	95.71428571428571	7.0
Yersinia mollaretii	24	276	276	92.3913043478261	7.0
Yersinia pekkanenii	2	1	1	100.0	6.0
Yersinia pestis	647	208981	208981	39.79931189916787	1.0
Yersinia rochesterensis	8	28	28	85.71428571428571	4.0
Yersinia rohdei	12	66	66	75.75757575757575	2.0
Yersinia ruckeri	69	2346	2346	59.633418584825236	2.0
Yersinia similis	9	36	36	100.0	13.0
Yimella lutea	2	1	1	100.0	6.0
Yimella sp013135345	2	1	1	0.0	0.0
Yimella sp014530045	3	3	3	66.66666666666667	4.0
Yokenella regensburgei	8	28	28	35.714285714285715	1.0
Yonghaparkia alkaliphila_A	2	1	1	0.0	0.0
Yonghaparkia sp001425665	2	1	1	0.0	0.0
Yoonia rosea	2	1	1	0.0	0.0
Yoonia sediminilitoris	2	1	1	0.0	0.0
Yoonia sp002378665	4	6	6	0.0	1.0
Yoonia sp003551805	3	3	3	33.333333333333336	1.0
Yoonia sp018402175	2	1	1	0.0	0.0
Youhaiella tibetensis	3	3	3	66.66666666666667	3.0
Youngiibacter fragilis	4	6	6	16.666666666666668	0.5
Youngiibacter sp002428605	3	3	3	100.0	2.0
Yuhushiella arida	2	1	1	0.0	1.0
Z2-YC6860 sp003169835	2	1	1	100.0	7.0
ZC4RG25 sp002919265	2	1	1	0.0	0.0
ZC4RG30 sp016720075	3	3	3	100.0	7.0
ZC4RG30 sp903868595	3	3	3	0.0	0.0
ZJ141 sp011038965	2	1	1	100.0	8.0
ZJ293 sp011751725	2	1	1	0.0	0.0
ZJ304 sp011039075	2	1	1	100.0	9.0
ZJ450 sp009755725	2	1	1	100.0	3.0
ZJ450 sp011751885	2	1	1	100.0	6.0
Zag111 sp002102825	9	36	36	61.111111111111114	3.0
Zag111 sp002103105	7	21	21	47.61904761904762	23.0
Zag111 sp002438405	3	3	3	66.66666666666667	2.0
Zag111 sp003258735	5	10	10	50.0	1.5
Zag111 sp004558955	2	1	1	0.0	1.0
Zag111 sp900555325	2	1	1	0.0	0.0
Zavarzinia compransoris	2	1	1	0.0	0.0
Zemynaea palustris	6	15	15	60.0	2.0
Zestosphaera sp011364565	0	0	0	0	
Zestosphaera sp011375725	0	0	0	0	
Zgenome-0002 sp003854985	3	3	3	0.0	0.0
Zgenome-0027 sp003854975	2	1	1	0.0	0.0
Zgenome-0027 sp003854995	2	1	1	0.0	0.0
Zhengella sp002708825	2	1	1	0.0	0.0
Zhihengliuella halotolerans	2	1	1	0.0	0.0
Zhongshania aliphaticivorans	2	1	1	0.0	
Zhongshania antarctica	2	1	1	0.0	0.0
Zhouia amylolytica	2	1	1	100.0	2.0
Zobellella denitrificans	2	1	1	100.0	6.0
Zobellia amurskyensis	0	0	0	0	
Zobellia galactanivorans	3	3	3	66.66666666666667	6.0
Zobellia russellii	2	1	1	100.0	2.0
Zobellia sp015330125	2	1	1	100.0	6.0
Zobellia sp015330165	2	1	1	100.0	3.0
Zoogloea ramigera	2	1	1	100.0	5.0
Zoogloea sp008011925	4	6	6	83.33333333333333	4.5
Zooshikella ganghwensis	4	6	6	50.0	1.5
Zunongwangia profunda	11	55	55	16.363636363636363	0.0
Zymobacter palmae	2	1	1	0.0	0.0
Zymomonas mobilis	19	171	171	52.046783625730995	2.0
Zymomonas pomaceae	2	1	1	0.0	0.0
