accession	contig_count
GB_GCA_000016605.1	1
GB_GCA_000200715.1	6
GB_GCA_000247545.1	2
GB_GCA_000306725.1	1
GB_GCA_000375685.1	176
GB_GCA_000387965.1	7
GB_GCA_000402775.1	61
GB_GCA_000402965.1	58
GB_GCA_000806015.1	21
GB_GCA_000815265.1	215
GB_GCA_000830295.1	1
GB_GCA_001316345.1	431
GB_GCA_001509005.1	219
GB_GCA_001564115.1	192
GB_GCA_001593855.1	79
GB_GCA_001595945.1	94
GB_GCA_001603225.1	305
GB_GCA_001683555.1	58
GB_GCA_001775955.1	482
GB_GCA_001872145.1	58
GB_GCA_001940655.1	1904
GB_GCA_002009975.1	44
GB_GCA_002011075.1	4
GB_GCA_002204655.1	3
GB_GCA_002254895.1	86
GB_GCA_002317795.1	37
GB_GCA_002494905.1	206
GB_GCA_002494965.1	63
GB_GCA_002495185.1	113
GB_GCA_002496065.1	415
GB_GCA_002496245.1	293
GB_GCA_002496255.1	388
GB_GCA_002496385.1	80
GB_GCA_002496485.1	226
GB_GCA_002496725.1	114
GB_GCA_002496995.1	214
GB_GCA_002498285.1	572
GB_GCA_002498625.1	114
GB_GCA_002499025.1	160
GB_GCA_002499195.1	93
GB_GCA_002499265.1	99
GB_GCA_002501765.1	198
GB_GCA_002502215.1	186
GB_GCA_002502415.1	281
GB_GCA_002502445.1	311
GB_GCA_002502565.1	73
GB_GCA_002502605.1	181
GB_GCA_002503125.1	82
GB_GCA_002503585.1	78
GB_GCA_002504595.1	290
GB_GCA_002504695.1	188
GB_GCA_002504755.1	141
GB_GCA_002504925.1	63
GB_GCA_002505245.1	49
GB_GCA_002505325.1	203
GB_GCA_002505805.1	447
GB_GCA_002505945.1	268
GB_GCA_002506095.1	52
GB_GCA_002506915.1	68
GB_GCA_002508335.1	281
GB_GCA_002508435.1	287
GB_GCA_002508475.1	97
GB_GCA_002508885.1	227
GB_GCA_002508925.1	133
GB_GCA_002509015.1	225
GB_GCA_002509335.1	442
GB_GCA_002509655.1	98
GB_GCA_002694585.1	94
GB_GCA_002695145.1	98
GB_GCA_002701965.1	83
GB_GCA_002710205.1	59
GB_GCA_002714605.1	19
GB_GCA_002716785.1	42
GB_GCA_002718695.1	28
GB_GCA_002719395.1	29
GB_GCA_002719815.1	34
GB_GCA_002728035.1	115
GB_GCA_002728275.1	76
GB_GCA_002731115.1	15
GB_GCA_002762785.1	8
GB_GCA_002762985.1	45
GB_GCA_002763265.1	21
GB_GCA_002782805.1	105
GB_GCA_002785105.1	147
GB_GCA_002792635.1	29
GB_GCA_002794135.1	280
GB_GCA_002825515.1	235
GB_GCA_002855745.1	33
GB_GCA_003020965.1	39
GB_GCA_003023405.1	112
GB_GCA_003158115.1	123
GB_GCA_003161875.1	152
GB_GCA_003163595.1	242
GB_GCA_003266065.1	462
GB_GCA_003266105.1	278
GB_GCA_003266165.1	448
GB_GCA_003315655.1	70
GB_GCA_003551675.1	158
GB_GCA_003600755.1	30
GB_GCA_003601795.1	310
GB_GCA_003602395.1	137
GB_GCA_003602525.1	233
GB_GCA_003649615.1	170
GB_GCA_003649695.1	261
GB_GCA_003660925.1	77
GB_GCA_003660975.1	130
GB_GCA_003663295.1	76
GB_GCA_003672205.1	198
GB_GCA_003672325.1	320
GB_GCA_003672645.1	400
GB_GCA_003672765.1	670
GB_GCA_003672845.1	363
GB_GCA_003673035.1	196
GB_GCA_003694385.1	130
GB_GCA_003724175.1	269
GB_GCA_003724325.1	106
GB_GCA_003940405.1	124
GB_GCA_004028775.1	8
GB_GCA_005191415.1	409
GB_GCA_005222965.1	4
GB_GCA_005878635.1	345
GB_GCA_005878955.1	192
GB_GCA_005879065.1	216
GB_GCA_005881615.1	214
GB_GCA_005882885.1	243
GB_GCA_006954475.1	24
GB_GCA_007050255.1	296
GB_GCA_007117735.1	50
GB_GCA_007118075.1	224
GB_GCA_007122115.1	417
GB_GCA_009758305.1	94
GB_GCA_009778275.1	102
GB_GCA_009784145.1	185
GB_GCA_009887315.1	337
GB_GCA_009903725.1	138
GB_GCA_009992385.1	88
GB_GCA_011039365.1	167
GB_GCA_011048525.1	199
GB_GCA_011054495.1	151
GB_GCA_011056395.1	107
GB_GCA_011056405.1	76
GB_GCA_011056725.1	189
GB_GCA_011057405.1	15
GB_GCA_011087695.1	47
GB_GCA_011329125.1	125
GB_GCA_011331845.1	95
GB_GCA_011331885.1	216
GB_GCA_011363045.1	10
GB_GCA_011363915.1	245
GB_GCA_011364605.1	90
GB_GCA_011366965.1	542
GB_GCA_011371975.1	116
GB_GCA_011374045.1	114
GB_GCA_011380095.1	123
GB_GCA_011522915.1	162
GB_GCA_011605725.1	20
GB_GCA_011771385.1	118
GB_GCA_012516785.1	122
GB_GCA_012520015.1	461
GB_GCA_012842025.1	248
GB_GCA_012959275.1	89
GB_GCA_012959435.1	304
GB_GCA_012965105.1	113
GB_GCA_012966225.1	252
GB_GCA_013151465.1	101
GB_GCA_013152845.1	190
GB_GCA_013180605.1	193
GB_GCA_013329765.1	307
GB_GCA_013330975.1	207
GB_GCA_013331835.1	30
GB_GCA_013331935.1	37
GB_GCA_013374495.1	322
GB_GCA_013375475.1	309
GB_GCA_013390385.1	155
GB_GCA_013390395.1	21
GB_GCA_013390495.1	46
GB_GCA_013390745.1	18
GB_GCA_013390845.1	47
GB_GCA_013425425.1	131
GB_GCA_013538675.1	57
GB_GCA_013538715.1	34
GB_GCA_013911135.1	107
GB_GCA_014237495.1	126
GB_GCA_014523515.1	438
GB_GCA_014729345.1	139
GB_GCA_014729495.1	134
GB_GCA_015063085.1	39
GB_GCA_015063125.1	9
GB_GCA_015520245.1	240
GB_GCA_015520605.1	27
GB_GCA_015521005.1	62
GB_GCA_015521295.1	99
GB_GCA_015522195.1	149
GB_GCA_015522885.1	216
GB_GCA_015523095.1	181
GB_GCA_015659875.1	259
GB_GCA_015661455.1	238
GB_GCA_016109435.1	37
GB_GCA_016177345.1	115
GB_GCA_016180285.1	54
GB_GCA_016180755.1	180
GB_GCA_016181215.1	89
GB_GCA_016184145.1	38
GB_GCA_016185625.1	48
GB_GCA_016186375.1	116
GB_GCA_016186855.1	176
GB_GCA_016187405.1	16
GB_GCA_016192945.1	42
GB_GCA_016198125.1	20
GB_GCA_016203265.1	99
GB_GCA_016204145.1	34
GB_GCA_016212415.1	49
GB_GCA_016212785.1	161
GB_GCA_016213985.1	117
GB_GCA_016234065.1	45
GB_GCA_016282555.1	187
GB_GCA_016294135.1	81
GB_GCA_016294985.1	303
GB_GCA_016550395.1	469
GB_GCA_016777205.1	65
GB_GCA_016777245.1	86
GB_GCA_016782265.1	435
GB_GCA_016782355.1	105
GB_GCA_016784085.1	27
GB_GCA_016839245.1	136
GB_GCA_016839585.1	91
GB_GCA_016839605.1	259
GB_GCA_016839785.1	248
GB_GCA_016840035.1	293
GB_GCA_016840945.1	419
GB_GCA_016927425.1	94
GB_GCA_016935655.1	144
GB_GCA_017404125.1	288
GB_GCA_017553445.1	94
GB_GCA_017601305.1	225
GB_GCA_017608345.1	16
GB_GCA_017608835.1	90
GB_GCA_017608905.1	68
GB_GCA_017609345.1	68
GB_GCA_017609745.1	61
GB_GCA_017609995.1	90
GB_GCA_017610305.1	89
GB_GCA_017610545.1	185
GB_GCA_017622255.1	322
GB_GCA_018053465.1	154
GB_GCA_018221025.1	75
GB_GCA_018238345.1	288
GB_GCA_018238545.1	128
GB_GCA_018238585.1	277
GB_GCA_018238745.1	363
GB_GCA_018302105.1	47
GB_GCA_018302685.1	29
GB_GCA_018302765.1	28
GB_GCA_018302885.1	38
GB_GCA_018302985.1	24
GB_GCA_018303225.1	48
GB_GCA_018303285.1	56
GB_GCA_018303315.1	97
GB_GCA_018303855.1	17
GB_GCA_018303925.1	30
GB_GCA_018304085.1	36
GB_GCA_018304175.1	18
GB_GCA_018396435.1	107
GB_GCA_018396865.1	48
GB_GCA_018396935.1	258
GB_GCA_018432365.1	78
GB_GCA_018432765.1	236
GB_GCA_018645945.1	102
GB_GCA_018653745.1	168
GB_GCA_018655465.1	75
GB_GCA_018656295.1	50
GB_GCA_018664115.1	68
GB_GCA_018664225.1	104
GB_GCA_018666265.1	56
GB_GCA_018666535.1	133
GB_GCA_018667585.1	99
GB_GCA_018692055.1	162
GB_GCA_018696535.1	44
GB_GCA_018697295.1	9
GB_GCA_018697545.1	99
GB_GCA_018816625.1	243
GB_GCA_018824625.1	243
GB_GCA_018828805.1	58
GB_GCA_018830505.1	85
GB_GCA_018897475.1	151
GB_GCA_018992565.1	267
GB_GCA_019057975.1	672
GB_GCA_900313245.1	200
GB_GCA_902385515.1	97
GB_GCA_902386205.1	88
GB_GCA_902513375.1	56
GB_GCA_902635905.1	43
GB_GCA_902758075.1	101
GB_GCA_902758945.1	60
GB_GCA_902759475.1	57
GB_GCA_902765275.1	140
GB_GCA_902769175.1	70
GB_GCA_902777105.1	319
GB_GCA_902780425.1	146
GB_GCA_902785165.1	126
GB_GCA_902787415.1	178
GB_GCA_902788255.1	70
GB_GCA_902812505.1	114
GB_GCA_903930505.1	441
GB_GCA_905187815.1	31
GB_GCA_905213915.1	99
GB_GCA_905620485.1	52
RS_GCF_000007065.1	1
RS_GCF_000011005.1	1
RS_GCF_000012285.1	1
RS_GCF_000019605.1	1
RS_GCF_000022365.1	1
RS_GCF_000022545.1	1
RS_GCF_000024305.1	3
RS_GCF_000151225.1	25
RS_GCF_000186365.1	1
RS_GCF_000328665.1	2
RS_GCF_000336615.1	81
RS_GCF_000336815.1	58
RS_GCF_000336915.1	36
RS_GCF_000336975.1	38
RS_GCF_000337675.1	44
RS_GCF_000337815.1	20
RS_GCF_000485535.1	36
RS_GCF_000710605.1	20
RS_GCF_000978965.1	184
RS_GCF_000979045.1	180
RS_GCF_000979095.1	211
RS_GCF_000979335.1	200
RS_GCF_000979385.1	104
RS_GCF_000979425.1	101
RS_GCF_001560115.1	2
RS_GCF_001560405.1	17
RS_GCF_001560605.1	8
RS_GCF_001647085.1	1
RS_GCF_001888095.1	21
RS_GCF_001953745.1	3
RS_GCF_002072215.1	40
RS_GCF_002135045.1	146
RS_GCF_002214605.1	1
RS_GCF_002287175.1	41
RS_GCF_003052125.1	1
RS_GCF_003351865.1	1
RS_GCF_003385755.1	7
RS_GCF_003722115.1	17
RS_GCF_003722155.1	21
RS_GCF_003862495.1	61
RS_GCF_004104135.1	74
RS_GCF_004323575.1	148
RS_GCF_004765805.1	18
RS_GCF_005435095.1	53
RS_GCF_006861655.1	6
RS_GCF_008389435.1	44
RS_GCF_009742825.1	379
RS_GCF_009831625.1	21
RS_GCF_011319465.1	24
RS_GCF_011440375.1	6
RS_GCF_012027645.1	4
RS_GCF_013761205.1	10
RS_GCF_016906025.1	6
RS_GCF_018132105.1	55
RS_GCF_018141185.1	1
RS_GCF_019175345.1	2
RS_GCF_900069765.1	206
RS_GCF_900079115.1	1
RS_GCF_900100385.1	57
RS_GCF_900103505.1	74
RS_GCF_900107205.1	29
RS_GCF_900110215.1	122
RS_GCF_900114025.1	86
RS_GCF_900114835.1	20
RS_GCF_900116205.1	16
RS_GCF_900129775.1	18
RS_GCF_900167955.1	24
RS_GCF_900773955.1	29
GB_GCA_000416085.1	614
GB_GCA_000447225.1	118
GB_GCA_000565255.1	46
GB_GCA_000722915.1	171
GB_GCA_000746685.1	141
GB_GCA_000746765.1	77
GB_GCA_000789255.1	1
GB_GCA_001315985.1	65
GB_GCA_001316305.1	243
GB_GCA_001510225.1	29
GB_GCA_001516765.1	223
GB_GCA_001552015.1	1
GB_GCA_001560915.1	1
GB_GCA_001564195.1	55
GB_GCA_001564275.1	136
GB_GCA_001587715.1	306
GB_GCA_001595915.1	84
GB_GCA_001627235.1	92
GB_GCA_001628485.1	37
GB_GCA_001786415.1	99
GB_GCA_001871595.1	80
GB_GCA_001871655.1	60
GB_GCA_001872125.1	39
GB_GCA_002009985.1	57
GB_GCA_002067045.1	230
GB_GCA_002067325.1	182
GB_GCA_002067485.1	165
GB_GCA_002495365.1	61
GB_GCA_002495845.1	311
GB_GCA_002495945.1	282
GB_GCA_002496475.1	269
GB_GCA_002496545.1	471
GB_GCA_002496555.1	86
GB_GCA_002497545.1	87
GB_GCA_002497655.1	111
GB_GCA_002498225.1	75
GB_GCA_002498375.1	36
GB_GCA_002498705.1	88
GB_GCA_002498805.1	101
GB_GCA_002499095.1	70
GB_GCA_002499275.1	176
GB_GCA_002499645.1	107
GB_GCA_002499685.1	225
GB_GCA_002499865.1	149
GB_GCA_002501845.1	175
GB_GCA_002501965.1	243
GB_GCA_002502165.1	87
GB_GCA_002502655.1	88
GB_GCA_002503265.1	192
GB_GCA_002503295.1	281
GB_GCA_002503675.1	278
GB_GCA_002503905.1	366
GB_GCA_002504585.1	82
GB_GCA_002505185.1	209
GB_GCA_002505775.1	60
GB_GCA_002506565.1	149
GB_GCA_002506755.1	48
GB_GCA_002508465.1	439
GB_GCA_002508705.1	82
GB_GCA_002509265.1	296
GB_GCA_002509415.1	138
GB_GCA_002509545.1	241
GB_GCA_002685415.1	85
GB_GCA_002686775.1	49
GB_GCA_002686855.1	78
GB_GCA_002689165.1	80
GB_GCA_002690785.1	71
GB_GCA_002702715.1	36
GB_GCA_002703075.2	41
GB_GCA_002704585.1	24
GB_GCA_002705345.1	15
GB_GCA_002709285.1	22
GB_GCA_002715725.1	57
GB_GCA_002719355.1	40
GB_GCA_002724795.1	67
GB_GCA_002731195.1	69
GB_GCA_002762665.1	124
GB_GCA_002762865.1	114
GB_GCA_002763335.1	295
GB_GCA_002778915.1	112
GB_GCA_002781145.1	191
GB_GCA_002788515.1	162
GB_GCA_002792685.1	128
GB_GCA_002792915.1	86
GB_GCA_002794155.1	57
GB_GCA_002839685.1	534
GB_GCA_002899805.1	312
GB_GCA_003009795.1	1
GB_GCA_003021235.1	215
GB_GCA_003056285.1	39
GB_GCA_003141295.1	120
GB_GCA_003158275.1	299
GB_GCA_003160575.1	297
GB_GCA_003171385.1	188
GB_GCA_003194435.1	47
GB_GCA_003551525.1	157
GB_GCA_003553905.1	36
GB_GCA_003555125.1	397
GB_GCA_003599055.1	26
GB_GCA_003601605.1	77
GB_GCA_003602455.1	196
GB_GCA_003602475.1	82
GB_GCA_003650815.1	175
GB_GCA_003650865.1	217
GB_GCA_003660485.1	278
GB_GCA_003662325.1	188
GB_GCA_003663445.1	111
GB_GCA_003663475.1	116
GB_GCA_003663585.1	211
GB_GCA_003663695.1	248
GB_GCA_003672275.1	302
GB_GCA_003672595.1	313
GB_GCA_003672735.1	228
GB_GCA_004195625.1	69
GB_GCA_004332335.1	45
GB_GCA_004347845.1	135
GB_GCA_005223125.1	72
GB_GCA_005239615.1	121
GB_GCA_005504395.1	276
GB_GCA_005877185.1	260
GB_GCA_005877385.1	90
GB_GCA_005878375.1	186
GB_GCA_005878625.1	250
GB_GCA_005884215.1	205
GB_GCA_007050235.1	336
GB_GCA_007050895.1	215
GB_GCA_007122875.1	125
GB_GCA_007131485.1	414
GB_GCA_007280335.1	84
GB_GCA_009649835.1	272
GB_GCA_009694755.1	28
GB_GCA_009780795.1	143
GB_GCA_009786295.1	144
GB_GCA_009789175.1	3
GB_GCA_009836545.1	234
GB_GCA_009844325.1	221
GB_GCA_009889545.1	340
GB_GCA_009903905.1	317
GB_GCA_009937025.1	186
GB_GCA_009995055.1	249
GB_GCA_009995255.1	248
GB_GCA_011042275.1	153
GB_GCA_011042415.1	184
GB_GCA_011042535.1	134
GB_GCA_011053435.1	10
GB_GCA_011054055.1	281
GB_GCA_011055445.1	238
GB_GCA_011058825.1	12
GB_GCA_011362825.1	80
GB_GCA_011364155.1	155
GB_GCA_011364565.1	215
GB_GCA_011366335.1	176
GB_GCA_011366615.1	84
GB_GCA_011367065.1	74
GB_GCA_011367275.1	103
GB_GCA_011370395.1	129
GB_GCA_011370995.1	324
GB_GCA_011372935.1	145
GB_GCA_011375785.1	63
GB_GCA_011380155.1	240
GB_GCA_011388575.1	227
GB_GCA_012515445.1	127
GB_GCA_012719835.1	289
GB_GCA_012800035.1	445
GB_GCA_012960735.1	66
GB_GCA_012964315.1	198
GB_GCA_013002265.1	225
GB_GCA_013043295.1	160
GB_GCA_013152905.1	50
GB_GCA_013152995.1	171
GB_GCA_013154145.1	76
GB_GCA_013287585.1	61
GB_GCA_013329175.1	247
GB_GCA_013329295.1	320
GB_GCA_013329555.1	260
GB_GCA_013329565.1	203
GB_GCA_013329575.1	193
GB_GCA_013329925.1	353
GB_GCA_013330155.1	480
GB_GCA_013330165.1	253
GB_GCA_013330375.1	199
GB_GCA_013330385.1	293
GB_GCA_013331535.1	111
GB_GCA_013331795.1	53
GB_GCA_013331945.1	61
GB_GCA_013332015.1	132
GB_GCA_013415565.1	80
GB_GCA_013415865.1	1
GB_GCA_013425375.1	89
GB_GCA_014189675.1	39
GB_GCA_014240255.1	141
GB_GCA_014240385.1	96
GB_GCA_014727935.1	107
GB_GCA_014728565.1	152
GB_GCA_014728745.1	83
GB_GCA_014728875.1	138
GB_GCA_014729555.1	58
GB_GCA_014859725.1	286
GB_GCA_015520785.1	139
GB_GCA_015521175.1	131
GB_GCA_015521515.1	62
GB_GCA_015521565.1	132
GB_GCA_015522025.1	200
GB_GCA_015522185.1	311
GB_GCA_015522765.1	167
GB_GCA_015658345.1	275
GB_GCA_015660865.1	9
GB_GCA_015660965.1	170
GB_GCA_015661775.1	165
GB_GCA_016106185.1	47
GB_GCA_016179945.1	29
GB_GCA_016180035.1	68
GB_GCA_016181325.1	146
GB_GCA_016182015.1	31
GB_GCA_016185435.1	23
GB_GCA_016185815.1	83
GB_GCA_016185945.1	24
GB_GCA_016187385.1	3
GB_GCA_016187465.1	8
GB_GCA_016187565.1	35
GB_GCA_016192905.1	6
GB_GCA_016195275.1	34
GB_GCA_016198585.1	16
GB_GCA_016198605.1	96
GB_GCA_016198625.1	88
GB_GCA_016203175.1	92
GB_GCA_016207465.1	155
GB_GCA_016214075.1	46
GB_GCA_016215305.1	186
GB_GCA_016782315.1	438
GB_GCA_016839405.1	464
GB_GCA_016840315.1	181
GB_GCA_016840785.1	146
GB_GCA_016841785.1	170
GB_GCA_016844685.1	157
GB_GCA_016929895.1	56
GB_GCA_016930555.1	80
GB_GCA_016932815.1	25
GB_GCA_016935155.1	59
GB_GCA_016935455.1	86
GB_GCA_017094465.1	2
GB_GCA_017413035.1	144
GB_GCA_017433025.1	203
GB_GCA_017468935.1	212
GB_GCA_017472625.1	144
GB_GCA_017601345.1	38
GB_GCA_017608005.1	250
GB_GCA_017608295.1	100
GB_GCA_017608405.1	26
GB_GCA_017608505.1	23
GB_GCA_017608645.1	114
GB_GCA_017608995.1	110
GB_GCA_017609655.1	128
GB_GCA_017610145.1	140
GB_GCA_017610335.1	95
GB_GCA_017616575.1	247
GB_GCA_017857615.1	184
GB_GCA_017940815.1	88
GB_GCA_017994095.1	135
GB_GCA_018221105.1	11
GB_GCA_018238155.1	46
GB_GCA_018238375.1	282
GB_GCA_018260615.1	165
GB_GCA_018302125.1	33
GB_GCA_018303005.1	54
GB_GCA_018303165.1	51
GB_GCA_018303245.1	77
GB_GCA_018303425.1	39
GB_GCA_018303485.1	32
GB_GCA_018303565.1	83
GB_GCA_018303705.1	67
GB_GCA_018303785.1	54
GB_GCA_018303885.1	18
GB_GCA_018303895.1	94
GB_GCA_018304055.1	79
GB_GCA_018304615.1	22
GB_GCA_018335335.1	178
GB_GCA_018396405.1	109
GB_GCA_018396555.1	195
GB_GCA_018396705.1	9
GB_GCA_018396815.1	12
GB_GCA_018396855.1	317
GB_GCA_018433005.1	93
GB_GCA_018434885.1	133
GB_GCA_018623995.1	224
GB_GCA_018649825.1	178
GB_GCA_018649855.1	23
GB_GCA_018659235.1	42
GB_GCA_018661885.1	293
GB_GCA_018662825.1	123
GB_GCA_018665145.1	290
GB_GCA_018674115.1	29
GB_GCA_018696115.1	13
GB_GCA_018696235.1	17
GB_GCA_018696375.1	171
GB_GCA_018698865.1	133
GB_GCA_018702655.1	355
GB_GCA_018812625.1	43
GB_GCA_018894775.1	381
GB_GCA_018898425.1	112
GB_GCA_018899285.1	128
GB_GCA_018899435.1	179
GB_GCA_018901755.1	21
GB_GCA_018920255.1	26
GB_GCA_018920315.1	19
GB_GCA_018992685.1	45
GB_GCA_019057375.1	159
GB_GCA_019058215.1	371
GB_GCA_902386555.1	11
GB_GCA_902512865.1	39
GB_GCA_902529885.1	23
GB_GCA_902530535.1	55
GB_GCA_902558235.1	35
GB_GCA_902576965.1	43
GB_GCA_902578515.1	58
GB_GCA_902578795.1	37
GB_GCA_902606965.1	46
GB_GCA_902629035.1	54
GB_GCA_902757365.1	38
GB_GCA_902759335.1	207
GB_GCA_902764455.1	88
GB_GCA_902771225.1	124
GB_GCA_902774605.1	110
GB_GCA_902777245.1	102
GB_GCA_902777475.1	208
GB_GCA_902781855.1	230
GB_GCA_902799005.1	308
GB_GCA_902800615.1	64
GB_GCA_903828555.1	582
GB_GCA_903830965.1	151
GB_GCA_903835465.1	158
GB_GCA_903840245.1	386
GB_GCA_903857235.1	160
GB_GCA_903858385.1	135
GB_GCA_903884205.1	103
GB_GCA_903901015.1	117
GB_GCA_903907105.1	334
GB_GCA_903914655.1	243
GB_GCA_903922105.1	177
GB_GCA_905234905.1	135
GB_GCA_905236795.1	295
GB_GCA_905477435.1	277
RS_GCF_000020905.1	1
RS_GCF_000023945.1	1
RS_GCF_000092305.1	1
RS_GCF_000189955.1	40
RS_GCF_000189995.1	47
RS_GCF_000190175.1	108
RS_GCF_000243315.1	120
RS_GCF_000245275.1	1
RS_GCF_000246985.2	1
RS_GCF_000306765.2	4
RS_GCF_000328285.1	777
RS_GCF_000337175.1	88
RS_GCF_000337335.1	68
RS_GCF_000337595.1	70
RS_GCF_000363885.1	81
RS_GCF_000371805.1	2
RS_GCF_000493245.1	42
RS_GCF_000632495.1	68
RS_GCF_000739575.1	81
RS_GCF_000828555.1	1
RS_GCF_000969885.1	1
RS_GCF_000979185.1	172
RS_GCF_001485535.1	4
RS_GCF_001541925.1	26
RS_GCF_001548675.1	1
RS_GCF_001559955.1	16
RS_GCF_001560125.1	7
RS_GCF_001560165.1	13
RS_GCF_001560455.1	17
RS_GCF_001560555.1	10
RS_GCF_001560725.1	7
RS_GCF_001593955.1	23
RS_GCF_001723155.1	420
RS_GCF_002156965.1	1
RS_GCF_002177135.1	8
RS_GCF_002214565.1	1
RS_GCF_002287195.1	29
RS_GCF_002761295.1	7
RS_GCF_002906215.1	1
RS_GCF_003149675.1	48
RS_GCF_003382985.1	167
RS_GCF_003665905.1	69
RS_GCF_003675855.1	17
RS_GCF_003721435.2	2
RS_GCF_003852215.1	1
RS_GCF_004310395.1	5
RS_GCF_004521895.1	26
RS_GCF_004765785.1	35
RS_GCF_006543045.1	89
RS_GCF_007050195.1	374
RS_GCF_008326385.1	1
RS_GCF_008806815.1	3
RS_GCF_009217585.1	1
RS_GCF_009729515.1	5
RS_GCF_009791395.1	50
RS_GCF_009831455.1	4
RS_GCF_010119205.1	7
RS_GCF_012027545.1	201
RS_GCF_012163165.1	123
RS_GCF_013342135.1	4
RS_GCF_013391635.1	2
RS_GCF_013839515.1	58
RS_GCF_014530665.1	17
RS_GCF_014647455.2	13
RS_GCF_015209645.1	10
RS_GCF_019175305.1	1
RS_GCF_900100335.1	11
RS_GCF_900115675.1	37
RS_GCF_900177045.1	8
RS_GCF_901111125.1	27
RS_GCF_902387325.1	16
GB_GCA_000189875.2	102
GB_GCA_001316145.1	29
GB_GCA_001421185.1	182
GB_GCA_001508815.1	153
GB_GCA_001516585.1	155
GB_GCA_001563325.1	266
GB_GCA_001563965.1	134
GB_GCA_001564135.1	205
GB_GCA_001587575.1	61
GB_GCA_001593875.1	81
GB_GCA_001627075.1	118
GB_GCA_001628455.1	34
GB_GCA_001629165.1	186
GB_GCA_001629255.1	56
GB_GCA_001875365.1	24
GB_GCA_002010975.1	43
GB_GCA_002011215.1	154
GB_GCA_002069575.1	574
GB_GCA_002171315.2	87
GB_GCA_002255045.1	113
GB_GCA_002457595.1	40
GB_GCA_002494565.1	82
GB_GCA_002495105.1	216
GB_GCA_002495125.1	158
GB_GCA_002495235.1	116
GB_GCA_002495465.1	127
GB_GCA_002495525.1	107
GB_GCA_002495685.1	44
GB_GCA_002495725.1	101
GB_GCA_002496005.1	178
GB_GCA_002496425.1	138
GB_GCA_002496805.1	68
GB_GCA_002497525.1	176
GB_GCA_002497815.1	45
GB_GCA_002498605.1	76
GB_GCA_002498665.1	116
GB_GCA_002499015.1	327
GB_GCA_002499425.1	160
GB_GCA_002499785.1	183
GB_GCA_002499825.1	145
GB_GCA_002501655.1	90
GB_GCA_002501775.1	9
GB_GCA_002501935.1	662
GB_GCA_002502855.1	63
GB_GCA_002502965.1	11
GB_GCA_002503185.1	288
GB_GCA_002503285.1	38
GB_GCA_002503545.1	56
GB_GCA_002504005.1	202
GB_GCA_002506165.1	39
GB_GCA_002506875.1	200
GB_GCA_002507065.1	230
GB_GCA_002508725.1	287
GB_GCA_002509485.1	228
GB_GCA_002509495.1	165
GB_GCA_002509605.1	163
GB_GCA_002683155.1	72
GB_GCA_002687305.1	39
GB_GCA_002687355.1	48
GB_GCA_002696615.1	31
GB_GCA_002711985.1	23
GB_GCA_002718215.1	45
GB_GCA_002718975.1	23
GB_GCA_002722615.1	38
GB_GCA_002722735.1	20
GB_GCA_002725315.1	52
GB_GCA_002725535.1	66
GB_GCA_002730005.1	93
GB_GCA_002790875.1	81
GB_GCA_002791855.1	127
GB_GCA_003019535.1	66
GB_GCA_003019595.1	195
GB_GCA_003022685.1	274
GB_GCA_003022805.1	208
GB_GCA_003141335.1	174
GB_GCA_003141775.1	237
GB_GCA_003163455.1	128
GB_GCA_003164815.1	129
GB_GCA_003194425.1	8
GB_GCA_003229935.1	228
GB_GCA_003352285.1	5
GB_GCA_003552325.1	287
GB_GCA_003552845.1	42
GB_GCA_003552885.1	259
GB_GCA_003559215.1	222
GB_GCA_003562145.1	123
GB_GCA_003601875.1	75
GB_GCA_003602645.1	105
GB_GCA_003649375.1	371
GB_GCA_003649495.1	247
GB_GCA_003650935.1	236
GB_GCA_003662205.1	209
GB_GCA_003662765.1	205
GB_GCA_003663115.1	165
GB_GCA_003672655.1	358
GB_GCA_003694495.1	106
GB_GCA_003695045.1	159
GB_GCA_003702495.1	106
GB_GCA_004193545.1	46
GB_GCA_004211975.1	250
GB_GCA_004375695.1	37
GB_GCA_005877365.1	379
GB_GCA_007133925.1	160
GB_GCA_008080735.1	163
GB_GCA_008080745.1	19
GB_GCA_009781395.1	163
GB_GCA_009783705.1	107
GB_GCA_009887025.1	42
GB_GCA_009889515.1	154
GB_GCA_009928695.1	154
GB_GCA_011047595.1	17
GB_GCA_011051125.1	54
GB_GCA_011330825.1	156
GB_GCA_011331665.1	54
GB_GCA_011332615.1	59
GB_GCA_011333035.1	12
GB_GCA_011361905.1	230
GB_GCA_011364235.1	12
GB_GCA_011369665.1	114
GB_GCA_011372985.1	249
GB_GCA_011375535.1	190
GB_GCA_012519275.1	81
GB_GCA_012960685.1	58
GB_GCA_013044425.1	217
GB_GCA_013154355.1	121
GB_GCA_013203345.1	144
GB_GCA_013306035.1	18
GB_GCA_013306055.1	36
GB_GCA_013328975.1	86
GB_GCA_013329035.1	54
GB_GCA_013329045.1	56
GB_GCA_013329235.1	105
GB_GCA_013329665.1	196
GB_GCA_013330285.1	360
GB_GCA_013330355.1	300
GB_GCA_013330915.1	210
GB_GCA_013331265.1	753
GB_GCA_013331595.1	119
GB_GCA_013378375.1	46
GB_GCA_013388835.1	125
GB_GCA_013390785.1	26
GB_GCA_013390855.1	13
GB_GCA_013538795.1	41
GB_GCA_014361255.1	43
GB_GCA_014361455.1	146
GB_GCA_014523525.1	309
GB_GCA_014523665.1	833
GB_GCA_014727925.1	59
GB_GCA_014729315.1	975
GB_GCA_014874255.1	122
GB_GCA_015063015.1	66
GB_GCA_015520875.1	122
GB_GCA_015521195.1	134
GB_GCA_015522625.1	136
GB_GCA_015522865.1	65
GB_GCA_015523245.1	227
GB_GCA_015523325.1	24
GB_GCA_015523395.1	213
GB_GCA_015523425.1	257
GB_GCA_015654385.1	1
GB_GCA_016180135.1	46
GB_GCA_016198635.1	90
GB_GCA_016201435.1	66
GB_GCA_016202875.1	85
GB_GCA_016212505.1	46
GB_GCA_016550495.1	269
GB_GCA_016777075.1	87
GB_GCA_016782245.1	494
GB_GCA_016784245.1	54
GB_GCA_016839045.1	464
GB_GCA_016839765.1	96
GB_GCA_016845365.1	26
GB_GCA_016867655.1	215
GB_GCA_016928095.1	124
GB_GCA_016930135.1	125
GB_GCA_016932245.1	161
GB_GCA_016932615.1	29
GB_GCA_016932875.1	100
GB_GCA_016934325.1	35
GB_GCA_016937345.1	52
GB_GCA_017094485.1	1
GB_GCA_017406825.1	54
GB_GCA_017447225.1	117
GB_GCA_017601395.1	207
GB_GCA_017608555.1	77
GB_GCA_017608605.1	44
GB_GCA_017609585.1	90
GB_GCA_017857235.1	58
GB_GCA_017883965.1	144
GB_GCA_017885605.1	137
GB_GCA_017994055.1	134
GB_GCA_018221085.1	92
GB_GCA_018221125.1	68
GB_GCA_018238705.1	549
GB_GCA_018263315.1	183
GB_GCA_018302705.1	35
GB_GCA_018302785.1	50
GB_GCA_018303445.1	54
GB_GCA_018303505.1	78
GB_GCA_018303625.1	61
GB_GCA_018304495.1	94
GB_GCA_018334775.1	325
GB_GCA_018396775.1	25
GB_GCA_018396875.1	51
GB_GCA_018647405.1	76
GB_GCA_018648185.1	23
GB_GCA_018648425.1	88
GB_GCA_018650525.1	44
GB_GCA_018650605.1	24
GB_GCA_018650885.1	38
GB_GCA_018650895.1	35
GB_GCA_018651685.1	94
GB_GCA_018652315.1	131
GB_GCA_018652685.1	99
GB_GCA_018652765.1	164
GB_GCA_018658265.1	47
GB_GCA_018659865.1	103
GB_GCA_018661305.1	92
GB_GCA_018661605.1	12
GB_GCA_018666965.1	286
GB_GCA_018672335.1	4
GB_GCA_018691345.1	121
GB_GCA_018692495.1	3
GB_GCA_018693315.1	8
GB_GCA_018816245.1	6
GB_GCA_018818705.1	89
GB_GCA_018819225.1	8
GB_GCA_018819765.1	52
GB_GCA_018828865.1	198
GB_GCA_018895455.1	138
GB_GCA_018899975.1	245
GB_GCA_018900975.1	335
GB_GCA_018902415.1	134
GB_GCA_018920345.1	28
GB_GCA_019057355.1	521
GB_GCA_019057795.1	87
GB_GCA_019057915.1	480
GB_GCA_019058365.1	58
GB_GCA_019136535.1	245
GB_GCA_900095815.1	1
GB_GCA_902386535.1	68
GB_GCA_902511735.1	57
GB_GCA_902560445.1	38
GB_GCA_902566725.1	37
GB_GCA_902573015.1	46
GB_GCA_902592435.1	32
GB_GCA_902757435.1	251
GB_GCA_902764015.1	158
GB_GCA_902765435.1	250
GB_GCA_902770905.1	149
GB_GCA_902771435.1	101
GB_GCA_902781205.1	85
GB_GCA_902781415.1	95
GB_GCA_902784195.1	18
GB_GCA_902791645.1	160
GB_GCA_902793795.1	307
GB_GCA_902795335.1	117
GB_GCA_903828205.1	11
GB_GCA_903989525.1	399
GB_GCA_904501935.1	181
RS_GCF_000006175.1	1
RS_GCF_000015825.1	1
RS_GCF_000018485.1	1
RS_GCF_000190135.1	47
RS_GCF_000245095.1	1
RS_GCF_000245235.1	1
RS_GCF_000265525.1	1
RS_GCF_000300255.2	1
RS_GCF_000328945.1	15
RS_GCF_000334895.1	58
RS_GCF_000337215.1	121
RS_GCF_000691865.1	306
RS_GCF_000970225.1	1
RS_GCF_000979745.1	228
RS_GCF_000980075.1	196
RS_GCF_001266655.1	1
RS_GCF_001316085.1	74
RS_GCF_001488575.1	4
RS_GCF_001560485.1	18
RS_GCF_001560515.1	6
RS_GCF_002025255.2	4
RS_GCF_002201915.1	1
RS_GCF_002252925.1	175
RS_GCF_002252965.1	175
RS_GCF_002355655.1	3
RS_GCF_002945325.1	1
RS_GCF_003287355.1	69
RS_GCF_003351065.1	33
RS_GCF_003431325.1	1
RS_GCF_003666065.1	136
RS_GCF_003722055.1	10
RS_GCF_003814835.1	7
RS_GCF_003947435.1	182
RS_GCF_004765795.1	39
RS_GCF_004799665.1	1
RS_GCF_008326425.1	1
RS_GCF_008728975.1	5
RS_GCF_009601705.1	1
RS_GCF_009807105.1	71
RS_GCF_011627385.1	12
RS_GCF_013133875.1	443
RS_GCF_013407145.1	1
RS_GCF_014207315.1	20
RS_GCF_014646795.1	12
RS_GCF_014646875.1	56
RS_GCF_017874195.1	20
RS_GCF_017874375.1	5
RS_GCF_017875325.1	2
RS_GCF_017875815.1	13
RS_GCF_018420015.1	120
RS_GCF_018502485.1	1
RS_GCF_900003515.1	174
RS_GCF_900004275.1	139
RS_GCF_900102375.1	28
RS_GCF_900103715.1	11
RS_GCF_900110465.1	66
RS_GCF_900114455.1	20
RS_GCF_900143675.1	10
RS_GCF_900177455.1	9
RS_GCF_902209435.1	43
GB_GCA_000495695.1	129
GB_GCA_000806155.1	19
GB_GCA_000961135.1	374
GB_GCA_001399805.1	96
GB_GCA_001563905.1	35
GB_GCA_001587655.1	87
GB_GCA_001593935.1	81
GB_GCA_001627095.1	104
GB_GCA_001800745.1	144
GB_GCA_001872185.1	45
GB_GCA_001920395.1	62
GB_GCA_002010045.1	130
GB_GCA_002010155.1	103
GB_GCA_002067315.1	219
GB_GCA_002254545.1	32
GB_GCA_002254805.1	33
GB_GCA_002356395.1	1
GB_GCA_002457195.1	66
GB_GCA_002494525.1	16
GB_GCA_002494745.1	40
GB_GCA_002494785.1	72
GB_GCA_002494985.1	215
GB_GCA_002496495.1	42
GB_GCA_002496635.1	321
GB_GCA_002497475.1	180
GB_GCA_002497565.1	187
GB_GCA_002497785.1	60
GB_GCA_002497905.1	140
GB_GCA_002498215.1	251
GB_GCA_002498455.1	161
GB_GCA_002499145.1	102
GB_GCA_002499375.1	30
GB_GCA_002499455.1	422
GB_GCA_002501725.1	134
GB_GCA_002502005.1	477
GB_GCA_002502405.1	60
GB_GCA_002502465.1	27
GB_GCA_002502555.1	123
GB_GCA_002502685.1	79
GB_GCA_002502925.1	105
GB_GCA_002502975.1	99
GB_GCA_002503005.1	139
GB_GCA_002503305.1	54
GB_GCA_002503425.1	174
GB_GCA_002503705.1	111
GB_GCA_002503745.1	42
GB_GCA_002503885.1	167
GB_GCA_002503915.1	40
GB_GCA_002504405.1	16
GB_GCA_002504435.1	113
GB_GCA_002504495.1	308
GB_GCA_002504665.1	128
GB_GCA_002504825.1	95
GB_GCA_002504985.1	17
GB_GCA_002505025.1	134
GB_GCA_002506085.1	83
GB_GCA_002506455.1	121
GB_GCA_002506785.1	121
GB_GCA_002506985.1	182
GB_GCA_002507095.1	203
GB_GCA_002508495.1	196
GB_GCA_002508625.1	46
GB_GCA_002508635.1	401
GB_GCA_002508775.1	307
GB_GCA_002508855.1	187
GB_GCA_002509095.1	47
GB_GCA_002509125.1	257
GB_GCA_002509225.1	85
GB_GCA_002509255.1	111
GB_GCA_002509425.1	144
GB_GCA_002509705.1	176
GB_GCA_002685735.1	65
GB_GCA_002687185.1	119
GB_GCA_002687795.1	39
GB_GCA_002688925.1	20
GB_GCA_002701145.1	88
GB_GCA_002715245.1	45
GB_GCA_002717165.1	26
GB_GCA_002722595.1	51
GB_GCA_002726865.1	85
GB_GCA_002730445.1	109
GB_GCA_002779795.1	34
GB_GCA_002780285.1	45
GB_GCA_002792655.1	43
GB_GCA_002839575.1	217
GB_GCA_002839705.1	30
GB_GCA_003019385.1	90
GB_GCA_003022845.1	223
GB_GCA_003023565.1	65
GB_GCA_003086475.1	47
GB_GCA_003153895.1	194
GB_GCA_003157355.1	189
GB_GCA_003157895.1	289
GB_GCA_003159635.1	153
GB_GCA_003168535.1	123
GB_GCA_003194445.1	241
GB_GCA_003266085.1	70
GB_GCA_003336485.1	207
GB_GCA_003551125.1	59
GB_GCA_003555005.1	136
GB_GCA_003558235.1	99
GB_GCA_003568775.1	9
GB_GCA_003602635.1	163
GB_GCA_003661865.1	285
GB_GCA_003661975.1	207
GB_GCA_003662305.1	174
GB_GCA_003672385.1	282
GB_GCA_003672405.1	360
GB_GCA_003672445.1	460
GB_GCA_003672545.1	382
GB_GCA_003695435.1	71
GB_GCA_004195655.1	38
GB_GCA_004212145.1	46
GB_GCA_004524515.1	264
GB_GCA_005798995.1	31
GB_GCA_005877395.1	360
GB_GCA_005888795.1	276
GB_GCA_005954745.1	4
GB_GCA_006954445.1	33
GB_GCA_007125235.1	114
GB_GCA_007129135.1	400
GB_GCA_008933945.1	95
GB_GCA_009694725.1	10
GB_GCA_009889585.1	332
GB_GCA_009903405.1	127
GB_GCA_011045925.1	99
GB_GCA_011047985.1	113
GB_GCA_011050875.1	116
GB_GCA_011334665.1	157
GB_GCA_011335015.1	32
GB_GCA_011358735.1	21
GB_GCA_011358815.1	231
GB_GCA_011364715.1	114
GB_GCA_011364905.1	103
GB_GCA_011366505.1	135
GB_GCA_011366705.1	11
GB_GCA_011366745.1	115
GB_GCA_011367145.1	115
GB_GCA_011373345.1	186
GB_GCA_011373385.1	54
GB_GCA_011374155.1	299
GB_GCA_011375505.1	59
GB_GCA_011375665.1	215
GB_GCA_011380355.1	91
GB_GCA_011391345.1	212
GB_GCA_011523055.1	60
GB_GCA_011523085.1	116
GB_GCA_012026835.1	116
GB_GCA_012510295.1	451
GB_GCA_012719175.1	16
GB_GCA_012729025.1	74
GB_GCA_012729995.1	626
GB_GCA_012838205.1	69
GB_GCA_012910725.1	182
GB_GCA_012960825.1	169
GB_GCA_012964335.1	67
GB_GCA_012964795.1	89
GB_GCA_013153145.1	47
GB_GCA_013154035.1	88
GB_GCA_013203245.1	149
GB_GCA_013214115.1	166
GB_GCA_013288145.1	145
GB_GCA_013290045.1	183
GB_GCA_013329795.1	71
GB_GCA_013329805.1	46
GB_GCA_013329855.1	317
GB_GCA_013330115.1	250
GB_GCA_013330865.1	106
GB_GCA_013331215.1	406
GB_GCA_013331255.1	335
GB_GCA_013331435.1	222
GB_GCA_013375485.1	457
GB_GCA_013425335.1	55
GB_GCA_013426015.1	2
GB_GCA_014361165.1	159
GB_GCA_014361205.1	170
GB_GCA_014361245.1	105
GB_GCA_014361315.1	22
GB_GCA_014361445.1	91
GB_GCA_014523685.1	258
GB_GCA_014729705.1	405
GB_GCA_014730125.1	489
GB_GCA_015062935.1	56
GB_GCA_015063065.1	109
GB_GCA_015063245.1	13
GB_GCA_015063285.1	35
GB_GCA_015122075.1	36
GB_GCA_015163485.1	12
GB_GCA_015521115.1	59
GB_GCA_015522095.1	117
GB_GCA_015522695.1	34
GB_GCA_015522935.1	97
GB_GCA_015523565.1	233
GB_GCA_015523665.1	267
GB_GCA_015660055.1	94
GB_GCA_015661435.1	23
GB_GCA_015663795.1	211
GB_GCA_015709365.1	12
GB_GCA_016177315.1	167
GB_GCA_016180145.1	109
GB_GCA_016185555.1	139
GB_GCA_016185805.1	58
GB_GCA_016186075.1	173
GB_GCA_016187745.1	11
GB_GCA_016202845.1	137
GB_GCA_016203345.1	125
GB_GCA_016217775.1	128
GB_GCA_016219835.1	128
GB_GCA_016297015.1	62
GB_GCA_016550485.1	338
GB_GCA_016839365.1	93
GB_GCA_016839445.1	190
GB_GCA_016839805.1	50
GB_GCA_016839955.1	816
GB_GCA_016840085.1	89
GB_GCA_016840185.1	329
GB_GCA_016840585.1	156
GB_GCA_016840795.1	290
GB_GCA_016882195.1	41
GB_GCA_016929255.1	60
GB_GCA_016930415.1	22
GB_GCA_016932675.1	165
GB_GCA_016933055.1	36
GB_GCA_016935125.1	102
GB_GCA_017094445.1	2
GB_GCA_017389565.1	285
GB_GCA_017407825.1	191
GB_GCA_017412935.1	306
GB_GCA_017434525.1	173
GB_GCA_017435435.1	139
GB_GCA_017541725.1	165
GB_GCA_017542975.1	249
GB_GCA_017608525.1	93
GB_GCA_017609005.1	151
GB_GCA_017609175.1	6
GB_GCA_017609245.1	81
GB_GCA_017610385.1	18
GB_GCA_017622775.1	257
GB_GCA_017883525.1	57
GB_GCA_018220985.1	24
GB_GCA_018221285.1	43
GB_GCA_018238825.1	455
GB_GCA_018238965.1	374
GB_GCA_018263005.1	21
GB_GCA_018263505.1	68
GB_GCA_018302725.1	55
GB_GCA_018303185.1	78
GB_GCA_018303645.1	96
GB_GCA_018303685.1	83
GB_GCA_018303805.1	2
GB_GCA_018304985.1	45
GB_GCA_018334835.1	121
GB_GCA_018335115.1	134
GB_GCA_018396695.1	148
GB_GCA_018432985.1	169
GB_GCA_018433205.1	105
GB_GCA_018434005.1	67
GB_GCA_018610025.1	196
GB_GCA_018648095.1	10
GB_GCA_018654845.1	37
GB_GCA_018655135.1	139
GB_GCA_018656325.1	10
GB_GCA_018656625.1	121
GB_GCA_018667715.1	139
GB_GCA_018669175.1	10
GB_GCA_018670185.1	40
GB_GCA_018671035.1	122
GB_GCA_018671245.1	15
GB_GCA_018673655.1	104
GB_GCA_018675975.1	3
GB_GCA_018692655.1	164
GB_GCA_018693795.1	53
GB_GCA_018697095.1	4
GB_GCA_018697875.1	99
GB_GCA_018812355.1	213
GB_GCA_018817265.1	40
GB_GCA_018829425.1	115
GB_GCA_018829845.1	90
GB_GCA_018895095.1	91
GB_GCA_018896675.1	147
GB_GCA_019246625.1	461
GB_GCA_900313195.1	295
GB_GCA_900313645.1	192
GB_GCA_900315215.1	26
GB_GCA_900316635.1	105
GB_GCA_900318035.1	57
GB_GCA_900321995.1	272
GB_GCA_902158745.1	271
GB_GCA_902384525.1	130
GB_GCA_902384675.1	76
GB_GCA_902384935.1	23
GB_GCA_902385225.1	42
GB_GCA_902385255.1	13
GB_GCA_902385765.1	98
GB_GCA_902511005.1	35
GB_GCA_902567315.1	51
GB_GCA_902573085.1	55
GB_GCA_902591065.1	49
GB_GCA_902625265.1	43
GB_GCA_902756745.1	89
GB_GCA_902760885.1	121
GB_GCA_902762445.1	174
GB_GCA_902767825.1	214
GB_GCA_902768765.1	339
GB_GCA_902770085.1	210
GB_GCA_902786715.1	103
GB_GCA_902788375.1	381
GB_GCA_902788475.1	84
GB_GCA_902798395.1	154
GB_GCA_902803895.1	153
GB_GCA_902812495.1	64
GB_GCA_902826075.1	257
GB_GCA_903856865.1	14
GB_GCA_903887875.1	437
GB_GCA_903890175.1	662
GB_GCA_903891505.1	101
GB_GCA_903916535.1	292
GB_GCA_903921935.1	477
GB_GCA_905171685.1	1
GB_GCA_905612295.1	61
RS_GCF_000011105.1	1
RS_GCF_000016525.1	1
RS_GCF_000017165.1	1
RS_GCF_000152265.2	1
RS_GCF_000187225.1	32
RS_GCF_000189975.1	40
RS_GCF_000204415.1	2
RS_GCF_000253055.1	1
RS_GCF_000336955.1	36
RS_GCF_000337035.1	69
RS_GCF_000337375.1	41
RS_GCF_000337575.1	48
RS_GCF_000337635.1	134
RS_GCF_000337735.1	63
RS_GCF_000337795.1	21
RS_GCF_000337835.1	29
RS_GCF_000337855.1	56
RS_GCF_000337875.1	66
RS_GCF_000427685.1	10
RS_GCF_000591055.1	1
RS_GCF_000711215.1	12
RS_GCF_000784335.1	83
RS_GCF_000970145.1	1
RS_GCF_000979685.1	181
RS_GCF_000979755.1	214
RS_GCF_000979815.1	159
RS_GCF_001266735.1	1
RS_GCF_001482285.1	58
RS_GCF_001559975.1	8
RS_GCF_001560675.1	7
RS_GCF_001592435.1	2
RS_GCF_001639285.1	169
RS_GCF_001729285.1	70
RS_GCF_001729375.1	390
RS_GCF_002197185.1	1
RS_GCF_002214365.1	1
RS_GCF_002215565.1	1
RS_GCF_002252745.1	45
RS_GCF_002252985.1	156
RS_GCF_002287235.1	559
RS_GCF_002813085.1	1
RS_GCF_003382685.1	97
RS_GCF_003781945.1	24
RS_GCF_003852155.1	1
RS_GCF_003990725.2	2
RS_GCF_004803735.1	2
RS_GCF_004916935.1	20
RS_GCF_009741975.1	209
RS_GCF_012027305.1	53
RS_GCF_012027555.1	25
RS_GCF_012027615.1	48
RS_GCF_012222305.1	1
RS_GCF_013267195.1	3
RS_GCF_013761105.1	8
RS_GCF_013761165.1	7
RS_GCF_014202515.1	37
RS_GCF_016907005.1	9
RS_GCF_018420065.1	116
RS_GCF_900106715.1	56
RS_GCF_900112205.1	32
RS_GCF_900156475.1	63
RS_GCF_904067545.1	1
GB_GCA_000405245.1	15
GB_GCA_000405905.1	43
GB_GCA_000484975.1	40
GB_GCA_001399795.1	58
GB_GCA_001402855.1	10
GB_GCA_001512375.1	503
GB_GCA_001512965.1	80
GB_GCA_001516665.1	334
GB_GCA_001516705.1	365
GB_GCA_001563995.1	54
GB_GCA_001587695.1	76
GB_GCA_001629155.1	178
GB_GCA_001717025.1	87
GB_GCA_001723855.1	170
GB_GCA_001872795.1	38
GB_GCA_001873845.1	261
GB_GCA_001914405.1	4
GB_GCA_001917965.1	82
GB_GCA_001920575.1	43
GB_GCA_002067565.1	347
GB_GCA_002254765.1	111
GB_GCA_002412065.1	44
GB_GCA_002494485.1	231
GB_GCA_002494845.1	63
GB_GCA_002494945.1	216
GB_GCA_002495385.1	142
GB_GCA_002495665.1	253
GB_GCA_002496085.1	292
GB_GCA_002496345.1	134
GB_GCA_002496825.1	28
GB_GCA_002497105.1	155
GB_GCA_002497125.1	125
GB_GCA_002497295.1	62
GB_GCA_002497365.1	130
GB_GCA_002497395.1	32
GB_GCA_002497985.1	123
GB_GCA_002498135.1	246
GB_GCA_002498265.1	251
GB_GCA_002498945.1	166
GB_GCA_002499285.1	80
GB_GCA_002499505.1	52
GB_GCA_002499585.1	62
GB_GCA_002499745.1	66
GB_GCA_002501915.1	108
GB_GCA_002501975.1	83
GB_GCA_002502135.1	27
GB_GCA_002502325.1	108
GB_GCA_002503365.1	272
GB_GCA_002503845.1	28
GB_GCA_002504745.1	140
GB_GCA_002506325.1	55
GB_GCA_002506415.1	195
GB_GCA_002506495.1	144
GB_GCA_002506515.1	189
GB_GCA_002506535.1	30
GB_GCA_002508675.1	322
GB_GCA_002508765.1	266
GB_GCA_002685895.1	103
GB_GCA_002687075.1	73
GB_GCA_002689985.1	30
GB_GCA_002693905.2	49
GB_GCA_002693925.2	89
GB_GCA_002699665.1	52
GB_GCA_002700955.2	35
GB_GCA_002701025.1	67
GB_GCA_002706065.1	45
GB_GCA_002708385.1	45
GB_GCA_002713325.1	53
GB_GCA_002713925.1	41
GB_GCA_002719475.1	53
GB_GCA_002722695.1	50
GB_GCA_002727695.1	117
GB_GCA_002729095.1	95
GB_GCA_002762795.1	41
GB_GCA_002763225.1	126
GB_GCA_002780105.1	111
GB_GCA_003021785.1	19
GB_GCA_003022045.1	281
GB_GCA_003023195.1	60
GB_GCA_003138595.1	285
GB_GCA_003151735.1	130
GB_GCA_003155875.1	121
GB_GCA_003164755.1	130
GB_GCA_003164775.1	167
GB_GCA_003166275.1	133
GB_GCA_003170635.1	307
GB_GCA_003344645.1	52
GB_GCA_003550375.1	280
GB_GCA_003551725.1	462
GB_GCA_003552265.1	189
GB_GCA_003555395.1	193
GB_GCA_003560545.1	113
GB_GCA_003563585.1	112
GB_GCA_003601535.1	263
GB_GCA_003601665.1	99
GB_GCA_003602595.1	136
GB_GCA_003650925.1	81
GB_GCA_003650975.1	313
GB_GCA_003651105.1	122
GB_GCA_003661365.1	255
GB_GCA_003662625.1	159
GB_GCA_003662715.1	513
GB_GCA_003670115.1	8
GB_GCA_003672825.1	354
GB_GCA_003672915.1	464
GB_GCA_003702545.1	96
GB_GCA_003724235.1	93
GB_GCA_003838065.1	232
GB_GCA_003857025.1	379
GB_GCA_004195715.1	42
GB_GCA_004212135.1	183
GB_GCA_004376265.1	393
GB_GCA_004524435.1	281
GB_GCA_004524595.1	219
GB_GCA_004525545.1	158
GB_GCA_005240025.1	238
GB_GCA_005878325.1	263
GB_GCA_005878415.1	343
GB_GCA_005879105.1	131
GB_GCA_005888735.1	90
GB_GCA_005888745.1	94
GB_GCA_007119345.1	292
GB_GCA_007123105.1	122
GB_GCA_007570915.1	217
GB_GCA_008080855.1	60
GB_GCA_008081315.1	229
GB_GCA_009694705.1	61
GB_GCA_009712615.1	517
GB_GCA_009776805.1	173
GB_GCA_009780575.1	64
GB_GCA_009904015.1	37
GB_GCA_009904025.1	123
GB_GCA_009904115.1	176
GB_GCA_009995015.1	279
GB_GCA_010030345.1	157
GB_GCA_010030415.1	148
GB_GCA_011056815.1	307
GB_GCA_011333475.1	364
GB_GCA_011334735.1	144
GB_GCA_011334955.1	71
GB_GCA_011335055.1	110
GB_GCA_011358475.1	140
GB_GCA_011361755.1	82
GB_GCA_011362025.1	110
GB_GCA_011364615.1	137
GB_GCA_011366535.1	106
GB_GCA_011366665.1	200
GB_GCA_011367245.1	163
GB_GCA_011369685.1	126
GB_GCA_011375895.1	173
GB_GCA_011388725.1	213
GB_GCA_011391755.1	347
GB_GCA_011772925.1	174
GB_GCA_011773475.1	204
GB_GCA_012329085.1	385
GB_GCA_012521495.1	193
GB_GCA_012840205.1	41
GB_GCA_012928565.1	39
GB_GCA_013153555.1	89
GB_GCA_013177915.1	3
GB_GCA_013201385.1	218
GB_GCA_013215525.1	176
GB_GCA_013329335.1	262
GB_GCA_013329535.1	298
GB_GCA_013329775.1	11
GB_GCA_013329955.1	195
GB_GCA_013330655.1	297
GB_GCA_013331575.1	101
GB_GCA_013331615.1	108
GB_GCA_013415665.1	176
GB_GCA_013521055.1	37
GB_GCA_013572355.1	243
GB_GCA_013824915.1	57
GB_GCA_014237135.1	124
GB_GCA_014237145.1	118
GB_GCA_014361425.1	56
GB_GCA_014384145.1	155
GB_GCA_014729915.1	186
GB_GCA_014730055.1	315
GB_GCA_014874295.1	42
GB_GCA_015062815.1	197
GB_GCA_015520195.1	133
GB_GCA_015520845.1	124
GB_GCA_015520865.1	115
GB_GCA_015521065.1	170
GB_GCA_015521605.1	42
GB_GCA_015521665.1	19
GB_GCA_015521945.1	188
GB_GCA_015522395.1	261
GB_GCA_015522635.1	27
GB_GCA_015659615.1	44
GB_GCA_015659805.1	88
GB_GCA_015661515.1	77
GB_GCA_016180195.1	31
GB_GCA_016180385.1	152
GB_GCA_016184315.1	36
GB_GCA_016185865.1	111
GB_GCA_016187335.1	2
GB_GCA_016187365.1	83
GB_GCA_016196285.1	72
GB_GCA_016201515.1	55
GB_GCA_016203135.1	92
GB_GCA_016212525.1	10
GB_GCA_016214445.1	151
GB_GCA_016291275.1	219
GB_GCA_016699325.1	1
GB_GCA_016699555.1	1
GB_GCA_016784625.1	78
GB_GCA_016806715.1	1
GB_GCA_016839845.1	548
GB_GCA_016839875.1	418
GB_GCA_016840515.1	124
GB_GCA_016840825.1	373
GB_GCA_016866915.1	65
GB_GCA_016927895.1	119
GB_GCA_016934355.1	230
GB_GCA_017412185.1	18
GB_GCA_017412625.1	128
GB_GCA_017508945.1	144
GB_GCA_017519045.1	86
GB_GCA_017601225.1	58
GB_GCA_017608045.1	21
GB_GCA_017608625.1	14
GB_GCA_017608955.1	75
GB_GCA_017609105.1	50
GB_GCA_017609465.1	37
GB_GCA_017609535.1	58
GB_GCA_017609625.1	70
GB_GCA_017609795.1	83
GB_GCA_017610265.1	95
GB_GCA_017652595.1	349
GB_GCA_017855915.1	113
GB_GCA_017883565.1	269
GB_GCA_018052825.1	79
GB_GCA_018221045.1	31
GB_GCA_018238805.1	541
GB_GCA_018302135.1	29
GB_GCA_018302915.1	35
GB_GCA_018303075.1	46
GB_GCA_018303405.1	25
GB_GCA_018304165.1	44
GB_GCA_018304565.1	68
GB_GCA_018304635.1	52
GB_GCA_018396615.1	197
GB_GCA_018396975.1	81
GB_GCA_018609725.1	161
GB_GCA_018645535.1	299
GB_GCA_018651215.1	258
GB_GCA_018653485.1	6
GB_GCA_018656525.1	29
GB_GCA_018657985.1	22
GB_GCA_018658585.1	96
GB_GCA_018658845.1	6
GB_GCA_018661765.1	55
GB_GCA_018672255.1	22
GB_GCA_018676015.1	107
GB_GCA_018680225.1	160
GB_GCA_018693555.1	54
GB_GCA_018694115.1	16
GB_GCA_018697815.1	28
GB_GCA_018698115.1	87
GB_GCA_018812845.1	132
GB_GCA_018813445.1	186
GB_GCA_018813505.1	95
GB_GCA_018813725.1	198
GB_GCA_018819065.1	93
GB_GCA_018825865.1	110
GB_GCA_018829485.1	102
GB_GCA_018896055.1	193
GB_GCA_018899795.1	455
GB_GCA_018992705.1	131
GB_GCA_019057635.1	214
GB_GCA_900314615.1	60
GB_GCA_900315655.1	165
GB_GCA_900320515.1	70
GB_GCA_900769095.1	293
GB_GCA_902384685.1	142
GB_GCA_902385635.1	9
GB_GCA_902608175.1	47
GB_GCA_902634315.1	54
GB_GCA_902757195.1	142
GB_GCA_902757685.1	295
GB_GCA_902758195.1	192
GB_GCA_902763935.1	347
GB_GCA_902770715.1	87
GB_GCA_902776105.1	171
GB_GCA_902782945.1	106
GB_GCA_902798025.1	174
GB_GCA_903834305.1	418
GB_GCA_903856155.1	150
GB_GCA_903900025.1	103
GB_GCA_903903845.1	564
GB_GCA_903914545.1	35
GB_GCA_905067555.1	84
GB_GCA_905235195.1	107
GB_GCA_905478305.1	115
GB_GCA_905478385.1	71
RS_GCF_000006805.1	3
RS_GCF_000007305.1	1
RS_GCF_000011085.1	9
RS_GCF_000025665.1	1
RS_GCF_000025685.1	5
RS_GCF_000069025.1	5
RS_GCF_000092185.1	1
RS_GCF_000151245.1	24
RS_GCF_000179575.2	2
RS_GCF_000189815.1	54
RS_GCF_000196895.1	7
RS_GCF_000217715.1	4
RS_GCF_000226975.2	3
RS_GCF_000296615.1	16
RS_GCF_000337395.1	63
RS_GCF_000337415.1	93
RS_GCF_000337535.1	66
RS_GCF_000337755.1	133
RS_GCF_000430905.1	34
RS_GCF_000504205.1	1
RS_GCF_000744315.1	1
RS_GCF_000970305.1	1
RS_GCF_000979015.1	182
RS_GCF_000979295.1	172
RS_GCF_000979585.1	171
RS_GCF_000979635.1	170
RS_GCF_000980055.1	184
RS_GCF_001315945.1	52
RS_GCF_001316225.1	108
RS_GCF_001559985.1	9
RS_GCF_001560275.1	8
RS_GCF_001560315.1	20
RS_GCF_001560355.1	16
RS_GCF_001560385.1	18
RS_GCF_001560435.1	18
RS_GCF_001560635.1	5
RS_GCF_001602375.1	15
RS_GCF_002201895.1	1
RS_GCF_002214465.1	1
RS_GCF_002252835.1	125
RS_GCF_002494345.1	3
RS_GCF_003111605.1	12
RS_GCF_003173335.1	89
RS_GCF_003383085.1	50
RS_GCF_003665885.1	129
RS_GCF_003721175.2	6
RS_GCF_003730195.1	28
RS_GCF_003967175.1	1
RS_GCF_004114995.1	94
RS_GCF_004143485.2	55
RS_GCF_005435165.1	200
RS_GCF_006274605.1	2
RS_GCF_007004735.1	12
RS_GCF_007826885.1	27
RS_GCF_007833275.1	2
RS_GCF_008000775.1	1
RS_GCF_008806895.1	5
RS_GCF_009674585.1	6
RS_GCF_009729545.1	4
RS_GCF_009831575.1	10
RS_GCF_011627345.1	25
RS_GCF_011734195.1	5
RS_GCF_012027325.1	54
RS_GCF_013388255.1	1
RS_GCF_013391105.1	1
RS_GCF_013407385.1	1
RS_GCF_014078525.1	13
RS_GCF_014647095.1	38
RS_GCF_017873335.1	7
RS_GCF_017873855.1	2
RS_GCF_018228765.1	1
RS_GCF_019061235.1	5
RS_GCF_900003565.1	147
RS_GCF_900012635.1	1
RS_GCF_900109695.1	28
RS_GCF_900176435.1	6
RS_GCF_902383895.1	26
RS_GCF_902410085.1	391
RS_GCF_902813195.1	1
GB_GCA_000204585.1	76
GB_GCA_000336895.1	33
GB_GCA_000402075.1	32
GB_GCA_000494145.1	128
GB_GCA_000815385.1	191
GB_GCA_000960885.1	207
GB_GCA_001421175.1	18
GB_GCA_001509375.1	119
GB_GCA_001515205.2	64
GB_GCA_001563335.1	119
GB_GCA_001564005.1	160
GB_GCA_001787285.1	12
GB_GCA_001871475.1	17
GB_GCA_001873985.1	84
GB_GCA_001915065.1	72
GB_GCA_001940705.1	264
GB_GCA_002010215.1	52
GB_GCA_002010925.1	204
GB_GCA_002011125.1	22
GB_GCA_002067265.1	326
GB_GCA_002067635.1	233
GB_GCA_002067755.1	104
GB_GCA_002171445.1	44
GB_GCA_002254385.1	140
GB_GCA_002254565.1	54
GB_GCA_002287215.1	47
GB_GCA_002494495.1	46
GB_GCA_002495045.1	207
GB_GCA_002495225.1	295
GB_GCA_002496735.1	25
GB_GCA_002497065.1	112
GB_GCA_002497245.1	85
GB_GCA_002498145.1	188
GB_GCA_002498345.1	584
GB_GCA_002498865.1	201
GB_GCA_002499365.1	356
GB_GCA_002499525.1	211
GB_GCA_002499905.1	47
GB_GCA_002501685.1	120
GB_GCA_002502285.1	183
GB_GCA_002502525.1	41
GB_GCA_002502885.1	146
GB_GCA_002504505.1	32
GB_GCA_002504605.1	257
GB_GCA_002504995.1	305
GB_GCA_002505195.1	110
GB_GCA_002505565.1	199
GB_GCA_002505735.1	108
GB_GCA_002505855.1	118
GB_GCA_002505895.1	81
GB_GCA_002506105.1	71
GB_GCA_002506425.1	179
GB_GCA_002506485.1	115
GB_GCA_002506845.1	154
GB_GCA_002507425.1	221
GB_GCA_002508325.1	173
GB_GCA_002508585.1	464
GB_GCA_002508745.1	281
GB_GCA_002509245.1	372
GB_GCA_002509325.1	524
GB_GCA_002509345.1	60
GB_GCA_002509565.1	221
GB_GCA_002686295.1	51
GB_GCA_002687825.1	25
GB_GCA_002687935.1	11
GB_GCA_002689565.1	110
GB_GCA_002692465.1	90
GB_GCA_002696565.1	64
GB_GCA_002697705.1	83
GB_GCA_002699425.1	58
GB_GCA_002702945.1	76
GB_GCA_002707335.2	65
GB_GCA_002714305.1	45
GB_GCA_002714545.1	62
GB_GCA_002720115.1	56
GB_GCA_002720275.1	53
GB_GCA_002724775.1	68
GB_GCA_002726395.1	79
GB_GCA_002730095.1	52
GB_GCA_002730325.1	39
GB_GCA_002737455.1	20
GB_GCA_002762655.1	325
GB_GCA_002763085.1	142
GB_GCA_002763205.1	92
GB_GCA_002779595.1	157
GB_GCA_002783845.1	215
GB_GCA_002839545.1	180
GB_GCA_002898355.1	32
GB_GCA_003009815.1	71
GB_GCA_003019345.1	107
GB_GCA_003020925.1	46
GB_GCA_003021325.1	289
GB_GCA_003023465.1	249
GB_GCA_003023785.1	110
GB_GCA_003086415.1	25
GB_GCA_003132625.1	279
GB_GCA_003136075.1	212
GB_GCA_003136455.1	247
GB_GCA_003142045.1	187
GB_GCA_003151535.1	168
GB_GCA_003153835.1	500
GB_GCA_003154225.1	141
GB_GCA_003157375.1	300
GB_GCA_003161735.1	258
GB_GCA_003164415.1	304
GB_GCA_003165375.1	267
GB_GCA_003170935.1	224
GB_GCA_003177295.1	203
GB_GCA_003193925.1	23
GB_GCA_003352245.1	7
GB_GCA_003550345.1	102
GB_GCA_003550625.1	105
GB_GCA_003559435.1	172
GB_GCA_003561665.1	350
GB_GCA_003569705.1	10
GB_GCA_003601695.1	101
GB_GCA_003649715.1	205
GB_GCA_003649745.1	154
GB_GCA_003649845.1	273
GB_GCA_003651045.1	247
GB_GCA_003660905.1	68
GB_GCA_003661905.1	272
GB_GCA_003663225.1	165
GB_GCA_003672125.1	231
GB_GCA_003672235.1	412
GB_GCA_003672475.1	433
GB_GCA_003672585.1	307
GB_GCA_003672885.1	205
GB_GCA_003838235.1	594
GB_GCA_004195515.1	81
GB_GCA_004366975.1	56
GB_GCA_005239435.1	18
GB_GCA_005799035.1	128
GB_GCA_005877195.1	327
GB_GCA_005878915.1	244
GB_GCA_005878985.1	220
GB_GCA_005881655.1	297
GB_GCA_005881695.1	182
GB_GCA_005882895.1	94
GB_GCA_005883085.1	287
GB_GCA_007117065.1	51
GB_GCA_007118145.1	88
GB_GCA_007118975.1	175
GB_GCA_007280465.1	66
GB_GCA_009697485.1	83
GB_GCA_009778385.1	105
GB_GCA_009778815.1	128
GB_GCA_009782125.1	87
GB_GCA_009785285.1	121
GB_GCA_009837245.1	215
GB_GCA_009887115.1	52
GB_GCA_009911715.1	1
GB_GCA_010028425.1	188
GB_GCA_011046575.1	157
GB_GCA_011050175.1	216
GB_GCA_011056145.1	82
GB_GCA_011333755.1	94
GB_GCA_011335085.1	20
GB_GCA_011361945.1	188
GB_GCA_011363025.1	177
GB_GCA_011364805.1	137
GB_GCA_011365055.1	55
GB_GCA_011369765.1	16
GB_GCA_011370275.1	276
GB_GCA_011373045.1	52
GB_GCA_011375725.1	68
GB_GCA_011526465.1	57
GB_GCA_011605765.1	81
GB_GCA_011605775.1	107
GB_GCA_011773785.1	118
GB_GCA_012513715.1	247
GB_GCA_012521035.1	326
GB_GCA_012521115.1	105
GB_GCA_012521595.1	169
GB_GCA_012839505.1	436
GB_GCA_012960605.1	81
GB_GCA_012960975.1	84
GB_GCA_013152685.1	149
GB_GCA_013153845.1	74
GB_GCA_013180565.1	450
GB_GCA_013202955.1	124
GB_GCA_013329105.1	187
GB_GCA_013329685.1	35
GB_GCA_013329865.1	382
GB_GCA_013330065.1	289
GB_GCA_013330215.1	144
GB_GCA_013330265.1	282
GB_GCA_013330465.1	105
GB_GCA_013330515.1	35
GB_GCA_013330595.1	76
GB_GCA_013331455.1	187
GB_GCA_013374505.1	378
GB_GCA_013415575.1	229
GB_GCA_013425405.1	58
GB_GCA_013791785.1	145
GB_GCA_014238095.1	39
GB_GCA_014240285.1	108
GB_GCA_014240435.1	60
GB_GCA_014361345.1	186
GB_GCA_014381105.1	172
GB_GCA_014730115.1	46
GB_GCA_014730275.1	151
GB_GCA_014859735.1	150
GB_GCA_014859755.1	259
GB_GCA_015062825.1	160
GB_GCA_015520535.1	860
GB_GCA_015520645.1	236
GB_GCA_015520735.1	40
GB_GCA_015520975.1	236
GB_GCA_015521085.1	10
GB_GCA_015521385.1	233
GB_GCA_015521425.1	61
GB_GCA_015521615.1	100
GB_GCA_015521825.1	30
GB_GCA_015522055.1	162
GB_GCA_015522425.1	71
GB_GCA_015522475.1	23
GB_GCA_015522495.1	37
GB_GCA_015522745.1	72
GB_GCA_015523445.1	164
GB_GCA_015660245.1	51
GB_GCA_015660995.1	28
GB_GCA_015661555.1	117
GB_GCA_016126025.1	158
GB_GCA_016176745.1	244
GB_GCA_016177205.1	50
GB_GCA_016177615.1	67
GB_GCA_016181245.1	54
GB_GCA_016184345.1	6
GB_GCA_016185875.1	96
GB_GCA_016188245.1	41
GB_GCA_016192915.1	20
GB_GCA_016193585.1	10
GB_GCA_016205145.1	2
GB_GCA_016211095.1	152
GB_GCA_016211185.1	84
GB_GCA_016222945.1	15
GB_GCA_016284295.1	45
GB_GCA_016296195.1	249
GB_GCA_016432305.1	1
GB_GCA_016432545.1	1
GB_GCA_016706325.1	3
GB_GCA_016777175.1	42
GB_GCA_016782225.1	163
GB_GCA_016838825.1	75
GB_GCA_016839295.1	71
GB_GCA_016839545.1	624
GB_GCA_016840405.1	77
GB_GCA_016840465.1	100
GB_GCA_016840595.1	347
GB_GCA_016841295.1	31
GB_GCA_016841485.1	303
GB_GCA_016841665.1	75
GB_GCA_016867455.1	62
GB_GCA_016872055.1	32
GB_GCA_016926175.1	39
GB_GCA_016926455.1	225
GB_GCA_016926855.1	35
GB_GCA_016928115.1	23
GB_GCA_016929175.1	313
GB_GCA_016930515.1	190
GB_GCA_016931555.1	128
GB_GCA_016932355.1	106
GB_GCA_016932935.1	476
GB_GCA_016933455.1	21
GB_GCA_016935265.1	82
GB_GCA_016935985.1	10
GB_GCA_016938695.1	85
GB_GCA_017094505.1	1
GB_GCA_017399555.1	67
GB_GCA_017427765.1	60
GB_GCA_017459665.1	110
GB_GCA_017507885.1	135
GB_GCA_017608705.1	35
GB_GCA_017608885.1	56
GB_GCA_017608945.1	39
GB_GCA_017609225.1	81
GB_GCA_017609445.1	63
GB_GCA_017610165.1	28
GB_GCA_017991485.1	25
GB_GCA_017994915.1	197
GB_GCA_018260675.1	115
GB_GCA_018263135.1	149
GB_GCA_018302465.1	31
GB_GCA_018302515.1	33
GB_GCA_018303125.1	54
GB_GCA_018303515.1	53
GB_GCA_018303825.1	23
GB_GCA_018396515.1	288
GB_GCA_018433565.1	475
GB_GCA_018436255.1	45
GB_GCA_018609965.1	361
GB_GCA_018648045.1	6
GB_GCA_018649845.1	164
GB_GCA_018652045.1	25
GB_GCA_018655525.1	30
GB_GCA_018655685.1	25
GB_GCA_018657475.1	81
GB_GCA_018659085.1	29
GB_GCA_018660045.1	38
GB_GCA_018661625.1	211
GB_GCA_018671235.1	27
GB_GCA_018675265.1	10
GB_GCA_018675335.1	9
GB_GCA_018676255.1	158
GB_GCA_018687785.1	2
GB_GCA_018691945.1	210
GB_GCA_018693235.1	3
GB_GCA_018693615.1	10
GB_GCA_018695505.1	201
GB_GCA_018695895.1	159
GB_GCA_018812445.1	364
GB_GCA_018815265.1	317
GB_GCA_018816725.1	105
GB_GCA_018822505.1	134
GB_GCA_018822605.1	117
GB_GCA_018824925.1	375
GB_GCA_018829185.1	27
GB_GCA_018830205.1	203
GB_GCA_018831025.1	120
GB_GCA_018900055.1	257
GB_GCA_019057595.1	50
GB_GCA_019057775.1	320
GB_GCA_019058035.1	377
GB_GCA_019058165.1	253
GB_GCA_019084285.1	354
GB_GCA_900299375.1	137
GB_GCA_900314325.1	153
GB_GCA_900316895.1	152
GB_GCA_900319535.1	206
GB_GCA_900320955.1	238
GB_GCA_902385655.1	8
GB_GCA_902386025.1	4
GB_GCA_902531985.1	56
GB_GCA_902533295.1	59
GB_GCA_902566115.1	47
GB_GCA_902755425.1	105
GB_GCA_902758425.1	165
GB_GCA_902759285.1	172
GB_GCA_902762095.1	346
GB_GCA_902763685.1	94
GB_GCA_902765105.1	193
GB_GCA_902783085.1	196
GB_GCA_902794475.1	216
GB_GCA_902803655.1	132
GB_GCA_903832665.1	28
GB_GCA_903855125.1	223
GB_GCA_903858775.1	445
GB_GCA_903865415.1	252
GB_GCA_903904885.1	44
GB_GCA_905182505.1	122
GB_GCA_905209735.1	36
RS_GCF_000189855.1	43
RS_GCF_000231015.2	1
RS_GCF_000243455.1	121
RS_GCF_000245175.1	1
RS_GCF_000281695.1	2
RS_GCF_000308215.1	26
RS_GCF_000337695.1	170
RS_GCF_000404165.1	1
RS_GCF_000591035.1	1
RS_GCF_000725425.1	1
RS_GCF_000755245.1	27
RS_GCF_000762265.1	1
RS_GCF_000969945.1	2
RS_GCF_000969965.1	1
RS_GCF_000970045.1	1
RS_GCF_000970065.1	2
RS_GCF_000970325.1	1
RS_GCF_000978935.1	169
RS_GCF_000979115.1	263
RS_GCF_000979255.1	179
RS_GCF_000979505.1	192
RS_GCF_000980155.1	172
RS_GCF_001266675.1	1
RS_GCF_001266695.1	1
RS_GCF_001462395.1	2
RS_GCF_001542905.1	3
RS_GCF_001560135.1	6
RS_GCF_001560375.1	5
RS_GCF_001560465.1	43
RS_GCF_001560715.1	4
RS_GCF_001560765.1	7
RS_GCF_001729395.1	167
RS_GCF_001886955.1	1
RS_GCF_001971705.1	4
RS_GCF_001989615.1	3
RS_GCF_002208625.1	300
RS_GCF_002844335.1	4
RS_GCF_003268005.1	1
RS_GCF_003383025.1	143
RS_GCF_003665925.1	435
RS_GCF_003675875.1	10
RS_GCF_003856835.1	2
RS_GCF_003992375.1	25
RS_GCF_004118325.1	31
RS_GCF_004150385.1	245
RS_GCF_004150395.1	176
RS_GCF_004745425.1	45
RS_GCF_004762015.1	16
RS_GCF_005310945.1	7
RS_GCF_005435195.1	962
RS_GCF_005485005.1	323
RS_GCF_005890195.1	3
RS_GCF_009176545.1	5
RS_GCF_009729035.1	1
RS_GCF_009856455.1	67
RS_GCF_012027425.1	101
RS_GCF_012027685.1	19
RS_GCF_013401515.1	4
RS_GCF_013402875.1	2
RS_GCF_013407275.1	1
RS_GCF_013839425.1	37
RS_GCF_017352095.1	1
RS_GCF_017873775.1	17
RS_GCF_900064395.1	207
RS_GCF_900101055.1	21
RS_GCF_900108095.1	9
RS_GCF_900115785.1	11
RS_GCF_900198835.1	1
GB_GCA_000220375.1	210
GB_GCA_000380905.1	81
GB_GCA_000437055.1	51
GB_GCA_000484935.1	52
GB_GCA_000746785.1	111
GB_GCA_000953115.1	1
GB_GCA_001315905.1	41
GB_GCA_001315965.1	316
GB_GCA_001508455.1	224
GB_GCA_001508665.1	345
GB_GCA_001563305.1	1
GB_GCA_001587635.1	74
GB_GCA_001628435.1	217
GB_GCA_001761425.1	1
GB_GCA_001800825.1	449
GB_GCA_001872765.1	132
GB_GCA_001872885.1	31
GB_GCA_002067065.1	102
GB_GCA_002067495.1	170
GB_GCA_002067665.1	135
GB_GCA_002067685.1	355
GB_GCA_002067955.1	204
GB_GCA_002069705.1	95
GB_GCA_002254975.1	80
GB_GCA_002255105.1	72
GB_GCA_002457145.1	21
GB_GCA_002494795.1	102
GB_GCA_002494895.1	125
GB_GCA_002495135.1	212
GB_GCA_002495305.1	206
GB_GCA_002495675.1	71
GB_GCA_002495965.1	176
GB_GCA_002496785.1	135
GB_GCA_002496945.1	60
GB_GCA_002497265.1	210
GB_GCA_002497285.1	40
GB_GCA_002497345.1	128
GB_GCA_002497645.1	134
GB_GCA_002497705.1	241
GB_GCA_002497885.1	178
GB_GCA_002498205.1	227
GB_GCA_002498385.1	73
GB_GCA_002498685.1	52
GB_GCA_002501855.1	613
GB_GCA_002502735.1	22
GB_GCA_002502785.1	125
GB_GCA_002503345.1	279
GB_GCA_002503625.1	106
GB_GCA_002503725.1	224
GB_GCA_002503825.1	25
GB_GCA_002504525.1	149
GB_GCA_002505065.1	318
GB_GCA_002505415.1	267
GB_GCA_002505485.1	174
GB_GCA_002505615.1	106
GB_GCA_002505655.1	9
GB_GCA_002505925.1	54
GB_GCA_002506005.1	143
GB_GCA_002506245.1	161
GB_GCA_002506705.1	132
GB_GCA_002507165.1	338
GB_GCA_002507315.1	45
GB_GCA_002509005.1	702
GB_GCA_002509145.1	314
GB_GCA_002509505.1	188
GB_GCA_002509665.1	544
GB_GCA_002687735.1	18
GB_GCA_002689805.1	96
GB_GCA_002690535.1	39
GB_GCA_002692695.1	125
GB_GCA_002697105.1	48
GB_GCA_002698145.1	60
GB_GCA_002703295.1	105
GB_GCA_002704705.1	20
GB_GCA_002712575.1	56
GB_GCA_002721085.1	20
GB_GCA_002723635.1	48
GB_GCA_002725275.1	55
GB_GCA_002727275.1	60
GB_GCA_002731395.1	92
GB_GCA_002731465.1	39
GB_GCA_002779075.1	65
GB_GCA_002779555.1	383
GB_GCA_003023185.1	131
GB_GCA_003086435.1	236
GB_GCA_003134315.1	240
GB_GCA_003165195.1	182
GB_GCA_003167795.1	241
GB_GCA_003168515.1	262
GB_GCA_003168795.1	288
GB_GCA_003170075.1	88
GB_GCA_003552585.1	76
GB_GCA_003554235.1	91
GB_GCA_003554885.1	138
GB_GCA_003554965.1	101
GB_GCA_003602415.1	38
GB_GCA_003649145.1	99
GB_GCA_003649185.1	118
GB_GCA_003649225.1	270
GB_GCA_003649235.1	220
GB_GCA_003660635.1	245
GB_GCA_003660965.1	138
GB_GCA_003662455.1	145
GB_GCA_003672335.1	304
GB_GCA_003672555.1	353
GB_GCA_003672855.1	324
GB_GCA_003694805.1	176
GB_GCA_003838185.1	127
GB_GCA_003935005.1	24
GB_GCA_003978865.1	97
GB_GCA_004195435.1	44
GB_GCA_004212035.1	73
GB_GCA_004347955.1	107
GB_GCA_004347965.1	78
GB_GCA_005049285.1	23
GB_GCA_005222975.1	99
GB_GCA_005877115.1	187
GB_GCA_005877345.1	320
GB_GCA_005883735.1	183
GB_GCA_006538205.1	188
GB_GCA_007117405.1	94
GB_GCA_007127355.1	417
GB_GCA_007128515.1	501
GB_GCA_007130455.1	186
GB_GCA_008080825.1	150
GB_GCA_008297865.1	85
GB_GCA_009758405.1	34
GB_GCA_009776675.1	239
GB_GCA_009784175.1	190
GB_GCA_009784745.1	149
GB_GCA_009787255.1	123
GB_GCA_009889665.1	20
GB_GCA_009936765.1	227
GB_GCA_009992215.1	59
GB_GCA_009993905.1	19
GB_GCA_009995005.1	45
GB_GCA_011042755.1	148
GB_GCA_011055585.1	181
GB_GCA_011331795.1	28
GB_GCA_011332835.1	183
GB_GCA_011333245.1	188
GB_GCA_011333375.1	54
GB_GCA_011355215.1	64
GB_GCA_011362045.1	143
GB_GCA_011362155.1	18
GB_GCA_011363135.1	105
GB_GCA_011363945.1	73
GB_GCA_011364385.1	83
GB_GCA_011366735.1	46
GB_GCA_011366805.1	158
GB_GCA_011366845.1	108
GB_GCA_011369775.1	90
GB_GCA_011373505.1	84
GB_GCA_011375845.1	274
GB_GCA_011380215.1	84
GB_GCA_012729535.1	86
GB_GCA_013114705.1	324
GB_GCA_013138765.1	127
GB_GCA_013154205.1	261
GB_GCA_013180585.1	270
GB_GCA_013288545.1	66
GB_GCA_013329355.1	302
GB_GCA_013329465.1	333
GB_GCA_013329615.1	258
GB_GCA_013329635.1	324
GB_GCA_013329875.1	313
GB_GCA_013330985.1	162
GB_GCA_013331165.1	358
GB_GCA_013331275.1	970
GB_GCA_013331745.1	63
GB_GCA_013343275.1	1
GB_GCA_013374385.1	208
GB_GCA_013378385.1	91
GB_GCA_013390475.1	44
GB_GCA_013390905.1	22
GB_GCA_013403005.1	25
GB_GCA_013572335.1	274
GB_GCA_014189715.1	19
GB_GCA_014189735.1	87
GB_GCA_014297435.1	15
GB_GCA_014361195.1	39
GB_GCA_014859785.1	269
GB_GCA_014894395.1	160
GB_GCA_015519985.1	170
GB_GCA_015520145.1	284
GB_GCA_015521075.1	129
GB_GCA_015521265.1	281
GB_GCA_015521325.1	103
GB_GCA_015522045.1	64
GB_GCA_015522785.1	30
GB_GCA_015523455.1	75
GB_GCA_015660915.1	27
GB_GCA_015661645.1	107
GB_GCA_016180105.1	54
GB_GCA_016180165.1	192
GB_GCA_016180225.1	159
GB_GCA_016180235.1	10
GB_GCA_016185565.1	57
GB_GCA_016185605.1	26
GB_GCA_016185635.1	88
GB_GCA_016185915.1	155
GB_GCA_016186425.1	29
GB_GCA_016188145.1	81
GB_GCA_016198645.1	96
GB_GCA_016203335.1	103
GB_GCA_016203425.1	168
GB_GCA_016207225.1	140
GB_GCA_016207475.1	147
GB_GCA_016278365.1	24
GB_GCA_016291575.1	167
GB_GCA_016777145.1	37
GB_GCA_016779705.1	106
GB_GCA_016779715.1	65
GB_GCA_016784665.1	86
GB_GCA_016839555.1	12
GB_GCA_016839625.1	494
GB_GCA_016840485.1	333
GB_GCA_016840695.1	558
GB_GCA_016840905.1	321
GB_GCA_016845225.1	28
GB_GCA_016845825.1	202
GB_GCA_016927015.1	133
GB_GCA_016928355.1	60
GB_GCA_016935095.1	82
GB_GCA_017357105.1	1
GB_GCA_017430835.1	187
GB_GCA_017461225.1	64
GB_GCA_017475875.1	281
GB_GCA_017540825.1	73
GB_GCA_017561385.1	252
GB_GCA_017601145.1	61
GB_GCA_017601245.1	68
GB_GCA_017601265.1	358
GB_GCA_017610405.1	21
GB_GCA_017885655.1	91
GB_GCA_017935945.1	136
GB_GCA_018238095.1	420
GB_GCA_018238525.1	281
GB_GCA_018238645.1	353
GB_GCA_018238725.1	174
GB_GCA_018263095.1	177
GB_GCA_018303545.1	38
GB_GCA_018303575.1	90
GB_GCA_018304045.1	57
GB_GCA_018304285.1	58
GB_GCA_018396755.1	97
GB_GCA_018432605.1	125
GB_GCA_018436955.1	265
GB_GCA_018623815.1	199
GB_GCA_018648165.1	336
GB_GCA_018649435.1	50
GB_GCA_018650105.1	253
GB_GCA_018650945.1	25
GB_GCA_018653005.1	121
GB_GCA_018653265.1	212
GB_GCA_018653365.1	3
GB_GCA_018657525.1	14
GB_GCA_018657705.1	62
GB_GCA_018658425.1	502
GB_GCA_018661975.1	65
GB_GCA_018662865.1	5
GB_GCA_018666575.1	202
GB_GCA_018671515.1	120
GB_GCA_018673555.1	46
GB_GCA_018674515.1	18
GB_GCA_018674975.1	81
GB_GCA_018674995.1	112
GB_GCA_018694635.1	35
GB_GCA_018812765.1	112
GB_GCA_018813975.1	144
GB_GCA_018822045.1	178
GB_GCA_018825175.1	136
GB_GCA_018829405.1	65
GB_GCA_018897155.1	62
GB_GCA_018897235.1	161
GB_GCA_018898145.1	530
GB_GCA_018901245.1	51
GB_GCA_018901315.1	160
GB_GCA_019058275.1	118
GB_GCA_019263745.1	1
GB_GCA_900317865.1	154
GB_GCA_900620265.1	126
GB_GCA_902384455.1	103
GB_GCA_902385625.1	27
GB_GCA_902513025.1	66
GB_GCA_902514095.1	53
GB_GCA_902520595.1	91
GB_GCA_902768415.1	216
GB_GCA_902781165.1	217
GB_GCA_902785665.1	262
GB_GCA_902788045.1	250
GB_GCA_902794865.1	194
GB_GCA_902800375.1	181
GB_GCA_902801725.1	89
GB_GCA_903870485.1	161
GB_GCA_903871665.1	73
GB_GCA_903873955.1	154
GB_GCA_903884505.1	37
GB_GCA_903892325.1	142
GB_GCA_903903265.1	481
GB_GCA_903915225.1	116
GB_GCA_903930485.1	321
GB_GCA_903989545.1	258
GB_GCA_905182635.1	72
GB_GCA_905182695.1	11
GB_GCA_905207865.1	29
RS_GCF_000007225.1	1
RS_GCF_000013725.1	1
RS_GCF_000015945.1	1
RS_GCF_000018305.1	1
RS_GCF_000151105.2	2
RS_GCF_000220645.1	1
RS_GCF_000235565.1	2
RS_GCF_000245135.1	3
RS_GCF_000299395.1	1
RS_GCF_000303155.1	1
RS_GCF_000328685.1	3
RS_GCF_000336635.1	48
RS_GCF_000336735.1	36
RS_GCF_000336775.1	30
RS_GCF_000337055.1	83
RS_GCF_000337075.1	64
RS_GCF_000337255.1	52
RS_GCF_000338775.1	1
RS_GCF_000364745.1	1
RS_GCF_000404225.1	1
RS_GCF_000698785.1	1
RS_GCF_000744455.1	1
RS_GCF_000769655.1	2
RS_GCF_000875775.1	1
RS_GCF_000969985.1	2
RS_GCF_000979595.1	188
RS_GCF_001316105.1	27
RS_GCF_001399695.1	483
RS_GCF_001418715.1	41
RS_GCF_001433455.1	1
RS_GCF_001484195.1	73
RS_GCF_001560085.1	9
RS_GCF_001560525.1	7
RS_GCF_001560685.1	8
RS_GCF_001577775.1	1
RS_GCF_001647155.1	48
RS_GCF_001767315.1	1
RS_GCF_002078355.1	1
RS_GCF_002114285.1	155
RS_GCF_002215445.1	1
RS_GCF_002215485.1	1
RS_GCF_002252725.1	245
RS_GCF_003605635.1	115
RS_GCF_003841465.1	69
RS_GCF_003852095.1	1
RS_GCF_004799645.1	5
RS_GCF_005435115.1	73
RS_GCF_009762275.1	2
RS_GCF_010692905.1	1
RS_GCF_011440285.1	10
RS_GCF_011765365.1	1
RS_GCF_012933645.1	40
RS_GCF_013391085.1	1
RS_GCF_013414235.1	12
RS_GCF_013761045.1	13
RS_GCF_014203295.1	14
RS_GCF_014647415.1	30
RS_GCF_016415665.1	98
RS_GCF_016917855.1	3
RS_GCF_017875565.1	17
RS_GCF_018200015.1	7
RS_GCF_900100875.1	9
RS_GCF_900108505.1	44
RS_GCF_900111485.1	100
RS_GCF_900114435.1	7
RS_GCF_900182635.1	35
RS_GCF_900289035.1	112
RS_GCF_900654205.1	16
RS_GCF_902384015.1	1
GB_GCA_000224475.1	3
GB_GCA_000389735.1	8
GB_GCA_000405225.1	13
GB_GCA_000495715.1	153
GB_GCA_000724145.1	170
GB_GCA_001315865.1	309
GB_GCA_001316165.1	24
GB_GCA_001316205.1	178
GB_GCA_001412355.1	109
GB_GCA_001507975.1	42
GB_GCA_001508065.1	107
GB_GCA_001512365.1	63
GB_GCA_001577565.1	145
GB_GCA_001595785.1	47
GB_GCA_001768965.1	349
GB_GCA_001775965.1	169
GB_GCA_001872825.1	97
GB_GCA_001875345.1	25
GB_GCA_001917995.1	88
GB_GCA_001940805.1	134
GB_GCA_002010195.1	120
GB_GCA_002011035.1	12
GB_GCA_002068885.1	133
GB_GCA_002170365.2	26
GB_GCA_002172185.1	9
GB_GCA_002254825.2	78
GB_GCA_002255025.1	89
GB_GCA_002494585.1	134
GB_GCA_002494975.1	160
GB_GCA_002495575.1	177
GB_GCA_002496045.1	59
GB_GCA_002496205.1	182
GB_GCA_002496845.1	172
GB_GCA_002496925.1	285
GB_GCA_002497405.1	204
GB_GCA_002497745.1	144
GB_GCA_002497805.1	294
GB_GCA_002498425.1	38
GB_GCA_002499485.1	132
GB_GCA_002501615.1	192
GB_GCA_002501805.1	67
GB_GCA_002502725.1	9
GB_GCA_002503085.1	155
GB_GCA_002504675.1	261
GB_GCA_002504805.1	364
GB_GCA_002504835.1	188
GB_GCA_002505145.1	79
GB_GCA_002505385.1	111
GB_GCA_002505695.1	37
GB_GCA_002506605.1	117
GB_GCA_002506675.1	113
GB_GCA_002506745.1	138
GB_GCA_002507125.1	315
GB_GCA_002507175.1	36
GB_GCA_002508665.1	91
GB_GCA_002509645.1	206
GB_GCA_002686195.1	235
GB_GCA_002688775.1	19
GB_GCA_002696505.1	54
GB_GCA_002702985.1	79
GB_GCA_002715545.1	63
GB_GCA_002716085.1	27
GB_GCA_002718575.1	18
GB_GCA_002723045.1	33
GB_GCA_002727675.1	82
GB_GCA_002762975.1	129
GB_GCA_002778455.1	59
GB_GCA_002789275.1	96
GB_GCA_002789435.1	36
GB_GCA_002898445.1	45
GB_GCA_003034855.1	132
GB_GCA_003086455.1	124
GB_GCA_003096235.1	253
GB_GCA_003116855.1	34
GB_GCA_003135575.1	132
GB_GCA_003141035.1	202
GB_GCA_003142655.1	204
GB_GCA_003157235.1	571
GB_GCA_003352295.1	10
GB_GCA_003491305.1	1
GB_GCA_003553825.1	59
GB_GCA_003557905.1	139
GB_GCA_003560875.1	71
GB_GCA_003589585.1	227
GB_GCA_003602515.1	104
GB_GCA_003649085.1	269
GB_GCA_003649155.1	161
GB_GCA_003649965.1	216
GB_GCA_003661065.1	135
GB_GCA_003661745.1	199
GB_GCA_003662645.1	231
GB_GCA_003672615.1	298
GB_GCA_003695745.1	197
GB_GCA_003724275.1	181
GB_GCA_004212155.1	28
GB_GCA_004347925.1	308
GB_GCA_004348015.1	69
GB_GCA_004376705.1	310
GB_GCA_005191425.1	182
GB_GCA_005877455.1	358
GB_GCA_005878525.1	180
GB_GCA_005878665.1	183
GB_GCA_005888695.1	354
GB_GCA_006954385.1	23
GB_GCA_007116645.1	84
GB_GCA_009618475.1	165
GB_GCA_009758285.1	74
GB_GCA_009783635.1	138
GB_GCA_009841175.1	201
GB_GCA_009842575.1	244
GB_GCA_009844685.1	227
GB_GCA_009889655.1	186
GB_GCA_009903945.1	295
GB_GCA_009992175.1	46
GB_GCA_009992305.1	48
GB_GCA_010030475.1	213
GB_GCA_011044085.1	121
GB_GCA_011045995.1	66
GB_GCA_011049045.1	72
GB_GCA_011057105.1	68
GB_GCA_011364585.1	80
GB_GCA_011364925.1	121
GB_GCA_011364985.1	26
GB_GCA_011366445.1	27
GB_GCA_011366545.1	50
GB_GCA_011367165.1	165
GB_GCA_011367225.1	52
GB_GCA_011369595.1	98
GB_GCA_011373445.1	148
GB_GCA_011375875.1	101
GB_GCA_011380195.1	179
GB_GCA_011380255.1	121
GB_GCA_011389055.1	139
GB_GCA_011620825.1	165
GB_GCA_012030815.1	178
GB_GCA_012523385.1	272
GB_GCA_012729095.1	72
GB_GCA_012797645.1	235
GB_GCA_012798255.1	153
GB_GCA_013152815.1	85
GB_GCA_013154235.1	107
GB_GCA_013178285.1	102
GB_GCA_013289235.1	81
GB_GCA_013329285.1	304
GB_GCA_013329975.1	231
GB_GCA_013330365.1	273
GB_GCA_013330555.1	49
GB_GCA_013330745.1	26
GB_GCA_013330935.1	176
GB_GCA_013331415.1	359
GB_GCA_013331465.1	278
GB_GCA_013331825.1	83
GB_GCA_013332025.1	44
GB_GCA_013360305.1	55
GB_GCA_013375495.1	196
GB_GCA_013538805.1	17
GB_GCA_014239955.1	22
GB_GCA_014384375.1	40
GB_GCA_014728985.1	112
GB_GCA_014874365.1	26
GB_GCA_015063005.1	28
GB_GCA_015122065.1	22
GB_GCA_015520265.1	113
GB_GCA_015521315.1	138
GB_GCA_015522315.1	173
GB_GCA_015522845.1	46
GB_GCA_015523155.1	76
GB_GCA_015523195.1	115
GB_GCA_015523235.1	36
GB_GCA_015523295.1	22
GB_GCA_015658585.1	150
GB_GCA_015662225.1	68
GB_GCA_015663055.1	259
GB_GCA_015664805.1	144
GB_GCA_016179955.1	48
GB_GCA_016180275.1	102
GB_GCA_016181305.1	22
GB_GCA_016184005.1	5
GB_GCA_016186065.1	271
GB_GCA_016188265.1	25
GB_GCA_016188825.1	20
GB_GCA_016188895.1	63
GB_GCA_016211245.1	98
GB_GCA_016212395.1	67
GB_GCA_016212465.1	104
GB_GCA_016217785.1	27
GB_GCA_016234025.1	97
GB_GCA_016287375.1	253
GB_GCA_016784125.1	32
GB_GCA_016784195.1	73
GB_GCA_016838945.1	370
GB_GCA_016839985.1	418
GB_GCA_016840645.1	731
GB_GCA_016866975.1	31
GB_GCA_016926075.1	124
GB_GCA_016927055.1	212
GB_GCA_016927555.1	57
GB_GCA_017409525.1	23
GB_GCA_017411925.1	53
GB_GCA_017431645.1	71
GB_GCA_017432245.1	104
GB_GCA_017504565.1	140
GB_GCA_017553245.1	244
GB_GCA_017608145.1	65
GB_GCA_017608865.1	27
GB_GCA_017609725.1	13
GB_GCA_017609885.1	38
GB_GCA_017609945.1	110
GB_GCA_017609985.1	38
GB_GCA_017610445.1	72
GB_GCA_017652345.1	547
GB_GCA_017799075.1	379
GB_GCA_017857545.1	114
GB_GCA_017883465.1	376
GB_GCA_018221135.1	62
GB_GCA_018221305.1	67
GB_GCA_018238305.1	411
GB_GCA_018238625.1	201
GB_GCA_018303045.1	74
GB_GCA_018303465.1	48
GB_GCA_018304205.1	61
GB_GCA_018304365.1	25
GB_GCA_018304545.1	11
GB_GCA_018334755.1	120
GB_GCA_018396395.1	226
GB_GCA_018396995.1	43
GB_GCA_018397065.1	52
GB_GCA_018399355.1	85
GB_GCA_018433835.1	63
GB_GCA_018647575.1	257
GB_GCA_018648725.1	94
GB_GCA_018650165.1	66
GB_GCA_018650285.1	28
GB_GCA_018652905.1	18
GB_GCA_018655015.1	16
GB_GCA_018656545.1	3
GB_GCA_018657865.1	98
GB_GCA_018662715.1	331
GB_GCA_018671815.1	113
GB_GCA_018673755.1	40
GB_GCA_018676855.1	4
GB_GCA_018702475.1	33
GB_GCA_018814205.1	149
GB_GCA_018816335.1	45
GB_GCA_018816705.1	114
GB_GCA_018830245.1	42
GB_GCA_018830685.1	119
GB_GCA_018830905.1	98
GB_GCA_018920185.1	8
GB_GCA_019057385.1	23
GB_GCA_900065925.1	1
GB_GCA_900313755.1	138
GB_GCA_902384555.1	42
GB_GCA_902386135.1	120
GB_GCA_902406285.1	14
GB_GCA_902534365.1	51
GB_GCA_902563095.1	50
GB_GCA_902764425.1	246
GB_GCA_902765875.1	91
GB_GCA_902774505.1	293
GB_GCA_902784295.1	53
GB_GCA_902797085.1	143
GB_GCA_903825675.1	178
GB_GCA_903851445.1	25
GB_GCA_903878405.1	34
GB_GCA_903928925.1	163
GB_GCA_903989535.1	486
GB_GCA_905203995.1	26
GB_GCA_905212675.1	22
GB_GCA_905478115.1	331
GB_GCA_905620515.1	46
RS_GCF_000008665.1	1
RS_GCF_000009185.1	2
RS_GCF_000016385.1	1
RS_GCF_000017625.1	1
RS_GCF_000025325.1	7
RS_GCF_000026045.1	3
RS_GCF_000190035.1	50
RS_GCF_000190055.1	56
RS_GCF_000237865.1	4
RS_GCF_000242875.2	171
RS_GCF_000243255.1	8
RS_GCF_000245255.1	2
RS_GCF_000336875.1	83
RS_GCF_000337135.1	106
RS_GCF_000337235.1	59
RS_GCF_000376965.1	55
RS_GCF_000421805.1	96
RS_GCF_000495475.1	72
RS_GCF_000504565.1	4
RS_GCF_000513855.1	2
RS_GCF_000585495.1	1
RS_GCF_000685395.1	24
RS_GCF_000739555.1	71
RS_GCF_000784355.1	98
RS_GCF_000812185.1	1
RS_GCF_000824705.1	87
RS_GCF_000827835.1	6
RS_GCF_000969905.1	2
RS_GCF_000979125.1	179
RS_GCF_000979675.1	191
RS_GCF_000979765.1	174
RS_GCF_000980025.1	190
RS_GCF_000980085.1	269
RS_GCF_001266715.1	1
RS_GCF_001317345.1	43
RS_GCF_001477655.1	1
RS_GCF_001484685.1	1
RS_GCF_001560835.1	4
RS_GCF_001950595.1	2
RS_GCF_002215405.1	1
RS_GCF_002215525.1	1
RS_GCF_002243045.1	106
RS_GCF_002252895.1	169
RS_GCF_002355635.1	2
RS_GCF_002973515.1	28
RS_GCF_003265405.1	143
RS_GCF_003430805.1	2
RS_GCF_003586325.1	206
RS_GCF_003634715.1	6
RS_GCF_003665865.1	49
RS_GCF_004087835.1	4
RS_GCF_004765815.2	16
RS_GCF_005435055.1	931
RS_GCF_006861665.1	27
RS_GCF_007671725.1	5
RS_GCF_008152015.1	1
RS_GCF_008729015.1	5
RS_GCF_009741955.1	385
RS_GCF_009797925.1	1
RS_GCF_009898475.1	194
RS_GCF_009914355.1	1
RS_GCF_010747475.1	25
RS_GCF_011440255.1	184
RS_GCF_012726105.1	36
RS_GCF_013407185.1	1
RS_GCF_013415885.1	1
RS_GCF_014202105.1	71
RS_GCF_014646535.1	92
RS_GCF_017873625.1	26
RS_GCF_017875625.1	13
RS_GCF_900090055.1	1
RS_GCF_900107195.1	30
RS_GCF_902810565.1	55
GB_GCA_000309865.1	104
GB_GCA_000405685.1	34
GB_GCA_000405885.1	58
GB_GCA_000416005.1	562
GB_GCA_000508305.1	1
GB_GCA_000805935.1	15
GB_GCA_001273335.1	47
GB_GCA_001316005.1	19
GB_GCA_001316125.1	28
GB_GCA_001316265.1	28
GB_GCA_001515185.1	78
GB_GCA_001516655.1	213
GB_GCA_001563885.1	207
GB_GCA_001577555.1	260
GB_GCA_001587595.1	87
GB_GCA_001742785.1	170
GB_GCA_001800675.1	108
GB_GCA_001856825.1	6
GB_GCA_001875425.1	22
GB_GCA_001889985.1	26
GB_GCA_001918315.1	167
GB_GCA_002011165.1	22
GB_GCA_002011355.1	219
GB_GCA_002204705.1	31
GB_GCA_002254395.1	35
GB_GCA_002254595.1	67
GB_GCA_002254885.1	58
GB_GCA_002256595.1	270
GB_GCA_002412085.1	73
GB_GCA_002495055.1	97
GB_GCA_002495245.1	234
GB_GCA_002495625.1	28
GB_GCA_002495775.1	158
GB_GCA_002495885.1	90
GB_GCA_002495975.1	188
GB_GCA_002496015.1	16
GB_GCA_002496165.1	117
GB_GCA_002496285.1	197
GB_GCA_002496665.1	136
GB_GCA_002497485.1	400
GB_GCA_002497895.1	211
GB_GCA_002497995.1	203
GB_GCA_002498025.1	324
GB_GCA_002498125.1	53
GB_GCA_002499005.1	10
GB_GCA_002499245.1	126
GB_GCA_002499555.1	168
GB_GCA_002499655.1	106
GB_GCA_002499885.1	295
GB_GCA_002502245.1	35
GB_GCA_002502295.1	219
GB_GCA_002502365.1	144
GB_GCA_002502895.1	43
GB_GCA_002503045.1	254
GB_GCA_002503135.1	118
GB_GCA_002503385.1	411
GB_GCA_002503755.1	182
GB_GCA_002503835.1	263
GB_GCA_002504885.1	250
GB_GCA_002505405.1	92
GB_GCA_002505645.1	317
GB_GCA_002506025.1	316
GB_GCA_002506175.1	111
GB_GCA_002506825.1	62
GB_GCA_002506955.1	256
GB_GCA_002507025.1	85
GB_GCA_002507035.1	544
GB_GCA_002507555.1	161
GB_GCA_002508805.1	273
GB_GCA_002508965.1	525
GB_GCA_002509575.1	549
GB_GCA_002688165.1	39
GB_GCA_002688395.1	46
GB_GCA_002688965.1	128
GB_GCA_002692775.1	141
GB_GCA_002694245.1	110
GB_GCA_002704515.1	46
GB_GCA_002706615.1	57
GB_GCA_002708695.1	57
GB_GCA_002711795.1	12
GB_GCA_002725495.1	57
GB_GCA_002731655.1	43
GB_GCA_002763115.1	47
GB_GCA_002763155.1	121
GB_GCA_002781865.1	122
GB_GCA_002783225.1	150
GB_GCA_002783785.1	129
GB_GCA_002785565.1	133
GB_GCA_002788615.1	49
GB_GCA_002792675.1	54
GB_GCA_002839645.1	88
GB_GCA_002867475.1	85
GB_GCA_002871295.1	159
GB_GCA_002923215.1	175
GB_GCA_003020945.1	51
GB_GCA_003020985.1	50
GB_GCA_003021725.1	169
GB_GCA_003022745.1	219
GB_GCA_003023415.1	211
GB_GCA_003104905.1	66
GB_GCA_003133305.1	204
GB_GCA_003139235.1	273
GB_GCA_003155755.1	288
GB_GCA_003155855.1	201
GB_GCA_003157805.1	236
GB_GCA_003162075.1	50
GB_GCA_003168395.1	174
GB_GCA_003168635.1	247
GB_GCA_003170955.1	333
GB_GCA_003331425.1	16
GB_GCA_003555465.1	62
GB_GCA_003584625.1	1
GB_GCA_003601835.1	70
GB_GCA_003602485.1	136
GB_GCA_003604315.1	39
GB_GCA_003649205.1	31
GB_GCA_003649565.1	263
GB_GCA_003649665.1	207
GB_GCA_003650785.1	203
GB_GCA_003660495.1	190
GB_GCA_003661125.1	400
GB_GCA_003662805.1	559
GB_GCA_003662995.1	187
GB_GCA_003663325.1	28
GB_GCA_003672415.1	253
GB_GCA_003702525.1	64
GB_GCA_004212095.1	119
GB_GCA_004297665.1	393
GB_GCA_004367345.1	39
GB_GCA_004376295.1	44
GB_GCA_004377185.1	60
GB_GCA_004524535.1	198
GB_GCA_004524565.1	218
GB_GCA_005798385.1	107
GB_GCA_005878405.1	152
GB_GCA_005878575.1	181
GB_GCA_005878995.1	214
GB_GCA_005883695.1	235
GB_GCA_005884605.1	249
GB_GCA_007050885.1	313
GB_GCA_007571005.1	199
GB_GCA_008709555.1	60
GB_GCA_008974855.1	180
GB_GCA_009387835.1	103
GB_GCA_009776495.1	321
GB_GCA_009781675.1	140
GB_GCA_009787585.1	159
GB_GCA_009846455.1	287
GB_GCA_009903975.1	112
GB_GCA_009992655.1	243
GB_GCA_009993405.1	44
GB_GCA_010028435.1	194
GB_GCA_010028485.1	206
GB_GCA_010028495.1	203
GB_GCA_011041895.1	155
GB_GCA_011048195.1	139
GB_GCA_011053655.1	262
GB_GCA_011057145.1	106
GB_GCA_011334705.1	81
GB_GCA_011361855.1	123
GB_GCA_011362965.1	166
GB_GCA_011364325.1	202
GB_GCA_011364465.1	68
GB_GCA_011366395.1	61
GB_GCA_011371845.1	53
GB_GCA_011372835.1	202
GB_GCA_011373925.1	72
GB_GCA_011380145.1	171
GB_GCA_011525095.1	345
GB_GCA_011525205.1	263
GB_GCA_011605825.1	8
GB_GCA_011772255.1	119
GB_GCA_012271085.1	493
GB_GCA_012516895.1	343
GB_GCA_012518185.1	139
GB_GCA_012522315.1	369
GB_GCA_012719515.1	79
GB_GCA_012965915.1	305
GB_GCA_013178175.1	5
GB_GCA_013178225.1	28
GB_GCA_013306075.1	60
GB_GCA_013329215.1	129
GB_GCA_013330015.1	349
GB_GCA_013330395.1	147
GB_GCA_013330535.1	174
GB_GCA_013330755.1	66
GB_GCA_013330815.1	369
GB_GCA_013331035.1	205
GB_GCA_013331635.1	92
GB_GCA_013331705.1	35
GB_GCA_013374455.1	201
GB_GCA_013390875.1	15
GB_GCA_013425455.1	87
GB_GCA_013538695.1	107
GB_GCA_014240455.1	33
GB_GCA_014727915.1	13
GB_GCA_014729335.1	65
GB_GCA_014729675.1	72
GB_GCA_014729935.1	521
GB_GCA_014859835.1	122
GB_GCA_014894715.1	160
GB_GCA_015063195.1	93
GB_GCA_015121965.1	48
GB_GCA_015351695.1	40
GB_GCA_015351715.1	83
GB_GCA_015520405.1	52
GB_GCA_015521275.1	193
GB_GCA_015521775.1	41
GB_GCA_015522355.1	47
GB_GCA_015523085.1	65
GB_GCA_015523125.1	62
GB_GCA_015661395.1	102
GB_GCA_015662385.1	76
GB_GCA_016180925.1	42
GB_GCA_016185615.1	8
GB_GCA_016185725.1	62
GB_GCA_016191585.1	106
GB_GCA_016198705.1	102
GB_GCA_016202785.1	129
GB_GCA_016203305.1	40
GB_GCA_016208715.1	372
GB_GCA_016211195.1	76
GB_GCA_016213525.1	7
GB_GCA_016214025.1	86
GB_GCA_016218635.1	169
GB_GCA_016219455.1	137
GB_GCA_016550425.1	267
GB_GCA_016778305.1	33
GB_GCA_016779745.1	52
GB_GCA_016783455.1	83
GB_GCA_016838795.1	297
GB_GCA_016839425.1	603
GB_GCA_016839915.1	221
GB_GCA_016840125.1	682
GB_GCA_016840245.1	805
GB_GCA_016841265.1	141
GB_GCA_016867505.1	350
GB_GCA_016926055.1	172
GB_GCA_016926295.1	52
GB_GCA_016926395.1	40
GB_GCA_016928155.1	17
GB_GCA_016931255.1	9
GB_GCA_016932215.1	43
GB_GCA_017387505.1	24
GB_GCA_017431845.1	203
GB_GCA_017434555.1	146
GB_GCA_017555685.1	168
GB_GCA_017607955.1	122
GB_GCA_017608305.1	41
GB_GCA_017609115.1	50
GB_GCA_017609405.1	31
GB_GCA_017609645.1	4
GB_GCA_017609755.1	25
GB_GCA_017610085.1	10
GB_GCA_017857195.1	193
GB_GCA_017857595.1	60
GB_GCA_017883615.1	79
GB_GCA_017993535.1	109
GB_GCA_018221005.1	84
GB_GCA_018221175.1	120
GB_GCA_018238575.1	328
GB_GCA_018263355.1	60
GB_GCA_018302235.1	38
GB_GCA_018302335.1	77
GB_GCA_018302365.1	11
GB_GCA_018302505.1	63
GB_GCA_018302605.1	34
GB_GCA_018302815.1	26
GB_GCA_018304295.1	49
GB_GCA_018304505.1	21
GB_GCA_018334095.1	69
GB_GCA_018396635.1	35
GB_GCA_018396655.1	51
GB_GCA_018396675.1	15
GB_GCA_018609665.1	321
GB_GCA_018609945.1	332
GB_GCA_018647705.1	141
GB_GCA_018648785.1	144
GB_GCA_018650545.1	127
GB_GCA_018651755.1	28
GB_GCA_018651925.1	12
GB_GCA_018654005.1	9
GB_GCA_018656565.1	50
GB_GCA_018658955.1	54
GB_GCA_018659545.1	180
GB_GCA_018664565.1	68
GB_GCA_018669025.1	199
GB_GCA_018670325.1	19
GB_GCA_018671295.1	179
GB_GCA_018671955.1	93
GB_GCA_018673795.1	19
GB_GCA_018692455.1	6
GB_GCA_018696395.1	24
GB_GCA_018703205.1	123
GB_GCA_018817005.1	91
GB_GCA_018819375.1	98
GB_GCA_018895155.1	192
GB_GCA_018897955.1	223
GB_GCA_018899515.1	152
GB_GCA_019058015.1	283
GB_GCA_019058195.1	16
GB_GCA_019058445.1	15
GB_GCA_900314545.1	201
GB_GCA_900767505.1	169
GB_GCA_900769185.1	87
GB_GCA_902531675.1	41
GB_GCA_902628795.1	42
GB_GCA_902757275.1	26
GB_GCA_902760145.1	272
GB_GCA_902762245.1	67
GB_GCA_902768855.1	114
GB_GCA_902784455.1	213
GB_GCA_902790605.1	177
GB_GCA_902791535.1	89
GB_GCA_902798355.1	352
GB_GCA_902802295.1	171
GB_GCA_903828655.1	70
GB_GCA_903832205.1	70
GB_GCA_903852605.1	849
GB_GCA_903877165.1	57
GB_GCA_903916665.1	195
GB_GCA_903917215.1	237
GB_GCA_903920925.1	197
GB_GCA_905181785.1	31
GB_GCA_905478145.1	71
GB_GCA_905478235.1	74
RS_GCF_000016125.1	2
RS_GCF_000017185.1	1
RS_GCF_000017945.1	1
RS_GCF_000019805.1	1
RS_GCF_000022425.1	1
RS_GCF_000022445.1	1
RS_GCF_000022465.1	1
RS_GCF_000025505.1	1
RS_GCF_000025625.1	4
RS_GCF_000166095.1	1
RS_GCF_000172995.2	6
RS_GCF_000189835.1	66
RS_GCF_000189895.1	33
RS_GCF_000215915.2	72
RS_GCF_000221185.1	1
RS_GCF_000275865.1	7
RS_GCF_000283335.1	17
RS_GCF_000337915.1	72
RS_GCF_000400975.1	537
RS_GCF_000455365.1	55
RS_GCF_000513315.1	5
RS_GCF_000517445.1	1
RS_GCF_000739595.1	103
RS_GCF_000746075.1	38
RS_GCF_000755225.1	3
RS_GCF_000828575.1	2
RS_GCF_000970205.1	1
RS_GCF_000979475.1	77
RS_GCF_000979575.1	201
RS_GCF_000979665.1	198
RS_GCF_000979845.1	168
RS_GCF_000980135.1	193
RS_GCF_000980175.1	186
RS_GCF_001017125.1	30
RS_GCF_001368915.1	29
RS_GCF_001402935.1	312
RS_GCF_001462205.1	293
RS_GCF_001639295.1	232
RS_GCF_001729455.1	112
RS_GCF_002077075.2	95
RS_GCF_002153915.1	8
RS_GCF_002214585.1	2
RS_GCF_003045125.1	3
RS_GCF_003173355.1	25
RS_GCF_003201675.2	1
RS_GCF_003722095.1	3
RS_GCF_004102725.1	17
RS_GCF_004114375.1	4
RS_GCF_004209855.1	81
RS_GCF_004297185.1	22
RS_GCF_004785955.1	14
RS_GCF_005222525.1	1
RS_GCF_005435035.1	180
RS_GCF_005576615.1	5
RS_GCF_008806905.1	3
RS_GCF_009428885.1	65
RS_GCF_009690625.1	1
RS_GCF_009741825.1	266
RS_GCF_009834785.1	98
RS_GCF_009914725.1	146
RS_GCF_010119195.1	16
RS_GCF_012027595.1	83
RS_GCF_013340765.1	1
RS_GCF_013407165.1	1
RS_GCF_013761225.1	11
RS_GCF_014078535.1	12
RS_GCF_017874455.1	16
RS_GCF_018128925.1	1
RS_GCF_900005775.1	128
RS_GCF_900100715.1	22
RS_GCF_900110535.1	2
RS_GCF_900188065.1	72
RS_GCF_900248165.1	1
RS_GCF_900650605.1	11
RS_GCF_902387285.1	1
GB_GCA_000402515.1	38
GB_GCA_000437835.1	67
GB_GCA_000484895.1	44
GB_GCA_000496195.1	334
GB_GCA_000496215.1	313
GB_GCA_001189275.1	1
GB_GCA_001315845.1	46
GB_GCA_001316185.1	134
GB_GCA_001507935.1	272
GB_GCA_001507955.1	169
GB_GCA_001509255.1	304
GB_GCA_001563795.1	152
GB_GCA_001593925.1	134
GB_GCA_001627015.1	130
GB_GCA_001629205.1	150
GB_GCA_001629245.1	147
GB_GCA_001717015.1	165
GB_GCA_001723835.1	333
GB_GCA_001896715.1	657
GB_GCA_001918995.1	79
GB_GCA_002010285.1	103
GB_GCA_002067895.1	23
GB_GCA_002083985.1	247
GB_GCA_002169555.1	20
GB_GCA_002254665.1	119
GB_GCA_002255135.1	105
GB_GCA_002494665.1	150
GB_GCA_002495165.1	145
GB_GCA_002495735.1	163
GB_GCA_002495815.1	196
GB_GCA_002495905.1	70
GB_GCA_002496125.1	142
GB_GCA_002496435.1	291
GB_GCA_002496565.1	60
GB_GCA_002497185.1	238
GB_GCA_002497445.1	243
GB_GCA_002497725.1	279
GB_GCA_002497865.1	211
GB_GCA_002498585.1	42
GB_GCA_002498855.1	122
GB_GCA_002498935.1	74
GB_GCA_002499085.1	46
GB_GCA_002499345.1	107
GB_GCA_002499705.1	171
GB_GCA_002499795.1	78
GB_GCA_002502055.1	93
GB_GCA_002502635.1	86
GB_GCA_002503215.1	51
GB_GCA_002503225.1	80
GB_GCA_002503495.1	319
GB_GCA_002503595.1	325
GB_GCA_002503645.1	523
GB_GCA_002503785.1	22
GB_GCA_002504425.1	663
GB_GCA_002505725.1	415
GB_GCA_002505935.1	305
GB_GCA_002506335.1	274
GB_GCA_002506365.1	54
GB_GCA_002506725.1	277
GB_GCA_002506795.1	71
GB_GCA_002507085.1	164
GB_GCA_002507145.1	46
GB_GCA_002507205.1	87
GB_GCA_002507265.1	443
GB_GCA_002507345.1	131
GB_GCA_002508545.1	111
GB_GCA_002509045.1	212
GB_GCA_002509385.1	130
GB_GCA_002687255.1	54
GB_GCA_002693165.1	49
GB_GCA_002694235.1	125
GB_GCA_002717835.1	31
GB_GCA_002725245.1	35
GB_GCA_002727485.1	59
GB_GCA_002737445.1	13
GB_GCA_002762735.1	92
GB_GCA_002898395.1	36
GB_GCA_002926195.1	767
GB_GCA_003019485.1	120
GB_GCA_003021005.1	60
GB_GCA_003021285.1	165
GB_GCA_003021335.1	183
GB_GCA_003022725.1	149
GB_GCA_003141075.1	181
GB_GCA_003141855.1	36
GB_GCA_003157115.1	506
GB_GCA_003161795.1	266
GB_GCA_003162535.1	131
GB_GCA_003162655.1	378
GB_GCA_003554115.1	166
GB_GCA_003555325.1	183
GB_GCA_003558335.1	182
GB_GCA_003559395.1	115
GB_GCA_003561825.1	226
GB_GCA_003599145.1	6
GB_GCA_003601775.1	51
GB_GCA_003661385.1	206
GB_GCA_003661945.1	213
GB_GCA_003663025.1	335
GB_GCA_003663125.1	135
GB_GCA_003663345.1	183
GB_GCA_003663355.1	76
GB_GCA_003663535.1	300
GB_GCA_003672465.1	261
GB_GCA_003695265.1	103
GB_GCA_003724285.1	92
GB_GCA_004347975.1	301
GB_GCA_004376385.1	281
GB_GCA_004377325.1	260
GB_GCA_004524365.1	166
GB_GCA_004524425.1	288
GB_GCA_005239425.1	10
GB_GCA_005776525.1	135
GB_GCA_005787845.1	57
GB_GCA_005877075.1	165
GB_GCA_005877275.1	172
GB_GCA_005877295.1	205
GB_GCA_005877305.1	126
GB_GCA_005878385.1	180
GB_GCA_005878395.1	404
GB_GCA_005878585.1	343
GB_GCA_007117755.1	95
GB_GCA_007571135.1	175
GB_GCA_007571225.1	214
GB_GCA_009379865.1	456
GB_GCA_009665115.1	521
GB_GCA_009776695.1	121
GB_GCA_009777615.1	8
GB_GCA_009779205.1	252
GB_GCA_009784005.1	62
GB_GCA_009837825.1	226
GB_GCA_009840065.1	227
GB_GCA_009843815.1	69
GB_GCA_009887245.1	79
GB_GCA_009889635.1	9
GB_GCA_009992365.1	48
GB_GCA_009993355.1	74
GB_GCA_010028355.1	481
GB_GCA_010028465.1	208
GB_GCA_010030525.1	168
GB_GCA_011039795.1	155
GB_GCA_011046235.1	154
GB_GCA_011049025.1	124
GB_GCA_011049195.1	59
GB_GCA_011052865.1	141
GB_GCA_011053855.1	46
GB_GCA_011337845.1	54
GB_GCA_011358415.1	71
GB_GCA_011362275.1	227
GB_GCA_011368415.1	109
GB_GCA_011373025.1	171
GB_GCA_011373145.1	201
GB_GCA_011380305.1	100
GB_GCA_011389385.1	166
GB_GCA_011523185.1	175
GB_GCA_011605715.1	254
GB_GCA_012026795.1	71
GB_GCA_012519255.1	149
GB_GCA_012520845.1	27
GB_GCA_012719315.1	94
GB_GCA_012797575.1	346
GB_GCA_012928605.1	7
GB_GCA_012962055.1	156
GB_GCA_013152575.1	144
GB_GCA_013153595.1	83
GB_GCA_013166835.1	260
GB_GCA_013215285.1	28
GB_GCA_013329365.1	272
GB_GCA_013329905.1	352
GB_GCA_013329995.1	354
GB_GCA_013330135.1	200
GB_GCA_013330645.1	211
GB_GCA_013330925.1	327
GB_GCA_013331125.1	228
GB_GCA_013331555.1	142
GB_GCA_013331625.1	123
GB_GCA_013374465.1	171
GB_GCA_013402945.1	6
GB_GCA_013540595.1	2
GB_GCA_014239585.1	22
GB_GCA_014361085.1	359
GB_GCA_014361335.1	167
GB_GCA_014361435.1	331
GB_GCA_014727975.1	55
GB_GCA_014729015.1	70
GB_GCA_014729505.1	34
GB_GCA_014729945.1	226
GB_GCA_014730295.1	510
GB_GCA_014874415.1	114
GB_GCA_015063135.1	40
GB_GCA_015520045.1	60
GB_GCA_015520205.1	223
GB_GCA_015520395.1	257
GB_GCA_015520595.1	139
GB_GCA_015520815.1	148
GB_GCA_015520985.1	239
GB_GCA_015521405.1	206
GB_GCA_015522285.1	158
GB_GCA_015522345.1	250
GB_GCA_015522645.1	71
GB_GCA_015522685.1	63
GB_GCA_015523525.1	72
GB_GCA_015523545.1	17
GB_GCA_015658425.1	27
GB_GCA_015661585.1	244
GB_GCA_015662175.1	287
GB_GCA_015662355.1	90
GB_GCA_015662475.1	218
GB_GCA_015664065.1	129
GB_GCA_016125975.1	108
GB_GCA_016177165.1	108
GB_GCA_016180965.1	7
GB_GCA_016181905.1	101
GB_GCA_016188065.1	27
GB_GCA_016188965.1	24
GB_GCA_016192995.1	16
GB_GCA_016198165.1	66
GB_GCA_016200025.1	140
GB_GCA_016203115.1	33
GB_GCA_016204275.1	30
GB_GCA_016282985.1	151
GB_GCA_016291305.1	13
GB_GCA_016777225.1	17
GB_GCA_016782405.1	28
GB_GCA_016784685.1	77
GB_GCA_016839905.1	508
GB_GCA_016840545.1	220
GB_GCA_016866895.1	255
GB_GCA_016866995.1	70
GB_GCA_016871975.1	101
GB_GCA_016872015.1	64
GB_GCA_016919565.1	221
GB_GCA_016928835.1	20
GB_GCA_016930445.1	120
GB_GCA_016932315.1	28
GB_GCA_017094525.1	1
GB_GCA_017431965.1	78
GB_GCA_017455785.1	303
GB_GCA_017509655.1	239
GB_GCA_017519255.1	24
GB_GCA_017608805.1	43
GB_GCA_017608915.1	76
GB_GCA_017609045.1	46
GB_GCA_017609205.1	2
GB_GCA_017609315.1	65
GB_GCA_017609385.1	141
GB_GCA_017610175.1	34
GB_GCA_017857535.1	145
GB_GCA_017883535.1	185
GB_GCA_018221165.1	122
GB_GCA_018238445.1	113
GB_GCA_018303205.1	80
GB_GCA_018303725.1	62
GB_GCA_018304245.1	37
GB_GCA_018304605.1	91
GB_GCA_018396565.1	244
GB_GCA_018396795.1	334
GB_GCA_018432885.1	413
GB_GCA_018434505.1	192
GB_GCA_018434535.1	419
GB_GCA_018435085.1	356
GB_GCA_018645435.1	234
GB_GCA_018646225.1	120
GB_GCA_018651445.1	132
GB_GCA_018652365.1	10
GB_GCA_018653685.1	105
GB_GCA_018655005.1	93
GB_GCA_018657065.1	25
GB_GCA_018657375.1	178
GB_GCA_018657385.1	60
GB_GCA_018658365.1	5
GB_GCA_018663845.1	36
GB_GCA_018666355.1	292
GB_GCA_018667055.1	301
GB_GCA_018670775.1	16
GB_GCA_018673695.1	38
GB_GCA_018675015.1	43
GB_GCA_018694985.1	153
GB_GCA_018697035.1	4
GB_GCA_018701175.1	149
GB_GCA_018816585.1	116
GB_GCA_018821425.1	84
GB_GCA_018826425.1	243
GB_GCA_018901675.1	91
GB_GCA_018920245.1	39
GB_GCA_019057815.1	48
GB_GCA_019058055.1	444
GB_GCA_019058395.1	136
GB_GCA_019058495.1	312
GB_GCA_019136335.1	327
GB_GCA_900313075.1	192
GB_GCA_900314635.1	38
GB_GCA_900319875.1	251
GB_GCA_900322125.1	256
GB_GCA_900766745.1	127
GB_GCA_900768585.1	139
GB_GCA_902158735.1	218
GB_GCA_902573115.1	45
GB_GCA_902588995.1	38
GB_GCA_902590655.1	40
GB_GCA_902601345.1	37
GB_GCA_902606945.1	46
GB_GCA_902788915.1	206
GB_GCA_902789715.1	255
GB_GCA_902800035.1	189
GB_GCA_902800455.1	97
GB_GCA_902812485.1	211
GB_GCA_903819595.1	401
GB_GCA_903833115.1	294
GB_GCA_903835385.1	68
GB_GCA_903857535.1	288
GB_GCA_903858605.1	173
GB_GCA_903883995.1	158
GB_GCA_903884115.1	57
GB_GCA_903893865.1	102
GB_GCA_903921825.1	138
GB_GCA_905182185.1	11
GB_GCA_905235495.1	205
RS_GCF_000008265.1	1
RS_GCF_000008645.1	1
RS_GCF_000015145.1	1
RS_GCF_000015225.1	2
RS_GCF_000018365.1	1
RS_GCF_000018465.1	1
RS_GCF_000022405.1	1
RS_GCF_000025285.1	2
RS_GCF_000190115.1	58
RS_GCF_000190315.1	1
RS_GCF_000195915.1	1
RS_GCF_000196655.1	2
RS_GCF_000204925.1	1
RS_GCF_000245155.1	3
RS_GCF_000245215.1	1
RS_GCF_000259215.1	453
RS_GCF_000336795.1	33
RS_GCF_000336935.1	109
RS_GCF_000337095.1	45
RS_GCF_000337155.1	52
RS_GCF_000337195.1	72
RS_GCF_000337315.1	119
RS_GCF_000337455.1	50
RS_GCF_000337495.1	71
RS_GCF_000383975.1	10
RS_GCF_000403645.1	1
RS_GCF_000470655.1	2
RS_GCF_000474235.1	165
RS_GCF_000517625.1	5
RS_GCF_000700025.1	189
RS_GCF_000828535.1	2
RS_GCF_000970005.1	1
RS_GCF_000970125.1	1
RS_GCF_000979195.1	204
RS_GCF_000979375.1	177
RS_GCF_000979515.1	215
RS_GCF_000979895.1	185
RS_GCF_000979915.1	187
RS_GCF_001190965.1	5
RS_GCF_001261915.1	160
RS_GCF_001307315.1	3
RS_GCF_001315885.1	629
RS_GCF_001316045.1	167
RS_GCF_001559965.1	3
RS_GCF_001560045.1	17
RS_GCF_001729965.1	37
RS_GCF_001861355.1	61
RS_GCF_002116695.1	1
RS_GCF_002214505.1	1
RS_GCF_002214525.1	1
RS_GCF_002252755.1	136
RS_GCF_002379115.1	105
RS_GCF_003602035.1	83
RS_GCF_003688715.1	20
RS_GCF_003711245.1	1
RS_GCF_003852195.1	1
RS_GCF_004799605.1	3
RS_GCF_004916945.1	13
RS_GCF_004944975.1	68
RS_GCF_005155585.1	1
RS_GCF_005435235.1	86
RS_GCF_007655485.1	117
RS_GCF_007996945.1	6
RS_GCF_009372125.1	119
RS_GCF_009392895.1	4
RS_GCF_009729015.1	1
RS_GCF_009861625.1	48
RS_GCF_011440385.1	7
RS_GCF_012027535.1	54
RS_GCF_014078545.1	123
RS_GCF_900101245.1	139
RS_GCF_900111645.1	17
RS_GCF_900116525.1	26
RS_GCF_900188075.1	49
RS_GCF_902381785.1	29
RS_GCF_902383905.1	1
GB_GCA_000008085.1	1
GB_GCA_000246735.1	202
GB_GCA_000415965.1	208
GB_GCA_000494105.1	69
GB_GCA_000746705.1	72
GB_GCA_000806115.1	4
GB_GCA_001508185.1	59
GB_GCA_001512385.1	162
GB_GCA_001564255.1	210
GB_GCA_001593865.1	46
GB_GCA_001629235.1	144
GB_GCA_001726015.1	23
GB_GCA_001800815.1	110
GB_GCA_001918745.1	69
GB_GCA_002011085.1	6
GB_GCA_002067035.1	63
GB_GCA_002068435.1	327
GB_GCA_002254745.1	74
GB_GCA_002494725.1	32
GB_GCA_002494765.1	167
GB_GCA_002494805.1	47
GB_GCA_002495205.1	147
GB_GCA_002495325.1	19
GB_GCA_002495805.1	58
GB_GCA_002496295.1	94
GB_GCA_002496675.1	47
GB_GCA_002497315.1	236
GB_GCA_002497605.1	119
GB_GCA_002497685.1	155
GB_GCA_002498105.1	302
GB_GCA_002498505.1	151
GB_GCA_002498545.1	325
GB_GCA_002498765.1	66
GB_GCA_002498985.1	119
GB_GCA_002499035.1	69
GB_GCA_002499165.1	538
GB_GCA_002499595.1	145
GB_GCA_002499755.1	135
GB_GCA_002501735.1	157
GB_GCA_002502255.1	111
GB_GCA_002502625.1	164
GB_GCA_002502705.1	235
GB_GCA_002503205.1	111
GB_GCA_002503525.1	481
GB_GCA_002503665.1	184
GB_GCA_002504485.1	64
GB_GCA_002504845.1	152
GB_GCA_002505115.1	44
GB_GCA_002505355.1	226
GB_GCA_002505535.1	118
GB_GCA_002505685.1	214
GB_GCA_002505885.1	372
GB_GCA_002507385.1	157
GB_GCA_002508595.1	292
GB_GCA_002509165.1	225
GB_GCA_002509305.1	81
GB_GCA_002509625.1	491
GB_GCA_002685855.1	66
GB_GCA_002686525.1	53
GB_GCA_002688825.1	148
GB_GCA_002696845.1	84
GB_GCA_002698405.1	39
GB_GCA_002710015.1	41
GB_GCA_002712285.1	51
GB_GCA_002714745.1	44
GB_GCA_002715325.1	44
GB_GCA_002719015.1	25
GB_GCA_002720055.1	26
GB_GCA_002724535.1	12
GB_GCA_002726275.1	41
GB_GCA_002763035.1	256
GB_GCA_002763275.1	63
GB_GCA_002789105.1	256
GB_GCA_002839605.1	19
GB_GCA_002839675.1	9
GB_GCA_002877855.1	25
GB_GCA_002898035.1	197
GB_GCA_002900535.1	298
GB_GCA_003021045.1	43
GB_GCA_003021085.1	57
GB_GCA_003021655.1	71
GB_GCA_003022005.1	164
GB_GCA_003022765.1	42
GB_GCA_003022865.1	56
GB_GCA_003022905.1	174
GB_GCA_003138775.1	304
GB_GCA_003152955.1	486
GB_GCA_003158935.1	84
GB_GCA_003161665.1	258
GB_GCA_003161815.1	338
GB_GCA_003164295.1	70
GB_GCA_003171015.1	85
GB_GCA_003176995.1	284
GB_GCA_003230355.1	221
GB_GCA_003298465.1	56
GB_GCA_003324635.1	20
GB_GCA_003344655.1	148
GB_GCA_003345595.1	129
GB_GCA_003554325.1	393
GB_GCA_003602535.1	199
GB_GCA_003602665.1	358
GB_GCA_003650545.1	133
GB_GCA_003660605.1	239
GB_GCA_003661015.1	86
GB_GCA_003661265.1	294
GB_GCA_003661465.1	68
GB_GCA_003661825.1	156
GB_GCA_003661965.1	154
GB_GCA_003662535.1	121
GB_GCA_003662985.1	383
GB_GCA_003663625.1	283
GB_GCA_003672705.1	369
GB_GCA_003672795.1	287
GB_GCA_003672945.1	293
GB_GCA_003940385.1	234
GB_GCA_003973295.1	190
GB_GCA_004116405.1	14
GB_GCA_004195615.1	50
GB_GCA_004524385.1	310
GB_GCA_004524545.1	154
GB_GCA_005239845.1	195
GB_GCA_005798405.1	66
GB_GCA_005877425.1	272
GB_GCA_005878515.1	239
GB_GCA_005879015.1	308
GB_GCA_005882905.1	277
GB_GCA_005882955.1	347
GB_GCA_005884635.1	61
GB_GCA_006954425.1	5
GB_GCA_007117455.1	70
GB_GCA_007135435.1	590
GB_GCA_008080815.1	52
GB_GCA_008297795.1	71
GB_GCA_009787175.1	173
GB_GCA_009887095.1	41
GB_GCA_009887135.1	227
GB_GCA_009887255.1	183
GB_GCA_009889685.1	183
GB_GCA_009994485.1	8
GB_GCA_010028405.1	229
GB_GCA_011040605.1	210
GB_GCA_011043115.1	207
GB_GCA_011334935.1	106
GB_GCA_011363825.1	274
GB_GCA_011366715.1	128
GB_GCA_011371765.1	40
GB_GCA_011373125.1	214
GB_GCA_011380495.1	51
GB_GCA_011620845.1	215
GB_GCA_011772645.1	91
GB_GCA_012522645.1	171
GB_GCA_012798365.1	371
GB_GCA_012799355.1	372
GB_GCA_012928585.1	379
GB_GCA_013114725.1	202
GB_GCA_013138615.1	299
GB_GCA_013139985.1	248
GB_GCA_013153105.1	154
GB_GCA_013153895.1	205
GB_GCA_013202845.1	14
GB_GCA_013329135.1	500
GB_GCA_013329375.1	363
GB_GCA_013329495.1	283
GB_GCA_013329705.1	38
GB_GCA_013330255.1	412
GB_GCA_013330455.1	188
GB_GCA_013330725.1	54
GB_GCA_013331015.1	432
GB_GCA_013331025.1	396
GB_GCA_013331515.1	110
GB_GCA_013331695.1	103
GB_GCA_013331845.1	58
GB_GCA_013332035.1	147
GB_GCA_013415715.1	107
GB_GCA_013415795.1	95
GB_GCA_013538705.1	26
GB_GCA_013867335.1	200
GB_GCA_013911445.1	43
GB_GCA_014361295.1	128
GB_GCA_014381835.1	356
GB_GCA_014384445.1	225
GB_GCA_014384555.1	96
GB_GCA_014523495.1	256
GB_GCA_014728335.1	124
GB_GCA_014859805.1	175
GB_GCA_015520105.1	66
GB_GCA_015520165.1	204
GB_GCA_015520705.1	209
GB_GCA_015521185.1	97
GB_GCA_015521465.1	108
GB_GCA_015522085.1	236
GB_GCA_015522145.1	19
GB_GCA_015523045.1	183
GB_GCA_015523225.1	142
GB_GCA_015663415.1	117
GB_GCA_016177265.1	57
GB_GCA_016180085.1	45
GB_GCA_016181265.1	23
GB_GCA_016185705.1	14
GB_GCA_016187395.1	42
GB_GCA_016188115.1	2
GB_GCA_016198725.1	97
GB_GCA_016200035.1	186
GB_GCA_016202745.1	174
GB_GCA_016202815.1	9
GB_GCA_016207515.1	25
GB_GCA_016212375.1	75
GB_GCA_016213425.1	139
GB_GCA_016550415.1	863
GB_GCA_016839265.1	8
GB_GCA_016839655.1	402
GB_GCA_016840425.1	277
GB_GCA_016840765.1	266
GB_GCA_016840855.1	259
GB_GCA_016866935.1	43
GB_GCA_016919625.1	189
GB_GCA_016928455.1	154
GB_GCA_016933095.1	85
GB_GCA_016935175.1	35
GB_GCA_017408885.1	13
GB_GCA_017468685.1	94
GB_GCA_017545145.1	37
GB_GCA_017601285.1	133
GB_GCA_017607965.1	33
GB_GCA_017609055.1	10
GB_GCA_017610205.1	25
GB_GCA_017883495.1	245
GB_GCA_017992675.1	86
GB_GCA_018221205.1	74
GB_GCA_018238215.1	117
GB_GCA_018263335.1	49
GB_GCA_018304425.1	7
GB_GCA_018335095.1	159
GB_GCA_018396495.1	271
GB_GCA_018396535.1	14
GB_GCA_018433825.1	328
GB_GCA_018623825.1	37
GB_GCA_018647775.1	212
GB_GCA_018647965.1	58
GB_GCA_018652085.1	50
GB_GCA_018652185.1	7
GB_GCA_018652625.1	36
GB_GCA_018653605.1	42
GB_GCA_018654305.1	52
GB_GCA_018660715.1	335
GB_GCA_018667555.1	19
GB_GCA_018667675.1	135
GB_GCA_018670085.1	37
GB_GCA_018671675.1	27
GB_GCA_018672175.1	252
GB_GCA_018674605.1	152
GB_GCA_018676395.1	146
GB_GCA_018691995.1	95
GB_GCA_018692925.1	19
GB_GCA_018695315.1	93
GB_GCA_018696595.1	8
GB_GCA_018696815.1	91
GB_GCA_018697575.1	4
GB_GCA_018697615.1	280
GB_GCA_018697635.1	334
GB_GCA_018816205.1	229
GB_GCA_018817405.1	66
GB_GCA_018818785.1	12
GB_GCA_018896735.1	132
GB_GCA_018903315.1	287
GB_GCA_018903355.1	92
GB_GCA_019056805.1	27
GB_GCA_019057475.1	56
GB_GCA_019057735.1	523
GB_GCA_019057865.1	87
GB_GCA_019058575.1	534
GB_GCA_900079125.1	1
GB_GCA_900314695.1	64
GB_GCA_902514275.1	50
GB_GCA_902552015.1	53
GB_GCA_902625885.1	58
GB_GCA_902755965.1	70
GB_GCA_902758515.1	238
GB_GCA_902764555.1	42
GB_GCA_902778875.1	111
GB_GCA_902782595.1	207
GB_GCA_902786095.1	149
GB_GCA_902798405.1	282
GB_GCA_902827205.1	1
GB_GCA_903824825.1	481
GB_GCA_903825685.1	165
GB_GCA_903831045.1	56
GB_GCA_903832155.1	145
GB_GCA_903835325.1	246
GB_GCA_903899805.1	145
GB_GCA_903908335.1	269
GB_GCA_903923795.1	146
GB_GCA_905171675.1	48
GB_GCA_905182125.1	31
GB_GCA_905202485.1	27
RS_GCF_000007005.1	1
RS_GCF_000007185.1	1
RS_GCF_000015805.1	1
RS_GCF_000022205.1	3
RS_GCF_000024185.1	1
RS_GCF_000025865.1	1
RS_GCF_000091665.1	3
RS_GCF_000144915.1	1
RS_GCF_000190155.1	45
RS_GCF_000211475.1	1
RS_GCF_000230735.2	3
RS_GCF_000264495.1	1
RS_GCF_000336655.1	79
RS_GCF_000337015.1	110
RS_GCF_000337115.1	68
RS_GCF_000337355.1	105
RS_GCF_000337475.1	94
RS_GCF_000337555.1	49
RS_GCF_000337715.1	62
RS_GCF_000621965.1	36
RS_GCF_000734035.1	1
RS_GCF_000745485.1	20
RS_GCF_000800805.1	1
RS_GCF_000813245.1	1
RS_GCF_000970185.1	1
RS_GCF_000979035.1	223
RS_GCF_000979275.1	200
RS_GCF_000979555.1	196
RS_GCF_000979735.1	236
RS_GCF_000979855.1	189
RS_GCF_000979925.1	237
RS_GCF_000979935.1	320
RS_GCF_000980105.1	265
RS_GCF_001280425.1	18
RS_GCF_001305655.1	2
RS_GCF_001560035.1	21
RS_GCF_001560195.1	16
RS_GCF_001560245.1	5
RS_GCF_001560645.1	19
RS_GCF_001571385.1	3
RS_GCF_001748385.1	10
RS_GCF_001870125.1	1
RS_GCF_002487355.1	85
RS_GCF_003342675.1	3
RS_GCF_003383195.1	446
RS_GCF_003400145.1	113
RS_GCF_003610195.1	18
RS_GCF_003697845.1	42
RS_GCF_004363215.1	15
RS_GCF_004698125.1	9
RS_GCF_005543295.1	74
RS_GCF_008245085.1	1
RS_GCF_009184575.1	11
RS_GCF_009806985.1	22
RS_GCF_009856205.1	75
RS_GCF_009900715.1	36
RS_GCF_010692885.1	1
RS_GCF_012027455.1	198
RS_GCF_012027515.1	159
RS_GCF_012726095.1	27
RS_GCF_012726155.1	23
RS_GCF_013342145.1	3
RS_GCF_013761055.1	9
RS_GCF_016415645.1	141
RS_GCF_017874335.1	86
RS_GCF_018419995.1	121
RS_GCF_018623055.1	1
RS_GCF_900003575.1	130
RS_GCF_900109595.1	20
RS_GCF_900111935.1	12
RS_GCF_900215575.1	11
RS_GCF_902827225.1	2
GB_GCA_000220355.1	259
GB_GCA_000341715.1	1
GB_GCA_000398765.1	24
GB_GCA_000402355.1	43
GB_GCA_000805965.1	67
GB_GCA_000830315.1	1
GB_GCA_001273385.1	83
GB_GCA_001316245.1	25
GB_GCA_001508745.1	99
GB_GCA_001587675.1	313
GB_GCA_001628475.1	155
GB_GCA_001629295.1	144
GB_GCA_001717035.1	13
GB_GCA_001766825.1	17
GB_GCA_001871495.1	64
GB_GCA_001872325.1	30
GB_GCA_001896515.1	5
GB_GCA_001919175.1	61
GB_GCA_002010295.1	93
GB_GCA_002011315.1	167
GB_GCA_002067645.1	40
GB_GCA_002067865.1	18
GB_GCA_002067905.1	204
GB_GCA_002170775.2	16
GB_GCA_002457555.1	25
GB_GCA_002494705.1	86
GB_GCA_002495025.1	58
GB_GCA_002495405.1	315
GB_GCA_002495535.1	170
GB_GCA_002495925.1	174
GB_GCA_002496905.1	247
GB_GCA_002497195.1	247
GB_GCA_002497385.1	144
GB_GCA_002497555.1	38
GB_GCA_002497845.1	389
GB_GCA_002497965.1	419
GB_GCA_002498745.1	266
GB_GCA_002499835.1	305
GB_GCA_002501695.1	193
GB_GCA_002501985.1	29
GB_GCA_002502845.1	134
GB_GCA_002502935.1	366
GB_GCA_002503145.1	29
GB_GCA_002503395.1	587
GB_GCA_002503445.1	318
GB_GCA_002503565.1	71
GB_GCA_002503985.1	9
GB_GCA_002503995.1	25
GB_GCA_002504045.1	156
GB_GCA_002504565.1	167
GB_GCA_002505105.1	153
GB_GCA_002505265.1	142
GB_GCA_002505305.1	113
GB_GCA_002505345.1	18
GB_GCA_002506145.1	147
GB_GCA_002506255.1	223
GB_GCA_002506305.1	73
GB_GCA_002506865.1	175
GB_GCA_002506905.1	41
GB_GCA_002506945.1	207
GB_GCA_002507395.1	17
GB_GCA_002507545.1	51
GB_GCA_002508505.1	192
GB_GCA_002508555.1	206
GB_GCA_002508905.1	129
GB_GCA_002509195.1	137
GB_GCA_002509465.1	104
GB_GCA_002509745.1	242
GB_GCA_002687275.1	55
GB_GCA_002687815.1	58
GB_GCA_002688035.1	12
GB_GCA_002688325.1	36
GB_GCA_002688415.1	39
GB_GCA_002689345.1	74
GB_GCA_002690445.1	516
GB_GCA_002693705.1	66
GB_GCA_002713585.1	48
GB_GCA_002731935.1	61
GB_GCA_002762705.1	183
GB_GCA_002762915.1	98
GB_GCA_002785255.1	243
GB_GCA_002825465.1	148
GB_GCA_002835825.1	814
GB_GCA_002838935.1	149
GB_GCA_002841105.1	468
GB_GCA_002898655.1	142
GB_GCA_003019415.1	75
GB_GCA_003019475.1	75
GB_GCA_003021145.1	215
GB_GCA_003022945.1	111
GB_GCA_003023165.1	256
GB_GCA_003023215.1	16
GB_GCA_003056265.1	19
GB_GCA_003058365.1	1
GB_GCA_003155735.1	83
GB_GCA_003166335.1	133
GB_GCA_003168415.1	251
GB_GCA_003193825.1	115
GB_GCA_003251955.1	316
GB_GCA_003491285.1	1
GB_GCA_003553425.1	182
GB_GCA_003554465.1	152
GB_GCA_003554845.1	20
GB_GCA_003555025.1	36
GB_GCA_003559825.1	90
GB_GCA_003601785.1	82
GB_GCA_003602575.1	76
GB_GCA_003649445.1	430
GB_GCA_003661185.1	259
GB_GCA_003662705.1	226
GB_GCA_003672175.1	352
GB_GCA_003672295.1	349
GB_GCA_003672685.1	327
GB_GCA_003724255.1	77
GB_GCA_003942085.1	136
GB_GCA_004195525.1	68
GB_GCA_004195635.1	31
GB_GCA_004297575.1	124
GB_GCA_004347825.1	140
GB_GCA_004524445.1	64
GB_GCA_004524725.1	183
GB_GCA_005239175.1	6
GB_GCA_005878485.1	235
GB_GCA_007116295.1	59
GB_GCA_007125715.1	211
GB_GCA_007131205.1	84
GB_GCA_007133845.1	76
GB_GCA_009619155.1	20
GB_GCA_009691355.1	56
GB_GCA_009841735.1	223
GB_GCA_009887145.1	37
GB_GCA_009887235.1	284
GB_GCA_009903825.1	126
GB_GCA_009937485.1	175
GB_GCA_010030375.1	197
GB_GCA_010030505.1	221
GB_GCA_011039765.1	267
GB_GCA_011043315.1	293
GB_GCA_011051395.1	147
GB_GCA_011055275.1	168
GB_GCA_011055355.1	79
GB_GCA_011088205.1	37
GB_GCA_011331255.1	93
GB_GCA_011332645.1	197
GB_GCA_011332735.1	87
GB_GCA_011338225.1	155
GB_GCA_011355145.1	93
GB_GCA_011363115.1	261
GB_GCA_011364075.1	163
GB_GCA_011364525.1	26
GB_GCA_011369675.1	134
GB_GCA_011369745.1	72
GB_GCA_011370515.1	131
GB_GCA_011372335.1	177
GB_GCA_011605805.1	63
GB_GCA_011605865.1	45
GB_GCA_011620785.1	150
GB_GCA_012513095.1	241
GB_GCA_012960615.1	50
GB_GCA_012961645.1	362
GB_GCA_012964965.1	168
GB_GCA_013154005.1	135
GB_GCA_013154085.1	57
GB_GCA_013287935.1	72
GB_GCA_013328985.1	156
GB_GCA_013329155.1	161
GB_GCA_013329275.1	336
GB_GCA_013329505.1	300
GB_GCA_013330005.1	177
GB_GCA_013330055.1	117
GB_GCA_013330185.1	464
GB_GCA_013330315.1	382
GB_GCA_013330485.1	155
GB_GCA_013330765.1	433
GB_GCA_013331135.1	352
GB_GCA_013331365.1	169
GB_GCA_013331675.1	25
GB_GCA_013331775.1	38
GB_GCA_013331915.1	85
GB_GCA_013335235.1	366
GB_GCA_013342525.1	2
GB_GCA_013375355.1	589
GB_GCA_013390865.1	17
GB_GCA_013415595.1	258
GB_GCA_014193235.1	96
GB_GCA_014727985.1	66
GB_GCA_014729145.1	110
GB_GCA_015062915.1	35
GB_GCA_015063105.1	43
GB_GCA_015063165.1	68
GB_GCA_015063235.1	54
GB_GCA_015122025.1	33
GB_GCA_015520275.1	191
GB_GCA_015520475.1	255
GB_GCA_015521505.1	141
GB_GCA_015521685.1	68
GB_GCA_015521725.1	189
GB_GCA_015523465.1	92
GB_GCA_015658875.1	200
GB_GCA_015660075.1	132
GB_GCA_015660885.1	34
GB_GCA_015662595.1	129
GB_GCA_016180565.1	88
GB_GCA_016181005.1	6
GB_GCA_016186365.1	43
GB_GCA_016187495.1	31
GB_GCA_016188155.1	42
GB_GCA_016188205.1	128
GB_GCA_016192955.1	135
GB_GCA_016192985.1	66
GB_GCA_016203445.1	37
GB_GCA_016203595.1	174
GB_GCA_016212475.1	17
GB_GCA_016219765.1	178
GB_GCA_016219795.1	111
GB_GCA_016219865.1	55
GB_GCA_016276965.1	92
GB_GCA_016298175.1	63
GB_GCA_016777125.1	51
GB_GCA_016783785.1	16
GB_GCA_016838845.1	174
GB_GCA_016839385.1	751
GB_GCA_016839815.1	206
GB_GCA_016840025.1	554
GB_GCA_016840385.1	211
GB_GCA_016845345.1	91
GB_GCA_016866645.1	257
GB_GCA_016867035.1	80
GB_GCA_016927245.1	24
GB_GCA_016931175.1	26
GB_GCA_016931955.1	46
GB_GCA_016932755.1	87
GB_GCA_016933575.1	215
GB_GCA_016934775.1	204
GB_GCA_017394465.1	314
GB_GCA_017448525.1	83
GB_GCA_017608575.1	94
GB_GCA_017608825.1	18
GB_GCA_017608985.1	51
GB_GCA_017609085.1	28
GB_GCA_017609145.1	109
GB_GCA_017610225.1	147
GB_GCA_017610245.1	178
GB_GCA_017656495.1	25
GB_GCA_017883585.1	100
GB_GCA_017883605.1	180
GB_GCA_018260835.1	278
GB_GCA_018302065.1	58
GB_GCA_018302205.1	48
GB_GCA_018302805.1	77
GB_GCA_018303115.1	45
GB_GCA_018303265.1	56
GB_GCA_018303605.1	4
GB_GCA_018303655.1	38
GB_GCA_018303845.1	10
GB_GCA_018303945.1	22
GB_GCA_018304025.1	30
GB_GCA_018304145.1	70
GB_GCA_018304325.1	40
GB_GCA_018334795.1	199
GB_GCA_018397005.1	202
GB_GCA_018645665.1	20
GB_GCA_018646625.1	4
GB_GCA_018647725.1	45
GB_GCA_018648015.1	14
GB_GCA_018649325.1	13
GB_GCA_018651205.1	157
GB_GCA_018654785.1	215
GB_GCA_018657845.1	44
GB_GCA_018658785.1	60
GB_GCA_018659245.1	259
GB_GCA_018660325.1	58
GB_GCA_018661705.1	19
GB_GCA_018661895.1	49
GB_GCA_018666515.1	199
GB_GCA_018668235.1	76
GB_GCA_018668595.1	45
GB_GCA_018670095.1	90
GB_GCA_018670175.1	88
GB_GCA_018673515.1	22
GB_GCA_018674815.1	498
GB_GCA_018693515.1	18
GB_GCA_018698915.1	35
GB_GCA_018703135.1	91
GB_GCA_018813685.1	128
GB_GCA_018817905.1	140
GB_GCA_018819945.1	158
GB_GCA_018822695.1	45
GB_GCA_018828985.1	112
GB_GCA_018901625.1	155
GB_GCA_018920305.1	19
GB_GCA_019056735.1	331
GB_GCA_019057575.1	71
GB_GCA_019058135.1	547
GB_GCA_019084405.1	121
GB_GCA_019136755.1	218
GB_GCA_900299125.1	109
GB_GCA_900319985.1	101
GB_GCA_902384585.1	6
GB_GCA_902385025.1	390
GB_GCA_902514485.1	53
GB_GCA_902567485.1	35
GB_GCA_902602195.1	53
GB_GCA_902625045.1	41
GB_GCA_902626095.1	26
GB_GCA_902762085.1	256
GB_GCA_902772665.1	260
GB_GCA_902789505.1	114
GB_GCA_902792995.1	135
GB_GCA_902795935.1	263
GB_GCA_903828975.1	186
GB_GCA_903871465.1	81
GB_GCA_903903815.1	208
GB_GCA_903926075.1	134
GB_GCA_905171695.1	1
GB_GCA_905213775.1	165
GB_GCA_905233225.1	84
GB_GCA_905339155.1	79
RS_GCF_000011125.1	1
RS_GCF_000015205.1	1
RS_GCF_000024625.1	3
RS_GCF_000151205.2	1
RS_GCF_000189575.1	1
RS_GCF_000189935.1	61
RS_GCF_000190015.1	58
RS_GCF_000215995.1	1
RS_GCF_000223905.1	3
RS_GCF_000241145.1	343
RS_GCF_000251105.1	1
RS_GCF_000299365.1	1
RS_GCF_000320505.1	54
RS_GCF_000337295.1	16
RS_GCF_000385565.1	1
RS_GCF_000731985.1	20
RS_GCF_000802205.1	1
RS_GCF_000816105.1	1
RS_GCF_000955905.1	1
RS_GCF_000970165.1	1
RS_GCF_000970245.1	1
RS_GCF_000970285.1	1
RS_GCF_000979455.1	66
RS_GCF_000979495.1	284
RS_GCF_000979655.1	381
RS_GCF_001412615.1	1
RS_GCF_001469875.2	66
RS_GCF_001560305.1	12
RS_GCF_001560815.1	10
RS_GCF_001563245.1	1
RS_GCF_001639275.1	136
RS_GCF_002156705.1	1
RS_GCF_002214545.1	1
RS_GCF_002215305.1	193
RS_GCF_002252585.1	16
RS_GCF_002727095.1	249
RS_GCF_002727125.1	164
RS_GCF_002855455.1	149
RS_GCF_002906575.1	6
RS_GCF_003342695.1	3
RS_GCF_003439925.1	6
RS_GCF_003992425.1	12
RS_GCF_004681185.1	50
RS_GCF_005239135.1	12
RS_GCF_005406325.1	4
RS_GCF_005435135.1	105
RS_GCF_009602405.1	1
RS_GCF_009917665.1	1
RS_GCF_012027355.1	403
RS_GCF_012027415.1	8
RS_GCF_013377755.1	2
RS_GCF_013761135.1	10
RS_GCF_014889545.1	7
RS_GCF_016065055.1	1
RS_GCF_017873555.1	30
RS_GCF_018420055.1	119
RS_GCF_900003505.1	132
RS_GCF_900103415.1	60
RS_GCF_900104065.1	10
RS_GCF_900106905.1	10
RS_GCF_900109425.1	5
RS_GCF_900113245.1	14
RS_GCF_900215215.1	27
GB_GCA_000270325.1	1
GB_GCA_000380705.1	33
GB_GCA_000416025.1	394
GB_GCA_000495675.1	93
GB_GCA_000496135.1	17
GB_GCA_000496175.1	329
GB_GCA_000499765.1	1
GB_GCA_000746745.1	109
GB_GCA_000805995.1	33
GB_GCA_000806135.1	113
GB_GCA_001443365.1	12
GB_GCA_001510295.1	25
GB_GCA_001563875.1	26
GB_GCA_001714685.2	342
GB_GCA_001784635.1	146
GB_GCA_001856845.1	22
GB_GCA_001918765.1	81
GB_GCA_002010075.1	27
GB_GCA_002011235.1	67
GB_GCA_002067095.1	106
GB_GCA_002067935.1	149
GB_GCA_002168805.2	74
GB_GCA_002254405.1	65
GB_GCA_002254415.1	53
GB_GCA_002494885.1	18
GB_GCA_002495065.1	127
GB_GCA_002495445.1	102
GB_GCA_002496465.1	257
GB_GCA_002497025.1	161
GB_GCA_002497045.1	285
GB_GCA_002497075.1	49
GB_GCA_002497155.1	183
GB_GCA_002497225.1	222
GB_GCA_002498055.1	140
GB_GCA_002498315.1	32
GB_GCA_002498525.1	76
GB_GCA_002498635.1	52
GB_GCA_002499625.1	72
GB_GCA_002501645.1	456
GB_GCA_002502085.1	315
GB_GCA_002502125.1	190
GB_GCA_002502485.1	285
GB_GCA_002503455.1	380
GB_GCA_002503805.1	224
GB_GCA_002504415.1	47
GB_GCA_002504645.1	74
GB_GCA_002504765.1	78
GB_GCA_002504905.1	66
GB_GCA_002504935.1	359
GB_GCA_002504965.1	141
GB_GCA_002505075.1	43
GB_GCA_002505155.1	293
GB_GCA_002505225.1	219
GB_GCA_002505275.1	63
GB_GCA_002505455.1	117
GB_GCA_002505585.1	24
GB_GCA_002505845.1	45
GB_GCA_002505985.1	301
GB_GCA_002506065.1	252
GB_GCA_002506275.1	75
GB_GCA_002506385.1	276
GB_GCA_002508305.1	85
GB_GCA_002508385.1	241
GB_GCA_002508825.1	185
GB_GCA_002508935.1	124
GB_GCA_002509725.1	159
GB_GCA_002685315.1	96
GB_GCA_002686315.1	81
GB_GCA_002688905.1	52
GB_GCA_002690815.1	94
GB_GCA_002692625.1	151
GB_GCA_002698225.1	45
GB_GCA_002699515.1	78
GB_GCA_002708015.1	58
GB_GCA_002710035.1	25
GB_GCA_002711575.1	29
GB_GCA_002720095.2	23
GB_GCA_002722075.1	6
GB_GCA_002727515.1	62
GB_GCA_002729355.1	111
GB_GCA_002763075.1	31
GB_GCA_002779235.1	93
GB_GCA_002784265.1	95
GB_GCA_002785505.1	417
GB_GCA_002878135.1	181
GB_GCA_003021205.1	239
GB_GCA_003021685.1	74
GB_GCA_003021975.1	132
GB_GCA_003022085.1	225
GB_GCA_003135935.1	182
GB_GCA_003162115.1	154
GB_GCA_003551065.1	166
GB_GCA_003551945.1	270
GB_GCA_003553355.1	214
GB_GCA_003558085.1	175
GB_GCA_003560595.1	100
GB_GCA_003601555.1	129
GB_GCA_003602605.1	97
GB_GCA_003649345.1	244
GB_GCA_003649515.1	257
GB_GCA_003650025.1	248
GB_GCA_003650075.1	244
GB_GCA_003650675.1	149
GB_GCA_003661445.1	275
GB_GCA_003662485.1	154
GB_GCA_003663415.1	213
GB_GCA_003663595.1	171
GB_GCA_003672895.1	200
GB_GCA_003672975.1	406
GB_GCA_003673025.1	480
GB_GCA_003694055.1	270
GB_GCA_003978665.1	50
GB_GCA_004212055.1	122
GB_GCA_004212075.1	12
GB_GCA_004212085.1	183
GB_GCA_005877225.1	273
GB_GCA_005878615.1	162
GB_GCA_005884195.1	77
GB_GCA_005888635.1	159
GB_GCA_007121575.1	380
GB_GCA_007128245.1	111
GB_GCA_008080765.1	277
GB_GCA_009387755.1	8
GB_GCA_009387855.1	93
GB_GCA_009779045.1	225
GB_GCA_009786585.1	230
GB_GCA_009888185.1	275
GB_GCA_009903435.1	110
GB_GCA_009903795.1	33
GB_GCA_009903815.1	215
GB_GCA_009937205.1	152
GB_GCA_010028325.1	170
GB_GCA_010030465.1	183
GB_GCA_011056475.1	38
GB_GCA_011333845.1	44
GB_GCA_011337925.1	286
GB_GCA_011357905.1	39
GB_GCA_011358095.1	147
GB_GCA_011364205.1	144
GB_GCA_011364975.1	204
GB_GCA_011366955.1	222
GB_GCA_011367965.1	169
GB_GCA_011368075.1	71
GB_GCA_011372955.1	109
GB_GCA_011373895.1	118
GB_GCA_011373965.1	70
GB_GCA_011375525.1	173
GB_GCA_011523285.1	60
GB_GCA_011620765.1	148
GB_GCA_012270265.1	358
GB_GCA_012799645.1	34
GB_GCA_012840175.1	26
GB_GCA_012959485.1	112
GB_GCA_013139715.1	339
GB_GCA_013140415.1	213
GB_GCA_013329255.1	442
GB_GCA_013329415.1	632
GB_GCA_013329455.1	323
GB_GCA_013329755.1	48
GB_GCA_013330075.1	266
GB_GCA_013331095.1	350
GB_GCA_013331355.1	170
GB_GCA_013331485.1	198
GB_GCA_013331725.1	113
GB_GCA_013331925.1	130
GB_GCA_013388925.1	89
GB_GCA_013388945.1	31
GB_GCA_013415695.1	41
GB_GCA_013694585.1	280
GB_GCA_013821245.1	333
GB_GCA_013867345.1	188
GB_GCA_013911465.1	99
GB_GCA_014189685.1	52
GB_GCA_014384455.1	121
GB_GCA_014523595.1	221
GB_GCA_014523625.1	277
GB_GCA_014729195.1	60
GB_GCA_014729995.1	45
GB_GCA_014730165.1	392
GB_GCA_014871915.1	35
GB_GCA_015062985.1	63
GB_GCA_015122035.1	31
GB_GCA_015520065.1	102
GB_GCA_015520895.1	42
GB_GCA_015521095.1	121
GB_GCA_015521535.1	42
GB_GCA_015523025.1	43
GB_GCA_015523185.1	85
GB_GCA_015523485.1	110
GB_GCA_015523575.1	157
GB_GCA_015660415.1	85
GB_GCA_015661745.1	163
GB_GCA_016181885.1	69
GB_GCA_016185685.1	123
GB_GCA_016185845.1	61
GB_GCA_016188105.1	103
GB_GCA_016203205.1	37
GB_GCA_016211215.1	35
GB_GCA_016211995.1	86
GB_GCA_016214785.1	69
GB_GCA_016215315.1	54
GB_GCA_016219825.1	85
GB_GCA_016294185.1	55
GB_GCA_016297775.1	88
GB_GCA_016779765.1	51
GB_GCA_016784165.1	26
GB_GCA_016839005.1	169
GB_GCA_016839345.1	355
GB_GCA_016839465.1	212
GB_GCA_016839515.1	348
GB_GCA_016839635.1	314
GB_GCA_016839745.1	192
GB_GCA_016840095.1	165
GB_GCA_016840925.1	476
GB_GCA_016841005.1	490
GB_GCA_016841625.1	143
GB_GCA_016844465.1	182
GB_GCA_016845715.1	194
GB_GCA_016867675.1	156
GB_GCA_016929855.1	92
GB_GCA_016930255.1	87
GB_GCA_016930995.1	166
GB_GCA_016936135.1	153
GB_GCA_017407115.1	121
GB_GCA_017460025.1	423
GB_GCA_017473945.1	141
GB_GCA_017508065.1	231
GB_GCA_017524805.1	47
GB_GCA_017530685.1	320
GB_GCA_017608235.1	56
GB_GCA_017609285.1	8
GB_GCA_017609475.1	54
GB_GCA_017609525.1	67
GB_GCA_017609605.1	39
GB_GCA_017609845.1	63
GB_GCA_017613335.1	189
GB_GCA_018220955.1	77
GB_GCA_018221245.1	94
GB_GCA_018262855.1	32
GB_GCA_018262895.1	30
GB_GCA_018263495.1	88
GB_GCA_018302085.1	96
GB_GCA_018302185.1	151
GB_GCA_018303365.1	22
GB_GCA_018303755.1	38
GB_GCA_018304105.1	23
GB_GCA_018304345.1	23
GB_GCA_018396415.1	45
GB_GCA_018396725.1	38
GB_GCA_018396915.1	63
GB_GCA_018435745.1	500
GB_GCA_018609935.1	175
GB_GCA_018645625.1	28
GB_GCA_018648745.1	3
GB_GCA_018650315.1	120
GB_GCA_018653665.1	285
GB_GCA_018656365.1	131
GB_GCA_018657895.1	43
GB_GCA_018659445.1	5
GB_GCA_018660525.1	155
GB_GCA_018661155.1	94
GB_GCA_018665835.1	68
GB_GCA_018671455.1	12
GB_GCA_018671875.1	86
GB_GCA_018672435.1	39
GB_GCA_018692575.1	32
GB_GCA_018812465.1	280
GB_GCA_018815145.1	305
GB_GCA_018815925.1	29
GB_GCA_018818075.1	82
GB_GCA_018820305.1	135
GB_GCA_018824025.1	208
GB_GCA_018830945.1	109
GB_GCA_018901375.1	158
GB_GCA_018901655.1	23
GB_GCA_018920365.1	19
GB_GCA_019056785.1	102
GB_GCA_019056875.1	536
GB_GCA_019056895.1	416
GB_GCA_019058245.1	41
GB_GCA_900315355.1	89
GB_GCA_900317075.1	142
GB_GCA_902384795.1	26
GB_GCA_902386255.1	172
GB_GCA_902604505.1	53
GB_GCA_902605365.1	53
GB_GCA_902627105.1	37
GB_GCA_902633495.1	41
GB_GCA_902759195.1	253
GB_GCA_902763115.1	69
GB_GCA_902769065.1	268
GB_GCA_902775675.1	233
GB_GCA_902778345.1	265
GB_GCA_902784715.1	102
GB_GCA_902789165.1	216
GB_GCA_902800515.1	87
GB_GCA_903842985.1	60
GB_GCA_903866625.1	8
GB_GCA_903907555.1	159
GB_GCA_903911915.1	44
GB_GCA_903917745.1	137
GB_GCA_903921895.1	167
GB_GCA_905200445.1	159
GB_GCA_905235185.1	153
RS_GCF_000007345.1	1
RS_GCF_000015765.1	1
RS_GCF_000063445.1	1
RS_GCF_000092465.1	1
RS_GCF_000145295.1	2
RS_GCF_000189555.1	1
RS_GCF_000189915.1	64
RS_GCF_000195895.1	2
RS_GCF_000220175.1	1
RS_GCF_000302455.1	28
RS_GCF_000317795.1	1
RS_GCF_000327485.1	1
RS_GCF_000327505.1	1
RS_GCF_000336995.1	37
RS_GCF_000337655.1	128
RS_GCF_000337775.1	69
RS_GCF_000337895.1	205
RS_GCF_000379085.1	22
RS_GCF_000455345.1	11
RS_GCF_000529525.1	60
RS_GCF_000685635.1	13
RS_GCF_000723185.1	14
RS_GCF_000739065.1	1
RS_GCF_000949015.1	9
RS_GCF_000970085.1	1
RS_GCF_000979025.1	198
RS_GCF_000979205.1	446
RS_GCF_000979345.1	169
RS_GCF_000979825.1	193
RS_GCF_000979975.1	115
RS_GCF_000993805.1	1
RS_GCF_001027005.1	1
RS_GCF_001282785.1	1
RS_GCF_001304615.2	1
RS_GCF_001469865.1	716
RS_GCF_001481595.1	1
RS_GCF_001481685.1	1
RS_GCF_001485555.1	6
RS_GCF_001485575.1	9
RS_GCF_001560565.1	21
RS_GCF_002214385.1	1
RS_GCF_002214485.1	1
RS_GCF_002252805.1	163
RS_GCF_002286985.1	27
RS_GCF_002572525.1	9
RS_GCF_002813655.1	1
RS_GCF_002952775.1	1
RS_GCF_003201765.2	1
RS_GCF_003201835.2	1
RS_GCF_003205235.1	63
RS_GCF_003336245.1	4
RS_GCF_003383065.1	116
RS_GCF_003665935.1	786
RS_GCF_003666015.1	574
RS_GCF_003666025.1	91
RS_GCF_003852115.1	1
RS_GCF_004099695.1	55
RS_GCF_004126515.1	3
RS_GCF_005938085.1	9
RS_GCF_007671685.1	22
RS_GCF_008122205.1	50
RS_GCF_009184545.1	13
RS_GCF_009674625.1	3
RS_GCF_009729055.1	1
RS_GCF_009741925.1	89
RS_GCF_010706455.1	1
RS_GCF_012027285.1	15
RS_GCF_012062385.1	87
RS_GCF_013133895.1	746
RS_GCF_013456555.1	1
RS_GCF_013761085.1	12
RS_GCF_014212355.1	12
RS_GCF_014646555.1	26
RS_GCF_014647155.1	27
RS_GCF_014647235.1	44
RS_GCF_014648235.1	57
RS_GCF_014962245.1	1
RS_GCF_017873415.1	35
RS_GCF_017875395.1	15
RS_GCF_019175325.1	2
RS_GCF_900095295.1	2
RS_GCF_900102305.1	62
RS_GCF_900112175.1	7
RS_GCF_900156445.1	14
RS_GCF_900696045.1	1
RS_GCF_902377425.1	41
GB_GCA_000399825.1	63
GB_GCA_000402095.1	48
GB_GCA_000415985.1	187
GB_GCA_000447865.2	15
GB_GCA_000494185.1	51
GB_GCA_000495735.1	51
GB_GCA_000496235.1	295
GB_GCA_000830275.1	1
GB_GCA_001437625.1	183
GB_GCA_001516725.1	205
GB_GCA_001564145.1	35
GB_GCA_001564285.1	216
GB_GCA_001587605.1	73
GB_GCA_001593845.1	106
GB_GCA_001595885.1	114
GB_GCA_001602645.1	90
GB_GCA_001775995.1	64
GB_GCA_001776015.1	536
GB_GCA_001871415.1	85
GB_GCA_001872315.1	36
GB_GCA_001919285.1	84
GB_GCA_002011155.1	209
GB_GCA_002067275.1	100
GB_GCA_002067795.1	82
GB_GCA_002170315.2	57
GB_GCA_002172375.1	75
GB_GCA_002254475.1	120
GB_GCA_002254785.1	104
GB_GCA_002255065.1	99
GB_GCA_002490245.1	101
GB_GCA_002494605.1	111
GB_GCA_002494865.1	372
GB_GCA_002495285.1	95
GB_GCA_002495495.1	107
GB_GCA_002495565.1	273
GB_GCA_002495585.1	240
GB_GCA_002495765.1	212
GB_GCA_002496135.1	368
GB_GCA_002496215.1	109
GB_GCA_002496705.1	53
GB_GCA_002496855.1	98
GB_GCA_002496885.1	266
GB_GCA_002496955.1	276
GB_GCA_002497465.1	57
GB_GCA_002498065.1	181
GB_GCA_002498825.1	182
GB_GCA_002498845.1	92
GB_GCA_002499185.1	154
GB_GCA_002499205.1	326
GB_GCA_002499445.1	79
GB_GCA_002501815.1	33
GB_GCA_002501895.1	157
GB_GCA_002502175.1	113
GB_GCA_002502475.1	530
GB_GCA_002502815.1	95
GB_GCA_002503055.1	47
GB_GCA_002505605.1	156
GB_GCA_002505765.1	73
GB_GCA_002506995.1	17
GB_GCA_002507275.1	176
GB_GCA_002507365.1	145
GB_GCA_002508315.1	137
GB_GCA_002509085.1	600
GB_GCA_002509405.1	58
GB_GCA_002688015.1	18
GB_GCA_002688335.1	80
GB_GCA_002688875.1	66
GB_GCA_002692685.1	74
GB_GCA_002694525.1	65
GB_GCA_002696315.1	59
GB_GCA_002697065.1	54
GB_GCA_002709705.1	45
GB_GCA_002712645.1	46
GB_GCA_002718195.1	29
GB_GCA_002718995.2	30
GB_GCA_002724815.1	102
GB_GCA_002725475.1	113
GB_GCA_002726495.1	66
GB_GCA_002726845.1	105
GB_GCA_002763105.1	261
GB_GCA_002763345.1	127
GB_GCA_002779065.1	85
GB_GCA_002784645.1	61
GB_GCA_002789635.1	75
GB_GCA_002790315.1	102
GB_GCA_002790905.1	49
GB_GCA_002792055.1	144
GB_GCA_002897955.1	123
GB_GCA_003021705.1	84
GB_GCA_003021755.1	200
GB_GCA_003023535.1	248
GB_GCA_003086535.1	43
GB_GCA_003086555.1	83
GB_GCA_003096255.1	425
GB_GCA_003133625.1	207
GB_GCA_003135915.1	334
GB_GCA_003144275.1	107
GB_GCA_003154335.1	230
GB_GCA_003159695.1	171
GB_GCA_003170775.1	341
GB_GCA_003193815.1	100
GB_GCA_003315675.1	112
GB_GCA_003551265.1	380
GB_GCA_003552705.1	98
GB_GCA_003554605.1	246
GB_GCA_003601655.1	113
GB_GCA_003602405.1	161
GB_GCA_003649305.1	313
GB_GCA_003661045.1	306
GB_GCA_003661605.2	110
GB_GCA_003662515.1	178
GB_GCA_003672215.1	336
GB_GCA_003672505.1	442
GB_GCA_004322465.1	126
GB_GCA_004347915.1	93
GB_GCA_004366995.1	97
GB_GCA_004375715.1	320
GB_GCA_004376975.1	235
GB_GCA_004553595.1	176
GB_GCA_005778305.1	72
GB_GCA_005790695.1	135
GB_GCA_005877095.1	341
GB_GCA_005877205.1	105
GB_GCA_005879045.1	428
GB_GCA_005888675.1	466
GB_GCA_006954465.1	352
GB_GCA_007117145.1	95
GB_GCA_007122455.1	149
GB_GCA_007127385.1	241
GB_GCA_007128455.1	155
GB_GCA_007896465.1	15
GB_GCA_009377575.1	426
GB_GCA_009697445.1	79
GB_GCA_009777005.1	371
GB_GCA_009786255.1	212
GB_GCA_009887215.1	62
GB_GCA_010092465.1	1
GB_GCA_011040545.1	257
GB_GCA_011046265.1	231
GB_GCA_011052825.1	207
GB_GCA_011054345.1	37
GB_GCA_011329185.1	209
GB_GCA_011333955.1	67
GB_GCA_011355205.1	193
GB_GCA_011362635.1	126
GB_GCA_011363705.1	262
GB_GCA_011364515.1	266
GB_GCA_011364825.1	208
GB_GCA_011364865.1	162
GB_GCA_011366425.1	90
GB_GCA_011366635.1	170
GB_GCA_011366815.1	86
GB_GCA_011366945.1	169
GB_GCA_011367155.1	140
GB_GCA_011368255.1	64
GB_GCA_011373365.1	128
GB_GCA_011380245.1	230
GB_GCA_011389375.1	95
GB_GCA_011620885.1	51
GB_GCA_011772995.1	513
GB_GCA_012515075.1	61
GB_GCA_012798025.1	234
GB_GCA_012798335.1	68
GB_GCA_012959845.1	384
GB_GCA_012959925.1	63
GB_GCA_013114715.1	229
GB_GCA_013154335.1	93
GB_GCA_013204355.1	149
GB_GCA_013329655.1	348
GB_GCA_013330225.1	651
GB_GCA_013330715.1	191
GB_GCA_013330875.1	312
GB_GCA_013331045.1	291
GB_GCA_013331145.1	400
GB_GCA_013331225.1	325
GB_GCA_013331965.1	81
GB_GCA_013375455.1	219
GB_GCA_013388905.1	48
GB_GCA_013390765.1	85
GB_GCA_013619005.1	370
GB_GCA_014075315.1	1
GB_GCA_014237115.1	136
GB_GCA_014523485.1	281
GB_GCA_014523695.1	719
GB_GCA_014836265.1	120
GB_GCA_014874235.1	228
GB_GCA_015062885.1	146
GB_GCA_015062925.1	154
GB_GCA_015063035.1	104
GB_GCA_015520375.1	144
GB_GCA_015520525.1	114
GB_GCA_015521575.1	274
GB_GCA_015521955.1	102
GB_GCA_015522385.1	306
GB_GCA_015523055.1	109
GB_GCA_015523135.1	167
GB_GCA_015523605.1	50
GB_GCA_015661405.1	149
GB_GCA_016106165.1	44
GB_GCA_016176815.1	38
GB_GCA_016181505.1	168
GB_GCA_016185715.1	143
GB_GCA_016185755.1	16
GB_GCA_016187415.1	10
GB_GCA_016194335.1	28
GB_GCA_016198685.1	8
GB_GCA_016202725.1	115
GB_GCA_016203215.1	93
GB_GCA_016203375.1	118
GB_GCA_016206275.1	260
GB_GCA_016207545.1	236
GB_GCA_016213555.1	62
GB_GCA_016278385.1	57
GB_GCA_016292055.1	181
GB_GCA_016294015.1	81
GB_GCA_016295675.1	177
GB_GCA_016649585.1	288
GB_GCA_016839945.1	186
GB_GCA_016839995.1	148
GB_GCA_016840065.1	131
GB_GCA_016840135.1	217
GB_GCA_016840725.1	284
GB_GCA_016841955.1	16
GB_GCA_016866955.1	13
GB_GCA_016871995.1	11
GB_GCA_016874675.1	189
GB_GCA_016926735.1	238
GB_GCA_016930055.1	111
GB_GCA_017512765.1	108
GB_GCA_017516365.1	156
GB_GCA_017537385.1	257
GB_GCA_017539065.1	31
GB_GCA_017549625.1	243
GB_GCA_017608025.1	35
GB_GCA_017608225.1	99
GB_GCA_017608725.1	196
GB_GCA_017608775.1	56
GB_GCA_017609365.1	122
GB_GCA_017634055.1	124
GB_GCA_017646885.1	417
GB_GCA_017883485.1	453
GB_GCA_018053885.1	167
GB_GCA_018221065.1	109
GB_GCA_018238205.1	344
GB_GCA_018302165.1	64
GB_GCA_018302265.1	47
GB_GCA_018303025.1	57
GB_GCA_018303995.1	39
GB_GCA_018304485.1	43
GB_GCA_018304585.1	33
GB_GCA_018379875.1	23
GB_GCA_018384975.1	143
GB_GCA_018436745.1	66
GB_GCA_018609855.1	116
GB_GCA_018645645.1	48
GB_GCA_018646185.1	159
GB_GCA_018651665.1	85
GB_GCA_018652475.1	20
GB_GCA_018653175.1	12
GB_GCA_018658435.1	57
GB_GCA_018659375.1	80
GB_GCA_018659425.1	177
GB_GCA_018663925.1	47
GB_GCA_018664525.1	59
GB_GCA_018667575.1	198
GB_GCA_018676605.1	70
GB_GCA_018691935.1	4
GB_GCA_018692795.1	25
GB_GCA_018693435.1	80
GB_GCA_018696515.1	26
GB_GCA_018701795.1	78
GB_GCA_018702855.1	122
GB_GCA_018812505.1	261
GB_GCA_018816395.1	93
GB_GCA_018818285.1	76
GB_GCA_018820845.1	51
GB_GCA_018825425.1	143
GB_GCA_018830845.1	97
GB_GCA_018920285.1	75
GB_GCA_019057955.1	258
GB_GCA_019058075.1	519
GB_GCA_019058295.1	50
GB_GCA_019058315.1	22
GB_GCA_019058515.1	227
GB_GCA_019058535.1	283
GB_GCA_902386115.1	298
GB_GCA_902386385.1	63
GB_GCA_902564655.1	46
GB_GCA_902774685.1	63
GB_GCA_902775005.1	198
GB_GCA_902796575.1	161
GB_GCA_902802065.1	66
GB_GCA_903825585.1	69
GB_GCA_903829135.1	184
GB_GCA_903877225.1	142
GB_GCA_903989505.1	176
GB_GCA_905612425.1	64
GB_GCA_905612455.1	57
RS_GCF_000014945.1	1
RS_GCF_000021965.1	1
RS_GCF_000022485.1	2
RS_GCF_000023965.1	2
RS_GCF_000024745.1	1
RS_GCF_000175555.1	506
RS_GCF_000191585.1	1
RS_GCF_000214725.1	1
RS_GCF_000245115.1	5
RS_GCF_000245195.1	4
RS_GCF_000258425.1	1
RS_GCF_000263735.1	1
RS_GCF_000336675.1	46
RS_GCF_000336695.1	167
RS_GCF_000336755.1	27
RS_GCF_000336835.1	41
RS_GCF_000336855.1	48
RS_GCF_000337435.1	79
RS_GCF_000340315.1	1
RS_GCF_000376445.1	6
RS_GCF_000430485.1	132
RS_GCF_000446015.1	1
RS_GCF_000730285.1	1
RS_GCF_000956175.1	1
RS_GCF_000968435.2	1
RS_GCF_000970025.1	2
RS_GCF_000979105.1	151
RS_GCF_001006045.1	1
RS_GCF_001469955.1	41
RS_GCF_001560065.1	6
RS_GCF_001560285.1	12
RS_GCF_001560795.1	4
RS_GCF_001571405.1	23
RS_GCF_001663375.1	86
RS_GCF_001719125.1	1
RS_GCF_001889405.1	1
RS_GCF_002214165.1	1
RS_GCF_002252875.1	80
RS_GCF_002813675.1	1
RS_GCF_003175215.1	14
RS_GCF_003369835.1	7
RS_GCF_003383005.1	58
RS_GCF_003383015.1	39
RS_GCF_003383095.1	104
RS_GCF_003400025.1	111
RS_GCF_003430825.1	3
RS_GCF_003665985.1	114
RS_GCF_003841485.1	12
RS_GCF_005406125.1	33
RS_GCF_006740685.1	1
RS_GCF_007421925.1	63
RS_GCF_007714225.1	593
RS_GCF_009184555.1	16
RS_GCF_011602445.1	6
RS_GCF_012027375.1	43
RS_GCF_013402815.1	1
RS_GCF_013415905.1	1
RS_GCF_013760955.1	14
RS_GCF_014207325.1	21
RS_GCF_014647115.1	25
RS_GCF_014647475.1	27
RS_GCF_014969745.1	4
RS_GCF_016635065.1	2
RS_GCF_016806735.1	1
RS_GCF_017357405.1	2
RS_GCF_017874695.1	31
RS_GCF_017875315.1	6
RS_GCF_900003525.1	139
RS_GCF_900110455.1	9
RS_GCF_900156425.1	12
RS_GCF_900196725.1	250
RS_GCF_900774055.1	46
RS_GCF_900880625.1	6
GB_GCA_000145985.1	1
GB_GCA_000494205.1	33
GB_GCA_000690595.2	29
GB_GCA_000806055.1	30
GB_GCA_001315825.1	129
GB_GCA_001316325.1	89
GB_GCA_001317315.1	514
GB_GCA_001412335.1	509
GB_GCA_001508615.1	67
GB_GCA_001510275.1	31
GB_GCA_001543015.1	67
GB_GCA_001563915.1	24
GB_GCA_001564035.1	52
GB_GCA_001603195.1	441
GB_GCA_001766815.1	15
GB_GCA_001774245.1	708
GB_GCA_001871605.1	53
GB_GCA_001896725.1	53
GB_GCA_001918475.1	98
GB_GCA_001940665.1	9
GB_GCA_002009965.1	164
GB_GCA_002010305.1	42
GB_GCA_002011295.1	88
GB_GCA_002011395.1	161
GB_GCA_002067115.1	134
GB_GCA_002067155.1	166
GB_GCA_002067365.1	136
GB_GCA_002067705.1	200
GB_GCA_002071305.1	149
GB_GCA_002457155.1	29
GB_GCA_002457605.1	31
GB_GCA_002494545.1	481
GB_GCA_002494685.1	314
GB_GCA_002495485.1	318
GB_GCA_002496175.1	319
GB_GCA_002496395.1	75
GB_GCA_002496625.1	161
GB_GCA_002496755.1	371
GB_GCA_002497145.1	92
GB_GCA_002497625.1	207
GB_GCA_002497945.1	66
GB_GCA_002498295.1	115
GB_GCA_002498365.1	16
GB_GCA_002498485.1	635
GB_GCA_002498725.1	76
GB_GCA_002498905.1	84
GB_GCA_002499105.1	232
GB_GCA_002499325.1	294
GB_GCA_002499545.1	106
GB_GCA_002502095.1	62
GB_GCA_002503485.1	212
GB_GCA_002503925.1	162
GB_GCA_002503965.1	132
GB_GCA_002505445.1	101
GB_GCA_002505495.1	610
GB_GCA_002506185.1	162
GB_GCA_002506225.1	147
GB_GCA_002506645.1	524
GB_GCA_002507245.1	105
GB_GCA_002507305.1	150
GB_GCA_002508845.1	89
GB_GCA_002634415.1	146
GB_GCA_002685215.1	73
GB_GCA_002688095.1	15
GB_GCA_002688265.1	32
GB_GCA_002692365.2	24
GB_GCA_002712495.1	59
GB_GCA_002713185.1	44
GB_GCA_002718915.1	30
GB_GCA_002719615.1	30
GB_GCA_002722135.1	27
GB_GCA_002724655.1	59
GB_GCA_002728565.1	68
GB_GCA_002728975.1	77
GB_GCA_002730775.1	65
GB_GCA_002763025.1	175
GB_GCA_002763255.1	81
GB_GCA_002780595.1	74
GB_GCA_002780965.1	107
GB_GCA_002781805.1	277
GB_GCA_002790895.1	66
GB_GCA_002792115.1	68
GB_GCA_002792935.1	118
GB_GCA_002897655.1	44
GB_GCA_002900545.1	351
GB_GCA_002900555.1	350
GB_GCA_003019515.1	70
GB_GCA_003019545.1	407
GB_GCA_003021175.1	24
GB_GCA_003021745.1	192
GB_GCA_003022815.1	171
GB_GCA_003022925.1	182
GB_GCA_003139855.1	95
GB_GCA_003156255.1	207
GB_GCA_003158635.1	336
GB_GCA_003159405.1	214
GB_GCA_003162195.1	213
GB_GCA_003170975.1	253
GB_GCA_003266145.1	203
GB_GCA_003345545.1	87
GB_GCA_003345555.1	82
GB_GCA_003552045.1	219
GB_GCA_003559355.1	175
GB_GCA_003601845.1	95
GB_GCA_003649915.1	216
GB_GCA_003650585.1	143
GB_GCA_003650625.1	93
GB_GCA_003660555.1	150
GB_GCA_003661105.1	345
GB_GCA_003661505.1	202
GB_GCA_003661775.1	134
GB_GCA_003663055.1	294
GB_GCA_003663525.1	220
GB_GCA_003663565.1	277
GB_GCA_003663645.1	234
GB_GCA_003694525.1	105
GB_GCA_003694965.1	87
GB_GCA_003702465.1	139
GB_GCA_003724215.1	165
GB_GCA_004347865.1	220
GB_GCA_004376645.1	142
GB_GCA_005790655.1	100
GB_GCA_005877765.1	388
GB_GCA_005883075.1	178
GB_GCA_005883755.1	118
GB_GCA_005888755.1	67
GB_GCA_006954405.1	2
GB_GCA_007121125.1	380
GB_GCA_007135505.1	478
GB_GCA_009387875.1	12
GB_GCA_009392915.1	1
GB_GCA_009776625.1	188
GB_GCA_009778575.1	90
GB_GCA_009839185.1	194
GB_GCA_009889625.1	36
GB_GCA_009903775.1	117
GB_GCA_011043415.1	135
GB_GCA_011049295.1	215
GB_GCA_011333975.1	13
GB_GCA_011334385.1	86
GB_GCA_011362975.1	20
GB_GCA_011364265.1	156
GB_GCA_011364745.1	15
GB_GCA_011369545.1	48
GB_GCA_011369655.1	68
GB_GCA_011371795.1	104
GB_GCA_011373645.1	76
GB_GCA_011375585.1	365
GB_GCA_011388775.1	218
GB_GCA_011526375.1	253
GB_GCA_011620795.1	250
GB_GCA_011773125.1	83
GB_GCA_012511995.1	499
GB_GCA_012517695.1	242
GB_GCA_012728895.1	80
GB_GCA_012965585.1	370
GB_GCA_013138805.1	103
GB_GCA_013139905.1	188
GB_GCA_013151125.1	181
GB_GCA_013153275.1	71
GB_GCA_013166775.1	115
GB_GCA_013306115.1	34
GB_GCA_013306135.1	107
GB_GCA_013330305.1	228
GB_GCA_013330615.1	134
GB_GCA_013330625.1	460
GB_GCA_013330635.1	261
GB_GCA_013330825.1	100
GB_GCA_013330855.1	46
GB_GCA_013374525.1	297
GB_GCA_013375405.1	476
GB_GCA_013388895.1	58
GB_GCA_013390375.1	38
GB_GCA_013415685.1	245
GB_GCA_013425325.1	105
GB_GCA_013867305.1	280
GB_GCA_014061035.1	152
GB_GCA_014189795.1	144
GB_GCA_014240055.1	144
GB_GCA_014361095.1	185
GB_GCA_014728035.1	173
GB_GCA_015520425.1	149
GB_GCA_015520485.1	68
GB_GCA_015520565.1	103
GB_GCA_015520765.1	120
GB_GCA_015521205.1	49
GB_GCA_015521705.1	55
GB_GCA_015521735.1	44
GB_GCA_015522955.1	171
GB_GCA_015523335.1	60
GB_GCA_015523645.1	294
GB_GCA_015523725.1	113
GB_GCA_016180065.1	27
GB_GCA_016180945.1	9
GB_GCA_016181275.1	54
GB_GCA_016185955.1	84
GB_GCA_016188045.1	24
GB_GCA_016193005.1	245
GB_GCA_016198755.1	6
GB_GCA_016200045.1	25
GB_GCA_016203395.1	60
GB_GCA_016205905.1	154
GB_GCA_016207165.1	12
GB_GCA_016211165.1	92
GB_GCA_016215465.1	53
GB_GCA_016219485.1	68
GB_GCA_016234975.1	203
GB_GCA_016235495.1	67
GB_GCA_016292335.1	300
GB_GCA_016296705.1	107
GB_GCA_016432325.1	1
GB_GCA_016649625.1	420
GB_GCA_016782145.1	179
GB_GCA_016783485.1	116
GB_GCA_016783545.1	18
GB_GCA_016839865.1	557
GB_GCA_016840655.1	123
GB_GCA_016840685.1	252
GB_GCA_016840965.1	368
GB_GCA_016841385.1	320
GB_GCA_016845425.1	184
GB_GCA_016874685.1	203
GB_GCA_016926505.1	121
GB_GCA_017395275.1	345
GB_GCA_017535165.1	162
GB_GCA_017540705.1	85
GB_GCA_017608385.1	31
GB_GCA_017609305.1	20
GB_GCA_017609695.1	125
GB_GCA_017610005.1	62
GB_GCA_017610275.1	83
GB_GCA_017610485.1	160
GB_GCA_017610505.1	145
GB_GCA_017626935.1	235
GB_GCA_017656475.1	92
GB_GCA_017656505.1	95
GB_GCA_017994735.1	177
GB_GCA_017996475.1	251
GB_GCA_018056835.1	254
GB_GCA_018065685.1	170
GB_GCA_018238185.1	267
GB_GCA_018238245.1	359
GB_GCA_018260655.1	210
GB_GCA_018260695.1	121
GB_GCA_018260755.1	120
GB_GCA_018302545.1	30
GB_GCA_018303105.1	74
GB_GCA_018303305.1	39
GB_GCA_018303325.1	79
GB_GCA_018385235.1	246
GB_GCA_018396955.1	94
GB_GCA_018397035.1	240
GB_GCA_018436085.1	95
GB_GCA_018436405.1	377
GB_GCA_018475625.1	110
GB_GCA_018646285.1	162
GB_GCA_018647545.1	75
GB_GCA_018648525.1	5
GB_GCA_018648905.1	54
GB_GCA_018649105.1	169
GB_GCA_018650665.1	11
GB_GCA_018651605.1	24
GB_GCA_018657465.1	152
GB_GCA_018658095.1	7
GB_GCA_018659815.1	124
GB_GCA_018663865.1	31
GB_GCA_018672795.1	93
GB_GCA_018692895.1	112
GB_GCA_018695795.1	32
GB_GCA_018697895.1	177
GB_GCA_018698995.1	61
GB_GCA_018702555.1	103
GB_GCA_018812715.1	36
GB_GCA_018814355.1	135
GB_GCA_018821995.1	125
GB_GCA_018824365.1	122
GB_GCA_018824445.1	89
GB_GCA_018824985.1	150
GB_GCA_018825165.1	114
GB_GCA_018829335.1	158
GB_GCA_018830225.1	81
GB_GCA_018897135.1	88
GB_GCA_019057715.1	219
GB_GCA_019058425.1	195
GB_GCA_019262145.1	1
GB_GCA_900314605.1	107
GB_GCA_902385155.1	67
GB_GCA_902386085.1	207
GB_GCA_902593945.1	35
GB_GCA_902631105.1	54
GB_GCA_902759165.1	206
GB_GCA_902774705.1	218
GB_GCA_902775725.1	53
GB_GCA_902781365.1	254
GB_GCA_902785855.1	149
GB_GCA_903828955.1	35
GB_GCA_903837985.1	296
GB_GCA_903864915.1	13
GB_GCA_903868225.1	119
GB_GCA_903883005.1	75
GB_GCA_903893145.1	304
GB_GCA_903918355.1	110
GB_GCA_905067535.1	105
GB_GCA_905182715.1	36
GB_GCA_905182725.1	112
GB_GCA_905211115.1	52
GB_GCA_905612275.1	56
GB_GCA_905612485.1	50
GB_GCA_905616385.1	45
RS_GCF_000011185.1	1
RS_GCF_000011205.1	1
RS_GCF_000011585.1	1
RS_GCF_000017225.1	1
RS_GCF_000022385.1	1
RS_GCF_000023985.1	2
RS_GCF_000025525.1	2
RS_GCF_000148385.1	1
RS_GCF_000189795.1	44
RS_GCF_000190095.1	37
RS_GCF_000193375.1	1
RS_GCF_000194625.1	1
RS_GCF_000230955.2	2
RS_GCF_000234805.1	1
RS_GCF_000304355.2	1
RS_GCF_000336715.1	198
RS_GCF_000337275.1	84
RS_GCF_000337515.1	24
RS_GCF_000337615.1	115
RS_GCF_000685155.1	72
RS_GCF_000710615.1	13
RS_GCF_000746205.1	45
RS_GCF_000747605.1	13
RS_GCF_000765475.1	15
RS_GCF_000966265.1	23
RS_GCF_000968395.2	1
RS_GCF_000970265.1	1
RS_GCF_000978945.1	208
RS_GCF_000978955.1	245
RS_GCF_001280455.1	17
RS_GCF_001402945.1	296
RS_GCF_002194565.1	9
RS_GCF_002215285.1	277
RS_GCF_002252815.1	83
RS_GCF_002252865.1	28
RS_GCF_002787055.1	1
RS_GCF_003697815.1	104
RS_GCF_003722075.1	18
RS_GCF_003841505.1	48
RS_GCF_003852135.1	1
RS_GCF_003852175.1	1
RS_GCF_003948265.1	51
RS_GCF_003977755.1	14
RS_GCF_004340645.1	1
RS_GCF_005435225.1	147
RS_GCF_008245225.1	99
RS_GCF_008729095.1	5
RS_GCF_008806915.1	6
RS_GCF_009617975.1	1
RS_GCF_009663395.1	3
RS_GCF_009674605.1	3
RS_GCF_009741785.1	109
RS_GCF_009831555.1	362
RS_GCF_011043775.1	22
RS_GCF_014635105.1	21
RS_GCF_016757965.1	32
RS_GCF_017352155.1	1
RS_GCF_017612575.1	85
RS_GCF_017873815.1	64
RS_GCF_018495055.1	9
RS_GCF_018784305.1	100
RS_GCF_019061225.1	11
RS_GCF_900036045.1	1
RS_GCF_900083515.1	1
RS_GCF_900095385.1	70
RS_GCF_900107665.1	13
RS_GCF_900108165.1	12
RS_GCF_900110865.1	15
RS_GCF_900113615.1	40
RS_GCF_900142335.1	14
RS_GCF_900774285.1	45
RS_GCF_905220655.1	8
GB_GCA_000350305.1	1
GB_GCA_000806095.1	23
GB_GCA_000965745.1	1
GB_GCA_001315925.1	118
GB_GCA_001316025.1	58
GB_GCA_001316285.1	20
GB_GCA_001508175.1	102
GB_GCA_001563805.1	251
GB_GCA_001564205.1	160
GB_GCA_001629185.2	83
GB_GCA_001717005.1	114
GB_GCA_001723845.1	304
GB_GCA_001786395.1	387
GB_GCA_001871535.1	118
GB_GCA_001875355.1	30
GB_GCA_001917505.1	84
GB_GCA_001940645.1	157
GB_GCA_001940725.1	177
GB_GCA_001940755.1	225
GB_GCA_002170075.2	40
GB_GCA_002172355.2	46
GB_GCA_002204695.1	7
GB_GCA_002256575.1	249
GB_GCA_002494625.1	25
GB_GCA_002494645.1	90
GB_GCA_002495315.1	123
GB_GCA_002495395.1	141
GB_GCA_002495645.1	171
GB_GCA_002496095.1	380
GB_GCA_002496325.1	92
GB_GCA_002496355.1	264
GB_GCA_002496595.1	310
GB_GCA_002496985.1	354
GB_GCA_002497765.1	142
GB_GCA_002498185.1	338
GB_GCA_002498445.1	228
GB_GCA_002498535.1	314
GB_GCA_002498785.1	160
GB_GCA_002498925.1	147
GB_GCA_002499405.1	88
GB_GCA_002499715.1	180
GB_GCA_002501605.1	87
GB_GCA_002501885.1	172
GB_GCA_002502045.1	19
GB_GCA_002502205.1	208
GB_GCA_002502335.1	314
GB_GCA_002502385.1	220
GB_GCA_002502545.1	135
GB_GCA_002502765.1	101
GB_GCA_002502805.1	428
GB_GCA_002503015.1	119
GB_GCA_002503105.1	139
GB_GCA_002504725.1	65
GB_GCA_002505035.1	87
GB_GCA_002505525.1	106
GB_GCA_002505825.1	254
GB_GCA_002506015.1	387
GB_GCA_002506405.1	148
GB_GCA_002506585.1	47
GB_GCA_002506595.1	215
GB_GCA_002506665.1	236
GB_GCA_002508395.1	248
GB_GCA_002508425.1	233
GB_GCA_002509175.1	372
GB_GCA_002686035.1	67
GB_GCA_002686215.1	180
GB_GCA_002686355.1	32
GB_GCA_002687775.1	20
GB_GCA_002688315.1	15
GB_GCA_002688355.1	32
GB_GCA_002689105.1	96
GB_GCA_002698885.1	39
GB_GCA_002702035.1	43
GB_GCA_002703125.1	60
GB_GCA_002706635.1	47
GB_GCA_002713205.1	21
GB_GCA_002719635.1	38
GB_GCA_002728595.1	49
GB_GCA_002728885.1	23
GB_GCA_002731905.1	53
GB_GCA_002762845.1	91
GB_GCA_002825535.1	390
GB_GCA_003009755.1	63
GB_GCA_003019615.1	169
GB_GCA_003021015.1	95
GB_GCA_003021105.1	49
GB_GCA_003021305.1	131
GB_GCA_003023485.1	177
GB_GCA_003139715.1	197
GB_GCA_003139895.1	149
GB_GCA_003153815.1	340
GB_GCA_003156955.1	236
GB_GCA_003157915.1	272
GB_GCA_003160755.1	344
GB_GCA_003162175.1	80
GB_GCA_003162615.1	246
GB_GCA_003162745.1	300
GB_GCA_003169565.1	261
GB_GCA_003266075.1	552
GB_GCA_003266175.1	58
GB_GCA_003352265.1	8
GB_GCA_003553085.1	184
GB_GCA_003557205.1	116
GB_GCA_003564925.1	119
GB_GCA_003565715.1	180
GB_GCA_003584605.1	1
GB_GCA_003601725.1	100
GB_GCA_003648985.1	59
GB_GCA_003649685.1	140
GB_GCA_003650905.1	254
GB_GCA_003660865.1	130
GB_GCA_003661525.1	155
GB_GCA_003663045.1	162
GB_GCA_003663175.1	95
GB_GCA_003693875.1	47
GB_GCA_004015825.1	60
GB_GCA_005877475.1	134
GB_GCA_005924185.1	94
GB_GCA_007050085.1	423
GB_GCA_007050095.1	398
GB_GCA_007050175.1	270
GB_GCA_007116795.1	99
GB_GCA_007116915.1	99
GB_GCA_007117095.1	127
GB_GCA_007129655.1	159
GB_GCA_007130035.1	80
GB_GCA_007134425.1	195
GB_GCA_008080995.1	65
GB_GCA_009778265.1	177
GB_GCA_009887195.1	176
GB_GCA_009889555.1	275
GB_GCA_009889605.1	621
GB_GCA_009903875.1	204
GB_GCA_009992525.1	283
GB_GCA_009993835.1	14
GB_GCA_009995085.1	28
GB_GCA_010028385.1	208
GB_GCA_010030425.1	223
GB_GCA_011040285.1	203
GB_GCA_011048835.1	139
GB_GCA_011051215.1	1
GB_GCA_011056255.1	103
GB_GCA_011329225.1	14
GB_GCA_011331095.1	135
GB_GCA_011334515.1	30
GB_GCA_011358085.1	176
GB_GCA_011358535.1	135
GB_GCA_011358645.1	130
GB_GCA_011361745.1	71
GB_GCA_011362245.1	296
GB_GCA_011362255.1	169
GB_GCA_011364015.1	110
GB_GCA_011364225.1	64
GB_GCA_011364305.1	308
GB_GCA_011364685.1	152
GB_GCA_011364965.1	21
GB_GCA_011365025.1	109
GB_GCA_011369755.1	172
GB_GCA_011370445.1	137
GB_GCA_011375775.1	93
GB_GCA_011380285.1	141
GB_GCA_011524855.1	136
GB_GCA_011605835.1	144
GB_GCA_011605875.1	73
GB_GCA_012510335.1	398
GB_GCA_012511245.1	365
GB_GCA_012518265.1	108
GB_GCA_012799835.1	296
GB_GCA_012838075.1	54
GB_GCA_013153395.1	49
GB_GCA_013329055.1	26
GB_GCA_013329085.1	300
GB_GCA_013329165.1	108
GB_GCA_013329425.1	279
GB_GCA_013329715.1	10
GB_GCA_013330565.1	263
GB_GCA_013331115.1	406
GB_GCA_013331315.1	319
GB_GCA_013331335.1	329
GB_GCA_013331375.1	280
GB_GCA_013331805.1	86
GB_GCA_013390485.1	17
GB_GCA_013867245.1	179
GB_GCA_013867285.1	112
GB_GCA_014237125.1	288
GB_GCA_014361105.1	65
GB_GCA_014384685.1	311
GB_GCA_014728835.1	98
GB_GCA_014729055.1	878
GB_GCA_015062805.1	65
GB_GCA_015062905.1	102
GB_GCA_015063185.1	52
GB_GCA_015063225.1	41
GB_GCA_015520075.1	65
GB_GCA_015520115.1	318
GB_GCA_015521765.1	76
GB_GCA_015521795.1	38
GB_GCA_015523685.1	227
GB_GCA_015656755.1	181
GB_GCA_015661855.1	167
GB_GCA_015663075.1	99
GB_GCA_015663335.1	247
GB_GCA_016177025.1	24
GB_GCA_016178405.1	87
GB_GCA_016179995.1	139
GB_GCA_016180375.1	229
GB_GCA_016180665.1	155
GB_GCA_016181345.1	151
GB_GCA_016181895.1	25
GB_GCA_016188175.1	121
GB_GCA_016188215.1	16
GB_GCA_016190055.1	63
GB_GCA_016202305.1	56
GB_GCA_016202795.1	135
GB_GCA_016202865.1	75
GB_GCA_016203225.1	15
GB_GCA_016219465.1	109
GB_GCA_016281925.1	122
GB_GCA_016286945.1	207
GB_GCA_016290485.1	138
GB_GCA_016550385.1	903
GB_GCA_016550405.1	357
GB_GCA_016777165.1	49
GB_GCA_016784105.1	71
GB_GCA_016839275.1	239
GB_GCA_016839315.1	342
GB_GCA_016839665.1	399
GB_GCA_016839705.1	97
GB_GCA_016840165.1	105
GB_GCA_016840285.1	174
GB_GCA_016840305.1	784
GB_GCA_016932735.1	11
GB_GCA_016935475.1	191
GB_GCA_016939415.1	56
GB_GCA_017410345.1	63
GB_GCA_017601165.1	189
GB_GCA_017608545.1	118
GB_GCA_017609415.1	16
GB_GCA_017610525.1	207
GB_GCA_018220935.1	37
GB_GCA_018239015.1	491
GB_GCA_018263395.1	22
GB_GCA_018302225.1	21
GB_GCA_018302485.1	45
GB_GCA_018302745.1	56
GB_GCA_018303935.1	49
GB_GCA_018304385.1	74
GB_GCA_018304445.1	71
GB_GCA_018304465.1	15
GB_GCA_018397055.1	135
GB_GCA_018434035.1	22
GB_GCA_018651505.1	67
GB_GCA_018653045.1	16
GB_GCA_018654495.1	41
GB_GCA_018656555.1	26
GB_GCA_018661805.1	235
GB_GCA_018665325.1	67
GB_GCA_018668425.1	113
GB_GCA_018669145.1	91
GB_GCA_018669415.1	30
GB_GCA_018670535.1	51
GB_GCA_018670575.1	209
GB_GCA_018672675.1	52
GB_GCA_018692915.1	13
GB_GCA_018694405.1	54
GB_GCA_018694715.1	99
GB_GCA_018697305.1	185
GB_GCA_018699275.1	133
GB_GCA_018816045.1	76
GB_GCA_018818465.1	99
GB_GCA_018819305.1	57
GB_GCA_018819345.1	72
GB_GCA_018819745.1	80
GB_GCA_018822225.1	154
GB_GCA_018829025.1	163
GB_GCA_018830525.1	35
GB_GCA_018883755.1	46
GB_GCA_018899405.1	101
GB_GCA_019057675.1	120
GB_GCA_019057855.1	508
GB_GCA_019058095.1	174
GB_GCA_019136715.1	26
GB_GCA_900025055.1	182
GB_GCA_900315685.1	207
GB_GCA_900316425.1	152
GB_GCA_902385045.1	109
GB_GCA_902625325.1	33
GB_GCA_902627615.1	36
GB_GCA_902769795.1	182
GB_GCA_902777885.1	296
GB_GCA_902785715.1	195
GB_GCA_902798335.1	50
GB_GCA_902799105.1	249
GB_GCA_902802035.1	64
GB_GCA_903851935.1	153
GB_GCA_903884355.1	145
GB_GCA_903892905.1	154
GB_GCA_903894895.1	448
GB_GCA_903898905.1	594
GB_GCA_905181715.1	52
GB_GCA_905182515.1	13
GB_GCA_905479565.1	64
RS_GCF_000009965.1	1
RS_GCF_000012545.1	1
RS_GCF_000013445.1	1
RS_GCF_000147875.1	1
RS_GCF_000190075.1	44
RS_GCF_000195935.2	2
RS_GCF_000213215.1	1
RS_GCF_000214415.1	1
RS_GCF_000217995.1	1
RS_GCF_000223395.1	1
RS_GCF_000230715.2	1
RS_GCF_000258515.1	5
RS_GCF_000275605.1	1
RS_GCF_000328525.1	1
RS_GCF_000691505.1	26
RS_GCF_000711905.1	17
RS_GCF_000723845.1	10
RS_GCF_000968355.2	1
RS_GCF_000969925.1	1
RS_GCF_000979175.1	214
RS_GCF_000979265.1	316
RS_GCF_000979415.1	367
RS_GCF_000979995.1	231
RS_GCF_000980005.1	381
RS_GCF_001006085.1	62
RS_GCF_001011115.1	2
RS_GCF_001316065.1	41
RS_GCF_001458655.1	1
RS_GCF_001481295.1	50
RS_GCF_001481635.1	1
RS_GCF_001560205.1	8
RS_GCF_001560215.1	10
RS_GCF_001560595.1	14
RS_GCF_001560755.1	6
RS_GCF_001625445.1	34
RS_GCF_001639265.1	295
RS_GCF_001729385.1	58
RS_GCF_002813695.1	1
RS_GCF_002844195.1	16
RS_GCF_003111625.1	43
RS_GCF_003264935.1	20
RS_GCF_003344565.1	107
RS_GCF_003605575.1	19
RS_GCF_003665955.1	324
RS_GCF_004137855.1	15
RS_GCF_004217335.1	11
RS_GCF_004799685.1	4
RS_GCF_005435015.1	920
RS_GCF_005435025.1	74
RS_GCF_005435175.1	116
RS_GCF_006546655.1	20
RS_GCF_008033705.1	1
RS_GCF_008124605.1	40
RS_GCF_008729005.1	6
RS_GCF_008831545.1	4
RS_GCF_009617995.1	2
RS_GCF_011319475.1	453
RS_GCF_012027395.1	25
RS_GCF_012027495.1	48
RS_GCF_012027635.1	84
RS_GCF_012726115.1	29
RS_GCF_013343295.1	1
RS_GCF_014876775.1	1
RS_GCF_016917835.1	6
RS_GCF_017874235.1	9
RS_GCF_900109065.1	78
RS_GCF_900114585.1	56
RS_GCF_900773915.1	36
RS_GCF_902384055.1	25
RS_GCF_902384065.1	60
