genome_i,genome_j,phylogroup_i,phylogroup_j,distance
A_1,A_2,A,A,0.017007
A_1,A_3,A,A,0.028110
A_1,A_4,A,A,0.022667
A_1,A_5,A,A,0.025119
A_1,A_6,A,A,0.016628
A_1,A_7,A,A,0.024929
A_1,A_8,A,A,0.021540
A_1,A_9,A,A,0.025675
A_1,A_10,A,A,0.026431
A_1,B1_1,A,B1,0.209700
A_1,B1_2,A,B1,0.180894
A_1,B1_3,A,B1,0.181834
A_1,B1_4,A,B1,0.223268
A_1,B1_5,A,B1,0.165280
A_1,B1_6,A,B1,0.193981
A_1,B1_7,A,B1,0.197288
A_1,B1_8,A,B1,0.193835
A_1,B1_9,A,B1,0.073510
A_1,B1_10,A,B1,0.210028
A_1,B2-1_1,A,B2-1,0.252314
A_1,B2-1_2,A,B2-1,0.126489
A_1,B2-1_3,A,B2-1,0.276189
A_1,B2-1_4,A,B2-1,0.179429
A_1,B2-1_5,A,B2-1,0.204880
A_1,B2-1_6,A,B2-1,0.239864
A_1,B2-1_7,A,B2-1,0.267256
A_1,B2-1_8,A,B2-1,0.371545
A_1,B2-1_9,A,B2-1,0.223211
A_1,B2-1_10,A,B2-1,0.078548
A_1,B2-2_1,A,B2-2,0.184809
A_1,B2-2_2,A,B2-2,0.342269
A_1,B2-2_3,A,B2-2,0.182375
A_1,B2-2_4,A,B2-2,0.244121
A_1,B2-2_5,A,B2-2,0.232590
A_1,B2-2_6,A,B2-2,0.191638
A_1,B2-2_7,A,B2-2,0.185587
A_1,B2-2_8,A,B2-2,0.274796
A_1,B2-2_9,A,B2-2,0.196767
A_1,B2-2_10,A,B2-2,0.178753
A_1,C_1,A,C,0.218969
A_1,C_2,A,C,0.113740
A_1,C_3,A,C,0.194290
A_1,C_4,A,C,0.217391
A_1,C_5,A,C,0.209891
A_1,C_6,A,C,0.164248
A_1,C_7,A,C,0.209727
A_1,C_8,A,C,0.127256
A_1,C_9,A,C,0.084702
A_1,C_10,A,C,0.148815
A_1,D1_1,A,D1,0.238200
A_1,D1_2,A,D1,0.244884
A_1,D1_3,A,D1,0.219646
A_1,D1_4,A,D1,0.318653
A_1,D1_5,A,D1,0.257858
A_1,D1_6,A,D1,0.109455
A_1,D1_7,A,D1,0.157138
A_1,D1_8,A,D1,0.248016
A_1,D1_9,A,D1,0.252947
A_1,D1_10,A,D1,0.115126
A_1,D2_1,A,D2,0.328774
A_1,D2_2,A,D2,0.317172
A_1,D2_3,A,D2,0.308596
A_1,D2_4,A,D2,0.385058
A_1,D2_5,A,D2,0.358699
A_1,D2_6,A,D2,0.229458
A_1,D2_7,A,D2,0.253410
A_1,D2_8,A,D2,0.420460
A_1,D2_9,A,D2,0.348815
A_1,D2_10,A,D2,0.357980
A_1,D3_1,A,D3,0.347570
A_1,D3_2,A,D3,0.307617
A_1,D3_3,A,D3,0.282022
A_1,D3_4,A,D3,0.260272
A_1,D3_5,A,D3,0.240945
A_1,D3_6,A,D3,0.249240
A_1,D3_7,A,D3,0.312053
A_1,D3_8,A,D3,0.263449
A_1,D3_9,A,D3,0.305909
A_1,D3_10,A,D3,0.340804
A_1,D4_1,A,D4,0.342168
A_1,D4_2,A,D4,0.403484
A_1,D4_3,A,D4,0.250000
A_1,D4_4,A,D4,0.394806
A_1,D4_5,A,D4,0.341689
A_1,D4_6,A,D4,0.290168
A_1,D4_7,A,D4,0.310289
A_1,D4_8,A,D4,0.492513
A_1,D4_9,A,D4,0.374531
A_1,D4_10,A,D4,0.248733
A_1,E1_1,A,E1,0.223743
A_1,E1_2,A,E1,0.100549
A_1,E1_3,A,E1,0.082501
A_1,E1_4,A,E1,0.229103
A_1,E1_5,A,E1,0.132543
A_1,E1_6,A,E1,0.134280
A_1,E1_7,A,E1,0.114426
A_1,E1_8,A,E1,0.138296
A_1,E1_9,A,E1,0.208751
A_1,E1_10,A,E1,0.226425
A_1,E2_1,A,E2,0.221576
A_1,E2_2,A,E2,0.198785
A_1,E2_3,A,E2,0.269359
A_1,E2_4,A,E2,0.254214
A_1,E2_5,A,E2,0.206396
A_1,E2_6,A,E2,0.291467
A_1,E2_7,A,E2,0.205283
A_1,E2_8,A,E2,0.111131
A_1,E2_9,A,E2,0.241834
A_1,E2_10,A,E2,0.347674
A_1,F1_1,A,F1,0.160142
A_1,F1_2,A,F1,0.155077
A_1,F1_3,A,F1,0.175840
A_1,F1_4,A,F1,0.183456
A_1,F1_5,A,F1,0.216472
A_1,F1_6,A,F1,0.183473
A_1,F1_7,A,F1,0.134124
A_1,F1_8,A,F1,0.180814
A_1,F1_9,A,F1,0.078206
A_1,F1_10,A,F1,0.208362
A_1,F2_1,A,F2,0.111030
A_1,F2_2,A,F2,0.095745
A_1,F2_3,A,F2,0.213363
A_1,F2_4,A,F2,0.162684
A_1,F2_5,A,F2,0.197467
A_1,F2_6,A,F2,0.114421
A_1,F2_7,A,F2,0.186047
A_1,F2_8,A,F2,0.138605
A_1,F2_9,A,F2,0.175352
A_1,F2_10,A,F2,0.097816
A_1,G_1,A,G,0.027963
A_1,G_2,A,G,0.026616
A_1,G_3,A,G,0.027191
A_1,G_4,A,G,0.024743
A_1,G_5,A,G,0.022675
A_1,G_6,A,G,0.025290
A_1,G_7,A,G,0.029618
A_1,G_8,A,G,0.024376
A_1,G_9,A,G,0.024752
A_1,G_10,A,G,0.025124
A_2,A_3,A,A,0.022667
A_2,A_4,A,A,0.017571
A_2,A_5,A,A,0.020412
A_2,A_6,A,A,0.011118
A_2,A_7,A,A,0.019466
A_2,A_8,A,A,0.016437
A_2,A_9,A,A,0.020217
A_2,A_10,A,A,0.020976
A_2,B1_1,A,B1,0.206157
A_2,B1_2,A,B1,0.177875
A_2,B1_3,A,B1,0.175944
A_2,B1_4,A,B1,0.219479
A_2,B1_5,A,B1,0.161227
A_2,B1_6,A,B1,0.189430
A_2,B1_7,A,B1,0.194324
A_2,B1_8,A,B1,0.189279
A_2,B1_9,A,B1,0.068677
A_2,B1_10,A,B1,0.204942
A_2,B2-1_1,A,B2-1,0.249241
A_2,B2-1_2,A,B2-1,0.122604
A_2,B2-1_3,A,B2-1,0.272621
A_2,B2-1_4,A,B2-1,0.174486
A_2,B2-1_5,A,B2-1,0.201630
A_2,B2-1_6,A,B2-1,0.236744
A_2,B2-1_7,A,B2-1,0.265109
A_2,B2-1_8,A,B2-1,0.365800
A_2,B2-1_9,A,B2-1,0.218809
A_2,B2-1_10,A,B2-1,0.073737
A_2,B2-2_1,A,B2-2,0.180845
A_2,B2-2_2,A,B2-2,0.337920
A_2,B2-2_3,A,B2-2,0.179047
A_2,B2-2_4,A,B2-2,0.241017
A_2,B2-2_5,A,B2-2,0.229142
A_2,B2-2_6,A,B2-2,0.188340
A_2,B2-2_7,A,B2-2,0.180670
A_2,B2-2_8,A,B2-2,0.271229
A_2,B2-2_9,A,B2-2,0.192857
A_2,B2-2_10,A,B2-2,0.174762
A_2,C_1,A,C,0.216086
A_2,C_2,A,C,0.108414
A_2,C_3,A,C,0.189736
A_2,C_4,A,C,0.211724
A_2,C_5,A,C,0.204805
A_2,C_6,A,C,0.160844
A_2,C_7,A,C,0.206807
A_2,C_8,A,C,0.123711
A_2,C_9,A,C,0.079926
A_2,C_10,A,C,0.144695
A_2,D1_1,A,D1,0.233271
A_2,D1_2,A,D1,0.241782
A_2,D1_3,A,D1,0.216142
A_2,D1_4,A,D1,0.315815
A_2,D1_5,A,D1,0.254800
A_2,D1_6,A,D1,0.104467
A_2,D1_7,A,D1,0.152395
A_2,D1_8,A,D1,0.243143
A_2,D1_9,A,D1,0.248987
A_2,D1_10,A,D1,0.110504
A_2,D2_1,A,D2,0.326511
A_2,D2_2,A,D2,0.314327
A_2,D2_3,A,D2,0.306826
A_2,D2_4,A,D2,0.381688
A_2,D2_5,A,D2,0.355222
A_2,D2_6,A,D2,0.225090
A_2,D2_7,A,D2,0.248565
A_2,D2_8,A,D2,0.418204
A_2,D2_9,A,D2,0.346080
A_2,D2_10,A,D2,0.353968
A_2,D3_1,A,D3,0.346411
A_2,D3_2,A,D3,0.302520
A_2,D3_3,A,D3,0.279622
A_2,D3_4,A,D3,0.256052
A_2,D3_5,A,D3,0.236317
A_2,D3_6,A,D3,0.243770
A_2,D3_7,A,D3,0.309194
A_2,D3_8,A,D3,0.258948
A_2,D3_9,A,D3,0.302192
A_2,D3_10,A,D3,0.338304
A_2,D4_1,A,D4,0.339411
A_2,D4_2,A,D4,0.399691
A_2,D4_3,A,D4,0.246024
A_2,D4_4,A,D4,0.393222
A_2,D4_5,A,D4,0.338666
A_2,D4_6,A,D4,0.288357
A_2,D4_7,A,D4,0.308245
A_2,D4_8,A,D4,0.489365
A_2,D4_9,A,D4,0.371885
A_2,D4_10,A,D4,0.245047
A_2,E1_1,A,E1,0.219650
A_2,E1_2,A,E1,0.095850
A_2,E1_3,A,E1,0.077351
A_2,E1_4,A,E1,0.225034
A_2,E1_5,A,E1,0.129026
A_2,E1_6,A,E1,0.130764
A_2,E1_7,A,E1,0.108759
A_2,E1_8,A,E1,0.134460
A_2,E1_9,A,E1,0.203954
A_2,E1_10,A,E1,0.222642
A_2,E2_1,A,E2,0.218397
A_2,E2_2,A,E2,0.195198
A_2,E2_3,A,E2,0.264312
A_2,E2_4,A,E2,0.249958
A_2,E2_5,A,E2,0.202529
A_2,E2_6,A,E2,0.288808
A_2,E2_7,A,E2,0.202352
A_2,E2_8,A,E2,0.107872
A_2,E2_9,A,E2,0.239024
A_2,E2_10,A,E2,0.344932
A_2,F1_1,A,F1,0.156400
A_2,F1_2,A,F1,0.150980
A_2,F1_3,A,F1,0.172481
A_2,F1_4,A,F1,0.180130
A_2,F1_5,A,F1,0.213264
A_2,F1_6,A,F1,0.177907
A_2,F1_7,A,F1,0.128584
A_2,F1_8,A,F1,0.177473
A_2,F1_9,A,F1,0.073393
A_2,F1_10,A,F1,0.204502
A_2,F2_1,A,F2,0.107423
A_2,F2_2,A,F2,0.091026
A_2,F2_3,A,F2,0.209527
A_2,F2_4,A,F2,0.159603
A_2,F2_5,A,F2,0.192308
A_2,F2_6,A,F2,0.109796
A_2,F2_7,A,F2,0.181452
A_2,F2_8,A,F2,0.133094
A_2,F2_9,A,F2,0.170697
A_2,F2_10,A,F2,0.092749
A_2,G_1,A,G,0.022510
A_2,G_2,A,G,0.021163
A_2,G_3,A,G,0.021739
A_2,G_4,A,G,0.019278
A_2,G_5,A,G,0.017199
A_2,G_6,A,G,0.019832
A_2,G_7,A,G,0.024181
A_2,G_8,A,G,0.018908
A_2,G_9,A,G,0.019664
A_2,G_10,A,G,0.020038
A_3,A_4,A,A,0.028664
A_3,A_5,A,A,0.031475
A_3,A_6,A,A,0.022290
A_3,A_7,A,A,0.030539
A_3,A_8,A,A,0.027171
A_3,A_9,A,A,0.031280
A_3,A_10,A,A,0.030912
A_3,B1_1,A,B1,0.214863
A_3,B1_2,A,B1,0.187500
A_3,B1_3,A,B1,0.184946
A_3,B1_4,A,B1,0.228342
A_3,B1_5,A,B1,0.170078
A_3,B1_6,A,B1,0.198612
A_3,B1_7,A,B1,0.201906
A_3,B1_8,A,B1,0.197846
A_3,B1_9,A,B1,0.078119
A_3,B1_10,A,B1,0.214568
A_3,B2-1_1,A,B2-1,0.258092
A_3,B2-1_2,A,B2-1,0.132170
A_3,B2-1_3,A,B2-1,0.281240
A_3,B2-1_4,A,B2-1,0.183502
A_3,B2-1_5,A,B2-1,0.209455
A_3,B2-1_6,A,B2-1,0.244546
A_3,B2-1_7,A,B2-1,0.273497
A_3,B2-1_8,A,B2-1,0.374745
A_3,B2-1_9,A,B2-1,0.226473
A_3,B2-1_10,A,B2-1,0.082779
A_3,B2-2_1,A,B2-2,0.188547
A_3,B2-2_2,A,B2-2,0.344536
A_3,B2-2_3,A,B2-2,0.188328
A_3,B2-2_4,A,B2-2,0.247595
A_3,B2-2_5,A,B2-2,0.236713
A_3,B2-2_6,A,B2-2,0.196283
A_3,B2-2_7,A,B2-2,0.188057
A_3,B2-2_8,A,B2-2,0.277851
A_3,B2-2_9,A,B2-2,0.201698
A_3,B2-2_10,A,B2-2,0.184109
A_3,C_1,A,C,0.224364
A_3,C_2,A,C,0.116782
A_3,C_3,A,C,0.198924
A_3,C_4,A,C,0.219763
A_3,C_5,A,C,0.213205
A_3,C_6,A,C,0.170340
A_3,C_7,A,C,0.215194
A_3,C_8,A,C,0.132602
A_3,C_9,A,C,0.088901
A_3,C_10,A,C,0.152383
A_3,D1_1,A,D1,0.241403
A_3,D1_2,A,D1,0.249536
A_3,D1_3,A,D1,0.225056
A_3,D1_4,A,D1,0.322893
A_3,D1_5,A,D1,0.260111
A_3,D1_6,A,D1,0.114555
A_3,D1_7,A,D1,0.160673
A_3,D1_8,A,D1,0.251474
A_3,D1_9,A,D1,0.256677
A_3,D1_10,A,D1,0.119862
A_3,D2_1,A,D2,0.333226
A_3,D2_2,A,D2,0.320608
A_3,D2_3,A,D2,0.312622
A_3,D2_4,A,D2,0.386696
A_3,D2_5,A,D2,0.361172
A_3,D2_6,A,D2,0.232091
A_3,D2_7,A,D2,0.255966
A_3,D2_8,A,D2,0.424408
A_3,D2_9,A,D2,0.352110
A_3,D2_10,A,D2,0.360202
A_3,D3_1,A,D3,0.353753
A_3,D3_2,A,D3,0.309997
A_3,D3_3,A,D3,0.287036
A_3,D3_4,A,D3,0.263387
A_3,D3_5,A,D3,0.244444
A_3,D3_6,A,D3,0.251813
A_3,D3_7,A,D3,0.316599
A_3,D3_8,A,D3,0.267424
A_3,D3_9,A,D3,0.309946
A_3,D3_10,A,D3,0.344932
A_3,D4_1,A,D4,0.346809
A_3,D4_2,A,D4,0.405572
A_3,D4_3,A,D4,0.254334
A_3,D4_4,A,D4,0.398397
A_3,D4_5,A,D4,0.344751
A_3,D4_6,A,D4,0.295133
A_3,D4_7,A,D4,0.316225
A_3,D4_8,A,D4,0.493902
A_3,D4_9,A,D4,0.376445
A_3,D4_10,A,D4,0.253075
A_3,E1_1,A,E1,0.226396
A_3,E1_2,A,E1,0.105369
A_3,E1_3,A,E1,0.086363
A_3,E1_4,A,E1,0.232641
A_3,E1_5,A,E1,0.137845
A_3,E1_6,A,E1,0.139914
A_3,E1_7,A,E1,0.119514
A_3,E1_8,A,E1,0.144236
A_3,E1_9,A,E1,0.212696
A_3,E1_10,A,E1,0.228772
A_3,E2_1,A,E2,0.226351
A_3,E2_2,A,E2,0.203393
A_3,E2_3,A,E2,0.272727
A_3,E2_4,A,E2,0.258531
A_3,E2_5,A,E2,0.209419
A_3,E2_6,A,E2,0.294185
A_3,E2_7,A,E2,0.209847
A_3,E2_8,A,E2,0.117935
A_3,E2_9,A,E2,0.247386
A_3,E2_10,A,E2,0.352287
A_3,F1_1,A,F1,0.166578
A_3,F1_2,A,F1,0.160581
A_3,F1_3,A,F1,0.180894
A_3,F1_4,A,F1,0.186878
A_3,F1_5,A,F1,0.220374
A_3,F1_6,A,F1,0.187849
A_3,F1_7,A,F1,0.137758
A_3,F1_8,A,F1,0.186473
A_3,F1_9,A,F1,0.083503
A_3,F1_10,A,F1,0.212304
A_3,F2_1,A,F2,0.117156
A_3,F2_2,A,F2,0.100933
A_3,F2_3,A,F2,0.217585
A_3,F2_4,A,F2,0.168460
A_3,F2_5,A,F2,0.199896
A_3,F2_6,A,F2,0.119500
A_3,F2_7,A,F2,0.191356
A_3,F2_8,A,F2,0.141886
A_3,F2_9,A,F2,0.178176
A_3,F2_10,A,F2,0.103694
A_3,G_1,A,G,0.033561
A_3,G_2,A,G,0.031842
A_3,G_3,A,G,0.032790
A_3,G_4,A,G,0.030355
A_3,G_5,A,G,0.028300
A_3,G_6,A,G,0.030521
A_3,G_7,A,G,0.034829
A_3,G_8,A,G,0.029992
A_3,G_9,A,G,0.030366
A_3,G_10,A,G,0.031481
A_4,A_5,A,A,0.026426
A_4,A_6,A,A,0.017192
A_4,A_7,A,A,0.025485
A_4,A_8,A,A,0.022476
A_4,A_9,A,A,0.026231
A_4,A_10,A,A,0.026986
A_4,B1_1,A,B1,0.211034
A_4,B1_2,A,B1,0.182280
A_4,B1_3,A,B1,0.180991
A_4,B1_4,A,B1,0.224880
A_4,B1_5,A,B1,0.166048
A_4,B1_6,A,B1,0.195029
A_4,B1_7,A,B1,0.198958
A_4,B1_8,A,B1,0.194570
A_4,B1_9,A,B1,0.074026
A_4,B1_10,A,B1,0.210127
A_4,B2-1_1,A,B2-1,0.252104
A_4,B2-1_2,A,B2-1,0.127637
A_4,B2-1_3,A,B2-1,0.277409
A_4,B2-1_4,A,B2-1,0.180497
A_4,B2-1_5,A,B2-1,0.206223
A_4,B2-1_6,A,B2-1,0.240251
A_4,B2-1_7,A,B2-1,0.268199
A_4,B2-1_8,A,B2-1,0.371074
A_4,B2-1_9,A,B2-1,0.223306
A_4,B2-1_10,A,B2-1,0.078704
A_4,B2-2_1,A,B2-2,0.184920
A_4,B2-2_2,A,B2-2,0.343112
A_4,B2-2_3,A,B2-2,0.183755
A_4,B2-2_4,A,B2-2,0.244208
A_4,B2-2_5,A,B2-2,0.234184
A_4,B2-2_6,A,B2-2,0.192060
A_4,B2-2_7,A,B2-2,0.184745
A_4,B2-2_8,A,B2-2,0.275158
A_4,B2-2_9,A,B2-2,0.197812
A_4,B2-2_10,A,B2-2,0.180463
A_4,C_1,A,C,0.219675
A_4,C_2,A,C,0.113537
A_4,C_3,A,C,0.195652
A_4,C_4,A,C,0.216569
A_4,C_5,A,C,0.209683
A_4,C_6,A,C,0.164691
A_4,C_7,A,C,0.209519
A_4,C_8,A,C,0.127729
A_4,C_9,A,C,0.085561
A_4,C_10,A,C,0.149599
A_4,D1_1,A,D1,0.237990
A_4,D1_2,A,D1,0.246453
A_4,D1_3,A,D1,0.220964
A_4,D1_4,A,D1,0.320071
A_4,D1_5,A,D1,0.256768
A_4,D1_6,A,D1,0.109940
A_4,D1_7,A,D1,0.157259
A_4,D1_8,A,D1,0.246918
A_4,D1_9,A,D1,0.252442
A_4,D1_10,A,D1,0.116292
A_4,D2_1,A,D2,0.329635
A_4,D2_2,A,D2,0.317504
A_4,D2_3,A,D2,0.310311
A_4,D2_4,A,D2,0.385597
A_4,D2_5,A,D2,0.358744
A_4,D2_6,A,D2,0.229550
A_4,D2_7,A,D2,0.253199
A_4,D2_8,A,D2,0.420724
A_4,D2_9,A,D2,0.349126
A_4,D2_10,A,D2,0.358025
A_4,D3_1,A,D3,0.348145
A_4,D3_2,A,D3,0.306852
A_4,D3_3,A,D3,0.282663
A_4,D3_4,A,D3,0.260352
A_4,D3_5,A,D3,0.241631
A_4,D3_6,A,D3,0.249029
A_4,D3_7,A,D3,0.314304
A_4,D3_8,A,D3,0.263819
A_4,D3_9,A,D3,0.307078
A_4,D3_10,A,D3,0.341916
A_4,D4_1,A,D4,0.342483
A_4,D4_2,A,D4,0.403268
A_4,D4_3,A,D4,0.249494
A_4,D4_4,A,D4,0.393846
A_4,D4_5,A,D4,0.342534
A_4,D4_6,A,D4,0.291646
A_4,D4_7,A,D4,0.311451
A_4,D4_8,A,D4,0.491858
A_4,D4_9,A,D4,0.373298
A_4,D4_10,A,D4,0.249705
A_4,E1_1,A,E1,0.222926
A_4,E1_2,A,E1,0.101391
A_4,E1_3,A,E1,0.082655
A_4,E1_4,A,E1,0.230101
A_4,E1_5,A,E1,0.132675
A_4,E1_6,A,E1,0.135751
A_4,E1_7,A,E1,0.114909
A_4,E1_8,A,E1,0.138426
A_4,E1_9,A,E1,0.209162
A_4,E1_10,A,E1,0.227125
A_4,E2_1,A,E2,0.221975
A_4,E2_2,A,E2,0.199514
A_4,E2_3,A,E2,0.268858
A_4,E2_4,A,E2,0.254297
A_4,E2_5,A,E2,0.208046
A_4,E2_6,A,E2,0.290972
A_4,E2_7,A,E2,0.205385
A_4,E2_8,A,E2,0.112645
A_4,E2_9,A,E2,0.243111
A_4,E2_10,A,E2,0.348248
A_4,F1_1,A,F1,0.160588
A_4,F1_2,A,F1,0.155528
A_4,F1_3,A,F1,0.176595
A_4,F1_4,A,F1,0.183884
A_4,F1_5,A,F1,0.215956
A_4,F1_6,A,F1,0.184220
A_4,F1_7,A,F1,0.133921
A_4,F1_8,A,F1,0.181882
A_4,F1_9,A,F1,0.079074
A_4,F1_10,A,F1,0.209391
A_4,F2_1,A,F2,0.112202
A_4,F2_2,A,F2,0.096940
A_4,F2_3,A,F2,0.214077
A_4,F2_4,A,F2,0.163453
A_4,F2_5,A,F2,0.196946
A_4,F2_6,A,F2,0.115245
A_4,F2_7,A,F2,0.186473
A_4,F2_8,A,F2,0.139068
A_4,F2_9,A,F2,0.175145
A_4,F2_10,A,F2,0.099010
A_4,G_1,A,G,0.028517
A_4,G_2,A,G,0.027171
A_4,G_3,A,G,0.027746
A_4,G_4,A,G,0.025300
A_4,G_5,A,G,0.023234
A_4,G_6,A,G,0.025846
A_4,G_7,A,G,0.030171
A_4,G_8,A,G,0.024933
A_4,G_9,A,G,0.025309
A_4,G_10,A,G,0.026431
A_5,A_6,A,A,0.020034
A_5,A_7,A,A,0.028305
A_5,A_8,A,A,0.025304
A_5,A_9,A,A,0.029049
A_5,A_10,A,A,0.029803
A_5,B1_1,A,B1,0.212784
A_5,B1_2,A,B1,0.184395
A_5,B1_3,A,B1,0.182470
A_5,B1_4,A,B1,0.226605
A_5,B1_5,A,B1,0.168198
A_5,B1_6,A,B1,0.196804
A_5,B1_7,A,B1,0.200416
A_5,B1_8,A,B1,0.197288
A_5,B1_9,A,B1,0.076367
A_5,B1_10,A,B1,0.213414
A_5,B2-1_1,A,B2-1,0.254371
A_5,B2-1_2,A,B2-1,0.130200
A_5,B2-1_3,A,B2-1,0.278193
A_5,B2-1_4,A,B2-1,0.181977
A_5,B2-1_5,A,B2-1,0.208909
A_5,B2-1_6,A,B2-1,0.242547
A_5,B2-1_7,A,B2-1,0.269852
A_5,B2-1_8,A,B2-1,0.374608
A_5,B2-1_9,A,B2-1,0.226853
A_5,B2-1_10,A,B2-1,0.081746
A_5,B2-2_1,A,B2-2,0.187664
A_5,B2-2_2,A,B2-2,0.345437
A_5,B2-2_3,A,B2-2,0.185864
A_5,B2-2_4,A,B2-2,0.245605
A_5,B2-2_5,A,B2-2,0.235594
A_5,B2-2_6,A,B2-2,0.195724
A_5,B2-2_7,A,B2-2,0.188122
A_5,B2-2_8,A,B2-2,0.276801
A_5,B2-2_9,A,B2-2,0.200520
A_5,B2-2_10,A,B2-2,0.180989
A_5,C_1,A,C,0.221709
A_5,C_2,A,C,0.114426
A_5,C_3,A,C,0.196174
A_5,C_4,A,C,0.217698
A_5,C_5,A,C,0.211433
A_5,C_6,A,C,0.167815
A_5,C_7,A,C,0.212810
A_5,C_8,A,C,0.130294
A_5,C_9,A,C,0.087525
A_5,C_10,A,C,0.151450
A_5,D1_1,A,D1,0.239097
A_5,D1_2,A,D1,0.247847
A_5,D1_3,A,D1,0.220868
A_5,D1_4,A,D1,0.320828
A_5,D1_5,A,D1,0.258737
A_5,D1_6,A,D1,0.110828
A_5,D1_7,A,D1,0.159752
A_5,D1_8,A,D1,0.249789
A_5,D1_9,A,D1,0.256471
A_5,D1_10,A,D1,0.119224
A_5,D2_1,A,D2,0.330117
A_5,D2_2,A,D2,0.319624
A_5,D2_3,A,D2,0.310525
A_5,D2_4,A,D2,0.387568
A_5,D2_5,A,D2,0.361028
A_5,D2_6,A,D2,0.232170
A_5,D2_7,A,D2,0.256052
A_5,D2_8,A,D2,0.421181
A_5,D2_9,A,D2,0.350389
A_5,D2_10,A,D2,0.359019
A_5,D3_1,A,D3,0.350724
A_5,D3_2,A,D3,0.308720
A_5,D3_3,A,D3,0.284296
A_5,D3_4,A,D3,0.263766
A_5,D3_5,A,D3,0.243931
A_5,D3_6,A,D3,0.250127
A_5,D3_7,A,D3,0.315064
A_5,D3_8,A,D3,0.266064
A_5,D3_9,A,D3,0.307843
A_5,D3_10,A,D3,0.342926
A_5,D4_1,A,D4,0.344283
A_5,D4_2,A,D4,0.403977
A_5,D4_3,A,D4,0.253243
A_5,D4_4,A,D4,0.395798
A_5,D4_5,A,D4,0.343541
A_5,D4_6,A,D4,0.293265
A_5,D4_7,A,D4,0.314411
A_5,D4_8,A,D4,0.493827
A_5,D4_9,A,D4,0.374276
A_5,D4_10,A,D4,0.251097
A_5,E1_1,A,E1,0.224957
A_5,E1_2,A,E1,0.103328
A_5,E1_3,A,E1,0.085688
A_5,E1_4,A,E1,0.231817
A_5,E1_5,A,E1,0.135222
A_5,E1_6,A,E1,0.136625
A_5,E1_7,A,E1,0.118192
A_5,E1_8,A,E1,0.141297
A_5,E1_9,A,E1,0.211844
A_5,E1_10,A,E1,0.227941
A_5,E2_1,A,E2,0.223095
A_5,E2_2,A,E2,0.201283
A_5,E2_3,A,E2,0.272530
A_5,E2_4,A,E2,0.257446
A_5,E2_5,A,E2,0.207945
A_5,E2_6,A,E2,0.291467
A_5,E2_7,A,E2,0.207140
A_5,E2_8,A,E2,0.115587
A_5,E2_9,A,E2,0.244805
A_5,E2_10,A,E2,0.349252
A_5,F1_1,A,F1,0.162420
A_5,F1_2,A,F1,0.159006
A_5,F1_3,A,F1,0.178402
A_5,F1_4,A,F1,0.186944
A_5,F1_5,A,F1,0.218310
A_5,F1_6,A,F1,0.186331
A_5,F1_7,A,F1,0.136804
A_5,F1_8,A,F1,0.183999
A_5,F1_9,A,F1,0.081406
A_5,F1_10,A,F1,0.210526
A_5,F2_1,A,F2,0.113777
A_5,F2_2,A,F2,0.099927
A_5,F2_3,A,F2,0.217354
A_5,F2_4,A,F2,0.165282
A_5,F2_5,A,F2,0.199653
A_5,F2_6,A,F2,0.117156
A_5,F2_7,A,F2,0.189529
A_5,F2_8,A,F2,0.139606
A_5,F2_9,A,F2,0.176636
A_5,F2_10,A,F2,0.101301
A_5,G_1,A,G,0.031333
A_5,G_2,A,G,0.029987
A_5,G_3,A,G,0.030562
A_5,G_4,A,G,0.028121
A_5,G_5,A,G,0.026060
A_5,G_6,A,G,0.028289
A_5,G_7,A,G,0.032980
A_5,G_8,A,G,0.027382
A_5,G_9,A,G,0.028132
A_5,G_10,A,G,0.028875
A_6,A_7,A,A,0.019088
A_6,A_8,A,A,0.016058
A_6,A_9,A,A,0.019840
A_6,A_10,A,A,0.020221
A_6,B1_1,A,B1,0.206467
A_6,B1_2,A,B1,0.178195
A_6,B1_3,A,B1,0.176264
A_6,B1_4,A,B1,0.219173
A_6,B1_5,A,B1,0.160575
A_6,B1_6,A,B1,0.189745
A_6,B1_7,A,B1,0.193380
A_6,B1_8,A,B1,0.188963
A_6,B1_9,A,B1,0.068317
A_6,B1_10,A,B1,0.204632
A_6,B2-1_1,A,B2-1,0.248946
A_6,B2-1_2,A,B2-1,0.120905
A_6,B2-1_3,A,B2-1,0.273484
A_6,B2-1_4,A,B2-1,0.174165
A_6,B2-1_5,A,B2-1,0.201318
A_6,B2-1_6,A,B2-1,0.237043
A_6,B2-1_7,A,B2-1,0.264819
A_6,B2-1_8,A,B2-1,0.366829
A_6,B2-1_9,A,B2-1,0.218809
A_6,B2-1_10,A,B2-1,0.073379
A_6,B2-2_1,A,B2-2,0.179888
A_6,B2-2_2,A,B2-2,0.338452
A_6,B2-2_3,A,B2-2,0.178089
A_6,B2-2_4,A,B2-2,0.239525
A_6,B2-2_5,A,B2-2,0.228235
A_6,B2-2_6,A,B2-2,0.187391
A_6,B2-2_7,A,B2-2,0.180989
A_6,B2-2_8,A,B2-2,0.270653
A_6,B2-2_9,A,B2-2,0.193487
A_6,B2-2_10,A,B2-2,0.175405
A_6,C_1,A,C,0.215780
A_6,C_2,A,C,0.108414
A_6,C_3,A,C,0.190052
A_6,C_4,A,C,0.212032
A_6,C_5,A,C,0.205425
A_6,C_6,A,C,0.159865
A_6,C_7,A,C,0.205877
A_6,C_8,A,C,0.123032
A_6,C_9,A,C,0.079571
A_6,C_10,A,C,0.143700
A_6,D1_1,A,D1,0.233872
A_6,D1_2,A,D1,0.241186
A_6,D1_3,A,D1,0.216756
A_6,D1_4,A,D1,0.314995
A_6,D1_5,A,D1,0.254506
A_6,D1_6,A,D1,0.104121
A_6,D1_7,A,D1,0.152066
A_6,D1_8,A,D1,0.243143
A_6,D1_9,A,D1,0.249578
A_6,D1_10,A,D1,0.111192
A_6,D2_1,A,D2,0.325971
A_6,D2_2,A,D2,0.313780
A_6,D2_3,A,D2,0.305442
A_6,D2_4,A,D2,0.381940
A_6,D2_5,A,D2,0.355482
A_6,D2_6,A,D2,0.224483
A_6,D2_7,A,D2,0.249451
A_6,D2_8,A,D2,0.417480
A_6,D2_9,A,D2,0.345289
A_6,D2_10,A,D2,0.355013
A_6,D3_1,A,D3,0.346148
A_6,D3_2,A,D3,0.302797
A_6,D3_3,A,D3,0.278765
A_6,D3_4,A,D3,0.255466
A_6,D3_5,A,D3,0.236618
A_6,D3_6,A,D3,0.243770
A_6,D3_7,A,D3,0.308919
A_6,D3_8,A,D3,0.258948
A_6,D3_9,A,D3,0.302748
A_6,D3_10,A,D3,0.338570
A_6,D4_1,A,D4,0.339146
A_6,D4_2,A,D4,0.400185
A_6,D4_3,A,D4,0.245133
A_6,D4_4,A,D4,0.391729
A_6,D4_5,A,D4,0.338400
A_6,D4_6,A,D4,0.286942
A_6,D4_7,A,D4,0.307692
A_6,D4_8,A,D4,0.489145
A_6,D4_9,A,D4,0.371375
A_6,D4_10,A,D4,0.245344
A_6,E1_1,A,E1,0.218734
A_6,E1_2,A,E1,0.094801
A_6,E1_3,A,E1,0.076638
A_6,E1_4,A,E1,0.223819
A_6,E1_5,A,E1,0.128690
A_6,E1_6,A,E1,0.129753
A_6,E1_7,A,E1,0.108759
A_6,E1_8,A,E1,0.134124
A_6,E1_9,A,E1,0.203643
A_6,E1_10,A,E1,0.221116
A_6,E2_1,A,E2,0.218091
A_6,E2_2,A,E2,0.194570
A_6,E2_3,A,E2,0.264893
A_6,E2_4,A,E2,0.250253
A_6,E2_5,A,E2,0.202218
A_6,E2_6,A,E2,0.286542
A_6,E2_7,A,E2,0.201419
A_6,E2_8,A,E2,0.107527
A_6,E2_9,A,E2,0.239620
A_6,E2_10,A,E2,0.344668
A_6,F1_1,A,F1,0.156727
A_6,F1_2,A,F1,0.150651
A_6,F1_3,A,F1,0.171514
A_6,F1_4,A,F1,0.179173
A_6,F1_5,A,F1,0.212032
A_6,F1_6,A,F1,0.179186
A_6,F1_7,A,F1,0.129259
A_6,F1_8,A,F1,0.177793
A_6,F1_9,A,F1,0.073035
A_6,F1_10,A,F1,0.204191
A_6,F2_1,A,F2,0.106732
A_6,F2_2,A,F2,0.091377
A_6,F2_3,A,F2,0.209836
A_6,F2_4,A,F2,0.159276
A_6,F2_5,A,F2,0.192622
A_6,F2_6,A,F2,0.108074
A_6,F2_7,A,F2,0.181133
A_6,F2_8,A,F2,0.132758
A_6,F2_9,A,F2,0.170051
A_6,F2_10,A,F2,0.093100
A_6,G_1,A,G,0.022133
A_6,G_2,A,G,0.020786
A_6,G_3,A,G,0.021362
A_6,G_4,A,G,0.018900
A_6,G_5,A,G,0.016820
A_6,G_6,A,G,0.019455
A_6,G_7,A,G,0.022298
A_6,G_8,A,G,0.018529
A_6,G_9,A,G,0.019286
A_6,G_10,A,G,0.020038
A_7,A_8,A,A,0.024362
A_7,A_9,A,A,0.028110
A_7,A_10,A,A,0.028864
A_7,B1_1,A,B1,0.212612
A_7,B1_2,A,B1,0.183584
A_7,B1_3,A,B1,0.181977
A_7,B1_4,A,B1,0.225222
A_7,B1_5,A,B1,0.166726
A_7,B1_6,A,B1,0.195376
A_7,B1_7,A,B1,0.200867
A_7,B1_8,A,B1,0.195232
A_7,B1_9,A,B1,0.076182
A_7,B1_10,A,B1,0.211396
A_7,B2-1_1,A,B2-1,0.253028
A_7,B2-1_2,A,B2-1,0.128672
A_7,B2-1_3,A,B2-1,0.279170
A_7,B2-1_4,A,B2-1,0.181802
A_7,B2-1_5,A,B2-1,0.207498
A_7,B2-1_6,A,B2-1,0.241782
A_7,B2-1_7,A,B2-1,0.269685
A_7,B2-1_8,A,B2-1,0.371644
A_7,B2-1_9,A,B2-1,0.225167
A_7,B2-1_10,A,B2-1,0.080851
A_7,B2-2_1,A,B2-2,0.186221
A_7,B2-2_2,A,B2-2,0.342903
A_7,B2-2_3,A,B2-2,0.183788
A_7,B2-2_4,A,B2-2,0.246325
A_7,B2-2_5,A,B2-2,0.235724
A_7,B2-2_6,A,B2-2,0.193352
A_7,B2-2_7,A,B2-2,0.187948
A_7,B2-2_8,A,B2-2,0.277492
A_7,B2-2_9,A,B2-2,0.199097
A_7,B2-2_10,A,B2-2,0.181770
A_7,C_1,A,C,0.221234
A_7,C_2,A,C,0.115273
A_7,C_3,A,C,0.196941
A_7,C_4,A,C,0.217526
A_7,C_5,A,C,0.210952
A_7,C_6,A,C,0.166018
A_7,C_7,A,C,0.210789
A_7,C_8,A,C,0.130114
A_7,C_9,A,C,0.085930
A_7,C_10,A,C,0.150943
A_7,D1_1,A,D1,0.238928
A_7,D1_2,A,D1,0.247679
A_7,D1_3,A,D1,0.223441
A_7,D1_4,A,D1,0.319851
A_7,D1_5,A,D1,0.259738
A_7,D1_6,A,D1,0.110990
A_7,D1_7,A,D1,0.158922
A_7,D1_8,A,D1,0.249325
A_7,D1_9,A,D1,0.254249
A_7,D1_10,A,D1,0.118020
A_7,D2_1,A,D2,0.330225
A_7,D2_2,A,D2,0.319462
A_7,D2_3,A,D2,0.311737
A_7,D2_4,A,D2,0.387162
A_7,D2_5,A,D2,0.359318
A_7,D2_6,A,D2,0.230193
A_7,D2_7,A,D2,0.255298
A_7,D2_8,A,D2,0.420308
A_7,D2_9,A,D2,0.350755
A_7,D2_10,A,D2,0.359639
A_7,D3_1,A,D3,0.350827
A_7,D3_2,A,D3,0.308006
A_7,D3_3,A,D3,0.282425
A_7,D3_4,A,D3,0.263017
A_7,D3_5,A,D3,0.242568
A_7,D3_6,A,D3,0.249958
A_7,D3_7,A,D3,0.315448
A_7,D3_8,A,D3,0.264445
A_7,D3_9,A,D3,0.307404
A_7,D3_10,A,D3,0.343296
A_7,D4_1,A,D4,0.343067
A_7,D4_2,A,D4,0.406034
A_7,D4_3,A,D4,0.251602
A_7,D4_4,A,D4,0.396882
A_7,D4_5,A,D4,0.343117
A_7,D4_6,A,D4,0.293101
A_7,D4_7,A,D4,0.313151
A_7,D4_8,A,D4,0.490832
A_7,D4_9,A,D4,0.374374
A_7,D4_10,A,D4,0.251223
A_7,E1_1,A,E1,0.223572
A_7,E1_2,A,E1,0.102799
A_7,E1_3,A,E1,0.084088
A_7,E1_4,A,E1,0.231044
A_7,E1_5,A,E1,0.135377
A_7,E1_6,A,E1,0.137783
A_7,E1_7,A,E1,0.117327
A_7,E1_8,A,E1,0.141117
A_7,E1_9,A,E1,0.210435
A_7,E1_10,A,E1,0.228679
A_7,E2_1,A,E2,0.224441
A_7,E2_2,A,E2,0.200798
A_7,E2_3,A,E2,0.270924
A_7,E2_4,A,E2,0.256104
A_7,E2_5,A,E2,0.208391
A_7,E2_6,A,E2,0.292993
A_7,E2_7,A,E2,0.207586
A_7,E2_8,A,E2,0.114379
A_7,E2_9,A,E2,0.244339
A_7,E2_10,A,E2,0.347514
A_7,F1_1,A,F1,0.162894
A_7,F1_2,A,F1,0.157521
A_7,F1_3,A,F1,0.179186
A_7,F1_4,A,F1,0.185819
A_7,F1_5,A,F1,0.216913
A_7,F1_6,A,F1,0.185522
A_7,F1_7,A,F1,0.135955
A_7,F1_8,A,F1,0.183824
A_7,F1_9,A,F1,0.078733
A_7,F1_10,A,F1,0.209118
A_7,F2_1,A,F2,0.113595
A_7,F2_2,A,F2,0.099048
A_7,F2_3,A,F2,0.215342
A_7,F2_4,A,F2,0.165754
A_7,F2_5,A,F2,0.199480
A_7,F2_6,A,F2,0.116975
A_7,F2_7,A,F2,0.187456
A_7,F2_8,A,F2,0.139427
A_7,F2_9,A,F2,0.174855
A_7,F2_10,A,F2,0.100421
A_7,G_1,A,G,0.029647
A_7,G_2,A,G,0.027926
A_7,G_3,A,G,0.029624
A_7,G_4,A,G,0.026806
A_7,G_5,A,G,0.025119
A_7,G_6,A,G,0.027725
A_7,G_7,A,G,0.032044
A_7,G_8,A,G,0.026816
A_7,G_9,A,G,0.027567
A_7,G_10,A,G,0.027936
A_8,A_9,A,A,0.025109
A_8,A_10,A,A,0.025865
A_8,B1_1,A,B1,0.210145
A_8,B1_2,A,B1,0.181993
A_8,B1_3,A,B1,0.180704
A_8,B1_4,A,B1,0.221575
A_8,B1_5,A,B1,0.163479
A_8,B1_6,A,B1,0.192234
A_8,B1_7,A,B1,0.197741
A_8,B1_8,A,B1,0.191771
A_8,B1_9,A,B1,0.072609
A_8,B1_10,A,B1,0.208621
A_8,B2-1_1,A,B2-1,0.252734
A_8,B2-1_2,A,B2-1,0.126984
A_8,B2-1_3,A,B2-1,0.276882
A_8,B2-1_4,A,B2-1,0.178296
A_8,B2-1_5,A,B2-1,0.204085
A_8,B2-1_6,A,B2-1,0.239993
A_8,B2-1_7,A,B2-1,0.268821
A_8,B2-1_8,A,B2-1,0.368827
A_8,B2-1_9,A,B2-1,0.221823
A_8,B2-1_10,A,B2-1,0.076937
A_8,B2-2_1,A,B2-2,0.184634
A_8,B2-2_2,A,B2-2,0.341845
A_8,B2-2_3,A,B2-2,0.181564
A_8,B2-2_4,A,B2-2,0.243952
A_8,B2-2_5,A,B2-2,0.233021
A_8,B2-2_6,A,B2-2,0.190518
A_8,B2-2_7,A,B2-2,0.185094
A_8,B2-2_8,A,B2-2,0.274917
A_8,B2-2_9,A,B2-2,0.195966
A_8,B2-2_10,A,B2-2,0.179856
A_8,C_1,A,C,0.219103
A_8,C_2,A,C,0.111840
A_8,C_3,A,C,0.195058
A_8,C_4,A,C,0.215686
A_8,C_5,A,C,0.209411
A_8,C_6,A,C,0.165045
A_8,C_7,A,C,0.210789
A_8,C_8,A,C,0.127076
A_8,C_9,A,C,0.083102
A_8,C_10,A,C,0.148307
A_8,D1_1,A,D1,0.237432
A_8,D1_2,A,D1,0.245309
A_8,D1_3,A,D1,0.220391
A_8,D1_4,A,D1,0.318491
A_8,D1_5,A,D1,0.257397
A_8,D1_6,A,D1,0.108929
A_8,D1_7,A,D1,0.155323
A_8,D1_8,A,D1,0.246071
A_8,D1_9,A,D1,0.252484
A_8,D1_10,A,D1,0.114945
A_8,D2_1,A,D2,0.327536
A_8,D2_2,A,D2,0.317010
A_8,D2_3,A,D2,0.308708
A_8,D2_4,A,D2,0.385154
A_8,D2_5,A,D2,0.358800
A_8,D2_6,A,D2,0.229287
A_8,D2_7,A,D2,0.252653
A_8,D2_8,A,D2,0.420308
A_8,D2_9,A,D2,0.349181
A_8,D2_10,A,D2,0.357301
A_8,D3_1,A,D3,0.348989
A_8,D3_2,A,D3,0.306625
A_8,D3_3,A,D3,0.281571
A_8,D3_4,A,D3,0.259812
A_8,D3_5,A,D3,0.240775
A_8,D3_6,A,D3,0.247886
A_8,D3_7,A,D3,0.312713
A_8,D3_8,A,D3,0.261242
A_8,D3_9,A,D3,0.306575
A_8,D3_10,A,D3,0.341440
A_8,D4_1,A,D4,0.343331
A_8,D4_2,A,D4,0.402591
A_8,D4_3,A,D4,0.248057
A_8,D4_4,A,D4,0.394900
A_8,D4_5,A,D4,0.340205
A_8,D4_6,A,D4,0.290003
A_8,D4_7,A,D4,0.311777
A_8,D4_8,A,D4,0.491052
A_8,D4_9,A,D4,0.373611
A_8,D4_10,A,D4,0.249155
A_8,E1_1,A,E1,0.223268
A_8,E1_2,A,E1,0.099670
A_8,E1_3,A,E1,0.081961
A_8,E1_4,A,E1,0.228025
A_8,E1_5,A,E1,0.132364
A_8,E1_6,A,E1,0.134771
A_8,E1_7,A,E1,0.113901
A_8,E1_8,A,E1,0.137783
A_8,E1_9,A,E1,0.207648
A_8,E1_10,A,E1,0.225342
A_8,E2_1,A,E2,0.221101
A_8,E2_2,A,E2,0.197359
A_8,E2_3,A,E2,0.267747
A_8,E2_4,A,E2,0.253162
A_8,E2_5,A,E2,0.206533
A_8,E2_6,A,E2,0.291584
A_8,E2_7,A,E2,0.204801
A_8,E2_8,A,E2,0.110949
A_8,E2_9,A,E2,0.241963
A_8,E2_10,A,E2,0.347251
A_8,F1_1,A,F1,0.160616
A_8,F1_2,A,F1,0.154571
A_8,F1_3,A,F1,0.175985
A_8,F1_4,A,F1,0.183281
A_8,F1_5,A,F1,0.215993
A_8,F1_6,A,F1,0.182980
A_8,F1_7,A,F1,0.133945
A_8,F1_8,A,F1,0.181595
A_8,F1_9,A,F1,0.078021
A_8,F1_10,A,F1,0.208189
A_8,F2_1,A,F2,0.111879
A_8,F2_2,A,F2,0.095911
A_8,F2_3,A,F2,0.213499
A_8,F2_4,A,F2,0.162832
A_8,F2_5,A,F2,0.196041
A_8,F2_6,A,F2,0.113211
A_8,F2_7,A,F2,0.184284
A_8,F2_8,A,F2,0.137424
A_8,F2_9,A,F2,0.174212
A_8,F2_10,A,F2,0.097982
A_8,G_1,A,G,0.027397
A_8,G_2,A,G,0.026051
A_8,G_3,A,G,0.026626
A_8,G_4,A,G,0.024177
A_8,G_5,A,G,0.022108
A_8,G_6,A,G,0.024724
A_8,G_7,A,G,0.029054
A_8,G_8,A,G,0.023433
A_8,G_9,A,G,0.024562
A_8,G_10,A,G,0.025309
A_9,A_10,A,A,0.029607
A_9,B1_1,A,B1,0.214114
A_9,B1_2,A,B1,0.185457
A_9,B1_3,A,B1,0.184486
A_9,B1_4,A,B1,0.226396
A_9,B1_5,A,B1,0.168315
A_9,B1_6,A,B1,0.195969
A_9,B1_7,A,B1,0.200208
A_9,B1_8,A,B1,0.196140
A_9,B1_9,A,B1,0.076524
A_9,B1_10,A,B1,0.213205
A_9,B2-1_1,A,B2-1,0.254454
A_9,B2-1_2,A,B2-1,0.127637
A_9,B2-1_3,A,B2-1,0.279980
A_9,B2-1_4,A,B2-1,0.182089
A_9,B2-1_5,A,B2-1,0.208391
A_9,B2-1_6,A,B2-1,0.243824
A_9,B2-1_7,A,B2-1,0.271941
A_9,B2-1_8,A,B2-1,0.373883
A_9,B2-1_9,A,B2-1,0.225735
A_9,B2-1_10,A,B2-1,0.081546
A_9,B2-2_1,A,B2-2,0.185237
A_9,B2-2_2,A,B2-2,0.344959
A_9,B2-2_3,A,B2-2,0.186290
A_9,B2-2_4,A,B2-2,0.245098
A_9,B2-2_5,A,B2-2,0.234184
A_9,B2-2_6,A,B2-2,0.195203
A_9,B2-2_7,A,B2-2,0.187282
A_9,B2-2_8,A,B2-2,0.275730
A_9,B2-2_9,A,B2-2,0.200312
A_9,B2-2_10,A,B2-2,0.181420
A_9,C_1,A,C,0.221501
A_9,C_2,A,C,0.116621
A_9,C_3,A,C,0.196280
A_9,C_4,A,C,0.219018
A_9,C_5,A,C,0.213377
A_9,C_6,A,C,0.166637
A_9,C_7,A,C,0.211678
A_9,C_8,A,C,0.130090
A_9,C_9,A,C,0.088029
A_9,C_10,A,C,0.149599
A_9,D1_1,A,D1,0.239484
A_9,D1_2,A,D1,0.248228
A_9,D1_3,A,D1,0.223098
A_9,D1_4,A,D1,0.319528
A_9,D1_5,A,D1,0.259402
A_9,D1_6,A,D1,0.112341
A_9,D1_7,A,D1,0.158240
A_9,D1_8,A,D1,0.249874
A_9,D1_9,A,D1,0.255380
A_9,D1_10,A,D1,0.119362
A_9,D2_1,A,D2,0.331781
A_9,D2_2,A,D2,0.320227
A_9,D2_3,A,D2,0.311686
A_9,D2_4,A,D2,0.385597
A_9,D2_5,A,D2,0.360038
A_9,D2_6,A,D2,0.231057
A_9,D2_7,A,D2,0.255255
A_9,D2_8,A,D2,0.421685
A_9,D2_9,A,D2,0.349913
A_9,D2_10,A,D2,0.359583
A_9,D3_1,A,D3,0.352605
A_9,D3_2,A,D3,0.309884
A_9,D3_3,A,D3,0.284083
A_9,D3_4,A,D3,0.261227
A_9,D3_5,A,D3,0.243720
A_9,D3_6,A,D3,0.251097
A_9,D3_7,A,D3,0.314851
A_9,D3_8,A,D3,0.264691
A_9,D3_9,A,D3,0.307630
A_9,D3_10,A,D3,0.345620
A_9,D4_1,A,D4,0.342748
A_9,D4_2,A,D4,0.404744
A_9,D4_3,A,D4,0.253032
A_9,D4_4,A,D4,0.396820
A_9,D4_5,A,D4,0.343855
A_9,D4_6,A,D4,0.292771
A_9,D4_7,A,D4,0.313923
A_9,D4_8,A,D4,0.491419
A_9,D4_9,A,D4,0.376601
A_9,D4_10,A,D4,0.251476
A_9,E1_1,A,E1,0.224444
A_9,E1_2,A,E1,0.103473
A_9,E1_3,A,E1,0.085134
A_9,E1_4,A,E1,0.231909
A_9,E1_5,A,E1,0.136022
A_9,E1_6,A,E1,0.137758
A_9,E1_7,A,E1,0.117305
A_9,E1_8,A,E1,0.141425
A_9,E1_9,A,E1,0.211943
A_9,E1_10,A,E1,0.228034
A_9,E2_1,A,E2,0.224100
A_9,E2_2,A,E2,0.201698
A_9,E2_3,A,E2,0.270878
A_9,E2_4,A,E2,0.257527
A_9,E2_5,A,E2,0.208355
A_9,E2_6,A,E2,0.292663
A_9,E2_7,A,E2,0.209094
A_9,E2_8,A,E2,0.115726
A_9,E2_9,A,E2,0.246076
A_9,E2_10,A,E2,0.349037
A_9,F1_1,A,F1,0.164163
A_9,F1_2,A,F1,0.158801
A_9,F1_3,A,F1,0.179154
A_9,F1_4,A,F1,0.184836
A_9,F1_5,A,F1,0.217795
A_9,F1_6,A,F1,0.186758
A_9,F1_7,A,F1,0.136600
A_9,F1_8,A,F1,0.185380
A_9,F1_9,A,F1,0.080141
A_9,F1_10,A,F1,0.209700
A_9,F2_1,A,F2,0.115287
A_9,F2_2,A,F2,0.099726
A_9,F2_3,A,F2,0.216532
A_9,F2_4,A,F2,0.166048
A_9,F2_5,A,F2,0.200381
A_9,F2_6,A,F2,0.117636
A_9,F2_7,A,F2,0.188689
A_9,F2_8,A,F2,0.141400
A_9,F2_9,A,F2,0.175787
A_9,F2_10,A,F2,0.101099
A_9,G_1,A,G,0.030763
A_9,G_2,A,G,0.029791
A_9,G_3,A,G,0.030366
A_9,G_4,A,G,0.027926
A_9,G_5,A,G,0.025865
A_9,G_6,A,G,0.028468
A_9,G_7,A,G,0.032784
A_9,G_8,A,G,0.027561
A_9,G_9,A,G,0.028311
A_9,G_10,A,G,0.029054
A_10,B1_1,A,B1,0.214458
A_10,B1_2,A,B1,0.185490
A_10,B1_3,A,B1,0.183884
A_10,B1_4,A,B1,0.227040
A_10,B1_5,A,B1,0.168668
A_10,B1_6,A,B1,0.197256
A_10,B1_7,A,B1,0.200243
A_10,B1_8,A,B1,0.196488
A_10,B1_9,A,B1,0.076895
A_10,B1_10,A,B1,0.212627
A_10,B2-1_1,A,B2-1,0.254497
A_10,B2-1_2,A,B2-1,0.130693
A_10,B2-1_3,A,B2-1,0.278313
A_10,B2-1_4,A,B2-1,0.181802
A_10,B2-1_5,A,B2-1,0.206879
A_10,B2-1_6,A,B2-1,0.243271
A_10,B2-1_7,A,B2-1,0.270837
A_10,B2-1_8,A,B2-1,0.372921
A_10,B2-1_9,A,B2-1,0.225470
A_10,B2-1_10,A,B2-1,0.081561
A_10,B2-2_1,A,B2-2,0.187489
A_10,B2-2_2,A,B2-2,0.343431
A_10,B2-2_3,A,B2-2,0.185689
A_10,B2-2_4,A,B2-2,0.247510
A_10,B2-2_5,A,B2-2,0.235724
A_10,B2-2_6,A,B2-2,0.195550
A_10,B2-2_7,A,B2-2,0.187948
A_10,B2-2_8,A,B2-2,0.276062
A_10,B2-2_9,A,B2-2,0.200347
A_10,B2-2_10,A,B2-2,0.183044
A_10,C_1,A,C,0.223664
A_10,C_2,A,C,0.115958
A_10,C_3,A,C,0.196627
A_10,C_4,A,C,0.219056
A_10,C_5,A,C,0.211876
A_10,C_6,A,C,0.167638
A_10,C_7,A,C,0.212330
A_10,C_8,A,C,0.132133
A_10,C_9,A,C,0.088398
A_10,C_10,A,C,0.152588
A_10,D1_1,A,D1,0.240719
A_10,D1_2,A,D1,0.247679
A_10,D1_3,A,D1,0.223136
A_10,D1_4,A,D1,0.320666
A_10,D1_5,A,D1,0.259738
A_10,D1_6,A,D1,0.112362
A_10,D1_7,A,D1,0.158922
A_10,D1_8,A,D1,0.249621
A_10,D1_9,A,D1,0.256009
A_10,D1_10,A,D1,0.119384
A_10,D2_1,A,D2,0.332102
A_10,D2_2,A,D2,0.318918
A_10,D2_3,A,D2,0.311462
A_10,D2_4,A,D2,0.388414
A_10,D2_5,A,D2,0.359577
A_10,D2_6,A,D2,0.230795
A_10,D2_7,A,D2,0.256764
A_10,D2_8,A,D2,0.421509
A_10,D2_9,A,D2,0.350755
A_10,D2_10,A,D2,0.359120
A_10,D3_1,A,D3,0.351875
A_10,D3_2,A,D3,0.309109
A_10,D3_3,A,D3,0.285265
A_10,D3_4,A,D3,0.262144
A_10,D3_5,A,D3,0.242270
A_10,D3_6,A,D3,0.252024
A_10,D3_7,A,D3,0.314082
A_10,D3_8,A,D3,0.265897
A_10,D3_9,A,D3,0.308507
A_10,D3_10,A,D3,0.345147
A_10,D4_1,A,D4,0.345443
A_10,D4_2,A,D4,0.404560
A_10,D4_3,A,D4,0.252781
A_10,D4_4,A,D4,0.397377
A_10,D4_5,A,D4,0.343645
A_10,D4_6,A,D4,0.293101
A_10,D4_7,A,D4,0.313151
A_10,D4_8,A,D4,0.493244
A_10,D4_9,A,D4,0.375391
A_10,D4_10,A,D4,0.251518
A_10,E1_1,A,E1,0.224483
A_10,E1_2,A,E1,0.103146
A_10,E1_3,A,E1,0.084796
A_10,E1_4,A,E1,0.231948
A_10,E1_5,A,E1,0.137381
A_10,E1_6,A,E1,0.138117
A_10,E1_7,A,E1,0.118693
A_10,E1_8,A,E1,0.141783
A_10,E1_9,A,E1,0.211671
A_10,E1_10,A,E1,0.228679
A_10,E2_1,A,E2,0.224138
A_10,E2_2,A,E2,0.201733
A_10,E2_3,A,E2,0.271212
A_10,E2_4,A,E2,0.257277
A_10,E2_5,A,E2,0.209318
A_10,E2_6,A,E2,0.293555
A_10,E2_7,A,E2,0.208513
A_10,E2_8,A,E2,0.116089
A_10,E2_9,A,E2,0.246117
A_10,E2_10,A,E2,0.350406
A_10,F1_1,A,F1,0.164517
A_10,F1_2,A,F1,0.159808
A_10,F1_3,A,F1,0.178866
A_10,F1_4,A,F1,0.187718
A_10,F1_5,A,F1,0.219667
A_10,F1_6,A,F1,0.186156
A_10,F1_7,A,F1,0.137962
A_10,F1_8,A,F1,0.185412
A_10,F1_9,A,F1,0.081576
A_10,F1_10,A,F1,0.212205
A_10,F2_1,A,F2,0.114965
A_10,F2_2,A,F2,0.099744
A_10,F2_3,A,F2,0.216569
A_10,F2_4,A,F2,0.167049
A_10,F2_5,A,F2,0.200416
A_10,F2_6,A,F2,0.116633
A_10,F2_7,A,F2,0.189354
A_10,F2_8,A,F2,0.141758
A_10,F2_9,A,F2,0.178063
A_10,F2_10,A,F2,0.101117
A_10,G_1,A,G,0.031891
A_10,G_2,A,G,0.030544
A_10,G_3,A,G,0.030746
A_10,G_4,A,G,0.028680
A_10,G_5,A,G,0.026621
A_10,G_6,A,G,0.029222
A_10,G_7,A,G,0.032790
A_10,G_8,A,G,0.028316
A_10,G_9,A,G,0.028691
A_10,G_10,A,G,0.029808
B1_1,B1_2,B1,B1,0.151969
B1_1,B1_3,B1,B1,0.341479
B1_1,B1_4,B1,B1,0.374315
B1_1,B1_5,B1,B1,0.323953
B1_1,B1_6,B1,B1,0.349610
B1_1,B1_7,B1,B1,0.354864
B1_1,B1_8,B1,B1,0.256057
B1_1,B1_9,B1,B1,0.250464
B1_1,B1_10,B1,B1,0.285620
B1_1,B2-1_1,B1,B2-1,0.397468
B1_1,B2-1_2,B1,B2-1,0.294214
B1_1,B2-1_3,B1,B2-1,0.294321
B1_1,B2-1_4,B1,B2-1,0.328774
B1_1,B2-1_5,B1,B2-1,0.350199
B1_1,B2-1_6,B1,B2-1,0.124254
B1_1,B2-1_7,B1,B2-1,0.247343
B1_1,B2-1_8,B1,B2-1,0.447424
B1_1,B2-1_9,B1,B2-1,0.372038
B1_1,B2-1_10,B1,B2-1,0.235104
B1_1,B2-2_1,B1,B2-2,0.341280
B1_1,B2-2_2,B1,B2-2,0.465268
B1_1,B2-2_3,B1,B2-2,0.267178
B1_1,B2-2_4,B1,B2-2,0.392126
B1_1,B2-2_5,B1,B2-2,0.380677
B1_1,B2-2_6,B1,B2-2,0.193767
B1_1,B2-2_7,B1,B2-2,0.343505
B1_1,B2-2_8,B1,B2-2,0.415904
B1_1,B2-2_9,B1,B2-2,0.350724
B1_1,B2-2_10,B1,B2-2,0.232094
B1_1,C_1,B1,C,0.370475
B1_1,C_2,B1,C,0.284768
B1_1,C_3,B1,C,0.232998
B1_1,C_4,B1,C,0.367244
B1_1,C_5,B1,C,0.363593
B1_1,C_6,B1,C,0.325743
B1_1,C_7,B1,C,0.363823
B1_1,C_8,B1,C,0.296649
B1_1,C_9,B1,C,0.260563
B1_1,C_10,B1,C,0.311870
B1_1,D1_1,B1,D1,0.382912
B1_1,D1_2,B1,D1,0.309485
B1_1,D1_3,B1,D1,0.206646
B1_1,D1_4,B1,D1,0.455276
B1_1,D1_5,B1,D1,0.400895
B1_1,D1_6,B1,D1,0.275593
B1_1,D1_7,B1,D1,0.319456
B1_1,D1_8,B1,D1,0.395173
B1_1,D1_9,B1,D1,0.298211
B1_1,D1_10,B1,D1,0.282853
B1_1,D2_1,B1,D2,0.250169
B1_1,D2_2,B1,D2,0.449709
B1_1,D2_3,B1,D2,0.444861
B1_1,D2_4,B1,D2,0.511411
B1_1,D2_5,B1,D2,0.485277
B1_1,D2_6,B1,D2,0.327264
B1_1,D2_7,B1,D2,0.267090
B1_1,D2_8,B1,D2,0.459905
B1_1,D2_9,B1,D2,0.478369
B1_1,D2_10,B1,D2,0.485167
B1_1,D3_1,B1,D3,0.275828
B1_1,D3_2,B1,D3,0.442325
B1_1,D3_3,B1,D3,0.421237
B1_1,D3_4,B1,D3,0.405015
B1_1,D3_5,B1,D3,0.389659
B1_1,D3_6,B1,D3,0.393671
B1_1,D3_7,B1,D3,0.412655
B1_1,D3_8,B1,D3,0.407350
B1_1,D3_9,B1,D3,0.361813
B1_1,D3_10,B1,D3,0.304974
B1_1,D4_1,B1,D4,0.471126
B1_1,D4_2,B1,D4,0.523116
B1_1,D4_3,B1,D4,0.174740
B1_1,D4_4,B1,D4,0.516862
B1_1,D4_5,B1,D4,0.470007
B1_1,D4_6,B1,D4,0.430303
B1_1,D4_7,B1,D4,0.443108
B1_1,D4_8,B1,D4,0.599514
B1_1,D4_9,B1,D4,0.497323
B1_1,D4_10,B1,D4,0.392209
B1_1,E1_1,B1,E1,0.373452
B1_1,E1_2,B1,E1,0.274059
B1_1,E1_3,B1,E1,0.256311
B1_1,E1_4,B1,E1,0.379003
B1_1,E1_5,B1,E1,0.299853
B1_1,E1_6,B1,E1,0.300737
B1_1,E1_7,B1,E1,0.283347
B1_1,E1_8,B1,E1,0.305732
B1_1,E1_9,B1,E1,0.290339
B1_1,E1_10,B1,E1,0.379030
B1_1,E2_1,B1,E2,0.370376
B1_1,E2_2,B1,E2,0.354229
B1_1,E2_3,B1,E2,0.411251
B1_1,E2_4,B1,E2,0.164391
B1_1,E2_5,B1,E2,0.296765
B1_1,E2_6,B1,E2,0.431798
B1_1,E2_7,B1,E2,0.270927
B1_1,E2_8,B1,E2,0.281741
B1_1,E2_9,B1,E2,0.203771
B1_1,E2_10,B1,E2,0.476407
B1_1,F1_1,B1,F1,0.321584
B1_1,F1_2,B1,F1,0.106465
B1_1,F1_3,B1,F1,0.336435
B1_1,F1_4,B1,F1,0.341269
B1_1,F1_5,B1,F1,0.369555
B1_1,F1_6,B1,F1,0.341701
B1_1,F1_7,B1,F1,0.300344
B1_1,F1_8,B1,F1,0.124797
B1_1,F1_9,B1,F1,0.252992
B1_1,F1_10,B1,F1,0.363852
B1_1,F2_1,B1,F2,0.179537
B1_1,F2_2,B1,F2,0.265006
B1_1,F2_3,B1,F2,0.366157
B1_1,F2_4,B1,F2,0.326234
B1_1,F2_5,B1,F2,0.351643
B1_1,F2_6,B1,F2,0.287058
B1_1,F2_7,B1,F2,0.344668
B1_1,F2_8,B1,F2,0.305129
B1_1,F2_9,B1,F2,0.334834
B1_1,F2_10,B1,F2,0.271605
B1_1,G_1,B1,G,0.214372
B1_1,G_2,B1,G,0.213363
B1_1,G_3,B1,G,0.215146
B1_1,G_4,B1,G,0.213400
B1_1,G_5,B1,G,0.211416
B1_1,G_6,B1,G,0.212194
B1_1,G_7,B1,G,0.215551
B1_1,G_8,B1,G,0.211933
B1_1,G_9,B1,G,0.212858
B1_1,G_10,B1,G,0.213129
B1_2,B1_3,B1,B1,0.316480
B1_2,B1_4,B1,B1,0.349229
B1_2,B1_5,B1,B1,0.299492
B1_2,B1_6,B1,B1,0.324023
B1_2,B1_7,B1,B1,0.328337
B1_2,B1_8,B1,B1,0.324014
B1_2,B1_9,B1,B1,0.222336
B1_2,B1_10,B1,B1,0.340150
B1_2,B2-1_1,B1,B2-1,0.377910
B1_2,B2-1_2,B1,B2-1,0.269500
B1_2,B2-1_3,B1,B2-1,0.273030
B1_2,B2-1_4,B1,B2-1,0.261961
B1_2,B2-1_5,B1,B2-1,0.335900
B1_2,B2-1_6,B1,B2-1,0.177411
B1_2,B2-1_7,B1,B2-1,0.202214
B1_2,B2-1_8,B1,B2-1,0.475672
B1_2,B2-1_9,B1,B2-1,0.345289
B1_2,B2-1_10,B1,B2-1,0.228220
B1_2,B2-2_1,B1,B2-2,0.317872
B1_2,B2-2_2,B1,B2-2,0.409522
B1_2,B2-2_3,B1,B2-2,0.312226
B1_2,B2-2_4,B1,B2-2,0.366798
B1_2,B2-2_5,B1,B2-2,0.356034
B1_2,B2-2_6,B1,B2-2,0.275461
B1_2,B2-2_7,B1,B2-2,0.317983
B1_2,B2-2_8,B1,B2-2,0.390577
B1_2,B2-2_9,B1,B2-2,0.326504
B1_2,B2-2_10,B1,B2-2,0.157726
B1_2,C_1,B1,C,0.346631
B1_2,C_2,B1,C,0.258861
B1_2,C_3,B1,C,0.157072
B1_2,C_4,B1,C,0.344822
B1_2,C_5,B1,C,0.341105
B1_2,C_6,B1,C,0.302733
B1_2,C_7,B1,C,0.340528
B1_2,C_8,B1,C,0.268814
B1_2,C_9,B1,C,0.234263
B1_2,C_10,B1,C,0.287104
B1_2,D1_1,B1,D1,0.363507
B1_2,D1_2,B1,D1,0.239824
B1_2,D1_3,B1,D1,0.175466
B1_2,D1_4,B1,D1,0.432367
B1_2,D1_5,B1,D1,0.377837
B1_2,D1_6,B1,D1,0.250379
B1_2,D1_7,B1,D1,0.293770
B1_2,D1_8,B1,D1,0.371213
B1_2,D1_9,B1,D1,0.315636
B1_2,D1_10,B1,D1,0.256341
B1_2,D2_1,B1,D2,0.331191
B1_2,D2_2,B1,D2,0.431141
B1_2,D2_3,B1,D2,0.421613
B1_2,D2_4,B1,D2,0.489885
B1_2,D2_5,B1,D2,0.465082
B1_2,D2_6,B1,D2,0.258259
B1_2,D2_7,B1,D2,0.304511
B1_2,D2_8,B1,D2,0.517926
B1_2,D2_9,B1,D2,0.456127
B1_2,D2_10,B1,D2,0.464920
B1_2,D3_1,B1,D3,0.314532
B1_2,D3_2,B1,D3,0.418052
B1_2,D3_3,B1,D3,0.399506
B1_2,D3_4,B1,D3,0.361914
B1_2,D3_5,B1,D3,0.367524
B1_2,D3_6,B1,D3,0.371936
B1_2,D3_7,B1,D3,0.350111
B1_2,D3_8,B1,D3,0.383211
B1_2,D3_9,B1,D3,0.293373
B1_2,D3_10,B1,D3,0.337077
B1_2,D4_1,B1,D4,0.452377
B1_2,D4_2,B1,D4,0.503613
B1_2,D4_3,B1,D4,0.260570
B1_2,D4_4,B1,D4,0.498988
B1_2,D4_5,B1,D4,0.448461
B1_2,D4_6,B1,D4,0.407834
B1_2,D4_7,B1,D4,0.424837
B1_2,D4_8,B1,D4,0.580619
B1_2,D4_9,B1,D4,0.479438
B1_2,D4_10,B1,D4,0.370953
B1_2,E1_1,B1,E1,0.348338
B1_2,E1_2,B1,E1,0.245771
B1_2,E1_3,B1,E1,0.229547
B1_2,E1_4,B1,E1,0.354573
B1_2,E1_5,B1,E1,0.273618
B1_2,E1_6,B1,E1,0.276200
B1_2,E1_7,B1,E1,0.259446
B1_2,E1_8,B1,E1,0.279629
B1_2,E1_9,B1,E1,0.336759
B1_2,E1_10,B1,E1,0.353773
B1_2,E2_1,B1,E2,0.348365
B1_2,E2_2,B1,E2,0.328500
B1_2,E2_3,B1,E2,0.387999
B1_2,E2_4,B1,E2,0.250380
B1_2,E2_5,B1,E2,0.228142
B1_2,E2_6,B1,E2,0.408609
B1_2,E2_7,B1,E2,0.297855
B1_2,E2_8,B1,E2,0.254328
B1_2,E2_9,B1,E2,0.208484
B1_2,E2_10,B1,E2,0.457993
B1_2,F1_1,B1,F1,0.297656
B1_2,F1_2,B1,F1,0.162918
B1_2,F1_3,B1,F1,0.309598
B1_2,F1_4,B1,F1,0.314620
B1_2,F1_5,B1,F1,0.346932
B1_2,F1_6,B1,F1,0.318859
B1_2,F1_7,B1,F1,0.274073
B1_2,F1_8,B1,F1,0.075867
B1_2,F1_9,B1,F1,0.225834
B1_2,F1_10,B1,F1,0.339737
B1_2,F2_1,B1,F2,0.129753
B1_2,F2_2,B1,F2,0.240935
B1_2,F2_3,B1,F2,0.343181
B1_2,F2_4,B1,F2,0.300197
B1_2,F2_5,B1,F2,0.328291
B1_2,F2_6,B1,F2,0.258930
B1_2,F2_7,B1,F2,0.320000
B1_2,F2_8,B1,F2,0.278727
B1_2,F2_9,B1,F2,0.309574
B1_2,F2_10,B1,F2,0.245302
B1_2,G_1,B1,G,0.186636
B1_2,G_2,B1,G,0.186266
B1_2,G_3,B1,G,0.186823
B1_2,G_4,B1,G,0.184712
B1_2,G_5,B1,G,0.182662
B1_2,G_6,B1,G,0.184123
B1_2,G_7,B1,G,0.186932
B1_2,G_8,B1,G,0.184459
B1_2,G_9,B1,G,0.183824
B1_2,G_10,B1,G,0.184427
B1_3,B1_4,B1,B1,0.349055
B1_3,B1_5,B1,B1,0.302143
B1_3,B1_6,B1,B1,0.324682
B1_3,B1_7,B1,B1,0.328988
B1_3,B1_8,B1,B1,0.291029
B1_3,B1_9,B1,B1,0.223495
B1_3,B1_10,B1,B1,0.259123
B1_3,B2-1_1,B1,B2-1,0.375176
B1_3,B2-1_2,B1,B2-1,0.267955
B1_3,B2-1_3,B1,B2-1,0.393747
B1_3,B2-1_4,B1,B2-1,0.314263
B1_3,B2-1_5,B1,B2-1,0.335204
B1_3,B2-1_6,B1,B2-1,0.313525
B1_3,B2-1_7,B1,B2-1,0.391466
B1_3,B2-1_8,B1,B2-1,0.383274
B1_3,B2-1_9,B1,B2-1,0.349325
B1_3,B2-1_10,B1,B2-1,0.225128
B1_3,B2-2_1,B1,B2-2,0.313901
B1_3,B2-2_2,B1,B2-2,0.357290
B1_3,B2-2_3,B1,B2-2,0.317814
B1_3,B2-2_4,B1,B2-2,0.367379
B1_3,B2-2_5,B1,B2-2,0.356894
B1_3,B2-2_6,B1,B2-2,0.324573
B1_3,B2-2_7,B1,B2-2,0.318381
B1_3,B2-2_8,B1,B2-2,0.391863
B1_3,B2-2_9,B1,B2-2,0.302827
B1_3,B2-2_10,B1,B2-2,0.311433
B1_3,C_1,B1,C,0.344619
B1_3,C_2,B1,C,0.120630
B1_3,C_3,B1,C,0.328019
B1_3,C_4,B1,C,0.109938
B1_3,C_5,B1,C,0.083840
B1_3,C_6,B1,C,0.302044
B1_3,C_7,B1,C,0.339300
B1_3,C_8,B1,C,0.268423
B1_3,C_9,B1,C,0.154529
B1_3,C_10,B1,C,0.288113
B1_3,D1_1,B1,D1,0.358407
B1_3,D1_2,B1,D1,0.369330
B1_3,D1_3,B1,D1,0.347189
B1_3,D1_4,B1,D1,0.431417
B1_3,D1_5,B1,D1,0.251601
B1_3,D1_6,B1,D1,0.221596
B1_3,D1_7,B1,D1,0.288021
B1_3,D1_8,B1,D1,0.367180
B1_3,D1_9,B1,D1,0.375059
B1_3,D1_10,B1,D1,0.258589
B1_3,D2_1,B1,D2,0.441146
B1_3,D2_2,B1,D2,0.431139
B1_3,D2_3,B1,D2,0.423778
B1_3,D2_4,B1,D2,0.419026
B1_3,D2_5,B1,D2,0.408229
B1_3,D2_6,B1,D2,0.354384
B1_3,D2_7,B1,D2,0.374961
B1_3,D2_8,B1,D2,0.521213
B1_3,D2_9,B1,D2,0.456786
B1_3,D2_10,B1,D2,0.464655
B1_3,D3_1,B1,D3,0.456506
B1_3,D3_2,B1,D3,0.234104
B1_3,D3_3,B1,D3,0.395579
B1_3,D3_4,B1,D3,0.376329
B1_3,D3_5,B1,D3,0.363205
B1_3,D3_6,B1,D3,0.178753
B1_3,D3_7,B1,D3,0.425609
B1_3,D3_8,B1,D3,0.383261
B1_3,D3_9,B1,D3,0.420885
B1_3,D3_10,B1,D3,0.238370
B1_3,D4_1,B1,D4,0.450969
B1_3,D4_2,B1,D4,0.477380
B1_3,D4_3,B1,D4,0.374119
B1_3,D4_4,B1,D4,0.495658
B1_3,D4_5,B1,D4,0.449597
B1_3,D4_6,B1,D4,0.405900
B1_3,D4_7,B1,D4,0.423404
B1_3,D4_8,B1,D4,0.546078
B1_3,D4_9,B1,D4,0.346686
B1_3,D4_10,B1,D4,0.368711
B1_3,E1_1,B1,E1,0.246753
B1_3,E1_2,B1,E1,0.245395
B1_3,E1_3,B1,E1,0.228879
B1_3,E1_4,B1,E1,0.353612
B1_3,E1_5,B1,E1,0.272078
B1_3,E1_6,B1,E1,0.274373
B1_3,E1_7,B1,E1,0.188231
B1_3,E1_8,B1,E1,0.278091
B1_3,E1_9,B1,E1,0.285714
B1_3,E1_10,B1,E1,0.349666
B1_3,E2_1,B1,E2,0.345304
B1_3,E2_2,B1,E2,0.328075
B1_3,E2_3,B1,E2,0.387042
B1_3,E2_4,B1,E2,0.376859
B1_3,E2_5,B1,E2,0.266233
B1_3,E2_6,B1,E2,0.289087
B1_3,E2_7,B1,E2,0.333974
B1_3,E2_8,B1,E2,0.251009
B1_3,E2_9,B1,E2,0.345793
B1_3,E2_10,B1,E2,0.457045
B1_3,F1_1,B1,F1,0.298085
B1_3,F1_2,B1,F1,0.295025
B1_3,F1_3,B1,F1,0.310008
B1_3,F1_4,B1,F1,0.316386
B1_3,F1_5,B1,F1,0.344916
B1_3,F1_6,B1,F1,0.315986
B1_3,F1_7,B1,F1,0.273966
B1_3,F1_8,B1,F1,0.316745
B1_3,F1_9,B1,F1,0.227288
B1_3,F1_10,B1,F1,0.337976
B1_3,F2_1,B1,F2,0.257756
B1_3,F2_2,B1,F2,0.203768
B1_3,F2_3,B1,F2,0.339568
B1_3,F2_4,B1,F2,0.297837
B1_3,F2_5,B1,F2,0.111676
B1_3,F2_6,B1,F2,0.256793
B1_3,F2_7,B1,F2,0.317946
B1_3,F2_8,B1,F2,0.113290
B1_3,F2_9,B1,F2,0.308056
B1_3,F2_10,B1,F2,0.242845
B1_3,G_1,B1,G,0.185981
B1_3,G_2,B1,G,0.184344
B1_3,G_3,B1,G,0.185852
B1_3,G_4,B1,G,0.183424
B1_3,G_5,B1,G,0.181054
B1_3,G_6,B1,G,0.182835
B1_3,G_7,B1,G,0.186595
B1_3,G_8,B1,G,0.183488
B1_3,G_9,B1,G,0.183488
B1_3,G_10,B1,G,0.183456
B1_4,B1_5,B1,B1,0.150953
B1_4,B1_6,B1,B1,0.092195
B1_4,B1_7,B1,B1,0.363866
B1_4,B1_8,B1,B1,0.360246
B1_4,B1_9,B1,B1,0.261925
B1_4,B1_10,B1,B1,0.374101
B1_4,B2-1_1,B1,B2-1,0.406930
B1_4,B2-1_2,B1,B2-1,0.302288
B1_4,B2-1_3,B1,B2-1,0.428658
B1_4,B2-1_4,B1,B2-1,0.346270
B1_4,B2-1_5,B1,B2-1,0.371097
B1_4,B2-1_6,B1,B2-1,0.396200
B1_4,B2-1_7,B1,B2-1,0.418972
B1_4,B2-1_8,B1,B2-1,0.326830
B1_4,B2-1_9,B1,B2-1,0.335950
B1_4,B2-1_10,B1,B2-1,0.262929
B1_4,B2-2_1,B1,B2-2,0.353585
B1_4,B2-2_2,B1,B2-2,0.481449
B1_4,B2-2_3,B1,B2-2,0.349937
B1_4,B2-2_4,B1,B2-2,0.401662
B1_4,B2-2_5,B1,B2-2,0.389862
B1_4,B2-2_6,B1,B2-2,0.358046
B1_4,B2-2_7,B1,B2-2,0.340793
B1_4,B2-2_8,B1,B2-2,0.427988
B1_4,B2-2_9,B1,B2-2,0.364424
B1_4,B2-2_10,B1,B2-2,0.348345
B1_4,C_1,B1,C,0.379262
B1_4,C_2,B1,C,0.294079
B1_4,C_3,B1,C,0.357493
B1_4,C_4,B1,C,0.378632
B1_4,C_5,B1,C,0.371455
B1_4,C_6,B1,C,0.337232
B1_4,C_7,B1,C,0.374491
B1_4,C_8,B1,C,0.306086
B1_4,C_9,B1,C,0.273891
B1_4,C_10,B1,C,0.323819
B1_4,D1_1,B1,D1,0.395054
B1_4,D1_2,B1,D1,0.401324
B1_4,D1_3,B1,D1,0.380581
B1_4,D1_4,B1,D1,0.460364
B1_4,D1_5,B1,D1,0.410331
B1_4,D1_6,B1,D1,0.290058
B1_4,D1_7,B1,D1,0.328882
B1_4,D1_8,B1,D1,0.307416
B1_4,D1_9,B1,D1,0.406845
B1_4,D1_10,B1,D1,0.296375
B1_4,D2_1,B1,D2,0.361659
B1_4,D2_2,B1,D2,0.416196
B1_4,D2_3,B1,D2,0.453272
B1_4,D2_4,B1,D2,0.517350
B1_4,D2_5,B1,D2,0.491882
B1_4,D2_6,B1,D2,0.389182
B1_4,D2_7,B1,D2,0.407731
B1_4,D2_8,B1,D2,0.487105
B1_4,D2_9,B1,D2,0.486597
B1_4,D2_10,B1,D2,0.424951
B1_4,D3_1,B1,D3,0.483041
B1_4,D3_2,B1,D3,0.390233
B1_4,D3_3,B1,D3,0.287389
B1_4,D3_4,B1,D3,0.409773
B1_4,D3_5,B1,D3,0.393295
B1_4,D3_6,B1,D3,0.397032
B1_4,D3_7,B1,D3,0.454518
B1_4,D3_8,B1,D3,0.131038
B1_4,D3_9,B1,D3,0.349754
B1_4,D3_10,B1,D3,0.480293
B1_4,D4_1,B1,D4,0.478993
B1_4,D4_2,B1,D4,0.461013
B1_4,D4_3,B1,D4,0.374745
B1_4,D4_4,B1,D4,0.475499
B1_4,D4_5,B1,D4,0.237877
B1_4,D4_6,B1,D4,0.404799
B1_4,D4_7,B1,D4,0.453624
B1_4,D4_8,B1,D4,0.449574
B1_4,D4_9,B1,D4,0.504244
B1_4,D4_10,B1,D4,0.406178
B1_4,E1_1,B1,E1,0.384735
B1_4,E1_2,B1,E1,0.281219
B1_4,E1_3,B1,E1,0.268570
B1_4,E1_4,B1,E1,0.389208
B1_4,E1_5,B1,E1,0.308955
B1_4,E1_6,B1,E1,0.311769
B1_4,E1_7,B1,E1,0.289860
B1_4,E1_8,B1,E1,0.313140
B1_4,E1_9,B1,E1,0.372487
B1_4,E1_10,B1,E1,0.385992
B1_4,E2_1,B1,E2,0.295283
B1_4,E2_2,B1,E2,0.216764
B1_4,E2_3,B1,E2,0.323316
B1_4,E2_4,B1,E2,0.411314
B1_4,E2_5,B1,E2,0.367709
B1_4,E2_6,B1,E2,0.437321
B1_4,E2_7,B1,E2,0.367546
B1_4,E2_8,B1,E2,0.203630
B1_4,E2_9,B1,E2,0.398891
B1_4,E2_10,B1,E2,0.264716
B1_4,F1_1,B1,F1,0.332049
B1_4,F1_2,B1,F1,0.328880
B1_4,F1_3,B1,F1,0.346448
B1_4,F1_4,B1,F1,0.352773
B1_4,F1_5,B1,F1,0.379391
B1_4,F1_6,B1,F1,0.351905
B1_4,F1_7,B1,F1,0.312205
B1_4,F1_8,B1,F1,0.349762
B1_4,F1_9,B1,F1,0.267902
B1_4,F1_10,B1,F1,0.373001
B1_4,F2_1,B1,F2,0.295025
B1_4,F2_2,B1,F2,0.281390
B1_4,F2_3,B1,F2,0.378319
B1_4,F2_4,B1,F2,0.335310
B1_4,F2_5,B1,F2,0.362734
B1_4,F2_6,B1,F2,0.294929
B1_4,F2_7,B1,F2,0.113574
B1_4,F2_8,B1,F2,0.314457
B1_4,F2_9,B1,F2,0.344349
B1_4,F2_10,B1,F2,0.195546
B1_4,G_1,B1,G,0.227273
B1_4,G_2,B1,G,0.226567
B1_4,G_3,B1,G,0.228328
B1_4,G_4,B1,G,0.223572
B1_4,G_5,B1,G,0.224654
B1_4,G_6,B1,G,0.226016
B1_4,G_7,B1,G,0.229327
B1_4,G_8,B1,G,0.224256
B1_4,G_9,B1,G,0.223344
B1_4,G_10,B1,G,0.224825
B1_5,B1_6,B1,B1,0.131351
B1_5,B1_7,B1,B1,0.316380
B1_5,B1_8,B1,B1,0.312541
B1_5,B1_9,B1,B1,0.209636
B1_5,B1_10,B1,B1,0.325968
B1_5,B2-1_1,B1,B2-1,0.361813
B1_5,B2-1_2,B1,B2-1,0.251054
B1_5,B2-1_3,B1,B2-1,0.385503
B1_5,B2-1_4,B1,B2-1,0.295567
B1_5,B2-1_5,B1,B2-1,0.316166
B1_5,B2-1_6,B1,B2-1,0.349100
B1_5,B2-1_7,B1,B2-1,0.376895
B1_5,B2-1_8,B1,B2-1,0.393549
B1_5,B2-1_9,B1,B2-1,0.334939
B1_5,B2-1_10,B1,B2-1,0.206956
B1_5,B2-2_1,B1,B2-2,0.303536
B1_5,B2-2_2,B1,B2-2,0.436898
B1_5,B2-2_3,B1,B2-2,0.300049
B1_5,B2-2_4,B1,B2-2,0.352558
B1_5,B2-2_5,B1,B2-2,0.343450
B1_5,B2-2_6,B1,B2-2,0.309423
B1_5,B2-2_7,B1,B2-2,0.302539
B1_5,B2-2_8,B1,B2-2,0.381339
B1_5,B2-2_9,B1,B2-2,0.315618
B1_5,B2-2_10,B1,B2-2,0.299081
B1_5,C_1,B1,C,0.333921
B1_5,C_2,B1,C,0.241637
B1_5,C_3,B1,C,0.312103
B1_5,C_4,B1,C,0.332582
B1_5,C_5,B1,C,0.327208
B1_5,C_6,B1,C,0.287839
B1_5,C_7,B1,C,0.327959
B1_5,C_8,B1,C,0.255638
B1_5,C_9,B1,C,0.218385
B1_5,C_10,B1,C,0.271076
B1_5,D1_1,B1,D1,0.349467
B1_5,D1_2,B1,D1,0.352193
B1_5,D1_3,B1,D1,0.335155
B1_5,D1_4,B1,D1,0.419561
B1_5,D1_5,B1,D1,0.359113
B1_5,D1_6,B1,D1,0.238128
B1_5,D1_7,B1,D1,0.277861
B1_5,D1_8,B1,D1,0.356010
B1_5,D1_9,B1,D1,0.361423
B1_5,D1_10,B1,D1,0.241777
B1_5,D2_1,B1,D2,0.287389
B1_5,D2_2,B1,D2,0.345884
B1_5,D2_3,B1,D2,0.414205
B1_5,D2_4,B1,D2,0.480059
B1_5,D2_5,B1,D2,0.447069
B1_5,D2_6,B1,D2,0.340371
B1_5,D2_7,B1,D2,0.361581
B1_5,D2_8,B1,D2,0.425577
B1_5,D2_9,B1,D2,0.443961
B1_5,D2_10,B1,D2,0.358783
B1_5,D3_1,B1,D3,0.445528
B1_5,D3_2,B1,D3,0.409391
B1_5,D3_3,B1,D3,0.235735
B1_5,D3_4,B1,D3,0.359867
B1_5,D3_5,B1,D3,0.344546
B1_5,D3_6,B1,D3,0.357245
B1_5,D3_7,B1,D3,0.407578
B1_5,D3_8,B1,D3,0.212707
B1_5,D3_9,B1,D3,0.406149
B1_5,D3_10,B1,D3,0.440042
B1_5,D4_1,B1,D4,0.416336
B1_5,D4_2,B1,D4,0.395378
B1_5,D4_3,B1,D4,0.357856
B1_5,D4_4,B1,D4,0.417150
B1_5,D4_5,B1,D4,0.303744
B1_5,D4_6,B1,D4,0.336546
B1_5,D4_7,B1,D4,0.414305
B1_5,D4_8,B1,D4,0.504403
B1_5,D4_9,B1,D4,0.467671
B1_5,D4_10,B1,D4,0.358852
B1_5,E1_1,B1,E1,0.336967
B1_5,E1_2,B1,E1,0.229192
B1_5,E1_3,B1,E1,0.212942
B1_5,E1_4,B1,E1,0.335313
B1_5,E1_5,B1,E1,0.260549
B1_5,E1_6,B1,E1,0.261110
B1_5,E1_7,B1,E1,0.238346
B1_5,E1_8,B1,E1,0.262858
B1_5,E1_9,B1,E1,0.321927
B1_5,E1_10,B1,E1,0.340333
B1_5,E2_1,B1,E2,0.214433
B1_5,E2_2,B1,E2,0.145132
B1_5,E2_3,B1,E2,0.376939
B1_5,E2_4,B1,E2,0.361938
B1_5,E2_5,B1,E2,0.320752
B1_5,E2_6,B1,E2,0.392602
B1_5,E2_7,B1,E2,0.320123
B1_5,E2_8,B1,E2,0.147321
B1_5,E2_9,B1,E2,0.351231
B1_5,E2_10,B1,E2,0.273046
B1_5,F1_1,B1,F1,0.283540
B1_5,F1_2,B1,F1,0.278977
B1_5,F1_3,B1,F1,0.295955
B1_5,F1_4,B1,F1,0.300802
B1_5,F1_5,B1,F1,0.332314
B1_5,F1_6,B1,F1,0.303715
B1_5,F1_7,B1,F1,0.260695
B1_5,F1_8,B1,F1,0.298358
B1_5,F1_9,B1,F1,0.212252
B1_5,F1_10,B1,F1,0.326062
B1_5,F2_1,B1,F2,0.241221
B1_5,F2_2,B1,F2,0.227312
B1_5,F2_3,B1,F2,0.329573
B1_5,F2_4,B1,F2,0.286682
B1_5,F2_5,B1,F2,0.314986
B1_5,F2_6,B1,F2,0.242630
B1_5,F2_7,B1,F2,0.198505
B1_5,F2_8,B1,F2,0.263977
B1_5,F2_9,B1,F2,0.295638
B1_5,F2_10,B1,F2,0.212498
B1_5,G_1,B1,G,0.169495
B1_5,G_2,B1,G,0.168815
B1_5,G_3,B1,G,0.169375
B1_5,G_4,B1,G,0.165930
B1_5,G_5,B1,G,0.166106
B1_5,G_6,B1,G,0.168256
B1_5,G_7,B1,G,0.171429
B1_5,G_8,B1,G,0.165988
B1_5,G_9,B1,G,0.167610
B1_5,G_10,B1,G,0.166932
B1_6,B1_7,B1,B1,0.339894
B1_6,B1_8,B1,B1,0.334831
B1_6,B1_9,B1,B1,0.234524
B1_6,B1_10,B1,B1,0.348116
B1_6,B2-1_1,B1,B2-1,0.381991
B1_6,B2-1_2,B1,B2-1,0.276469
B1_6,B2-1_3,B1,B2-1,0.405351
B1_6,B2-1_4,B1,B2-1,0.321544
B1_6,B2-1_5,B1,B2-1,0.346295
B1_6,B2-1_6,B1,B2-1,0.373197
B1_6,B2-1_7,B1,B2-1,0.395927
B1_6,B2-1_8,B1,B2-1,0.340851
B1_6,B2-1_9,B1,B2-1,0.349285
B1_6,B2-1_10,B1,B2-1,0.234944
B1_6,B2-2_1,B1,B2-2,0.327422
B1_6,B2-2_2,B1,B2-2,0.460672
B1_6,B2-2_3,B1,B2-2,0.323985
B1_6,B2-2_4,B1,B2-2,0.377812
B1_6,B2-2_5,B1,B2-2,0.366425
B1_6,B2-2_6,B1,B2-2,0.333119
B1_6,B2-2_7,B1,B2-2,0.325912
B1_6,B2-2_8,B1,B2-2,0.404210
B1_6,B2-2_9,B1,B2-2,0.339149
B1_6,B2-2_10,B1,B2-2,0.324180
B1_6,C_1,B1,C,0.354522
B1_6,C_2,B1,C,0.268248
B1_6,C_3,B1,C,0.333869
B1_6,C_4,B1,C,0.354583
B1_6,C_5,B1,C,0.346962
B1_6,C_6,B1,C,0.311361
B1_6,C_7,B1,C,0.348760
B1_6,C_8,B1,C,0.280365
B1_6,C_9,B1,C,0.245098
B1_6,C_10,B1,C,0.297000
B1_6,D1_1,B1,D1,0.370231
B1_6,D1_2,B1,D1,0.379488
B1_6,D1_3,B1,D1,0.358918
B1_6,D1_4,B1,D1,0.437105
B1_6,D1_5,B1,D1,0.387212
B1_6,D1_6,B1,D1,0.262736
B1_6,D1_7,B1,D1,0.303595
B1_6,D1_8,B1,D1,0.320117
B1_6,D1_9,B1,D1,0.384651
B1_6,D1_10,B1,D1,0.268346
B1_6,D2_1,B1,D2,0.346650
B1_6,D2_2,B1,D2,0.400955
B1_6,D2_3,B1,D2,0.434028
B1_6,D2_4,B1,D2,0.496233
B1_6,D2_5,B1,D2,0.471634
B1_6,D2_6,B1,D2,0.365739
B1_6,D2_7,B1,D2,0.385310
B1_6,D2_8,B1,D2,0.473901
B1_6,D2_9,B1,D2,0.465494
B1_6,D2_10,B1,D2,0.412548
B1_6,D3_1,B1,D3,0.463863
B1_6,D3_2,B1,D3,0.402985
B1_6,D3_3,B1,D3,0.261358
B1_6,D3_4,B1,D3,0.388164
B1_6,D3_5,B1,D3,0.369880
B1_6,D3_6,B1,D3,0.375039
B1_6,D3_7,B1,D3,0.434639
B1_6,D3_8,B1,D3,0.148446
B1_6,D3_9,B1,D3,0.363135
B1_6,D3_10,B1,D3,0.458290
B1_6,D4_1,B1,D4,0.458593
B1_6,D4_2,B1,D4,0.446145
B1_6,D4_3,B1,D4,0.380194
B1_6,D4_4,B1,D4,0.462779
B1_6,D4_5,B1,D4,0.253656
B1_6,D4_6,B1,D4,0.391311
B1_6,D4_7,B1,D4,0.430583
B1_6,D4_8,B1,D4,0.459150
B1_6,D4_9,B1,D4,0.482109
B1_6,D4_10,B1,D4,0.381926
B1_6,E1_1,B1,E1,0.360896
B1_6,E1_2,B1,E1,0.254417
B1_6,E1_3,B1,E1,0.241350
B1_6,E1_4,B1,E1,0.365754
B1_6,E1_5,B1,E1,0.284513
B1_6,E1_6,B1,E1,0.287646
B1_6,E1_7,B1,E1,0.262152
B1_6,E1_8,B1,E1,0.287646
B1_6,E1_9,B1,E1,0.346633
B1_6,E1_10,B1,E1,0.361366
B1_6,E2_1,B1,E2,0.277888
B1_6,E2_2,B1,E2,0.199827
B1_6,E2_3,B1,E2,0.337394
B1_6,E2_4,B1,E2,0.387202
B1_6,E2_5,B1,E2,0.345185
B1_6,E2_6,B1,E2,0.416182
B1_6,E2_7,B1,E2,0.344268
B1_6,E2_8,B1,E2,0.176584
B1_6,E2_9,B1,E2,0.376250
B1_6,E2_10,B1,E2,0.247212
B1_6,F1_1,B1,F1,0.304944
B1_6,F1_2,B1,F1,0.304135
B1_6,F1_3,B1,F1,0.321960
B1_6,F1_4,B1,F1,0.327161
B1_6,F1_5,B1,F1,0.353800
B1_6,F1_6,B1,F1,0.326777
B1_6,F1_7,B1,F1,0.285266
B1_6,F1_8,B1,F1,0.325371
B1_6,F1_9,B1,F1,0.239776
B1_6,F1_10,B1,F1,0.347196
B1_6,F2_1,B1,F2,0.268101
B1_6,F2_2,B1,F2,0.251684
B1_6,F2_3,B1,F2,0.352175
B1_6,F2_4,B1,F2,0.309946
B1_6,F2_5,B1,F2,0.337972
B1_6,F2_6,B1,F2,0.268878
B1_6,F2_7,B1,F2,0.132961
B1_6,F2_8,B1,F2,0.288446
B1_6,F2_9,B1,F2,0.318410
B1_6,F2_10,B1,F2,0.166902
B1_6,G_1,B1,G,0.197462
B1_6,G_2,B1,G,0.197396
B1_6,G_3,B1,G,0.197951
B1_6,G_4,B1,G,0.193981
B1_6,G_5,B1,G,0.194783
B1_6,G_6,B1,G,0.196215
B1_6,G_7,B1,G,0.200555
B1_6,G_8,B1,G,0.194990
B1_6,G_9,B1,G,0.195618
B1_6,G_10,B1,G,0.195270
B1_7,B1_8,B1,B1,0.338836
B1_7,B1_9,B1,B1,0.238621
B1_7,B1_10,B1,B1,0.353631
B1_7,B2-1_1,B1,B2-1,0.389320
B1_7,B2-1_2,B1,B2-1,0.242845
B1_7,B2-1_3,B1,B2-1,0.408847
B1_7,B2-1_4,B1,B2-1,0.235384
B1_7,B2-1_5,B1,B2-1,0.347625
B1_7,B2-1_6,B1,B2-1,0.376800
B1_7,B2-1_7,B1,B2-1,0.401170
B1_7,B2-1_8,B1,B2-1,0.488257
B1_7,B2-1_9,B1,B2-1,0.361813
B1_7,B2-1_10,B1,B2-1,0.243518
B1_7,B2-2_1,B1,B2-2,0.327147
B1_7,B2-2_2,B1,B2-2,0.462609
B1_7,B2-2_3,B1,B2-2,0.329366
B1_7,B2-2_4,B1,B2-2,0.251222
B1_7,B2-2_5,B1,B2-2,0.155583
B1_7,B2-2_6,B1,B2-2,0.336594
B1_7,B2-2_7,B1,B2-2,0.240068
B1_7,B2-2_8,B1,B2-2,0.226457
B1_7,B2-2_9,B1,B2-2,0.342341
B1_7,B2-2_10,B1,B2-2,0.325525
B1_7,C_1,B1,C,0.358958
B1_7,C_2,B1,C,0.273091
B1_7,C_3,B1,C,0.341069
B1_7,C_4,B1,C,0.358511
B1_7,C_5,B1,C,0.352745
B1_7,C_6,B1,C,0.314634
B1_7,C_7,B1,C,0.351137
B1_7,C_8,B1,C,0.283728
B1_7,C_9,B1,C,0.247677
B1_7,C_10,B1,C,0.224123
B1_7,D1_1,B1,D1,0.372823
B1_7,D1_2,B1,D1,0.382059
B1_7,D1_3,B1,D1,0.287886
B1_7,D1_4,B1,D1,0.268480
B1_7,D1_5,B1,D1,0.390521
B1_7,D1_6,B1,D1,0.264406
B1_7,D1_7,B1,D1,0.304675
B1_7,D1_8,B1,D1,0.382972
B1_7,D1_9,B1,D1,0.386208
B1_7,D1_10,B1,D1,0.272606
B1_7,D2_1,B1,D2,0.450814
B1_7,D2_2,B1,D2,0.344613
B1_7,D2_3,B1,D2,0.227638
B1_7,D2_4,B1,D2,0.293169
B1_7,D2_5,B1,D2,0.476016
B1_7,D2_6,B1,D2,0.366284
B1_7,D2_7,B1,D2,0.390373
B1_7,D2_8,B1,D2,0.531511
B1_7,D2_9,B1,D2,0.372195
B1_7,D2_10,B1,D2,0.474985
B1_7,D3_1,B1,D3,0.466706
B1_7,D3_2,B1,D3,0.432265
B1_7,D3_3,B1,D3,0.413809
B1_7,D3_4,B1,D3,0.393460
B1_7,D3_5,B1,D3,0.377080
B1_7,D3_6,B1,D3,0.378895
B1_7,D3_7,B1,D3,0.293228
B1_7,D3_8,B1,D3,0.394823
B1_7,D3_9,B1,D3,0.431251
B1_7,D3_10,B1,D3,0.458402
B1_7,D4_1,B1,D4,0.462359
B1_7,D4_2,B1,D4,0.327731
B1_7,D4_3,B1,D4,0.386795
B1_7,D4_4,B1,D4,0.507980
B1_7,D4_5,B1,D4,0.459175
B1_7,D4_6,B1,D4,0.281685
B1_7,D4_7,B1,D4,0.435413
B1_7,D4_8,B1,D4,0.547175
B1_7,D4_9,B1,D4,0.489306
B1_7,D4_10,B1,D4,0.329247
B1_7,E1_1,B1,E1,0.357290
B1_7,E1_2,B1,E1,0.180478
B1_7,E1_3,B1,E1,0.245724
B1_7,E1_4,B1,E1,0.368868
B1_7,E1_5,B1,E1,0.288702
B1_7,E1_6,B1,E1,0.152147
B1_7,E1_7,B1,E1,0.272227
B1_7,E1_8,B1,E1,0.294359
B1_7,E1_9,B1,E1,0.349546
B1_7,E1_10,B1,E1,0.170964
B1_7,E2_1,B1,E2,0.363250
B1_7,E2_2,B1,E2,0.342446
B1_7,E2_3,B1,E2,0.402005
B1_7,E2_4,B1,E2,0.389261
B1_7,E2_5,B1,E2,0.350986
B1_7,E2_6,B1,E2,0.314048
B1_7,E2_7,B1,E2,0.204011
B1_7,E2_8,B1,E2,0.271486
B1_7,E2_9,B1,E2,0.378573
B1_7,E2_10,B1,E2,0.467692
B1_7,F1_1,B1,F1,0.311259
B1_7,F1_2,B1,F1,0.308809
B1_7,F1_3,B1,F1,0.099890
B1_7,F1_4,B1,F1,0.246029
B1_7,F1_5,B1,F1,0.358252
B1_7,F1_6,B1,F1,0.330274
B1_7,F1_7,B1,F1,0.290588
B1_7,F1_8,B1,F1,0.329681
B1_7,F1_9,B1,F1,0.244155
B1_7,F1_10,B1,F1,0.352202
B1_7,F2_1,B1,F2,0.270347
B1_7,F2_2,B1,F2,0.257767
B1_7,F2_3,B1,F2,0.356894
B1_7,F2_4,B1,F2,0.312947
B1_7,F2_5,B1,F2,0.343810
B1_7,F2_6,B1,F2,0.140014
B1_7,F2_7,B1,F2,0.332207
B1_7,F2_8,B1,F2,0.291502
B1_7,F2_9,B1,F2,0.324652
B1_7,F2_10,B1,F2,0.256229
B1_7,G_1,B1,G,0.202325
B1_7,G_2,B1,G,0.199445
B1_7,G_3,B1,G,0.200625
B1_7,G_4,B1,G,0.199479
B1_7,G_5,B1,G,0.197149
B1_7,G_6,B1,G,0.199202
B1_7,G_7,B1,G,0.201041
B1_7,G_8,B1,G,0.196730
B1_7,G_9,B1,G,0.199861
B1_7,G_10,B1,G,0.199514
B1_8,B1_9,B1,B1,0.235924
B1_8,B1_10,B1,B1,0.091193
B1_8,B2-1_1,B1,B2-1,0.383045
B1_8,B2-1_2,B1,B2-1,0.280411
B1_8,B2-1_3,B1,B2-1,0.404436
B1_8,B2-1_4,B1,B2-1,0.320446
B1_8,B2-1_5,B1,B2-1,0.245261
B1_8,B2-1_6,B1,B2-1,0.316174
B1_8,B2-1_7,B1,B2-1,0.397964
B1_8,B2-1_8,B1,B2-1,0.294156
B1_8,B2-1_9,B1,B2-1,0.358183
B1_8,B2-1_10,B1,B2-1,0.226993
B1_8,B2-2_1,B1,B2-2,0.325254
B1_8,B2-2_2,B1,B2-2,0.353370
B1_8,B2-2_3,B1,B2-2,0.191819
B1_8,B2-2_4,B1,B2-2,0.379122
B1_8,B2-2_5,B1,B2-2,0.368512
B1_8,B2-2_6,B1,B2-2,0.145029
B1_8,B2-2_7,B1,B2-2,0.326985
B1_8,B2-2_8,B1,B2-2,0.403293
B1_8,B2-2_9,B1,B2-2,0.184095
B1_8,B2-2_10,B1,B2-2,0.320369
B1_8,C_1,B1,C,0.354803
B1_8,C_2,B1,C,0.267024
B1_8,C_3,B1,C,0.336276
B1_8,C_4,B1,C,0.333976
B1_8,C_5,B1,C,0.274722
B1_8,C_6,B1,C,0.309962
B1_8,C_7,B1,C,0.347459
B1_8,C_8,B1,C,0.279456
B1_8,C_9,B1,C,0.242332
B1_8,C_10,B1,C,0.297803
B1_8,D1_1,B1,D1,0.368471
B1_8,D1_2,B1,D1,0.377503
B1_8,D1_3,B1,D1,0.352679
B1_8,D1_4,B1,D1,0.441892
B1_8,D1_5,B1,D1,0.388016
B1_8,D1_6,B1,D1,0.260921
B1_8,D1_7,B1,D1,0.301065
B1_8,D1_8,B1,D1,0.379687
B1_8,D1_9,B1,D1,0.354444
B1_8,D1_10,B1,D1,0.267702
B1_8,D2_1,B1,D2,0.355830
B1_8,D2_2,B1,D2,0.438573
B1_8,D2_3,B1,D2,0.430086
B1_8,D2_4,B1,D2,0.446126
B1_8,D2_5,B1,D2,0.474001
B1_8,D2_6,B1,D2,0.361642
B1_8,D2_7,B1,D2,0.333708
B1_8,D2_8,B1,D2,0.406485
B1_8,D2_9,B1,D2,0.469460
B1_8,D2_10,B1,D2,0.454749
B1_8,D3_1,B1,D3,0.418498
B1_8,D3_2,B1,D3,0.427033
B1_8,D3_3,B1,D3,0.408449
B1_8,D3_4,B1,D3,0.387714
B1_8,D3_5,B1,D3,0.374784
B1_8,D3_6,B1,D3,0.342564
B1_8,D3_7,B1,D3,0.433550
B1_8,D3_8,B1,D3,0.394076
B1_8,D3_9,B1,D3,0.430064
B1_8,D3_10,B1,D3,0.345103
B1_8,D4_1,B1,D4,0.460534
B1_8,D4_2,B1,D4,0.512577
B1_8,D4_3,B1,D4,0.270451
B1_8,D4_4,B1,D4,0.506047
B1_8,D4_5,B1,D4,0.460089
B1_8,D4_6,B1,D4,0.413053
B1_8,D4_7,B1,D4,0.433046
B1_8,D4_8,B1,D4,0.589108
B1_8,D4_9,B1,D4,0.486664
B1_8,D4_10,B1,D4,0.380960
B1_8,E1_1,B1,E1,0.359368
B1_8,E1_2,B1,E1,0.257858
B1_8,E1_3,B1,E1,0.237666
B1_8,E1_4,B1,E1,0.362172
B1_8,E1_5,B1,E1,0.284747
B1_8,E1_6,B1,E1,0.284486
B1_8,E1_7,B1,E1,0.195785
B1_8,E1_8,B1,E1,0.288166
B1_8,E1_9,B1,E1,0.100569
B1_8,E1_10,B1,E1,0.363723
B1_8,E2_1,B1,E2,0.356522
B1_8,E2_2,B1,E2,0.340058
B1_8,E2_3,B1,E2,0.394578
B1_8,E2_4,B1,E2,0.261841
B1_8,E2_5,B1,E2,0.342551
B1_8,E2_6,B1,E2,0.416016
B1_8,E2_7,B1,E2,0.304830
B1_8,E2_8,B1,E2,0.268891
B1_8,E2_9,B1,E2,0.234053
B1_8,E2_10,B1,E2,0.465650
B1_8,F1_1,B1,F1,0.307128
B1_8,F1_2,B1,F1,0.242286
B1_8,F1_3,B1,F1,0.321405
B1_8,F1_4,B1,F1,0.328233
B1_8,F1_5,B1,F1,0.353558
B1_8,F1_6,B1,F1,0.326501
B1_8,F1_7,B1,F1,0.283515
B1_8,F1_8,B1,F1,0.315020
B1_8,F1_9,B1,F1,0.237285
B1_8,F1_10,B1,F1,0.349052
B1_8,F2_1,B1,F2,0.266878
B1_8,F2_2,B1,F2,0.162416
B1_8,F2_3,B1,F2,0.351407
B1_8,F2_4,B1,F2,0.310474
B1_8,F2_5,B1,F2,0.237820
B1_8,F2_6,B1,F2,0.268525
B1_8,F2_7,B1,F2,0.329789
B1_8,F2_8,B1,F2,0.287554
B1_8,F2_9,B1,F2,0.320577
B1_8,F2_10,B1,F2,0.252699
B1_8,G_1,B1,G,0.197947
B1_8,G_2,B1,G,0.196000
B1_8,G_3,B1,G,0.196556
B1_8,G_4,B1,G,0.195406
B1_8,G_5,B1,G,0.194009
B1_8,G_6,B1,G,0.194188
B1_8,G_7,B1,G,0.199479
B1_8,G_8,B1,G,0.194846
B1_8,G_9,B1,G,0.196416
B1_8,G_10,B1,G,0.197323
B1_9,B1_10,B1,B1,0.249537
B1_9,B2-1_1,B1,B2-1,0.257594
B1_9,B2-1_2,B1,B2-1,0.172650
B1_9,B2-1_3,B1,B2-1,0.261154
B1_9,B2-1_4,B1,B2-1,0.218144
B1_9,B2-1_5,B1,B2-1,0.245264
B1_9,B2-1_6,B1,B2-1,0.278699
B1_9,B2-1_7,B1,B2-1,0.306226
B1_9,B2-1_8,B1,B2-1,0.401172
B1_9,B2-1_9,B1,B2-1,0.262762
B1_9,B2-1_10,B1,B2-1,0.127122
B1_9,B2-2_1,B1,B2-2,0.227917
B1_9,B2-2_2,B1,B2-2,0.374433
B1_9,B2-2_3,B1,B2-2,0.222773
B1_9,B2-2_4,B1,B2-2,0.264962
B1_9,B2-2_5,B1,B2-2,0.273740
B1_9,B2-2_6,B1,B2-2,0.232289
B1_9,B2-2_7,B1,B2-2,0.227746
B1_9,B2-2_8,B1,B2-2,0.311819
B1_9,B2-2_9,B1,B2-2,0.238411
B1_9,B2-2_10,B1,B2-2,0.219705
B1_9,C_1,B1,C,0.260659
B1_9,C_2,B1,C,0.159297
B1_9,C_3,B1,C,0.233651
B1_9,C_4,B1,C,0.257517
B1_9,C_5,B1,C,0.250884
B1_9,C_6,B1,C,0.207397
B1_9,C_7,B1,C,0.249578
B1_9,C_8,B1,C,0.173737
B1_9,C_9,B1,C,0.131929
B1_9,C_10,B1,C,0.192622
B1_9,D1_1,B1,D1,0.220069
B1_9,D1_2,B1,D1,0.280649
B1_9,D1_3,B1,D1,0.258525
B1_9,D1_4,B1,D1,0.355140
B1_9,D1_5,B1,D1,0.278977
B1_9,D1_6,B1,D1,0.156383
B1_9,D1_7,B1,D1,0.200277
B1_9,D1_8,B1,D1,0.283942
B1_9,D1_9,B1,D1,0.290657
B1_9,D1_10,B1,D1,0.161530
B1_9,D2_1,B1,D2,0.361729
B1_9,D2_2,B1,D2,0.350604
B1_9,D2_3,B1,D2,0.345829
B1_9,D2_4,B1,D2,0.417086
B1_9,D2_5,B1,D2,0.392454
B1_9,D2_6,B1,D2,0.265821
B1_9,D2_7,B1,D2,0.289131
B1_9,D2_8,B1,D2,0.405410
B1_9,D2_9,B1,D2,0.334777
B1_9,D2_10,B1,D2,0.341701
B1_9,D3_1,B1,D3,0.383884
B1_9,D3_2,B1,D3,0.341167
B1_9,D3_3,B1,D3,0.318521
B1_9,D3_4,B1,D3,0.297670
B1_9,D3_5,B1,D3,0.279275
B1_9,D3_6,B1,D3,0.286022
B1_9,D3_7,B1,D3,0.344855
B1_9,D3_8,B1,D3,0.298802
B1_9,D3_9,B1,D3,0.337658
B1_9,D3_10,B1,D3,0.377172
B1_9,D4_1,B1,D4,0.352689
B1_9,D4_2,B1,D4,0.387825
B1_9,D4_3,B1,D4,0.289274
B1_9,D4_4,B1,D4,0.413445
B1_9,D4_5,B1,D4,0.374648
B1_9,D4_6,B1,D4,0.327956
B1_9,D4_7,B1,D4,0.338730
B1_9,D4_8,B1,D4,0.516027
B1_9,D4_9,B1,D4,0.405219
B1_9,D4_10,B1,D4,0.258151
B1_9,E1_1,B1,E1,0.264996
B1_9,E1_2,B1,E1,0.146381
B1_9,E1_3,B1,E1,0.129556
B1_9,E1_4,B1,E1,0.266656
B1_9,E1_5,B1,E1,0.178027
B1_9,E1_6,B1,E1,0.180400
B1_9,E1_7,B1,E1,0.160277
B1_9,E1_8,B1,E1,0.184220
B1_9,E1_9,B1,E1,0.247843
B1_9,E1_10,B1,E1,0.266187
B1_9,E2_1,B1,E2,0.205314
B1_9,E2_2,B1,E2,0.187773
B1_9,E2_3,B1,E2,0.303893
B1_9,E2_4,B1,E2,0.291653
B1_9,E2_5,B1,E2,0.244629
B1_9,E2_6,B1,E2,0.330592
B1_9,E2_7,B1,E2,0.248231
B1_9,E2_8,B1,E2,0.158035
B1_9,E2_9,B1,E2,0.281958
B1_9,E2_10,B1,E2,0.380447
B1_9,F1_1,B1,F1,0.204357
B1_9,F1_2,B1,F1,0.200520
B1_9,F1_3,B1,F1,0.219056
B1_9,F1_4,B1,F1,0.226567
B1_9,F1_5,B1,F1,0.256346
B1_9,F1_6,B1,F1,0.212575
B1_9,F1_7,B1,F1,0.178020
B1_9,F1_8,B1,F1,0.222584
B1_9,F1_9,B1,F1,0.125452
B1_9,F1_10,B1,F1,0.248607
B1_9,F2_1,B1,F2,0.154694
B1_9,F2_2,B1,F2,0.142755
B1_9,F2_3,B1,F2,0.245688
B1_9,F2_4,B1,F2,0.207117
B1_9,F2_5,B1,F2,0.238725
B1_9,F2_6,B1,F2,0.160524
B1_9,F2_7,B1,F2,0.227576
B1_9,F2_8,B1,F2,0.182280
B1_9,F2_9,B1,F2,0.215257
B1_9,F2_10,B1,F2,0.142140
B1_9,G_1,B1,G,0.079118
B1_9,G_2,B1,G,0.077422
B1_9,G_3,B1,G,0.078348
B1_9,G_4,B1,G,0.076010
B1_9,G_5,B1,G,0.074053
B1_9,G_6,B1,G,0.076496
B1_9,G_7,B1,G,0.080636
B1_9,G_8,B1,G,0.075682
B1_9,G_9,B1,G,0.075682
B1_9,G_10,B1,G,0.077094
B1_10,B2-1_1,B1,B2-1,0.395492
B1_10,B2-1_2,B1,B2-1,0.292987
B1_10,B2-1_3,B1,B2-1,0.417988
B1_10,B2-1_4,B1,B2-1,0.336638
B1_10,B2-1_5,B1,B2-1,0.261052
B1_10,B2-1_6,B1,B2-1,0.342853
B1_10,B2-1_7,B1,B2-1,0.411846
B1_10,B2-1_8,B1,B2-1,0.259098
B1_10,B2-1_9,B1,B2-1,0.372592
B1_10,B2-1_10,B1,B2-1,0.253197
B1_10,B2-2_1,B1,B2-2,0.338454
B1_10,B2-2_2,B1,B2-2,0.323392
B1_10,B2-2_3,B1,B2-2,0.209258
B1_10,B2-2_4,B1,B2-2,0.390894
B1_10,B2-2_5,B1,B2-2,0.383981
B1_10,B2-2_6,B1,B2-2,0.176058
B1_10,B2-2_7,B1,B2-2,0.340153
B1_10,B2-2_8,B1,B2-2,0.415638
B1_10,B2-2_9,B1,B2-2,0.199861
B1_10,B2-2_10,B1,B2-2,0.334990
B1_10,C_1,B1,C,0.368223
B1_10,C_2,B1,C,0.282972
B1_10,C_3,B1,C,0.351643
B1_10,C_4,B1,C,0.304653
B1_10,C_5,B1,C,0.241333
B1_10,C_6,B1,C,0.323971
B1_10,C_7,B1,C,0.361299
B1_10,C_8,B1,C,0.294301
B1_10,C_9,B1,C,0.235993
B1_10,C_10,B1,C,0.312013
B1_10,D1_1,B1,D1,0.379407
B1_10,D1_2,B1,D1,0.391796
B1_10,D1_3,B1,D1,0.368496
B1_10,D1_4,B1,D1,0.452664
B1_10,D1_5,B1,D1,0.401633
B1_10,D1_6,B1,D1,0.276941
B1_10,D1_7,B1,D1,0.316045
B1_10,D1_8,B1,D1,0.394436
B1_10,D1_9,B1,D1,0.377851
B1_10,D1_10,B1,D1,0.282479
B1_10,D2_1,B1,D2,0.376893
B1_10,D2_2,B1,D2,0.449403
B1_10,D2_3,B1,D2,0.444794
B1_10,D2_4,B1,D2,0.418785
B1_10,D2_5,B1,D2,0.487574
B1_10,D2_6,B1,D2,0.375469
B1_10,D2_7,B1,D2,0.360852
B1_10,D2_8,B1,D2,0.427880
B1_10,D2_9,B1,D2,0.478255
B1_10,D2_10,B1,D2,0.466470
B1_10,D3_1,B1,D3,0.442844
B1_10,D3_2,B1,D3,0.401016
B1_10,D3_3,B1,D3,0.420244
B1_10,D3_4,B1,D3,0.402553
B1_10,D3_5,B1,D3,0.388673
B1_10,D3_6,B1,D3,0.313222
B1_10,D3_7,B1,D3,0.446767
B1_10,D3_8,B1,D3,0.407095
B1_10,D3_9,B1,D3,0.444528
B1_10,D3_10,B1,D3,0.326721
B1_10,D4_1,B1,D4,0.470121
B1_10,D4_2,B1,D4,0.495064
B1_10,D4_3,B1,D4,0.300917
B1_10,D4_4,B1,D4,0.515000
B1_10,D4_5,B1,D4,0.471479
B1_10,D4_6,B1,D4,0.425493
B1_10,D4_7,B1,D4,0.444211
B1_10,D4_8,B1,D4,0.597731
B1_10,D4_9,B1,D4,0.484261
B1_10,D4_10,B1,D4,0.392719
B1_10,E1_1,B1,E1,0.374003
B1_10,E1_2,B1,E1,0.272833
B1_10,E1_3,B1,E1,0.252442
B1_10,E1_4,B1,E1,0.375996
B1_10,E1_5,B1,E1,0.298627
B1_10,E1_6,B1,E1,0.298116
B1_10,E1_7,B1,E1,0.176770
B1_10,E1_8,B1,E1,0.303119
B1_10,E1_9,B1,E1,0.100055
B1_10,E1_10,B1,E1,0.377288
B1_10,E2_1,B1,E2,0.368124
B1_10,E2_2,B1,E2,0.351690
B1_10,E2_3,B1,E2,0.406845
B1_10,E2_4,B1,E2,0.290966
B1_10,E2_5,B1,E2,0.357527
B1_10,E2_6,B1,E2,0.429848
B1_10,E2_7,B1,E2,0.333707
B1_10,E2_8,B1,E2,0.280516
B1_10,E2_9,B1,E2,0.263773
B1_10,E2_10,B1,E2,0.475400
B1_10,F1_1,B1,F1,0.322523
B1_10,F1_2,B1,F1,0.272047
B1_10,F1_3,B1,F1,0.336803
B1_10,F1_4,B1,F1,0.341627
B1_10,F1_5,B1,F1,0.365497
B1_10,F1_6,B1,F1,0.340205
B1_10,F1_7,B1,F1,0.299394
B1_10,F1_8,B1,F1,0.339357
B1_10,F1_9,B1,F1,0.251768
B1_10,F1_10,B1,F1,0.361326
B1_10,F2_1,B1,F2,0.281958
B1_10,F2_2,B1,F2,0.176986
B1_10,F2_3,B1,F2,0.364924
B1_10,F2_4,B1,F2,0.325274
B1_10,F2_5,B1,F2,0.204902
B1_10,F2_6,B1,F2,0.284417
B1_10,F2_7,B1,F2,0.343436
B1_10,F2_8,B1,F2,0.256961
B1_10,F2_9,B1,F2,0.332798
B1_10,F2_10,B1,F2,0.267780
B1_10,G_1,B1,G,0.214077
B1_10,G_2,B1,G,0.212762
B1_10,G_3,B1,G,0.212700
B1_10,G_4,B1,G,0.211568
B1_10,G_5,B1,G,0.209891
B1_10,G_6,B1,G,0.210979
B1_10,G_7,B1,G,0.214948
B1_10,G_8,B1,G,0.211025
B1_10,G_9,B1,G,0.212565
B1_10,G_10,B1,G,0.213450
B2-1_1,B2-1_2,B2-1,B2-1,0.331513
B2-1_1,B2-1_3,B2-1,B2-1,0.303010
B2-1_1,B2-1_4,B2-1,B2-1,0.373748
B2-1_1,B2-1_5,B2-1,B2-1,0.392348
B2-1_1,B2-1_6,B2-1,B2-1,0.418254
B2-1_1,B2-1_7,B2-1,B2-1,0.389156
B2-1_1,B2-1_8,B2-1,B2-1,0.522711
B2-1_1,B2-1_9,B2-1,B2-1,0.371236
B2-1_1,B2-1_10,B2-1,B2-1,0.288471
B2-1_1,B2-2_1,B2-1,B2-2,0.374785
B2-1_1,B2-2_2,B2-1,B2-2,0.501874
B2-1_1,B2-2_3,B2-1,B2-2,0.303149
B2-1_1,B2-2_4,B2-1,B2-2,0.426905
B2-1_1,B2-2_5,B2-1,B2-2,0.373786
B2-1_1,B2-2_6,B2-1,B2-2,0.380128
B2-1_1,B2-2_7,B2-1,B2-2,0.378691
B2-1_1,B2-2_8,B2-1,B2-2,0.448477
B2-1_1,B2-2_9,B2-1,B2-2,0.387853
B2-1_1,B2-2_10,B2-1,B2-2,0.335152
B2-1_1,C_1,B2-1,C,0.398030
B2-1_1,C_2,B2-1,C,0.320376
B2-1_1,C_3,B2-1,C,0.387663
B2-1_1,C_4,B2-1,C,0.401909
B2-1_1,C_5,B2-1,C,0.398120
B2-1_1,C_6,B2-1,C,0.246240
B2-1_1,C_7,B2-1,C,0.253154
B2-1_1,C_8,B2-1,C,0.335738
B2-1_1,C_9,B2-1,C,0.301047
B2-1_1,C_10,B2-1,C,0.347591
B2-1_1,D1_1,B2-1,D1,0.283967
B2-1_1,D1_2,B2-1,D1,0.424431
B2-1_1,D1_3,B2-1,D1,0.404062
B2-1_1,D1_4,B2-1,D1,0.402184
B2-1_1,D1_5,B2-1,D1,0.427987
B2-1_1,D1_6,B2-1,D1,0.319115
B2-1_1,D1_7,B2-1,D1,0.352008
B2-1_1,D1_8,B2-1,D1,0.413751
B2-1_1,D1_9,B2-1,D1,0.356453
B2-1_1,D1_10,B2-1,D1,0.279490
B2-1_1,D2_1,B2-1,D2,0.487187
B2-1_1,D2_2,B2-1,D2,0.372826
B2-1_1,D2_3,B2-1,D2,0.458395
B2-1_1,D2_4,B2-1,D2,0.537681
B2-1_1,D2_5,B2-1,D2,0.470441
B2-1_1,D2_6,B2-1,D2,0.410433
B2-1_1,D2_7,B2-1,D2,0.424712
B2-1_1,D2_8,B2-1,D2,0.316686
B2-1_1,D2_9,B2-1,D2,0.371590
B2-1_1,D2_10,B2-1,D2,0.422621
B2-1_1,D3_1,B2-1,D3,0.457627
B2-1_1,D3_2,B2-1,D3,0.471134
B2-1_1,D3_3,B2-1,D3,0.300901
B2-1_1,D3_4,B2-1,D3,0.435955
B2-1_1,D3_5,B2-1,D3,0.415493
B2-1_1,D3_6,B2-1,D3,0.425816
B2-1_1,D3_7,B2-1,D3,0.476553
B2-1_1,D3_8,B2-1,D3,0.435878
B2-1_1,D3_9,B2-1,D3,0.468810
B2-1_1,D3_10,B2-1,D3,0.499059
B2-1_1,D4_1,B2-1,D4,0.262295
B2-1_1,D4_2,B2-1,D4,0.480716
B2-1_1,D4_3,B2-1,D4,0.427293
B2-1_1,D4_4,B2-1,D4,0.452175
B2-1_1,D4_5,B2-1,D4,0.499061
B2-1_1,D4_6,B2-1,D4,0.429026
B2-1_1,D4_7,B2-1,D4,0.285431
B2-1_1,D4_8,B2-1,D4,0.542837
B2-1_1,D4_9,B2-1,D4,0.412492
B2-1_1,D4_10,B2-1,D4,0.325149
B2-1_1,E1_1,B2-1,E1,0.403902
B2-1_1,E1_2,B2-1,E1,0.307341
B2-1_1,E1_3,B2-1,E1,0.298441
B2-1_1,E1_4,B2-1,E1,0.411441
B2-1_1,E1_5,B2-1,E1,0.337648
B2-1_1,E1_6,B2-1,E1,0.339091
B2-1_1,E1_7,B2-1,E1,0.325258
B2-1_1,E1_8,B2-1,E1,0.341744
B2-1_1,E1_9,B2-1,E1,0.392242
B2-1_1,E1_10,B2-1,E1,0.411765
B2-1_1,E2_1,B2-1,E2,0.337805
B2-1_1,E2_2,B2-1,E2,0.330921
B2-1_1,E2_3,B2-1,E2,0.442192
B2-1_1,E2_4,B2-1,E2,0.427053
B2-1_1,E2_5,B2-1,E2,0.397004
B2-1_1,E2_6,B2-1,E2,0.462441
B2-1_1,E2_7,B2-1,E2,0.394318
B2-1_1,E2_8,B2-1,E2,0.319586
B2-1_1,E2_9,B2-1,E2,0.419404
B2-1_1,E2_10,B2-1,E2,0.350819
B2-1_1,F1_1,B2-1,F1,0.335309
B2-1_1,F1_2,B2-1,F1,0.354368
B2-1_1,F1_3,B2-1,F1,0.373197
B2-1_1,F1_4,B2-1,F1,0.377518
B2-1_1,F1_5,B2-1,F1,0.227498
B2-1_1,F1_6,B2-1,F1,0.238119
B2-1_1,F1_7,B2-1,F1,0.335524
B2-1_1,F1_8,B2-1,F1,0.375900
B2-1_1,F1_9,B2-1,F1,0.226799
B2-1_1,F1_10,B2-1,F1,0.261562
B2-1_1,F2_1,B2-1,F2,0.317998
B2-1_1,F2_2,B2-1,F2,0.308306
B2-1_1,F2_3,B2-1,F2,0.270576
B2-1_1,F2_4,B2-1,F2,0.363951
B2-1_1,F2_5,B2-1,F2,0.389182
B2-1_1,F2_6,B2-1,F2,0.322513
B2-1_1,F2_7,B2-1,F2,0.376759
B2-1_1,F2_8,B2-1,F2,0.340895
B2-1_1,F2_9,B2-1,F2,0.301556
B2-1_1,F2_10,B2-1,F2,0.308320
B2-1_1,G_1,B2-1,G,0.255634
B2-1_1,G_2,B2-1,G,0.256087
B2-1_1,G_3,B2-1,G,0.255755
B2-1_1,G_4,B2-1,G,0.254371
B2-1_1,G_5,B2-1,G,0.254246
B2-1_1,G_6,B2-1,G,0.255248
B2-1_1,G_7,B2-1,G,0.257886
B2-1_1,G_8,B2-1,G,0.253869
B2-1_1,G_9,B2-1,G,0.255337
B2-1_1,G_10,B2-1,G,0.255587
B2-1_2,B2-1_3,B2-1,B2-1,0.352866
B2-1_2,B2-1_4,B2-1,B2-1,0.264318
B2-1_2,B2-1_5,B2-1,B2-1,0.287294
B2-1_2,B2-1_6,B2-1,B2-1,0.318049
B2-1_2,B2-1_7,B2-1,B2-1,0.346900
B2-1_2,B2-1_8,B2-1,B2-1,0.437500
B2-1_2,B2-1_9,B2-1,B2-1,0.305043
B2-1_2,B2-1_10,B2-1,B2-1,0.175954
B2-1_2,B2-2_1,B2-1,B2-2,0.194362
B2-1_2,B2-2_2,B2-1,B2-2,0.411189
B2-1_2,B2-2_3,B2-1,B2-2,0.269551
B2-1_2,B2-2_4,B2-1,B2-2,0.208420
B2-1_2,B2-2_5,B2-1,B2-2,0.238338
B2-1_2,B2-2_6,B2-1,B2-2,0.276349
B2-1_2,B2-2_7,B2-1,B2-2,0.270333
B2-1_2,B2-2_8,B2-1,B2-2,0.239451
B2-1_2,B2-2_9,B2-1,B2-2,0.282476
B2-1_2,B2-2_10,B2-1,B2-2,0.266455
B2-1_2,C_1,B2-1,C,0.302951
B2-1_2,C_2,B2-1,C,0.207123
B2-1_2,C_3,B2-1,C,0.279960
B2-1_2,C_4,B2-1,C,0.298410
B2-1_2,C_5,B2-1,C,0.293152
B2-1_2,C_6,B2-1,C,0.253324
B2-1_2,C_7,B2-1,C,0.294185
B2-1_2,C_8,B2-1,C,0.219859
B2-1_2,C_9,B2-1,C,0.182073
B2-1_2,C_10,B2-1,C,0.113290
B2-1_2,D1_1,B2-1,D1,0.314337
B2-1_2,D1_2,B2-1,D1,0.322617
B2-1_2,D1_3,B2-1,D1,0.296321
B2-1_2,D1_4,B2-1,D1,0.292406
B2-1_2,D1_5,B2-1,D1,0.328928
B2-1_2,D1_6,B2-1,D1,0.202039
B2-1_2,D1_7,B2-1,D1,0.244463
B2-1_2,D1_8,B2-1,D1,0.325754
B2-1_2,D1_9,B2-1,D1,0.329739
B2-1_2,D1_10,B2-1,D1,0.178390
B2-1_2,D2_1,B2-1,D2,0.397100
B2-1_2,D2_2,B2-1,D2,0.387483
B2-1_2,D2_3,B2-1,D2,0.355784
B2-1_2,D2_4,B2-1,D2,0.354051
B2-1_2,D2_5,B2-1,D2,0.374336
B2-1_2,D2_6,B2-1,D2,0.274207
B2-1_2,D2_7,B2-1,D2,0.330975
B2-1_2,D2_8,B2-1,D2,0.480310
B2-1_2,D2_9,B2-1,D2,0.315328
B2-1_2,D2_10,B2-1,D2,0.422621
B2-1_2,D3_1,B2-1,D3,0.417874
B2-1_2,D3_2,B2-1,D3,0.379994
B2-1_2,D3_3,B2-1,D3,0.356622
B2-1_2,D3_4,B2-1,D3,0.334831
B2-1_2,D3_5,B2-1,D3,0.317347
B2-1_2,D3_6,B2-1,D3,0.326715
B2-1_2,D3_7,B2-1,D3,0.361028
B2-1_2,D3_8,B2-1,D3,0.337023
B2-1_2,D3_9,B2-1,D3,0.376642
B2-1_2,D3_10,B2-1,D3,0.411458
B2-1_2,D4_1,B2-1,D4,0.408457
B2-1_2,D4_2,B2-1,D4,0.456036
B2-1_2,D4_3,B2-1,D4,0.328175
B2-1_2,D4_4,B2-1,D4,0.457461
B2-1_2,D4_5,B2-1,D4,0.406044
B2-1_2,D4_6,B2-1,D4,0.316285
B2-1_2,D4_7,B2-1,D4,0.383536
B2-1_2,D4_8,B2-1,D4,0.462963
B2-1_2,D4_9,B2-1,D4,0.441296
B2-1_2,D4_10,B2-1,D4,0.285549
B2-1_2,E1_1,B2-1,E1,0.221062
B2-1_2,E1_2,B2-1,E1,0.196106
B2-1_2,E1_3,B2-1,E1,0.175405
B2-1_2,E1_4,B2-1,E1,0.308745
B2-1_2,E1_5,B2-1,E1,0.223531
B2-1_2,E1_6,B2-1,E1,0.178885
B2-1_2,E1_7,B2-1,E1,0.206813
B2-1_2,E1_8,B2-1,E1,0.231306
B2-1_2,E1_9,B2-1,E1,0.292072
B2-1_2,E1_10,B2-1,E1,0.306712
B2-1_2,E2_1,B2-1,E2,0.301175
B2-1_2,E2_2,B2-1,E2,0.277464
B2-1_2,E2_3,B2-1,E2,0.343710
B2-1_2,E2_4,B2-1,E2,0.332904
B2-1_2,E2_5,B2-1,E2,0.289786
B2-1_2,E2_6,B2-1,E2,0.257277
B2-1_2,E2_7,B2-1,E2,0.286938
B2-1_2,E2_8,B2-1,E2,0.207384
B2-1_2,E2_9,B2-1,E2,0.322737
B2-1_2,E2_10,B2-1,E2,0.412395
B2-1_2,F1_1,B2-1,F1,0.249789
B2-1_2,F1_2,B2-1,F1,0.245309
B2-1_2,F1_3,B2-1,F1,0.205877
B2-1_2,F1_4,B2-1,F1,0.146602
B2-1_2,F1_5,B2-1,F1,0.299246
B2-1_2,F1_6,B2-1,F1,0.269545
B2-1_2,F1_7,B2-1,F1,0.225128
B2-1_2,F1_8,B2-1,F1,0.269179
B2-1_2,F1_9,B2-1,F1,0.175985
B2-1_2,F1_10,B2-1,F1,0.291337
B2-1_2,F2_1,B2-1,F2,0.206116
B2-1_2,F2_2,B2-1,F2,0.191993
B2-1_2,F2_3,B2-1,F2,0.295567
B2-1_2,F2_4,B2-1,F2,0.252440
B2-1_2,F2_5,B2-1,F2,0.283000
B2-1_2,F2_6,B2-1,F2,0.207593
B2-1_2,F2_7,B2-1,F2,0.271607
B2-1_2,F2_8,B2-1,F2,0.227040
B2-1_2,F2_9,B2-1,F2,0.262276
B2-1_2,F2_10,B2-1,F2,0.194009
B2-1_2,G_1,B2-1,G,0.131844
B2-1_2,G_2,B2-1,G,0.128829
B2-1_2,G_3,B2-1,G,0.131077
B2-1_2,G_4,B2-1,G,0.128852
B2-1_2,G_5,B2-1,G,0.126669
B2-1_2,G_6,B2-1,G,0.128939
B2-1_2,G_7,B2-1,G,0.132890
B2-1_2,G_8,B2-1,G,0.129236
B2-1_2,G_9,B2-1,G,0.128899
B2-1_2,G_10,B2-1,G,0.129212
B2-1_3,B2-1_4,B2-1,B2-1,0.392846
B2-1_3,B2-1_5,B2-1,B2-1,0.413988
B2-1_3,B2-1_6,B2-1,B2-1,0.321186
B2-1_3,B2-1_7,B2-1,B2-1,0.353109
B2-1_3,B2-1_8,B2-1,B2-1,0.543243
B2-1_3,B2-1_9,B2-1,B2-1,0.360114
B2-1_3,B2-1_10,B2-1,B2-1,0.316106
B2-1_3,B2-2_1,B2-1,B2-2,0.396626
B2-1_3,B2-2_2,B2-1,B2-2,0.518910
B2-1_3,B2-2_3,B2-1,B2-2,0.317563
B2-1_3,B2-2_4,B2-1,B2-2,0.395543
B2-1_3,B2-2_5,B2-1,B2-2,0.391655
B2-1_3,B2-2_6,B2-1,B2-2,0.363479
B2-1_3,B2-2_7,B2-1,B2-2,0.398949
B2-1_3,B2-2_8,B2-1,B2-2,0.467346
B2-1_3,B2-2_9,B2-1,B2-2,0.410095
B2-1_3,B2-2_10,B2-1,B2-2,0.300082
B2-1_3,C_1,B2-1,C,0.422347
B2-1_3,C_2,B2-1,C,0.342034
B2-1_3,C_3,B2-1,C,0.336651
B2-1_3,C_4,B2-1,C,0.420186
B2-1_3,C_5,B2-1,C,0.414515
B2-1_3,C_6,B2-1,C,0.383115
B2-1_3,C_7,B2-1,C,0.414768
B2-1_3,C_8,B2-1,C,0.354398
B2-1_3,C_9,B2-1,C,0.323957
B2-1_3,C_10,B2-1,C,0.369323
B2-1_3,D1_1,B2-1,D1,0.311451
B2-1_3,D1_2,B2-1,D1,0.400401
B2-1_3,D1_3,B2-1,D1,0.313904
B2-1_3,D1_4,B2-1,D1,0.395266
B2-1_3,D1_5,B2-1,D1,0.402068
B2-1_3,D1_6,B2-1,D1,0.337814
B2-1_3,D1_7,B2-1,D1,0.374412
B2-1_3,D1_8,B2-1,D1,0.410123
B2-1_3,D1_9,B2-1,D1,0.288239
B2-1_3,D1_10,B2-1,D1,0.302390
B2-1_3,D2_1,B2-1,D2,0.394118
B2-1_3,D2_2,B2-1,D2,0.335955
B2-1_3,D2_3,B2-1,D2,0.493236
B2-1_3,D2_4,B2-1,D2,0.551160
B2-1_3,D2_5,B2-1,D2,0.489674
B2-1_3,D2_6,B2-1,D2,0.417480
B2-1_3,D2_7,B2-1,D2,0.388993
B2-1_3,D2_8,B2-1,D2,0.447656
B2-1_3,D2_9,B2-1,D2,0.309974
B2-1_3,D2_10,B2-1,D2,0.399011
B2-1_3,D3_1,B2-1,D3,0.418867
B2-1_3,D3_2,B2-1,D3,0.487744
B2-1_3,D3_3,B2-1,D3,0.468126
B2-1_3,D3_4,B2-1,D3,0.453745
B2-1_3,D3_5,B2-1,D3,0.439915
B2-1_3,D3_6,B2-1,D3,0.442203
B2-1_3,D3_7,B2-1,D3,0.493031
B2-1_3,D3_8,B2-1,D3,0.456687
B2-1_3,D3_9,B2-1,D3,0.447124
B2-1_3,D3_10,B2-1,D3,0.412207
B2-1_3,D4_1,B2-1,D4,0.352081
B2-1_3,D4_2,B2-1,D4,0.453349
B2-1_3,D4_3,B2-1,D4,0.349904
B2-1_3,D4_4,B2-1,D4,0.494485
B2-1_3,D4_5,B2-1,D4,0.513823
B2-1_3,D4_6,B2-1,D4,0.406587
B2-1_3,D4_7,B2-1,D4,0.348963
B2-1_3,D4_8,B2-1,D4,0.588692
B2-1_3,D4_9,B2-1,D4,0.464872
B2-1_3,D4_10,B2-1,D4,0.348277
B2-1_3,E1_1,B2-1,E1,0.422357
B2-1_3,E1_2,B2-1,E1,0.334673
B2-1_3,E1_3,B2-1,E1,0.318994
B2-1_3,E1_4,B2-1,E1,0.429977
B2-1_3,E1_5,B2-1,E1,0.359602
B2-1_3,E1_6,B2-1,E1,0.359753
B2-1_3,E1_7,B2-1,E1,0.346535
B2-1_3,E1_8,B2-1,E1,0.363895
B2-1_3,E1_9,B2-1,E1,0.412216
B2-1_3,E1_10,B2-1,E1,0.431040
B2-1_3,E2_1,B2-1,E2,0.308757
B2-1_3,E2_2,B2-1,E2,0.343350
B2-1_3,E2_3,B2-1,E2,0.434723
B2-1_3,E2_4,B2-1,E2,0.340818
B2-1_3,E2_5,B2-1,E2,0.390028
B2-1_3,E2_6,B2-1,E2,0.479265
B2-1_3,E2_7,B2-1,E2,0.385070
B2-1_3,E2_8,B2-1,E2,0.343341
B2-1_3,E2_9,B2-1,E2,0.322341
B2-1_3,E2_10,B2-1,E2,0.522254
B2-1_3,F1_1,B2-1,F1,0.380172
B2-1_3,F1_2,B2-1,F1,0.262990
B2-1_3,F1_3,B2-1,F1,0.392835
B2-1_3,F1_4,B2-1,F1,0.397281
B2-1_3,F1_5,B2-1,F1,0.419704
B2-1_3,F1_6,B2-1,F1,0.230020
B2-1_3,F1_7,B2-1,F1,0.361208
B2-1_3,F1_8,B2-1,F1,0.268961
B2-1_3,F1_9,B2-1,F1,0.315062
B2-1_3,F1_10,B2-1,F1,0.368918
B2-1_3,F2_1,B2-1,F2,0.290684
B2-1_3,F2_2,B2-1,F2,0.329145
B2-1_3,F2_3,B2-1,F2,0.260198
B2-1_3,F2_4,B2-1,F2,0.381265
B2-1_3,F2_5,B2-1,F2,0.405501
B2-1_3,F2_6,B2-1,F2,0.346988
B2-1_3,F2_7,B2-1,F2,0.398052
B2-1_3,F2_8,B2-1,F2,0.357618
B2-1_3,F2_9,B2-1,F2,0.339269
B2-1_3,F2_10,B2-1,F2,0.328922
B2-1_3,G_1,B2-1,G,0.280876
B2-1_3,G_2,B2-1,G,0.280146
B2-1_3,G_3,B2-1,G,0.280119
B2-1_3,G_4,B2-1,G,0.277907
B2-1_3,G_5,B2-1,G,0.278073
B2-1_3,G_6,B2-1,G,0.277888
B2-1_3,G_7,B2-1,G,0.280763
B2-1_3,G_8,B2-1,G,0.278571
B2-1_3,G_9,B2-1,G,0.278857
B2-1_3,G_10,B2-1,G,0.279097
B2-1_4,B2-1_5,B2-1,B2-1,0.332905
B2-1_4,B2-1_6,B2-1,B2-1,0.353202
B2-1_4,B2-1_7,B2-1,B2-1,0.363222
B2-1_4,B2-1_8,B2-1,B2-1,0.473011
B2-1_4,B2-1_9,B2-1,B2-1,0.346802
B2-1_4,B2-1_10,B2-1,B2-1,0.225564
B2-1_4,B2-2_1,B2-1,B2-2,0.313464
B2-1_4,B2-2_2,B2-1,B2-2,0.352186
B2-1_4,B2-2_3,B2-1,B2-2,0.311374
B2-1_4,B2-2_4,B2-1,B2-2,0.278496
B2-1_4,B2-2_5,B2-1,B2-2,0.265398
B2-1_4,B2-2_6,B2-1,B2-2,0.320892
B2-1_4,B2-2_7,B2-1,B2-2,0.316037
B2-1_4,B2-2_8,B2-1,B2-2,0.304631
B2-1_4,B2-2_9,B2-1,B2-2,0.325649
B2-1_4,B2-2_10,B2-1,B2-2,0.238507
B2-1_4,C_1,B2-1,C,0.346038
B2-1_4,C_2,B2-1,C,0.254206
B2-1_4,C_3,B2-1,C,0.209038
B2-1_4,C_4,B2-1,C,0.342907
B2-1_4,C_5,B2-1,C,0.338127
B2-1_4,C_6,B2-1,C,0.299656
B2-1_4,C_7,B2-1,C,0.338875
B2-1_4,C_8,B2-1,C,0.268545
B2-1_4,C_9,B2-1,C,0.230416
B2-1_4,C_10,B2-1,C,0.249032
B2-1_4,D1_1,B2-1,D1,0.355651
B2-1_4,D1_2,B2-1,D1,0.255833
B2-1_4,D1_3,B2-1,D1,0.268435
B2-1_4,D1_4,B2-1,D1,0.349317
B2-1_4,D1_5,B2-1,D1,0.373158
B2-1_4,D1_6,B2-1,D1,0.250714
B2-1_4,D1_7,B2-1,D1,0.289266
B2-1_4,D1_8,B2-1,D1,0.366253
B2-1_4,D1_9,B2-1,D1,0.369545
B2-1_4,D1_10,B2-1,D1,0.252270
B2-1_4,D2_1,B2-1,D2,0.430168
B2-1_4,D2_2,B2-1,D2,0.343959
B2-1_4,D2_3,B2-1,D2,0.340473
B2-1_4,D2_4,B2-1,D2,0.432473
B2-1_4,D2_5,B2-1,D2,0.463083
B2-1_4,D2_6,B2-1,D2,0.240609
B2-1_4,D2_7,B2-1,D2,0.373022
B2-1_4,D2_8,B2-1,D2,0.516848
B2-1_4,D2_9,B2-1,D2,0.391176
B2-1_4,D2_10,B2-1,D2,0.458352
B2-1_4,D3_1,B2-1,D3,0.453828
B2-1_4,D3_2,B2-1,D3,0.418874
B2-1_4,D3_3,B2-1,D3,0.394680
B2-1_4,D3_4,B2-1,D3,0.298771
B2-1_4,D3_5,B2-1,D3,0.320305
B2-1_4,D3_6,B2-1,D3,0.371586
B2-1_4,D3_7,B2-1,D3,0.233786
B2-1_4,D3_8,B2-1,D3,0.377288
B2-1_4,D3_9,B2-1,D3,0.368917
B2-1_4,D3_10,B2-1,D3,0.450037
B2-1_4,D4_1,B2-1,D4,0.447812
B2-1_4,D4_2,B2-1,D4,0.429718
B2-1_4,D4_3,B2-1,D4,0.370899
B2-1_4,D4_4,B2-1,D4,0.492678
B2-1_4,D4_5,B2-1,D4,0.443879
B2-1_4,D4_6,B2-1,D4,0.319514
B2-1_4,D4_7,B2-1,D4,0.423492
B2-1_4,D4_8,B2-1,D4,0.564039
B2-1_4,D4_9,B2-1,D4,0.477236
B2-1_4,D4_10,B2-1,D4,0.351184
B2-1_4,E1_1,B2-1,E1,0.347481
B2-1_4,E1_2,B2-1,E1,0.195203
B2-1_4,E1_3,B2-1,E1,0.229916
B2-1_4,E1_4,B2-1,E1,0.333119
B2-1_4,E1_5,B2-1,E1,0.271912
B2-1_4,E1_6,B2-1,E1,0.179573
B2-1_4,E1_7,B2-1,E1,0.256259
B2-1_4,E1_8,B2-1,E1,0.277640
B2-1_4,E1_9,B2-1,E1,0.335634
B2-1_4,E1_10,B2-1,E1,0.289083
B2-1_4,E2_1,B2-1,E2,0.343566
B2-1_4,E2_2,B2-1,E2,0.323596
B2-1_4,E2_3,B2-1,E2,0.384627
B2-1_4,E2_4,B2-1,E2,0.373902
B2-1_4,E2_5,B2-1,E2,0.220014
B2-1_4,E2_6,B2-1,E2,0.338304
B2-1_4,E2_7,B2-1,E2,0.264922
B2-1_4,E2_8,B2-1,E2,0.251724
B2-1_4,E2_9,B2-1,E2,0.362047
B2-1_4,E2_10,B2-1,E2,0.454830
B2-1_4,F1_1,B2-1,F1,0.297085
B2-1_4,F1_2,B2-1,F1,0.290933
B2-1_4,F1_3,B2-1,F1,0.212392
B2-1_4,F1_4,B2-1,F1,0.271155
B2-1_4,F1_5,B2-1,F1,0.341054
B2-1_4,F1_6,B2-1,F1,0.312266
B2-1_4,F1_7,B2-1,F1,0.272077
B2-1_4,F1_8,B2-1,F1,0.270032
B2-1_4,F1_9,B2-1,F1,0.226512
B2-1_4,F1_10,B2-1,F1,0.334884
B2-1_4,F2_1,B2-1,F2,0.225448
B2-1_4,F2_2,B2-1,F2,0.240393
B2-1_4,F2_3,B2-1,F2,0.339408
B2-1_4,F2_4,B2-1,F2,0.295999
B2-1_4,F2_5,B2-1,F2,0.327974
B2-1_4,F2_6,B2-1,F2,0.195486
B2-1_4,F2_7,B2-1,F2,0.313961
B2-1_4,F2_8,B2-1,F2,0.277594
B2-1_4,F2_9,B2-1,F2,0.304575
B2-1_4,F2_10,B2-1,F2,0.242676
B2-1_4,G_1,B2-1,G,0.184537
B2-1_4,G_2,B2-1,G,0.183852
B2-1_4,G_3,B2-1,G,0.183773
B2-1_4,G_4,B2-1,G,0.181341
B2-1_4,G_5,B2-1,G,0.180242
B2-1_4,G_6,B2-1,G,0.182660
B2-1_4,G_7,B2-1,G,0.184836
B2-1_4,G_8,B2-1,G,0.182041
B2-1_4,G_9,B2-1,G,0.181404
B2-1_4,G_10,B2-1,G,0.182009
B2-1_5,B2-1_6,B2-1,B2-1,0.382156
B2-1_5,B2-1_7,B2-1,B2-1,0.406351
B2-1_5,B2-1_8,B2-1,B2-1,0.409391
B2-1_5,B2-1_9,B2-1,B2-1,0.366242
B2-1_5,B2-1_10,B2-1,B2-1,0.244794
B2-1_5,B2-2_1,B2-1,B2-2,0.336862
B2-1_5,B2-2_2,B2-1,B2-2,0.281198
B2-1_5,B2-2_3,B2-1,B2-2,0.270185
B2-1_5,B2-2_4,B2-1,B2-2,0.385465
B2-1_5,B2-2_5,B2-1,B2-2,0.374687
B2-1_5,B2-2_6,B2-1,B2-2,0.278414
B2-1_5,B2-2_7,B2-1,B2-2,0.336435
B2-1_5,B2-2_8,B2-1,B2-2,0.407975
B2-1_5,B2-2_9,B2-1,B2-2,0.257436
B2-1_5,B2-2_10,B2-1,B2-2,0.330972
B2-1_5,C_1,B2-1,C,0.362878
B2-1_5,C_2,B2-1,C,0.280332
B2-1_5,C_3,B2-1,C,0.333655
B2-1_5,C_4,B2-1,C,0.359854
B2-1_5,C_5,B2-1,C,0.349913
B2-1_5,C_6,B2-1,C,0.319066
B2-1_5,C_7,B2-1,C,0.356668
B2-1_5,C_8,B2-1,C,0.289178
B2-1_5,C_9,B2-1,C,0.251896
B2-1_5,C_10,B2-1,C,0.306199
B2-1_5,D1_1,B2-1,D1,0.378205
B2-1_5,D1_2,B2-1,D1,0.295432
B2-1_5,D1_3,B2-1,D1,0.367517
B2-1_5,D1_4,B2-1,D1,0.446573
B2-1_5,D1_5,B2-1,D1,0.399753
B2-1_5,D1_6,B2-1,D1,0.272561
B2-1_5,D1_7,B2-1,D1,0.224067
B2-1_5,D1_8,B2-1,D1,0.388785
B2-1_5,D1_9,B2-1,D1,0.393991
B2-1_5,D1_10,B2-1,D1,0.277842
B2-1_5,D2_1,B2-1,D2,0.435418
B2-1_5,D2_2,B2-1,D2,0.447238
B2-1_5,D2_3,B2-1,D2,0.434375
B2-1_5,D2_4,B2-1,D2,0.502887
B2-1_5,D2_5,B2-1,D2,0.357775
B2-1_5,D2_6,B2-1,D2,0.373747
B2-1_5,D2_7,B2-1,D2,0.337235
B2-1_5,D2_8,B2-1,D2,0.483626
B2-1_5,D2_9,B2-1,D2,0.473297
B2-1_5,D2_10,B2-1,D2,0.412647
B2-1_5,D3_1,B2-1,D3,0.471013
B2-1_5,D3_2,B2-1,D3,0.437246
B2-1_5,D3_3,B2-1,D3,0.416985
B2-1_5,D3_4,B2-1,D3,0.277981
B2-1_5,D3_5,B2-1,D3,0.233516
B2-1_5,D3_6,B2-1,D3,0.387765
B2-1_5,D3_7,B2-1,D3,0.359084
B2-1_5,D3_8,B2-1,D3,0.401543
B2-1_5,D3_9,B2-1,D3,0.435766
B2-1_5,D3_10,B2-1,D3,0.449416
B2-1_5,D4_1,B2-1,D4,0.466007
B2-1_5,D4_2,B2-1,D4,0.516836
B2-1_5,D4_3,B2-1,D4,0.361063
B2-1_5,D4_4,B2-1,D4,0.512681
B2-1_5,D4_5,B2-1,D4,0.347342
B2-1_5,D4_6,B2-1,D4,0.423223
B2-1_5,D4_7,B2-1,D4,0.439204
B2-1_5,D4_8,B2-1,D4,0.593105
B2-1_5,D4_9,B2-1,D4,0.493910
B2-1_5,D4_10,B2-1,D4,0.312978
B2-1_5,E1_1,B2-1,E1,0.367925
B2-1_5,E1_2,B2-1,E1,0.269860
B2-1_5,E1_3,B2-1,E1,0.212832
B2-1_5,E1_4,B2-1,E1,0.221289
B2-1_5,E1_5,B2-1,E1,0.292426
B2-1_5,E1_6,B2-1,E1,0.294707
B2-1_5,E1_7,B2-1,E1,0.275753
B2-1_5,E1_8,B2-1,E1,0.296108
B2-1_5,E1_9,B2-1,E1,0.259122
B2-1_5,E1_10,B2-1,E1,0.370201
B2-1_5,E2_1,B2-1,E2,0.366379
B2-1_5,E2_2,B2-1,E2,0.348567
B2-1_5,E2_3,B2-1,E2,0.403266
B2-1_5,E2_4,B2-1,E2,0.292594
B2-1_5,E2_5,B2-1,E2,0.354173
B2-1_5,E2_6,B2-1,E2,0.425441
B2-1_5,E2_7,B2-1,E2,0.352204
B2-1_5,E2_8,B2-1,E2,0.278156
B2-1_5,E2_9,B2-1,E2,0.320123
B2-1_5,E2_10,B2-1,E2,0.472218
B2-1_5,F1_1,B2-1,F1,0.315157
B2-1_5,F1_2,B2-1,F1,0.314369
B2-1_5,F1_3,B2-1,F1,0.329036
B2-1_5,F1_4,B2-1,F1,0.335524
B2-1_5,F1_5,B2-1,F1,0.363737
B2-1_5,F1_6,B2-1,F1,0.336754
B2-1_5,F1_7,B2-1,F1,0.271000
B2-1_5,F1_8,B2-1,F1,0.335100
B2-1_5,F1_9,B2-1,F1,0.248099
B2-1_5,F1_10,B2-1,F1,0.356690
B2-1_5,F2_1,B2-1,F2,0.277603
B2-1_5,F2_2,B2-1,F2,0.246071
B2-1_5,F2_3,B2-1,F2,0.360316
B2-1_5,F2_4,B2-1,F2,0.319294
B2-1_5,F2_5,B2-1,F2,0.318925
B2-1_5,F2_6,B2-1,F2,0.278368
B2-1_5,F2_7,B2-1,F2,0.339206
B2-1_5,F2_8,B2-1,F2,0.299131
B2-1_5,F2_9,B2-1,F2,0.328223
B2-1_5,F2_10,B2-1,F2,0.264489
B2-1_5,G_1,B2-1,G,0.210808
B2-1_5,G_2,B2-1,G,0.208873
B2-1_5,G_3,B2-1,G,0.207880
B2-1_5,G_4,B2-1,G,0.207052
B2-1_5,G_5,B2-1,G,0.205674
B2-1_5,G_6,B2-1,G,0.206462
B2-1_5,G_7,B2-1,G,0.209527
B2-1_5,G_8,B2-1,G,0.207743
B2-1_5,G_9,B2-1,G,0.207123
B2-1_5,G_10,B2-1,G,0.208636
B2-1_6,B2-1_7,B2-1,B2-1,0.273347
B2-1_6,B2-1_8,B2-1,B2-1,0.494774
B2-1_6,B2-1_9,B2-1,B2-1,0.394741
B2-1_6,B2-1_10,B2-1,B2-1,0.263854
B2-1_6,B2-2_1,B2-1,B2-2,0.367186
B2-1_6,B2-2_2,B2-1,B2-2,0.482764
B2-1_6,B2-2_3,B2-1,B2-2,0.326139
B2-1_6,B2-2_4,B2-1,B2-2,0.414030
B2-1_6,B2-2_5,B2-1,B2-2,0.402893
B2-1_6,B2-2_6,B2-1,B2-2,0.258433
B2-1_6,B2-2_7,B2-1,B2-2,0.366772
B2-1_6,B2-2_8,B2-1,B2-2,0.435739
B2-1_6,B2-2_9,B2-1,B2-2,0.375568
B2-1_6,B2-2_10,B2-1,B2-2,0.257728
B2-1_6,C_1,B2-1,C,0.394412
B2-1_6,C_2,B2-1,C,0.257734
B2-1_6,C_3,B2-1,C,0.254796
B2-1_6,C_4,B2-1,C,0.341171
B2-1_6,C_5,B2-1,C,0.336643
B2-1_6,C_6,B2-1,C,0.351875
B2-1_6,C_7,B2-1,C,0.387508
B2-1_6,C_8,B2-1,C,0.321521
B2-1_6,C_9,B2-1,C,0.287341
B2-1_6,C_10,B2-1,C,0.335737
B2-1_6,D1_1,B2-1,D1,0.407277
B2-1_6,D1_2,B2-1,D1,0.328877
B2-1_6,D1_3,B2-1,D1,0.233640
B2-1_6,D1_4,B2-1,D1,0.472561
B2-1_6,D1_5,B2-1,D1,0.377388
B2-1_6,D1_6,B2-1,D1,0.301307
B2-1_6,D1_7,B2-1,D1,0.343655
B2-1_6,D1_8,B2-1,D1,0.416756
B2-1_6,D1_9,B2-1,D1,0.324123
B2-1_6,D1_10,B2-1,D1,0.311147
B2-1_6,D2_1,B2-1,D2,0.311158
B2-1_6,D2_2,B2-1,D2,0.472545
B2-1_6,D2_3,B2-1,D2,0.464455
B2-1_6,D2_4,B2-1,D2,0.526630
B2-1_6,D2_5,B2-1,D2,0.473267
B2-1_6,D2_6,B2-1,D2,0.348601
B2-1_6,D2_7,B2-1,D2,0.292840
B2-1_6,D2_8,B2-1,D2,0.505833
B2-1_6,D2_9,B2-1,D2,0.497322
B2-1_6,D2_10,B2-1,D2,0.508058
B2-1_6,D3_1,B2-1,D3,0.301606
B2-1_6,D3_2,B2-1,D3,0.417391
B2-1_6,D3_3,B2-1,D3,0.440030
B2-1_6,D3_4,B2-1,D3,0.425144
B2-1_6,D3_5,B2-1,D3,0.409992
B2-1_6,D3_6,B2-1,D3,0.381406
B2-1_6,D3_7,B2-1,D3,0.428766
B2-1_6,D3_8,B2-1,D3,0.428636
B2-1_6,D3_9,B2-1,D3,0.380016
B2-1_6,D3_10,B2-1,D3,0.275420
B2-1_6,D4_1,B2-1,D4,0.491353
B2-1_6,D4_2,B2-1,D4,0.541215
B2-1_6,D4_3,B2-1,D4,0.239939
B2-1_6,D4_4,B2-1,D4,0.536716
B2-1_6,D4_5,B2-1,D4,0.487840
B2-1_6,D4_6,B2-1,D4,0.450277
B2-1_6,D4_7,B2-1,D4,0.465037
B2-1_6,D4_8,B2-1,D4,0.595503
B2-1_6,D4_9,B2-1,D4,0.475492
B2-1_6,D4_10,B2-1,D4,0.415839
B2-1_6,E1_1,B2-1,E1,0.345498
B2-1_6,E1_2,B2-1,E1,0.302112
B2-1_6,E1_3,B2-1,E1,0.282969
B2-1_6,E1_4,B2-1,E1,0.400770
B2-1_6,E1_5,B2-1,E1,0.325926
B2-1_6,E1_6,B2-1,E1,0.326020
B2-1_6,E1_7,B2-1,E1,0.309737
B2-1_6,E1_8,B2-1,E1,0.331672
B2-1_6,E1_9,B2-1,E1,0.346111
B2-1_6,E1_10,B2-1,E1,0.399846
B2-1_6,E2_1,B2-1,E2,0.392830
B2-1_6,E2_2,B2-1,E2,0.376936
B2-1_6,E2_3,B2-1,E2,0.432416
B2-1_6,E2_4,B2-1,E2,0.228874
B2-1_6,E2_5,B2-1,E2,0.301015
B2-1_6,E2_6,B2-1,E2,0.405730
B2-1_6,E2_7,B2-1,E2,0.299018
B2-1_6,E2_8,B2-1,E2,0.307855
B2-1_6,E2_9,B2-1,E2,0.231699
B2-1_6,E2_10,B2-1,E2,0.496956
B2-1_6,F1_1,B2-1,F1,0.348338
B2-1_6,F1_2,B2-1,F1,0.141219
B2-1_6,F1_3,B2-1,F1,0.359120
B2-1_6,F1_4,B2-1,F1,0.363278
B2-1_6,F1_5,B2-1,F1,0.393338
B2-1_6,F1_6,B2-1,F1,0.367841
B2-1_6,F1_7,B2-1,F1,0.327261
B2-1_6,F1_8,B2-1,F1,0.153312
B2-1_6,F1_9,B2-1,F1,0.280027
B2-1_6,F1_10,B2-1,F1,0.386304
B2-1_6,F2_1,B2-1,F2,0.206706
B2-1_6,F2_2,B2-1,F2,0.292763
B2-1_6,F2_3,B2-1,F2,0.390036
B2-1_6,F2_4,B2-1,F2,0.352857
B2-1_6,F2_5,B2-1,F2,0.332102
B2-1_6,F2_6,B2-1,F2,0.313292
B2-1_6,F2_7,B2-1,F2,0.368926
B2-1_6,F2_8,B2-1,F2,0.299361
B2-1_6,F2_9,B2-1,F2,0.358625
B2-1_6,F2_10,B2-1,F2,0.298637
B2-1_6,G_1,B2-1,G,0.244708
B2-1_6,G_2,B2-1,G,0.243696
B2-1_6,G_3,B2-1,G,0.244542
B2-1_6,G_4,B2-1,G,0.242845
B2-1_6,G_5,B2-1,G,0.240929
B2-1_6,G_6,B2-1,G,0.241660
B2-1_6,G_7,B2-1,G,0.244926
B2-1_6,G_8,B2-1,G,0.241736
B2-1_6,G_9,B2-1,G,0.242034
B2-1_6,G_10,B2-1,G,0.242291
B2-1_7,B2-1_8,B2-1,B2-1,0.530702
B2-1_7,B2-1_9,B2-1,B2-1,0.416362
B2-1_7,B2-1_10,B2-1,B2-1,0.307755
B2-1_7,B2-2_1,B2-1,B2-2,0.351270
B2-1_7,B2-2_2,B2-1,B2-2,0.489108
B2-1_7,B2-2_3,B2-1,B2-2,0.388046
B2-1_7,B2-2_4,B2-1,B2-2,0.436757
B2-1_7,B2-2_5,B2-1,B2-2,0.427621
B2-1_7,B2-2_6,B2-1,B2-2,0.364795
B2-1_7,B2-2_7,B2-1,B2-2,0.389957
B2-1_7,B2-2_8,B2-1,B2-2,0.457122
B2-1_7,B2-2_9,B2-1,B2-2,0.400462
B2-1_7,B2-2_10,B2-1,B2-2,0.268833
B2-1_7,C_1,B2-1,C,0.299102
B2-1_7,C_2,B2-1,C,0.338136
B2-1_7,C_3,B2-1,C,0.266522
B2-1_7,C_4,B2-1,C,0.415497
B2-1_7,C_5,B2-1,C,0.412483
B2-1_7,C_6,B2-1,C,0.222621
B2-1_7,C_7,B2-1,C,0.233945
B2-1_7,C_8,B2-1,C,0.349746
B2-1_7,C_9,B2-1,C,0.313484
B2-1_7,C_10,B2-1,C,0.364980
B2-1_7,D1_1,B2-1,D1,0.429262
B2-1_7,D1_2,B2-1,D1,0.340572
B2-1_7,D1_3,B2-1,D1,0.260680
B2-1_7,D1_4,B2-1,D1,0.497689
B2-1_7,D1_5,B2-1,D1,0.445327
B2-1_7,D1_6,B2-1,D1,0.330715
B2-1_7,D1_7,B2-1,D1,0.368545
B2-1_7,D1_8,B2-1,D1,0.437998
B2-1_7,D1_9,B2-1,D1,0.399723
B2-1_7,D1_10,B2-1,D1,0.336268
B2-1_7,D2_1,B2-1,D2,0.411244
B2-1_7,D2_2,B2-1,D2,0.495512
B2-1_7,D2_3,B2-1,D2,0.381138
B2-1_7,D2_4,B2-1,D2,0.548338
B2-1_7,D2_5,B2-1,D2,0.523891
B2-1_7,D2_6,B2-1,D2,0.354012
B2-1_7,D2_7,B2-1,D2,0.388208
B2-1_7,D2_8,B2-1,D2,0.498844
B2-1_7,D2_9,B2-1,D2,0.518455
B2-1_7,D2_10,B2-1,D2,0.524506
B2-1_7,D3_1,B2-1,D3,0.223439
B2-1_7,D3_2,B2-1,D3,0.481292
B2-1_7,D3_3,B2-1,D3,0.377403
B2-1_7,D3_4,B2-1,D3,0.448013
B2-1_7,D3_5,B2-1,D3,0.432441
B2-1_7,D3_6,B2-1,D3,0.365212
B2-1_7,D3_7,B2-1,D3,0.439412
B2-1_7,D3_8,B2-1,D3,0.449111
B2-1_7,D3_9,B2-1,D3,0.386180
B2-1_7,D3_10,B2-1,D3,0.412601
B2-1_7,D4_1,B2-1,D4,0.495660
B2-1_7,D4_2,B2-1,D4,0.563115
B2-1_7,D4_3,B2-1,D4,0.343386
B2-1_7,D4_4,B2-1,D4,0.416235
B2-1_7,D4_5,B2-1,D4,0.503884
B2-1_7,D4_6,B2-1,D4,0.474875
B2-1_7,D4_7,B2-1,D4,0.342437
B2-1_7,D4_8,B2-1,D4,0.629405
B2-1_7,D4_9,B2-1,D4,0.412662
B2-1_7,D4_10,B2-1,D4,0.439483
B2-1_7,E1_1,B2-1,E1,0.418884
B2-1_7,E1_2,B2-1,E1,0.327267
B2-1_7,E1_3,B2-1,E1,0.309559
B2-1_7,E1_4,B2-1,E1,0.422458
B2-1_7,E1_5,B2-1,E1,0.349762
B2-1_7,E1_6,B2-1,E1,0.351990
B2-1_7,E1_7,B2-1,E1,0.333601
B2-1_7,E1_8,B2-1,E1,0.294108
B2-1_7,E1_9,B2-1,E1,0.406759
B2-1_7,E1_10,B2-1,E1,0.424951
B2-1_7,E2_1,B2-1,E2,0.419032
B2-1_7,E2_2,B2-1,E2,0.402030
B2-1_7,E2_3,B2-1,E2,0.451156
B2-1_7,E2_4,B2-1,E2,0.337981
B2-1_7,E2_5,B2-1,E2,0.332103
B2-1_7,E2_6,B2-1,E2,0.473645
B2-1_7,E2_7,B2-1,E2,0.383540
B2-1_7,E2_8,B2-1,E2,0.332264
B2-1_7,E2_9,B2-1,E2,0.302773
B2-1_7,E2_10,B2-1,E2,0.395891
B2-1_7,F1_1,B2-1,F1,0.230521
B2-1_7,F1_2,B2-1,F1,0.260382
B2-1_7,F1_3,B2-1,F1,0.386801
B2-1_7,F1_4,B2-1,F1,0.389035
B2-1_7,F1_5,B2-1,F1,0.337388
B2-1_7,F1_6,B2-1,F1,0.392233
B2-1_7,F1_7,B2-1,F1,0.350579
B2-1_7,F1_8,B2-1,F1,0.202457
B2-1_7,F1_9,B2-1,F1,0.306425
B2-1_7,F1_10,B2-1,F1,0.402799
B2-1_7,F2_1,B2-1,F2,0.219767
B2-1_7,F2_2,B2-1,F2,0.321169
B2-1_7,F2_3,B2-1,F2,0.414950
B2-1_7,F2_4,B2-1,F2,0.306615
B2-1_7,F2_5,B2-1,F2,0.399538
B2-1_7,F2_6,B2-1,F2,0.337810
B2-1_7,F2_7,B2-1,F2,0.392791
B2-1_7,F2_8,B2-1,F2,0.355063
B2-1_7,F2_9,B2-1,F2,0.379800
B2-1_7,F2_10,B2-1,F2,0.323102
B2-1_7,G_1,B2-1,G,0.270243
B2-1_7,G_2,B2-1,G,0.270958
B2-1_7,G_3,B2-1,G,0.272652
B2-1_7,G_4,B2-1,G,0.271291
B2-1_7,G_5,B2-1,G,0.268289
B2-1_7,G_6,B2-1,G,0.269839
B2-1_7,G_7,B2-1,G,0.272153
B2-1_7,G_8,B2-1,G,0.269077
B2-1_7,G_9,B2-1,G,0.270518
B2-1_7,G_10,B2-1,G,0.270473
B2-1_8,B2-1_9,B2-1,B2-1,0.410909
B2-1_8,B2-1_10,B2-1,B2-1,0.402836
B2-1_8,B2-2_1,B2-1,B2-2,0.473638
B2-1_8,B2-2_2,B2-1,B2-2,0.438713
B2-1_8,B2-2_3,B2-1,B2-2,0.378298
B2-1_8,B2-2_4,B2-1,B2-2,0.521597
B2-1_8,B2-2_5,B2-1,B2-2,0.510198
B2-1_8,B2-2_6,B2-1,B2-2,0.358861
B2-1_8,B2-2_7,B2-1,B2-2,0.417074
B2-1_8,B2-2_8,B2-1,B2-2,0.499928
B2-1_8,B2-2_9,B2-1,B2-2,0.361107
B2-1_8,B2-2_10,B2-1,B2-2,0.474312
B2-1_8,C_1,B2-1,C,0.498266
B2-1_8,C_2,B2-1,C,0.413450
B2-1_8,C_3,B2-1,C,0.483021
B2-1_8,C_4,B2-1,C,0.418523
B2-1_8,C_5,B2-1,C,0.366897
B2-1_8,C_6,B2-1,C,0.463910
B2-1_8,C_7,B2-1,C,0.493537
B2-1_8,C_8,B2-1,C,0.439645
B2-1_8,C_9,B2-1,C,0.363163
B2-1_8,C_10,B2-1,C,0.453204
B2-1_8,D1_1,B2-1,D1,0.510415
B2-1_8,D1_2,B2-1,D1,0.517936
B2-1_8,D1_3,B2-1,D1,0.499348
B2-1_8,D1_4,B2-1,D1,0.570602
B2-1_8,D1_5,B2-1,D1,0.517819
B2-1_8,D1_6,B2-1,D1,0.424564
B2-1_8,D1_7,B2-1,D1,0.453475
B2-1_8,D1_8,B2-1,D1,0.400339
B2-1_8,D1_9,B2-1,D1,0.523362
B2-1_8,D1_10,B2-1,D1,0.430150
B2-1_8,D2_1,B2-1,D2,0.492153
B2-1_8,D2_2,B2-1,D2,0.568668
B2-1_8,D2_3,B2-1,D2,0.562829
B2-1_8,D2_4,B2-1,D2,0.539513
B2-1_8,D2_5,B2-1,D2,0.590502
B2-1_8,D2_6,B2-1,D2,0.506548
B2-1_8,D2_7,B2-1,D2,0.480428
B2-1_8,D2_8,B2-1,D2,0.563591
B2-1_8,D2_9,B2-1,D2,0.592537
B2-1_8,D2_10,B2-1,D2,0.534229
B2-1_8,D3_1,B2-1,D3,0.567340
B2-1_8,D3_2,B2-1,D3,0.393554
B2-1_8,D3_3,B2-1,D3,0.482051
B2-1_8,D3_4,B2-1,D3,0.525672
B2-1_8,D3_5,B2-1,D3,0.510948
B2-1_8,D3_6,B2-1,D3,0.423721
B2-1_8,D3_7,B2-1,D3,0.563900
B2-1_8,D3_8,B2-1,D3,0.319701
B2-1_8,D3_9,B2-1,D3,0.428550
B2-1_8,D3_10,B2-1,D3,0.454640
B2-1_8,D4_1,B2-1,D4,0.585549
B2-1_8,D4_2,B2-1,D4,0.605338
B2-1_8,D4_3,B2-1,D4,0.403606
B2-1_8,D4_4,B2-1,D4,0.621496
B2-1_8,D4_5,B2-1,D4,0.409014
B2-1_8,D4_6,B2-1,D4,0.546590
B2-1_8,D4_7,B2-1,D4,0.560006
B2-1_8,D4_8,B2-1,D4,0.518656
B2-1_8,D4_9,B2-1,D4,0.575662
B2-1_8,D4_10,B2-1,D4,0.520783
B2-1_8,E1_1,B2-1,E1,0.507050
B2-1_8,E1_2,B2-1,E1,0.418587
B2-1_8,E1_3,B2-1,E1,0.403514
B2-1_8,E1_4,B2-1,E1,0.493829
B2-1_8,E1_5,B2-1,E1,0.441578
B2-1_8,E1_6,B2-1,E1,0.441623
B2-1_8,E1_7,B2-1,E1,0.341553
B2-1_8,E1_8,B2-1,E1,0.441623
B2-1_8,E1_9,B2-1,E1,0.290834
B2-1_8,E1_10,B2-1,E1,0.507710
B2-1_8,E2_1,B2-1,E2,0.497543
B2-1_8,E2_2,B2-1,E2,0.439645
B2-1_8,E2_3,B2-1,E2,0.395230
B2-1_8,E2_4,B2-1,E2,0.451362
B2-1_8,E2_5,B2-1,E2,0.480434
B2-1_8,E2_6,B2-1,E2,0.547395
B2-1_8,E2_7,B2-1,E2,0.483871
B2-1_8,E2_8,B2-1,E2,0.351811
B2-1_8,E2_9,B2-1,E2,0.416565
B2-1_8,E2_10,B2-1,E2,0.473707
B2-1_8,F1_1,B2-1,F1,0.458865
B2-1_8,F1_2,B2-1,F1,0.436265
B2-1_8,F1_3,B2-1,F1,0.474467
B2-1_8,F1_4,B2-1,F1,0.478376
B2-1_8,F1_5,B2-1,F1,0.498914
B2-1_8,F1_6,B2-1,F1,0.477533
B2-1_8,F1_7,B2-1,F1,0.408044
B2-1_8,F1_8,B2-1,F1,0.474838
B2-1_8,F1_9,B2-1,F1,0.406337
B2-1_8,F1_10,B2-1,F1,0.494114
B2-1_8,F2_1,B2-1,F2,0.428550
B2-1_8,F2_2,B2-1,F2,0.345191
B2-1_8,F2_3,B2-1,F2,0.496883
B2-1_8,F2_4,B2-1,F2,0.461048
B2-1_8,F2_5,B2-1,F2,0.337870
B2-1_8,F2_6,B2-1,F2,0.431509
B2-1_8,F2_7,B2-1,F2,0.288874
B2-1_8,F2_8,B2-1,F2,0.378459
B2-1_8,F2_9,B2-1,F2,0.470988
B2-1_8,F2_10,B2-1,F2,0.343410
B2-1_8,G_1,B2-1,G,0.374804
B2-1_8,G_2,B2-1,G,0.372764
B2-1_8,G_3,B2-1,G,0.373038
B2-1_8,G_4,B2-1,G,0.371545
B2-1_8,G_5,B2-1,G,0.371702
B2-1_8,G_6,B2-1,G,0.371980
B2-1_8,G_7,B2-1,G,0.373588
B2-1_8,G_8,B2-1,G,0.371406
B2-1_8,G_9,B2-1,G,0.371918
B2-1_8,G_10,B2-1,G,0.372370
B2-1_9,B2-1_10,B2-1,B2-1,0.264347
B2-1_9,B2-2_1,B2-1,B2-2,0.348089
B2-1_9,B2-2_2,B2-1,B2-2,0.478846
B2-1_9,B2-2_3,B2-1,B2-2,0.305574
B2-1_9,B2-2_4,B2-1,B2-2,0.400216
B2-1_9,B2-2_5,B2-1,B2-2,0.389389
B2-1_9,B2-2_6,B2-1,B2-2,0.356238
B2-1_9,B2-2_7,B2-1,B2-2,0.277722
B2-1_9,B2-2_8,B2-1,B2-2,0.352736
B2-1_9,B2-2_9,B2-1,B2-2,0.361339
B2-1_9,B2-2_10,B2-1,B2-2,0.347826
B2-1_9,C_1,B2-1,C,0.380040
B2-1_9,C_2,B2-1,C,0.294901
B2-1_9,C_3,B2-1,C,0.359583
B2-1_9,C_4,B2-1,C,0.378146
B2-1_9,C_5,B2-1,C,0.372239
B2-1_9,C_6,B2-1,C,0.335633
B2-1_9,C_7,B2-1,C,0.373492
B2-1_9,C_8,B2-1,C,0.304966
B2-1_9,C_9,B2-1,C,0.271562
B2-1_9,C_10,B2-1,C,0.321919
B2-1_9,D1_1,B2-1,D1,0.357753
B2-1_9,D1_2,B2-1,D1,0.397901
B2-1_9,D1_3,B2-1,D1,0.376038
B2-1_9,D1_4,B2-1,D1,0.349595
B2-1_9,D1_5,B2-1,D1,0.411341
B2-1_9,D1_6,B2-1,D1,0.289755
B2-1_9,D1_7,B2-1,D1,0.294562
B2-1_9,D1_8,B2-1,D1,0.215440
B2-1_9,D1_9,B2-1,D1,0.282972
B2-1_9,D1_10,B2-1,D1,0.287081
B2-1_9,D2_1,B2-1,D2,0.465958
B2-1_9,D2_2,B2-1,D2,0.353165
B2-1_9,D2_3,B2-1,D2,0.452171
B2-1_9,D2_4,B2-1,D2,0.514670
B2-1_9,D2_5,B2-1,D2,0.449911
B2-1_9,D2_6,B2-1,D2,0.384950
B2-1_9,D2_7,B2-1,D2,0.340000
B2-1_9,D2_8,B2-1,D2,0.543030
B2-1_9,D2_9,B2-1,D2,0.403107
B2-1_9,D2_10,B2-1,D2,0.409781
B2-1_9,D3_1,B2-1,D3,0.479103
B2-1_9,D3_2,B2-1,D3,0.316080
B2-1_9,D3_3,B2-1,D3,0.429264
B2-1_9,D3_4,B2-1,D3,0.410296
B2-1_9,D3_5,B2-1,D3,0.392824
B2-1_9,D3_6,B2-1,D3,0.400525
B2-1_9,D3_7,B2-1,D3,0.452501
B2-1_9,D3_8,B2-1,D3,0.327038
B2-1_9,D3_9,B2-1,D3,0.317939
B2-1_9,D3_10,B2-1,D3,0.477903
B2-1_9,D4_1,B2-1,D4,0.402799
B2-1_9,D4_2,B2-1,D4,0.531130
B2-1_9,D4_3,B2-1,D4,0.341756
B2-1_9,D4_4,B2-1,D4,0.452622
B2-1_9,D4_5,B2-1,D4,0.421756
B2-1_9,D4_6,B2-1,D4,0.355228
B2-1_9,D4_7,B2-1,D4,0.340538
B2-1_9,D4_8,B2-1,D4,0.413339
B2-1_9,D4_9,B2-1,D4,0.400000
B2-1_9,D4_10,B2-1,D4,0.404740
B2-1_9,E1_1,B2-1,E1,0.382999
B2-1_9,E1_2,B2-1,E1,0.281762
B2-1_9,E1_3,B2-1,E1,0.267380
B2-1_9,E1_4,B2-1,E1,0.339251
B2-1_9,E1_5,B2-1,E1,0.310866
B2-1_9,E1_6,B2-1,E1,0.309559
B2-1_9,E1_7,B2-1,E1,0.296022
B2-1_9,E1_8,B2-1,E1,0.313678
B2-1_9,E1_9,B2-1,E1,0.367633
B2-1_9,E1_10,B2-1,E1,0.383248
B2-1_9,E2_1,B2-1,E2,0.382211
B2-1_9,E2_2,B2-1,E2,0.360404
B2-1_9,E2_3,B2-1,E2,0.188297
B2-1_9,E2_4,B2-1,E2,0.404006
B2-1_9,E2_5,B2-1,E2,0.368496
B2-1_9,E2_6,B2-1,E2,0.438546
B2-1_9,E2_7,B2-1,E2,0.366279
B2-1_9,E2_8,B2-1,E2,0.293576
B2-1_9,E2_9,B2-1,E2,0.396698
B2-1_9,E2_10,B2-1,E2,0.483182
B2-1_9,F1_1,B2-1,F1,0.330172
B2-1_9,F1_2,B2-1,F1,0.326721
B2-1_9,F1_3,B2-1,F1,0.344343
B2-1_9,F1_4,B2-1,F1,0.350952
B2-1_9,F1_5,B2-1,F1,0.346086
B2-1_9,F1_6,B2-1,F1,0.217757
B2-1_9,F1_7,B2-1,F1,0.231988
B2-1_9,F1_8,B2-1,F1,0.349244
B2-1_9,F1_9,B2-1,F1,0.266711
B2-1_9,F1_10,B2-1,F1,0.268447
B2-1_9,F2_1,B2-1,F2,0.291358
B2-1_9,F2_2,B2-1,F2,0.283069
B2-1_9,F2_3,B2-1,F2,0.244162
B2-1_9,F2_4,B2-1,F2,0.334243
B2-1_9,F2_5,B2-1,F2,0.363264
B2-1_9,F2_6,B2-1,F2,0.296029
B2-1_9,F2_7,B2-1,F2,0.299295
B2-1_9,F2_8,B2-1,F2,0.314722
B2-1_9,F2_9,B2-1,F2,0.234673
B2-1_9,F2_10,B2-1,F2,0.281618
B2-1_9,G_1,B2-1,G,0.226915
B2-1_9,G_2,B2-1,G,0.226209
B2-1_9,G_3,B2-1,G,0.225547
B2-1_9,G_4,B2-1,G,0.225034
B2-1_9,G_5,B2-1,G,0.223686
B2-1_9,G_6,B2-1,G,0.225961
B2-1_9,G_7,B2-1,G,0.225034
B2-1_9,G_8,B2-1,G,0.225415
B2-1_9,G_9,B2-1,G,0.223592
B2-1_9,G_10,B2-1,G,0.224465
B2-1_10,B2-2_1,B2-1,B2-2,0.228942
B2-1_10,B2-2_2,B2-1,B2-2,0.376134
B2-1_10,B2-2_3,B2-1,B2-2,0.227133
B2-1_10,B2-2_4,B2-1,B2-2,0.286304
B2-1_10,B2-2_5,B2-1,B2-2,0.273015
B2-1_10,B2-2_6,B2-1,B2-2,0.216606
B2-1_10,B2-2_7,B2-1,B2-2,0.227257
B2-1_10,B2-2_8,B2-1,B2-2,0.313069
B2-1_10,B2-2_9,B2-1,B2-2,0.239429
B2-1_10,B2-2_10,B2-1,B2-2,0.223479
B2-1_10,C_1,B2-1,C,0.261080
B2-1_10,C_2,B2-1,C,0.162646
B2-1_10,C_3,B2-1,C,0.239171
B2-1_10,C_4,B2-1,C,0.258818
B2-1_10,C_5,B2-1,C,0.253952
B2-1_10,C_6,B2-1,C,0.210290
B2-1_10,C_7,B2-1,C,0.251180
B2-1_10,C_8,B2-1,C,0.175757
B2-1_10,C_9,B2-1,C,0.137702
B2-1_10,C_10,B2-1,C,0.195550
B2-1_10,D1_1,B2-1,D1,0.274663
B2-1_10,D1_2,B2-1,D1,0.285053
B2-1_10,D1_3,B2-1,D1,0.263908
B2-1_10,D1_4,B2-1,D1,0.353221
B2-1_10,D1_5,B2-1,D1,0.298341
B2-1_10,D1_6,B2-1,D1,0.159731
B2-1_10,D1_7,B2-1,D1,0.201630
B2-1_10,D1_8,B2-1,D1,0.285502
B2-1_10,D1_9,B2-1,D1,0.272864
B2-1_10,D1_10,B2-1,D1,0.164219
B2-1_10,D2_1,B2-1,D2,0.345976
B2-1_10,D2_2,B2-1,D2,0.352081
B2-1_10,D2_3,B2-1,D2,0.345202
B2-1_10,D2_4,B2-1,D2,0.418243
B2-1_10,D2_5,B2-1,D2,0.391641
B2-1_10,D2_6,B2-1,D2,0.270865
B2-1_10,D2_7,B2-1,D2,0.275902
B2-1_10,D2_8,B2-1,D2,0.432351
B2-1_10,D2_9,B2-1,D2,0.383201
B2-1_10,D2_10,B2-1,D2,0.388025
B2-1_10,D3_1,B2-1,D3,0.366230
B2-1_10,D3_2,B2-1,D3,0.343715
B2-1_10,D3_3,B2-1,D3,0.313477
B2-1_10,D3_4,B2-1,D3,0.299770
B2-1_10,D3_5,B2-1,D3,0.280273
B2-1_10,D3_6,B2-1,D3,0.288147
B2-1_10,D3_7,B2-1,D3,0.349754
B2-1_10,D3_8,B2-1,D3,0.299228
B2-1_10,D3_9,B2-1,D3,0.343396
B2-1_10,D3_10,B2-1,D3,0.361954
B2-1_10,D4_1,B2-1,D4,0.372235
B2-1_10,D4_2,B2-1,D4,0.434579
B2-1_10,D4_3,B2-1,D4,0.273167
B2-1_10,D4_4,B2-1,D4,0.422077
B2-1_10,D4_5,B2-1,D4,0.372020
B2-1_10,D4_6,B2-1,D4,0.330540
B2-1_10,D4_7,B2-1,D4,0.345791
B2-1_10,D4_8,B2-1,D4,0.515612
B2-1_10,D4_9,B2-1,D4,0.401970
B2-1_10,D4_10,B2-1,D4,0.287934
B2-1_10,E1_1,B2-1,E1,0.264258
B2-1_10,E1_2,B2-1,E1,0.151418
B2-1_10,E1_3,B2-1,E1,0.131987
B2-1_10,E1_4,B2-1,E1,0.269680
B2-1_10,E1_5,B2-1,E1,0.180035
B2-1_10,E1_6,B2-1,E1,0.184952
B2-1_10,E1_7,B2-1,E1,0.164925
B2-1_10,E1_8,B2-1,E1,0.185269
B2-1_10,E1_9,B2-1,E1,0.250338
B2-1_10,E1_10,B2-1,E1,0.266901
B2-1_10,E2_1,B2-1,E2,0.262120
B2-1_10,E2_2,B2-1,E2,0.239559
B2-1_10,E2_3,B2-1,E2,0.307642
B2-1_10,E2_4,B2-1,E2,0.276436
B2-1_10,E2_5,B2-1,E2,0.249198
B2-1_10,E2_6,B2-1,E2,0.330213
B2-1_10,E2_7,B2-1,E2,0.228040
B2-1_10,E2_8,B2-1,E2,0.159425
B2-1_10,E2_9,B2-1,E2,0.264003
B2-1_10,E2_10,B2-1,E2,0.376058
B2-1_10,F1_1,B2-1,F1,0.206015
B2-1_10,F1_2,B2-1,F1,0.182328
B2-1_10,F1_3,B2-1,F1,0.222832
B2-1_10,F1_4,B2-1,F1,0.229405
B2-1_10,F1_5,B2-1,F1,0.254714
B2-1_10,F1_6,B2-1,F1,0.226138
B2-1_10,F1_7,B2-1,F1,0.183219
B2-1_10,F1_8,B2-1,F1,0.208571
B2-1_10,F1_9,B2-1,F1,0.128228
B2-1_10,F1_10,B2-1,F1,0.248733
B2-1_10,F2_1,B2-1,F2,0.160667
B2-1_10,F2_2,B2-1,F2,0.144492
B2-1_10,F2_3,B2-1,F2,0.254377
B2-1_10,F2_4,B2-1,F2,0.209391
B2-1_10,F2_5,B2-1,F2,0.240935
B2-1_10,F2_6,B2-1,F2,0.164190
B2-1_10,F2_7,B2-1,F2,0.228903
B2-1_10,F2_8,B2-1,F2,0.185237
B2-1_10,F2_9,B2-1,F2,0.216905
B2-1_10,F2_10,B2-1,F2,0.150509
B2-1_10,G_1,B2-1,G,0.084135
B2-1_10,G_2,B2-1,G,0.081021
B2-1_10,G_3,B2-1,G,0.083364
B2-1_10,G_4,B2-1,G,0.080326
B2-1_10,G_5,B2-1,G,0.079089
B2-1_10,G_6,B2-1,G,0.080451
B2-1_10,G_7,B2-1,G,0.085287
B2-1_10,G_8,B2-1,G,0.078933
B2-1_10,G_9,B2-1,G,0.080355
B2-1_10,G_10,B2-1,G,0.082116
B2-2_1,B2-2_2,B2-2,B2-2,0.451916
B2-2_1,B2-2_3,B2-2,B2-2,0.314842
B2-2_1,B2-2_4,B2-2,B2-2,0.234683
B2-2_1,B2-2_5,B2-2,B2-2,0.325964
B2-2_1,B2-2_6,B2-2,B2-2,0.326234
B2-2_1,B2-2_7,B2-2,B2-2,0.316499
B2-2_1,B2-2_8,B2-2,B2-2,0.297851
B2-2_1,B2-2_9,B2-2,B2-2,0.330166
B2-2_1,B2-2_10,B2-2,B2-2,0.313375
B2-2_1,C_1,B2-2,C,0.311353
B2-2_1,C_2,B2-2,C,0.259284
B2-2_1,C_3,B2-2,C,0.327255
B2-2_1,C_4,B2-2,C,0.287578
B2-2_1,C_5,B2-2,C,0.332477
B2-2_1,C_6,B2-2,C,0.259862
B2-2_1,C_7,B2-2,C,0.302405
B2-2_1,C_8,B2-2,C,0.272121
B2-2_1,C_9,B2-2,C,0.234082
B2-2_1,C_10,B2-2,C,0.193981
B2-2_1,D1_1,B2-2,D1,0.361611
B2-2_1,D1_2,B2-2,D1,0.368413
B2-2_1,D1_3,B2-2,D1,0.347791
B2-2_1,D1_4,B2-2,D1,0.378437
B2-2_1,D1_5,B2-2,D1,0.281400
B2-2_1,D1_6,B2-2,D1,0.208585
B2-2_1,D1_7,B2-2,D1,0.294756
B2-2_1,D1_8,B2-2,D1,0.368313
B2-2_1,D1_9,B2-2,D1,0.370324
B2-2_1,D1_10,B2-2,D1,0.224542
B2-2_1,D2_1,B2-2,D2,0.444394
B2-2_1,D2_2,B2-2,D2,0.432048
B2-2_1,D2_3,B2-2,D2,0.389933
B2-2_1,D2_4,B2-2,D2,0.361252
B2-2_1,D2_5,B2-2,D2,0.327700
B2-2_1,D2_6,B2-2,D2,0.251642
B2-2_1,D2_7,B2-2,D2,0.376351
B2-2_1,D2_8,B2-2,D2,0.503608
B2-2_1,D2_9,B2-2,D2,0.363823
B2-2_1,D2_10,B2-2,D2,0.464899
B2-2_1,D3_1,B2-2,D3,0.425315
B2-2_1,D3_2,B2-2,D3,0.394240
B2-2_1,D3_3,B2-2,D3,0.383463
B2-2_1,D3_4,B2-2,D3,0.305605
B2-2_1,D3_5,B2-2,D3,0.363823
B2-2_1,D3_6,B2-2,D3,0.333065
B2-2_1,D3_7,B2-2,D3,0.424367
B2-2_1,D3_8,B2-2,D3,0.380103
B2-2_1,D3_9,B2-2,D3,0.419384
B2-2_1,D3_10,B2-2,D3,0.450411
B2-2_1,D4_1,B2-2,D4,0.450269
B2-2_1,D4_2,B2-2,D4,0.503398
B2-2_1,D4_3,B2-2,D4,0.374235
B2-2_1,D4_4,B2-2,D4,0.465701
B2-2_1,D4_5,B2-2,D4,0.448430
B2-2_1,D4_6,B2-2,D4,0.394202
B2-2_1,D4_7,B2-2,D4,0.389269
B2-2_1,D4_8,B2-2,D4,0.454057
B2-2_1,D4_9,B2-2,D4,0.444578
B2-2_1,D4_10,B2-2,D4,0.371896
B2-2_1,E1_1,B2-2,E1,0.177380
B2-2_1,E1_2,B2-2,E1,0.250042
B2-2_1,E1_3,B2-2,E1,0.231176
B2-2_1,E1_4,B2-2,E1,0.358126
B2-2_1,E1_5,B2-2,E1,0.274900
B2-2_1,E1_6,B2-2,E1,0.273469
B2-2_1,E1_7,B2-2,E1,0.255473
B2-2_1,E1_8,B2-2,E1,0.275478
B2-2_1,E1_9,B2-2,E1,0.339856
B2-2_1,E1_10,B2-2,E1,0.353418
B2-2_1,E2_1,B2-2,E2,0.351673
B2-2_1,E2_2,B2-2,E2,0.328389
B2-2_1,E2_3,B2-2,E2,0.388431
B2-2_1,E2_4,B2-2,E2,0.378505
B2-2_1,E2_5,B2-2,E2,0.336542
B2-2_1,E2_6,B2-2,E2,0.249112
B2-2_1,E2_7,B2-2,E2,0.338026
B2-2_1,E2_8,B2-2,E2,0.256802
B2-2_1,E2_9,B2-2,E2,0.368735
B2-2_1,E2_10,B2-2,E2,0.422527
B2-2_1,F1_1,B2-2,F1,0.256634
B2-2_1,F1_2,B2-2,F1,0.297257
B2-2_1,F1_3,B2-2,F1,0.301163
B2-2_1,F1_4,B2-2,F1,0.167196
B2-2_1,F1_5,B2-2,F1,0.342341
B2-2_1,F1_6,B2-2,F1,0.316558
B2-2_1,F1_7,B2-2,F1,0.276790
B2-2_1,F1_8,B2-2,F1,0.318410
B2-2_1,F1_9,B2-2,F1,0.229889
B2-2_1,F1_10,B2-2,F1,0.339635
B2-2_1,F2_1,B2-2,F2,0.257685
B2-2_1,F2_2,B2-2,F2,0.245519
B2-2_1,F2_3,B2-2,F2,0.341225
B2-2_1,F2_4,B2-2,F2,0.287153
B2-2_1,F2_5,B2-2,F2,0.326564
B2-2_1,F2_6,B2-2,F2,0.260228
B2-2_1,F2_7,B2-2,F2,0.320972
B2-2_1,F2_8,B2-2,F2,0.277436
B2-2_1,F2_9,B2-2,F2,0.311104
B2-2_1,F2_10,B2-2,F2,0.247801
B2-2_1,G_1,B2-2,G,0.189902
B2-2_1,G_2,B2-2,G,0.187314
B2-2_1,G_3,B2-2,G,0.188188
B2-2_1,G_4,B2-2,G,0.185762
B2-2_1,G_5,B2-2,G,0.184349
B2-2_1,G_6,B2-2,G,0.186758
B2-2_1,G_7,B2-2,G,0.190194
B2-2_1,G_8,B2-2,G,0.185827
B2-2_1,G_9,B2-2,G,0.186461
B2-2_1,G_10,B2-2,G,0.187380
B2-2_2,B2-2_3,B2-2,B2-2,0.431887
B2-2_2,B2-2_4,B2-2,B2-2,0.494857
B2-2_2,B2-2_5,B2-2,B2-2,0.487482
B2-2_2,B2-2_6,B2-2,B2-2,0.417212
B2-2_2,B2-2_7,B2-2,B2-2,0.451767
B2-2_2,B2-2_8,B2-2,B2-2,0.516060
B2-2_2,B2-2_9,B2-2,B2-2,0.361987
B2-2_2,B2-2_10,B2-2,B2-2,0.385979
B2-2_2,C_1,B2-2,C,0.475033
B2-2_2,C_2,B2-2,C,0.389070
B2-2_2,C_3,B2-2,C,0.338986
B2-2_2,C_4,B2-2,C,0.392818
B2-2_2,C_5,B2-2,C,0.343053
B2-2_2,C_6,B2-2,C,0.438647
B2-2_2,C_7,B2-2,C,0.470787
B2-2_2,C_8,B2-2,C,0.413140
B2-2_2,C_9,B2-2,C,0.334402
B2-2_2,C_10,B2-2,C,0.429542
B2-2_2,D1_1,B2-2,D1,0.486817
B2-2_2,D1_2,B2-2,D1,0.300507
B2-2_2,D1_3,B2-2,D1,0.463429
B2-2_2,D1_4,B2-2,D1,0.546357
B2-2_2,D1_5,B2-2,D1,0.494194
B2-2_2,D1_6,B2-2,D1,0.398615
B2-2_2,D1_7,B2-2,D1,0.353668
B2-2_2,D1_8,B2-2,D1,0.497106
B2-2_2,D1_9,B2-2,D1,0.497541
B2-2_2,D1_10,B2-2,D1,0.398181
B2-2_2,D2_1,B2-2,D2,0.551282
B2-2_2,D2_2,B2-2,D2,0.544754
B2-2_2,D2_3,B2-2,D2,0.535205
B2-2_2,D2_4,B2-2,D2,0.512104
B2-2_2,D2_5,B2-2,D2,0.454329
B2-2_2,D2_6,B2-2,D2,0.378256
B2-2_2,D2_7,B2-2,D2,0.437321
B2-2_2,D2_8,B2-2,D2,0.608760
B2-2_2,D2_9,B2-2,D2,0.569580
B2-2_2,D2_10,B2-2,D2,0.501011
B2-2_2,D3_1,B2-2,D3,0.564911
B2-2_2,D3_2,B2-2,D3,0.482985
B2-2_2,D3_3,B2-2,D3,0.518767
B2-2_2,D3_4,B2-2,D3,0.313028
B2-2_2,D3_5,B2-2,D3,0.291371
B2-2_2,D3_6,B2-2,D3,0.402833
B2-2_2,D3_7,B2-2,D3,0.363694
B2-2_2,D3_8,B2-2,D3,0.509626
B2-2_2,D3_9,B2-2,D3,0.484906
B2-2_2,D3_10,B2-2,D3,0.442744
B2-2_2,D4_1,B2-2,D4,0.564166
B2-2_2,D4_2,B2-2,D4,0.584653
B2-2_2,D4_3,B2-2,D4,0.496378
B2-2_2,D4_4,B2-2,D4,0.601319
B2-2_2,D4_5,B2-2,D4,0.442630
B2-2_2,D4_6,B2-2,D4,0.521727
B2-2_2,D4_7,B2-2,D4,0.536812
B2-2_2,D4_8,B2-2,D4,0.676568
B2-2_2,D4_9,B2-2,D4,0.553206
B2-2_2,D4_10,B2-2,D4,0.413366
B2-2_2,E1_1,B2-2,E1,0.480263
B2-2_2,E1_2,B2-2,E1,0.394619
B2-2_2,E1_3,B2-2,E1,0.348400
B2-2_2,E1_4,B2-2,E1,0.303347
B2-2_2,E1_5,B2-2,E1,0.416882
B2-2_2,E1_6,B2-2,E1,0.417847
B2-2_2,E1_7,B2-2,E1,0.314764
B2-2_2,E1_8,B2-2,E1,0.418810
B2-2_2,E1_9,B2-2,E1,0.352193
B2-2_2,E1_10,B2-2,E1,0.480445
B2-2_2,E2_1,B2-2,E2,0.477409
B2-2_2,E2_2,B2-2,E2,0.462017
B2-2_2,E2_3,B2-2,E2,0.504610
B2-2_2,E2_4,B2-2,E2,0.447124
B2-2_2,E2_5,B2-2,E2,0.351532
B2-2_2,E2_6,B2-2,E2,0.525260
B2-2_2,E2_7,B2-2,E2,0.468805
B2-2_2,E2_8,B2-2,E2,0.397410
B2-2_2,E2_9,B2-2,E2,0.401967
B2-2_2,E2_10,B2-2,E2,0.569716
B2-2_2,F1_1,B2-2,F1,0.435600
B2-2_2,F1_2,B2-2,F1,0.432926
B2-2_2,F1_3,B2-2,F1,0.448379
B2-2_2,F1_4,B2-2,F1,0.452909
B2-2_2,F1_5,B2-2,F1,0.475407
B2-2_2,F1_6,B2-2,F1,0.451550
B2-2_2,F1_7,B2-2,F1,0.380767
B2-2_2,F1_8,B2-2,F1,0.414898
B2-2_2,F1_9,B2-2,F1,0.378982
B2-2_2,F1_10,B2-2,F1,0.471359
B2-2_2,F2_1,B2-2,F2,0.380009
B2-2_2,F2_2,B2-2,F2,0.313099
B2-2_2,F2_3,B2-2,F2,0.472647
B2-2_2,F2_4,B2-2,F2,0.439940
B2-2_2,F2_5,B2-2,F2,0.308831
B2-2_2,F2_6,B2-2,F2,0.403533
B2-2_2,F2_7,B2-2,F2,0.455762
B2-2_2,F2_8,B2-2,F2,0.354655
B2-2_2,F2_9,B2-2,F2,0.443828
B2-2_2,F2_10,B2-2,F2,0.393062
B2-2_2,G_1,B2-2,G,0.345872
B2-2_2,G_2,B2-2,G,0.345909
B2-2_2,G_3,B2-2,G,0.345124
B2-2_2,G_4,B2-2,G,0.343855
B2-2_2,G_5,B2-2,G,0.342693
B2-2_2,G_6,B2-2,G,0.343267
B2-2_2,G_7,B2-2,G,0.346491
B2-2_2,G_8,B2-2,G,0.344492
B2-2_2,G_9,B2-2,G,0.344756
B2-2_2,G_10,B2-2,G,0.344965
B2-2_3,B2-2_4,B2-2,B2-2,0.367975
B2-2_3,B2-2_5,B2-2,B2-2,0.350730
B2-2_3,B2-2_6,B2-2,B2-2,0.211115
B2-2_3,B2-2_7,B2-2,B2-2,0.317409
B2-2_3,B2-2_8,B2-2,B2-2,0.392675
B2-2_3,B2-2_9,B2-2,B2-2,0.275353
B2-2_3,B2-2_10,B2-2,B2-2,0.292967
B2-2_3,C_1,B2-2,C,0.345769
B2-2_3,C_2,B2-2,C,0.259806
B2-2_3,C_3,B2-2,C,0.326245
B2-2_3,C_4,B2-2,C,0.344487
B2-2_3,C_5,B2-2,C,0.339981
B2-2_3,C_6,B2-2,C,0.299673
B2-2_3,C_7,B2-2,C,0.338872
B2-2_3,C_8,B2-2,C,0.268866
B2-2_3,C_9,B2-2,C,0.234975
B2-2_3,C_10,B2-2,C,0.286279
B2-2_3,D1_1,B2-2,D1,0.350159
B2-2_3,D1_2,B2-2,D1,0.366337
B2-2_3,D1_3,B2-2,D1,0.344124
B2-2_3,D1_4,B2-2,D1,0.361789
B2-2_3,D1_5,B2-2,D1,0.379741
B2-2_3,D1_6,B2-2,D1,0.252517
B2-2_3,D1_7,B2-2,D1,0.294060
B2-2_3,D1_8,B2-2,D1,0.363150
B2-2_3,D1_9,B2-2,D1,0.290392
B2-2_3,D1_10,B2-2,D1,0.219387
B2-2_3,D2_1,B2-2,D2,0.363436
B2-2_3,D2_2,B2-2,D2,0.356002
B2-2_3,D2_3,B2-2,D2,0.421668
B2-2_3,D2_4,B2-2,D2,0.487851
B2-2_3,D2_5,B2-2,D2,0.436721
B2-2_3,D2_6,B2-2,D2,0.351086
B2-2_3,D2_7,B2-2,D2,0.343959
B2-2_3,D2_8,B2-2,D2,0.390927
B2-2_3,D2_9,B2-2,D2,0.389156
B2-2_3,D2_10,B2-2,D2,0.443978
B2-2_3,D3_1,B2-2,D3,0.427317
B2-2_3,D3_2,B2-2,D3,0.422674
B2-2_3,D3_3,B2-2,D3,0.396882
B2-2_3,D3_4,B2-2,D3,0.380203
B2-2_3,D3_5,B2-2,D3,0.364841
B2-2_3,D3_6,B2-2,D3,0.370289
B2-2_3,D3_7,B2-2,D3,0.424463
B2-2_3,D3_8,B2-2,D3,0.383837
B2-2_3,D3_9,B2-2,D3,0.420213
B2-2_3,D3_10,B2-2,D3,0.431248
B2-2_3,D4_1,B2-2,D4,0.383838
B2-2_3,D4_2,B2-2,D4,0.495503
B2-2_3,D4_3,B2-2,D4,0.282501
B2-2_3,D4_4,B2-2,D4,0.491297
B2-2_3,D4_5,B2-2,D4,0.448008
B2-2_3,D4_6,B2-2,D4,0.366840
B2-2_3,D4_7,B2-2,D4,0.352904
B2-2_3,D4_8,B2-2,D4,0.550516
B2-2_3,D4_9,B2-2,D4,0.422465
B2-2_3,D4_10,B2-2,D4,0.338774
B2-2_3,E1_1,B2-2,E1,0.352447
B2-2_3,E1_2,B2-2,E1,0.245270
B2-2_3,E1_3,B2-2,E1,0.226947
B2-2_3,E1_4,B2-2,E1,0.355007
B2-2_3,E1_5,B2-2,E1,0.273375
B2-2_3,E1_6,B2-2,E1,0.272516
B2-2_3,E1_7,B2-2,E1,0.258930
B2-2_3,E1_8,B2-2,E1,0.278523
B2-2_3,E1_9,B2-2,E1,0.209218
B2-2_3,E1_10,B2-2,E1,0.353688
B2-2_3,E2_1,B2-2,E2,0.342243
B2-2_3,E2_2,B2-2,E2,0.328723
B2-2_3,E2_3,B2-2,E2,0.382339
B2-2_3,E2_4,B2-2,E2,0.273181
B2-2_3,E2_5,B2-2,E2,0.333654
B2-2_3,E2_6,B2-2,E2,0.409175
B2-2_3,E2_7,B2-2,E2,0.314119
B2-2_3,E2_8,B2-2,E2,0.254405
B2-2_3,E2_9,B2-2,E2,0.332639
B2-2_3,E2_10,B2-2,E2,0.456153
B2-2_3,F1_1,B2-2,F1,0.297660
B2-2_3,F1_2,B2-2,F1,0.251851
B2-2_3,F1_3,B2-2,F1,0.309857
B2-2_3,F1_4,B2-2,F1,0.317866
B2-2_3,F1_5,B2-2,F1,0.345805
B2-2_3,F1_6,B2-2,F1,0.234885
B2-2_3,F1_7,B2-2,F1,0.274402
B2-2_3,F1_8,B2-2,F1,0.311393
B2-2_3,F1_9,B2-2,F1,0.228079
B2-2_3,F1_10,B2-2,F1,0.318984
B2-2_3,F2_1,B2-2,F2,0.253822
B2-2_3,F2_2,B2-2,F2,0.245191
B2-2_3,F2_3,B2-2,F2,0.263659
B2-2_3,F2_4,B2-2,F2,0.300474
B2-2_3,F2_5,B2-2,F2,0.329856
B2-2_3,F2_6,B2-2,F2,0.257832
B2-2_3,F2_7,B2-2,F2,0.317792
B2-2_3,F2_8,B2-2,F2,0.277621
B2-2_3,F2_9,B2-2,F2,0.285832
B2-2_3,F2_10,B2-2,F2,0.241829
B2-2_3,G_1,B2-2,G,0.187151
B2-2_3,G_2,B2-2,G,0.186464
B2-2_3,G_3,B2-2,G,0.186387
B2-2_3,G_4,B2-2,G,0.183962
B2-2_3,G_5,B2-2,G,0.183820
B2-2_3,G_6,B2-2,G,0.185276
B2-2_3,G_7,B2-2,G,0.188393
B2-2_3,G_8,B2-2,G,0.184661
B2-2_3,G_9,B2-2,G,0.185929
B2-2_3,G_10,B2-2,G,0.185896
B2-2_4,B2-2_5,B2-2,B2-2,0.244970
B2-2_4,B2-2_6,B2-2,B2-2,0.376193
B2-2_4,B2-2_7,B2-2,B2-2,0.370917
B2-2_4,B2-2_8,B2-2,B2-2,0.211641
B2-2_4,B2-2_9,B2-2,B2-2,0.382192
B2-2_4,B2-2_10,B2-2,B2-2,0.364912
B2-2_4,C_1,B2-2,C,0.398646
B2-2_4,C_2,B2-2,C,0.315020
B2-2_4,C_3,B2-2,C,0.376682
B2-2_4,C_4,B2-2,C,0.372195
B2-2_4,C_5,B2-2,C,0.391796
B2-2_4,C_6,B2-2,C,0.354537
B2-2_4,C_7,B2-2,C,0.391789
B2-2_4,C_8,B2-2,C,0.325912
B2-2_4,C_9,B2-2,C,0.290795
B2-2_4,C_10,B2-2,C,0.163366
B2-2_4,D1_1,B2-2,D1,0.374373
B2-2_4,D1_2,B2-2,D1,0.413725
B2-2_4,D1_3,B2-2,D1,0.330435
B2-2_4,D1_4,B2-2,D1,0.303105
B2-2_4,D1_5,B2-2,D1,0.309135
B2-2_4,D1_6,B2-2,D1,0.297479
B2-2_4,D1_7,B2-2,D1,0.346344
B2-2_4,D1_8,B2-2,D1,0.417747
B2-2_4,D1_9,B2-2,D1,0.417239
B2-2_4,D1_10,B2-2,D1,0.280437
B2-2_4,D2_1,B2-2,D2,0.449156
B2-2_4,D2_2,B2-2,D2,0.366284
B2-2_4,D2_3,B2-2,D2,0.364454
B2-2_4,D2_4,B2-2,D2,0.318970
B2-2_4,D2_5,B2-2,D2,0.405613
B2-2_4,D2_6,B2-2,D2,0.307203
B2-2_4,D2_7,B2-2,D2,0.424123
B2-2_4,D2_8,B2-2,D2,0.517995
B2-2_4,D2_9,B2-2,D2,0.247468
B2-2_4,D2_10,B2-2,D2,0.461356
B2-2_4,D3_1,B2-2,D3,0.500795
B2-2_4,D3_2,B2-2,D3,0.466755
B2-2_4,D3_3,B2-2,D3,0.445893
B2-2_4,D3_4,B2-2,D3,0.383705
B2-2_4,D3_5,B2-2,D3,0.411972
B2-2_4,D3_6,B2-2,D3,0.420186
B2-2_4,D3_7,B2-2,D3,0.367321
B2-2_4,D3_8,B2-2,D3,0.426988
B2-2_4,D3_9,B2-2,D3,0.463963
B2-2_4,D3_10,B2-2,D3,0.494189
B2-2_4,D4_1,B2-2,D4,0.449918
B2-2_4,D4_2,B2-2,D4,0.418448
B2-2_4,D4_3,B2-2,D4,0.421437
B2-2_4,D4_4,B2-2,D4,0.494709
B2-2_4,D4_5,B2-2,D4,0.488504
B2-2_4,D4_6,B2-2,D4,0.303437
B2-2_4,D4_7,B2-2,D4,0.469807
B2-2_4,D4_8,B2-2,D4,0.476869
B2-2_4,D4_9,B2-2,D4,0.524006
B2-2_4,D4_10,B2-2,D4,0.363852
B2-2_4,E1_1,B2-2,E1,0.261925
B2-2_4,E1_2,B2-2,E1,0.258855
B2-2_4,E1_3,B2-2,E1,0.284461
B2-2_4,E1_4,B2-2,E1,0.402278
B2-2_4,E1_5,B2-2,E1,0.328135
B2-2_4,E1_6,B2-2,E1,0.195410
B2-2_4,E1_7,B2-2,E1,0.314472
B2-2_4,E1_8,B2-2,E1,0.335204
B2-2_4,E1_9,B2-2,E1,0.390615
B2-2_4,E1_10,B2-2,E1,0.343086
B2-2_4,E2_1,B2-2,E2,0.346631
B2-2_4,E2_2,B2-2,E2,0.365212
B2-2_4,E2_3,B2-2,E2,0.436218
B2-2_4,E2_4,B2-2,E2,0.424791
B2-2_4,E2_5,B2-2,E2,0.386159
B2-2_4,E2_6,B2-2,E2,0.214692
B2-2_4,E2_7,B2-2,E2,0.321872
B2-2_4,E2_8,B2-2,E2,0.313413
B2-2_4,E2_9,B2-2,E2,0.413983
B2-2_4,E2_10,B2-2,E2,0.500651
B2-2_4,F1_1,B2-2,F1,0.351270
B2-2_4,F1_2,B2-2,F1,0.348719
B2-2_4,F1_3,B2-2,F1,0.215207
B2-2_4,F1_4,B2-2,F1,0.134004
B2-2_4,F1_5,B2-2,F1,0.396847
B2-2_4,F1_6,B2-2,F1,0.370446
B2-2_4,F1_7,B2-2,F1,0.331082
B2-2_4,F1_8,B2-2,F1,0.367841
B2-2_4,F1_9,B2-2,F1,0.288614
B2-2_4,F1_10,B2-2,F1,0.389846
B2-2_4,F2_1,B2-2,F2,0.311534
B2-2_4,F2_2,B2-2,F2,0.300933
B2-2_4,F2_3,B2-2,F2,0.393062
B2-2_4,F2_4,B2-2,F2,0.351072
B2-2_4,F2_5,B2-2,F2,0.381524
B2-2_4,F2_6,B2-2,F2,0.259054
B2-2_4,F2_7,B2-2,F2,0.372549
B2-2_4,F2_8,B2-2,F2,0.331405
B2-2_4,F2_9,B2-2,F2,0.362301
B2-2_4,F2_10,B2-2,F2,0.303715
B2-2_4,G_1,B2-2,G,0.249240
B2-2_4,G_2,B2-2,G,0.246453
B2-2_4,G_3,B2-2,G,0.247001
B2-2_4,G_4,B2-2,G,0.245902
B2-2_4,G_5,B2-2,G,0.243101
B2-2_4,G_6,B2-2,G,0.245904
B2-2_4,G_7,B2-2,G,0.249157
B2-2_4,G_8,B2-2,G,0.245688
B2-2_4,G_9,B2-2,G,0.245392
B2-2_4,G_10,B2-2,G,0.246240
B2-2_5,B2-2_6,B2-2,B2-2,0.366840
B2-2_5,B2-2_7,B2-2,B2-2,0.321469
B2-2_5,B2-2_8,B2-2,B2-2,0.218219
B2-2_5,B2-2_9,B2-2,B2-2,0.372137
B2-2_5,B2-2_10,B2-2,B2-2,0.326504
B2-2_5,C_1,B2-2,C,0.388820
B2-2_5,C_2,B2-2,C,0.303551
B2-2_5,C_3,B2-2,C,0.366556
B2-2_5,C_4,B2-2,C,0.385465
B2-2_5,C_5,B2-2,C,0.381620
B2-2_5,C_6,B2-2,C,0.348089
B2-2_5,C_7,B2-2,C,0.382110
B2-2_5,C_8,B2-2,C,0.315422
B2-2_5,C_9,B2-2,C,0.281291
B2-2_5,C_10,B2-2,C,0.218010
B2-2_5,D1_1,B2-2,D1,0.354629
B2-2_5,D1_2,B2-2,D1,0.407487
B2-2_5,D1_3,B2-2,D1,0.315353
B2-2_5,D1_4,B2-2,D1,0.230664
B2-2_5,D1_5,B2-2,D1,0.413772
B2-2_5,D1_6,B2-2,D1,0.296199
B2-2_5,D1_7,B2-2,D1,0.331565
B2-2_5,D1_8,B2-2,D1,0.409836
B2-2_5,D1_9,B2-2,D1,0.398518
B2-2_5,D1_10,B2-2,D1,0.295238
B2-2_5,D2_1,B2-2,D2,0.473847
B2-2_5,D2_2,B2-2,D2,0.327156
B2-2_5,D2_3,B2-2,D2,0.279363
B2-2_5,D2_4,B2-2,D2,0.336326
B2-2_5,D2_5,B2-2,D2,0.459099
B2-2_5,D2_6,B2-2,D2,0.393194
B2-2_5,D2_7,B2-2,D2,0.413366
B2-2_5,D2_8,B2-2,D2,0.517852
B2-2_5,D2_9,B2-2,D2,0.319087
B2-2_5,D2_10,B2-2,D2,0.457776
B2-2_5,D3_1,B2-2,D3,0.491491
B2-2_5,D3_2,B2-2,D3,0.455195
B2-2_5,D3_3,B2-2,D3,0.439663
B2-2_5,D3_4,B2-2,D3,0.418293
B2-2_5,D3_5,B2-2,D3,0.401267
B2-2_5,D3_6,B2-2,D3,0.408875
B2-2_5,D3_7,B2-2,D3,0.322357
B2-2_5,D3_8,B2-2,D3,0.416501
B2-2_5,D3_9,B2-2,D3,0.453977
B2-2_5,D3_10,B2-2,D3,0.483470
B2-2_5,D4_1,B2-2,D4,0.447451
B2-2_5,D4_2,B2-2,D4,0.354726
B2-2_5,D4_3,B2-2,D4,0.413070
B2-2_5,D4_4,B2-2,D4,0.530352
B2-2_5,D4_5,B2-2,D4,0.481952
B2-2_5,D4_6,B2-2,D4,0.293779
B2-2_5,D4_7,B2-2,D4,0.421894
B2-2_5,D4_8,B2-2,D4,0.538949
B2-2_5,D4_9,B2-2,D4,0.513943
B2-2_5,D4_10,B2-2,D4,0.309524
B2-2_5,E1_1,B2-2,E1,0.351690
B2-2_5,E1_2,B2-2,E1,0.213708
B2-2_5,E1_3,B2-2,E1,0.275449
B2-2_5,E1_4,B2-2,E1,0.393719
B2-2_5,E1_5,B2-2,E1,0.321498
B2-2_5,E1_6,B2-2,E1,0.181961
B2-2_5,E1_7,B2-2,E1,0.304661
B2-2_5,E1_8,B2-2,E1,0.322669
B2-2_5,E1_9,B2-2,E1,0.380394
B2-2_5,E1_10,B2-2,E1,0.257690
B2-2_5,E2_1,B2-2,E2,0.367232
B2-2_5,E2_2,B2-2,E2,0.355468
B2-2_5,E2_3,B2-2,E2,0.425383
B2-2_5,E2_4,B2-2,E2,0.415723
B2-2_5,E2_5,B2-2,E2,0.377931
B2-2_5,E2_6,B2-2,E2,0.306787
B2-2_5,E2_7,B2-2,E2,0.237498
B2-2_5,E2_8,B2-2,E2,0.299722
B2-2_5,E2_9,B2-2,E2,0.404575
B2-2_5,E2_10,B2-2,E2,0.492661
B2-2_5,F1_1,B2-2,F1,0.342957
B2-2_5,F1_2,B2-2,F1,0.336646
B2-2_5,F1_3,B2-2,F1,0.119949
B2-2_5,F1_4,B2-2,F1,0.238555
B2-2_5,F1_5,B2-2,F1,0.387473
B2-2_5,F1_6,B2-2,F1,0.313343
B2-2_5,F1_7,B2-2,F1,0.319573
B2-2_5,F1_8,B2-2,F1,0.357866
B2-2_5,F1_9,B2-2,F1,0.277363
B2-2_5,F1_10,B2-2,F1,0.380893
B2-2_5,F2_1,B2-2,F2,0.302535
B2-2_5,F2_2,B2-2,F2,0.289855
B2-2_5,F2_3,B2-2,F2,0.339414
B2-2_5,F2_4,B2-2,F2,0.342488
B2-2_5,F2_5,B2-2,F2,0.372239
B2-2_5,F2_6,B2-2,F2,0.174402
B2-2_5,F2_7,B2-2,F2,0.358747
B2-2_5,F2_8,B2-2,F2,0.323700
B2-2_5,F2_9,B2-2,F2,0.354081
B2-2_5,F2_10,B2-2,F2,0.288144
B2-2_5,G_1,B2-2,G,0.237464
B2-2_5,G_2,B2-2,G,0.233152
B2-2_5,G_3,B2-2,G,0.235204
B2-2_5,G_4,B2-2,G,0.234694
B2-2_5,G_5,B2-2,G,0.232158
B2-2_5,G_6,B2-2,G,0.234104
B2-2_5,G_7,B2-2,G,0.238289
B2-2_5,G_8,B2-2,G,0.231766
B2-2_5,G_9,B2-2,G,0.234173
B2-2_5,G_10,B2-2,G,0.235334
B2-2_6,B2-2_7,B2-2,B2-2,0.325533
B2-2_6,B2-2_8,B2-2,B2-2,0.399199
B2-2_6,B2-2_9,B2-2,B2-2,0.251138
B2-2_6,B2-2_10,B2-2,B2-2,0.320000
B2-2_6,C_1,B2-2,C,0.353639
B2-2_6,C_2,B2-2,C,0.267836
B2-2_6,C_3,B2-2,C,0.334564
B2-2_6,C_4,B2-2,C,0.352128
B2-2_6,C_5,B2-2,C,0.311667
B2-2_6,C_6,B2-2,C,0.309598
B2-2_6,C_7,B2-2,C,0.348130
B2-2_6,C_8,B2-2,C,0.277390
B2-2_6,C_9,B2-2,C,0.242594
B2-2_6,C_10,B2-2,C,0.292967
B2-2_6,D1_1,B2-2,D1,0.364997
B2-2_6,D1_2,B2-2,D1,0.375078
B2-2_6,D1_3,B2-2,D1,0.325690
B2-2_6,D1_4,B2-2,D1,0.438430
B2-2_6,D1_5,B2-2,D1,0.388120
B2-2_6,D1_6,B2-2,D1,0.259123
B2-2_6,D1_7,B2-2,D1,0.301816
B2-2_6,D1_8,B2-2,D1,0.378788
B2-2_6,D1_9,B2-2,D1,0.299853
B2-2_6,D1_10,B2-2,D1,0.268512
B2-2_6,D2_1,B2-2,D2,0.298608
B2-2_6,D2_2,B2-2,D2,0.435569
B2-2_6,D2_3,B2-2,D2,0.427532
B2-2_6,D2_4,B2-2,D2,0.474497
B2-2_6,D2_5,B2-2,D2,0.473800
B2-2_6,D2_6,B2-2,D2,0.356589
B2-2_6,D2_7,B2-2,D2,0.278008
B2-2_6,D2_8,B2-2,D2,0.414120
B2-2_6,D2_9,B2-2,D2,0.462233
B2-2_6,D2_10,B2-2,D2,0.455479
B2-2_6,D3_1,B2-2,D3,0.365742
B2-2_6,D3_2,B2-2,D3,0.429004
B2-2_6,D3_3,B2-2,D3,0.408533
B2-2_6,D3_4,B2-2,D3,0.387317
B2-2_6,D3_5,B2-2,D3,0.372601
B2-2_6,D3_6,B2-2,D3,0.378501
B2-2_6,D3_7,B2-2,D3,0.432665
B2-2_6,D3_8,B2-2,D3,0.391682
B2-2_6,D3_9,B2-2,D3,0.428225
B2-2_6,D3_10,B2-2,D3,0.332207
B2-2_6,D4_1,B2-2,D4,0.459656
B2-2_6,D4_2,B2-2,D4,0.508282
B2-2_6,D4_3,B2-2,D4,0.211933
B2-2_6,D4_4,B2-2,D4,0.503027
B2-2_6,D4_5,B2-2,D4,0.456922
B2-2_6,D4_6,B2-2,D4,0.412647
B2-2_6,D4_7,B2-2,D4,0.429783
B2-2_6,D4_8,B2-2,D4,0.585765
B2-2_6,D4_9,B2-2,D4,0.485573
B2-2_6,D4_10,B2-2,D4,0.377524
B2-2_6,E1_1,B2-2,E1,0.357425
B2-2_6,E1_2,B2-2,E1,0.256052
B2-2_6,E1_3,B2-2,E1,0.236135
B2-2_6,E1_4,B2-2,E1,0.361528
B2-2_6,E1_5,B2-2,E1,0.279854
B2-2_6,E1_6,B2-2,E1,0.282145
B2-2_6,E1_7,B2-2,E1,0.234803
B2-2_6,E1_8,B2-2,E1,0.286115
B2-2_6,E1_9,B2-2,E1,0.183588
B2-2_6,E1_10,B2-2,E1,0.361783
B2-2_6,E2_1,B2-2,E2,0.352494
B2-2_6,E2_2,B2-2,E2,0.334350
B2-2_6,E2_3,B2-2,E2,0.395421
B2-2_6,E2_4,B2-2,E2,0.197982
B2-2_6,E2_5,B2-2,E2,0.342702
B2-2_6,E2_6,B2-2,E2,0.415608
B2-2_6,E2_7,B2-2,E2,0.252311
B2-2_6,E2_8,B2-2,E2,0.267100
B2-2_6,E2_9,B2-2,E2,0.234625
B2-2_6,E2_10,B2-2,E2,0.463407
B2-2_6,F1_1,B2-2,F1,0.305383
B2-2_6,F1_2,B2-2,F1,0.176450
B2-2_6,F1_3,B2-2,F1,0.317769
B2-2_6,F1_4,B2-2,F1,0.326514
B2-2_6,F1_5,B2-2,F1,0.353958
B2-2_6,F1_6,B2-2,F1,0.325048
B2-2_6,F1_7,B2-2,F1,0.284298
B2-2_6,F1_8,B2-2,F1,0.254836
B2-2_6,F1_9,B2-2,F1,0.237853
B2-2_6,F1_10,B2-2,F1,0.347881
B2-2_6,F2_1,B2-2,F2,0.263343
B2-2_6,F2_2,B2-2,F2,0.203460
B2-2_6,F2_3,B2-2,F2,0.349714
B2-2_6,F2_4,B2-2,F2,0.306802
B2-2_6,F2_5,B2-2,F2,0.294205
B2-2_6,F2_6,B2-2,F2,0.266155
B2-2_6,F2_7,B2-2,F2,0.327261
B2-2_6,F2_8,B2-2,F2,0.288611
B2-2_6,F2_9,B2-2,F2,0.319390
B2-2_6,F2_10,B2-2,F2,0.250886
B2-2_6,G_1,B2-2,G,0.197009
B2-2_6,G_2,B2-2,G,0.194435
B2-2_6,G_3,B2-2,G,0.195932
B2-2_6,G_4,B2-2,G,0.193526
B2-2_6,G_5,B2-2,G,0.192756
B2-2_6,G_6,B2-2,G,0.193565
B2-2_6,G_7,B2-2,G,0.197917
B2-2_6,G_8,B2-2,G,0.192649
B2-2_6,G_9,B2-2,G,0.194850
B2-2_6,G_10,B2-2,G,0.194816
B2-2_7,B2-2_8,B2-2,B2-2,0.331619
B2-2_7,B2-2_9,B2-2,B2-2,0.328389
B2-2_7,B2-2_10,B2-2,B2-2,0.314035
B2-2_7,C_1,B2-2,C,0.348475
B2-2_7,C_2,B2-2,C,0.260285
B2-2_7,C_3,B2-2,C,0.328712
B2-2_7,C_4,B2-2,C,0.346411
B2-2_7,C_5,B2-2,C,0.342168
B2-2_7,C_6,B2-2,C,0.304383
B2-2_7,C_7,B2-2,C,0.340531
B2-2_7,C_8,B2-2,C,0.271379
B2-2_7,C_9,B2-2,C,0.236914
B2-2_7,C_10,B2-2,C,0.290184
B2-2_7,D1_1,B2-2,D1,0.362747
B2-2_7,D1_2,B2-2,D1,0.371074
B2-2_7,D1_3,B2-2,D1,0.349737
B2-2_7,D1_4,B2-2,D1,0.411053
B2-2_7,D1_5,B2-2,D1,0.379380
B2-2_7,D1_6,B2-2,D1,0.255623
B2-2_7,D1_7,B2-2,D1,0.292908
B2-2_7,D1_8,B2-2,D1,0.317053
B2-2_7,D1_9,B2-2,D1,0.375274
B2-2_7,D1_10,B2-2,D1,0.259520
B2-2_7,D2_1,B2-2,D2,0.441909
B2-2_7,D2_2,B2-2,D2,0.430948
B2-2_7,D2_3,B2-2,D2,0.370539
B2-2_7,D2_4,B2-2,D2,0.367800
B2-2_7,D2_5,B2-2,D2,0.461504
B2-2_7,D2_6,B2-2,D2,0.355094
B2-2_7,D2_7,B2-2,D2,0.345884
B2-2_7,D2_8,B2-2,D2,0.519486
B2-2_7,D2_9,B2-2,D2,0.459391
B2-2_7,D2_10,B2-2,D2,0.414985
B2-2_7,D3_1,B2-2,D3,0.457968
B2-2_7,D3_2,B2-2,D3,0.358240
B2-2_7,D3_3,B2-2,D3,0.401758
B2-2_7,D3_4,B2-2,D3,0.382876
B2-2_7,D3_5,B2-2,D3,0.360812
B2-2_7,D3_6,B2-2,D3,0.369134
B2-2_7,D3_7,B2-2,D3,0.424693
B2-2_7,D3_8,B2-2,D3,0.331400
B2-2_7,D3_9,B2-2,D3,0.362847
B2-2_7,D3_10,B2-2,D3,0.449566
B2-2_7,D4_1,B2-2,D4,0.451738
B2-2_7,D4_2,B2-2,D4,0.391358
B2-2_7,D4_3,B2-2,D4,0.334084
B2-2_7,D4_4,B2-2,D4,0.496669
B2-2_7,D4_5,B2-2,D4,0.424017
B2-2_7,D4_6,B2-2,D4,0.406399
B2-2_7,D4_7,B2-2,D4,0.425357
B2-2_7,D4_8,B2-2,D4,0.528953
B2-2_7,D4_9,B2-2,D4,0.475708
B2-2_7,D4_10,B2-2,D4,0.373273
B2-2_7,E1_1,B2-2,E1,0.350969
B2-2_7,E1_2,B2-2,E1,0.249578
B2-2_7,E1_3,B2-2,E1,0.233720
B2-2_7,E1_4,B2-2,E1,0.346191
B2-2_7,E1_5,B2-2,E1,0.276737
B2-2_7,E1_6,B2-2,E1,0.278174
B2-2_7,E1_7,B2-2,E1,0.262328
B2-2_7,E1_8,B2-2,E1,0.279031
B2-2_7,E1_9,B2-2,E1,0.334620
B2-2_7,E1_10,B2-2,E1,0.207958
B2-2_7,E2_1,B2-2,E2,0.350730
B2-2_7,E2_2,B2-2,E2,0.330113
B2-2_7,E2_3,B2-2,E2,0.326066
B2-2_7,E2_4,B2-2,E2,0.378857
B2-2_7,E2_5,B2-2,E2,0.338247
B2-2_7,E2_6,B2-2,E2,0.411087
B2-2_7,E2_7,B2-2,E2,0.300344
B2-2_7,E2_8,B2-2,E2,0.256341
B2-2_7,E2_9,B2-2,E2,0.371393
B2-2_7,E2_10,B2-2,E2,0.455521
B2-2_7,F1_1,B2-2,F1,0.297918
B2-2_7,F1_2,B2-2,F1,0.296534
B2-2_7,F1_3,B2-2,F1,0.274709
B2-2_7,F1_4,B2-2,F1,0.319249
B2-2_7,F1_5,B2-2,F1,0.344563
B2-2_7,F1_6,B2-2,F1,0.317489
B2-2_7,F1_7,B2-2,F1,0.237982
B2-2_7,F1_8,B2-2,F1,0.319883
B2-2_7,F1_9,B2-2,F1,0.231530
B2-2_7,F1_10,B2-2,F1,0.338676
B2-2_7,F2_1,B2-2,F2,0.259272
B2-2_7,F2_2,B2-2,F2,0.246832
B2-2_7,F2_3,B2-2,F2,0.341331
B2-2_7,F2_4,B2-2,F2,0.299902
B2-2_7,F2_5,B2-2,F2,0.332316
B2-2_7,F2_6,B2-2,F2,0.228576
B2-2_7,F2_7,B2-2,F2,0.302112
B2-2_7,F2_8,B2-2,F2,0.278414
B2-2_7,F2_9,B2-2,F2,0.310390
B2-2_7,F2_10,B2-2,F2,0.242877
B2-2_7,G_1,B2-2,G,0.190044
B2-2_7,G_2,B2-2,G,0.187456
B2-2_7,G_3,B2-2,G,0.187380
B2-2_7,G_4,B2-2,G,0.185587
B2-2_7,G_5,B2-2,G,0.184809
B2-2_7,G_6,B2-2,G,0.186583
B2-2_7,G_7,B2-2,G,0.188439
B2-2_7,G_8,B2-2,G,0.182790
B2-2_7,G_9,B2-2,G,0.186287
B2-2_7,G_10,B2-2,G,0.186888
B2-2_8,B2-2_9,B2-2,B2-2,0.405040
B2-2_8,B2-2_10,B2-2,B2-2,0.390509
B2-2_8,C_1,B2-2,C,0.423595
B2-2_8,C_2,B2-2,C,0.342231
B2-2_8,C_3,B2-2,C,0.402647
B2-2_8,C_4,B2-2,C,0.419281
B2-2_8,C_5,B2-2,C,0.415307
B2-2_8,C_6,B2-2,C,0.380209
B2-2_8,C_7,B2-2,C,0.414593
B2-2_8,C_8,B2-2,C,0.354834
B2-2_8,C_9,B2-2,C,0.319851
B2-2_8,C_10,B2-2,C,0.194719
B2-2_8,D1_1,B2-2,D1,0.433700
B2-2_8,D1_2,B2-2,D1,0.441309
B2-2_8,D1_3,B2-2,D1,0.352969
B2-2_8,D1_4,B2-2,D1,0.280371
B2-2_8,D1_5,B2-2,D1,0.418002
B2-2_8,D1_6,B2-2,D1,0.335626
B2-2_8,D1_7,B2-2,D1,0.346601
B2-2_8,D1_8,B2-2,D1,0.410927
B2-2_8,D1_9,B2-2,D1,0.442377
B2-2_8,D1_10,B2-2,D1,0.309295
B2-2_8,D2_1,B2-2,D2,0.505322
B2-2_8,D2_2,B2-2,D2,0.409557
B2-2_8,D2_3,B2-2,D2,0.339309
B2-2_8,D2_4,B2-2,D2,0.327911
B2-2_8,D2_5,B2-2,D2,0.426086
B2-2_8,D2_6,B2-2,D2,0.366295
B2-2_8,D2_7,B2-2,D2,0.391850
B2-2_8,D2_8,B2-2,D2,0.577224
B2-2_8,D2_9,B2-2,D2,0.338346
B2-2_8,D2_10,B2-2,D2,0.465395
B2-2_8,D3_1,B2-2,D3,0.516798
B2-2_8,D3_2,B2-2,D3,0.422907
B2-2_8,D3_3,B2-2,D3,0.469686
B2-2_8,D3_4,B2-2,D3,0.437218
B2-2_8,D3_5,B2-2,D3,0.434039
B2-2_8,D3_6,B2-2,D3,0.441990
B2-2_8,D3_7,B2-2,D3,0.362161
B2-2_8,D3_8,B2-2,D3,0.421678
B2-2_8,D3_9,B2-2,D3,0.424518
B2-2_8,D3_10,B2-2,D3,0.512052
B2-2_8,D4_1,B2-2,D4,0.514372
B2-2_8,D4_2,B2-2,D4,0.449648
B2-2_8,D4_3,B2-2,D4,0.426903
B2-2_8,D4_4,B2-2,D4,0.558346
B2-2_8,D4_5,B2-2,D4,0.503456
B2-2_8,D4_6,B2-2,D4,0.336114
B2-2_8,D4_7,B2-2,D4,0.493316
B2-2_8,D4_8,B2-2,D4,0.470744
B2-2_8,D4_9,B2-2,D4,0.541731
B2-2_8,D4_10,B2-2,D4,0.388250
B2-2_8,E1_1,B2-2,E1,0.322841
B2-2_8,E1_2,B2-2,E1,0.257723
B2-2_8,E1_3,B2-2,E1,0.315413
B2-2_8,E1_4,B2-2,E1,0.391856
B2-2_8,E1_5,B2-2,E1,0.357177
B2-2_8,E1_6,B2-2,E1,0.223875
B2-2_8,E1_7,B2-2,E1,0.344084
B2-2_8,E1_8,B2-2,E1,0.361987
B2-2_8,E1_9,B2-2,E1,0.411314
B2-2_8,E1_10,B2-2,E1,0.319449
B2-2_8,E2_1,B2-2,E2,0.425892
B2-2_8,E2_2,B2-2,E2,0.404151
B2-2_8,E2_3,B2-2,E2,0.392066
B2-2_8,E2_4,B2-2,E2,0.446942
B2-2_8,E2_5,B2-2,E2,0.410351
B2-2_8,E2_6,B2-2,E2,0.276539
B2-2_8,E2_7,B2-2,E2,0.295477
B2-2_8,E2_8,B2-2,E2,0.341421
B2-2_8,E2_9,B2-2,E2,0.437547
B2-2_8,E2_10,B2-2,E2,0.522779
B2-2_8,F1_1,B2-2,F1,0.378024
B2-2_8,F1_2,B2-2,F1,0.374315
B2-2_8,F1_3,B2-2,F1,0.185949
B2-2_8,F1_4,B2-2,F1,0.205319
B2-2_8,F1_5,B2-2,F1,0.418559
B2-2_8,F1_6,B2-2,F1,0.396355
B2-2_8,F1_7,B2-2,F1,0.290981
B2-2_8,F1_8,B2-2,F1,0.393592
B2-2_8,F1_9,B2-2,F1,0.315584
B2-2_8,F1_10,B2-2,F1,0.413698
B2-2_8,F2_1,B2-2,F2,0.339888
B2-2_8,F2_2,B2-2,F2,0.329635
B2-2_8,F2_3,B2-2,F2,0.415840
B2-2_8,F2_4,B2-2,F2,0.379370
B2-2_8,F2_5,B2-2,F2,0.407538
B2-2_8,F2_6,B2-2,F2,0.232131
B2-2_8,F2_7,B2-2,F2,0.397406
B2-2_8,F2_8,B2-2,F2,0.358046
B2-2_8,F2_9,B2-2,F2,0.390002
B2-2_8,F2_10,B2-2,F2,0.328875
B2-2_8,G_1,B2-2,G,0.278912
B2-2_8,G_2,B2-2,G,0.275896
B2-2_8,G_3,B2-2,G,0.277298
B2-2_8,G_4,B2-2,G,0.277372
B2-2_8,G_5,B2-2,G,0.274102
B2-2_8,G_6,B2-2,G,0.276783
B2-2_8,G_7,B2-2,G,0.277658
B2-2_8,G_8,B2-2,G,0.276606
B2-2_8,G_9,B2-2,G,0.276320
B2-2_8,G_10,B2-2,G,0.275988
B2-2_9,B2-2_10,B2-2,B2-2,0.324499
B2-2_9,C_1,B2-2,C,0.262199
B2-2_9,C_2,B2-2,C,0.270573
B2-2_9,C_3,B2-2,C,0.338462
B2-2_9,C_4,B2-2,C,0.346779
B2-2_9,C_5,B2-2,C,0.288164
B2-2_9,C_6,B2-2,C,0.312500
B2-2_9,C_7,B2-2,C,0.350135
B2-2_9,C_8,B2-2,C,0.180845
B2-2_9,C_9,B2-2,C,0.246578
B2-2_9,C_10,B2-2,C,0.302599
B2-2_9,D1_1,B2-2,D1,0.369025
B2-2_9,D1_2,B2-2,D1,0.378049
B2-2_9,D1_3,B2-2,D1,0.355601
B2-2_9,D1_4,B2-2,D1,0.443545
B2-2_9,D1_5,B2-2,D1,0.392303
B2-2_9,D1_6,B2-2,D1,0.264195
B2-2_9,D1_7,B2-2,D1,0.302242
B2-2_9,D1_8,B2-2,D1,0.382000
B2-2_9,D1_9,B2-2,D1,0.385741
B2-2_9,D1_10,B2-2,D1,0.272107
B2-2_9,D2_1,B2-2,D2,0.439886
B2-2_9,D2_2,B2-2,D2,0.441640
B2-2_9,D2_3,B2-2,D2,0.369100
B2-2_9,D2_4,B2-2,D2,0.454478
B2-2_9,D2_5,B2-2,D2,0.476246
B2-2_9,D2_6,B2-2,D2,0.366583
B2-2_9,D2_7,B2-2,D2,0.381614
B2-2_9,D2_8,B2-2,D2,0.484733
B2-2_9,D2_9,B2-2,D2,0.472848
B2-2_9,D2_10,B2-2,D2,0.457521
B2-2_9,D3_1,B2-2,D3,0.419729
B2-2_9,D3_2,B2-2,D3,0.430625
B2-2_9,D3_3,B2-2,D3,0.409210
B2-2_9,D3_4,B2-2,D3,0.389001
B2-2_9,D3_5,B2-2,D3,0.375334
B2-2_9,D3_6,B2-2,D3,0.347111
B2-2_9,D3_7,B2-2,D3,0.436399
B2-2_9,D3_8,B2-2,D3,0.396594
B2-2_9,D3_9,B2-2,D3,0.431983
B2-2_9,D3_10,B2-2,D3,0.394639
B2-2_9,D4_1,B2-2,D4,0.461459
B2-2_9,D4_2,B2-2,D4,0.511932
B2-2_9,D4_3,B2-2,D4,0.365715
B2-2_9,D4_4,B2-2,D4,0.474427
B2-2_9,D4_5,B2-2,D4,0.460558
B2-2_9,D4_6,B2-2,D4,0.416960
B2-2_9,D4_7,B2-2,D4,0.437321
B2-2_9,D4_8,B2-2,D4,0.590810
B2-2_9,D4_9,B2-2,D4,0.486888
B2-2_9,D4_10,B2-2,D4,0.382514
B2-2_9,E1_1,B2-2,E1,0.363550
B2-2_9,E1_2,B2-2,E1,0.261737
B2-2_9,E1_3,B2-2,E1,0.243133
B2-2_9,E1_4,B2-2,E1,0.362474
B2-2_9,E1_5,B2-2,E1,0.184454
B2-2_9,E1_6,B2-2,E1,0.289083
B2-2_9,E1_7,B2-2,E1,0.207439
B2-2_9,E1_8,B2-2,E1,0.238540
B2-2_9,E1_9,B2-2,E1,0.199165
B2-2_9,E1_10,B2-2,E1,0.366346
B2-2_9,E2_1,B2-2,E2,0.358902
B2-2_9,E2_2,B2-2,E2,0.342231
B2-2_9,E2_3,B2-2,E2,0.395356
B2-2_9,E2_4,B2-2,E2,0.357086
B2-2_9,E2_5,B2-2,E2,0.347618
B2-2_9,E2_6,B2-2,E2,0.423042
B2-2_9,E2_7,B2-2,E2,0.345382
B2-2_9,E2_8,B2-2,E2,0.270698
B2-2_9,E2_9,B2-2,E2,0.256673
B2-2_9,E2_10,B2-2,E2,0.466568
B2-2_9,F1_1,B2-2,F1,0.295518
B2-2_9,F1_2,B2-2,F1,0.308044
B2-2_9,F1_3,B2-2,F1,0.324988
B2-2_9,F1_4,B2-2,F1,0.330976
B2-2_9,F1_5,B2-2,F1,0.354910
B2-2_9,F1_6,B2-2,F1,0.330060
B2-2_9,F1_7,B2-2,F1,0.285573
B2-2_9,F1_8,B2-2,F1,0.328389
B2-2_9,F1_9,B2-2,F1,0.240068
B2-2_9,F1_10,B2-2,F1,0.350414
B2-2_9,F2_1,B2-2,F2,0.270423
B2-2_9,F2_2,B2-2,F2,0.176419
B2-2_9,F2_3,B2-2,F2,0.355637
B2-2_9,F2_4,B2-2,F2,0.215821
B2-2_9,F2_5,B2-2,F2,0.251558
B2-2_9,F2_6,B2-2,F2,0.272349
B2-2_9,F2_7,B2-2,F2,0.334137
B2-2_9,F2_8,B2-2,F2,0.291289
B2-2_9,F2_9,B2-2,F2,0.323082
B2-2_9,F2_10,B2-2,F2,0.257777
B2-2_9,G_1,B2-2,G,0.203052
B2-2_9,G_2,B2-2,G,0.201110
B2-2_9,G_3,B2-2,G,0.199792
B2-2_9,G_4,B2-2,G,0.199271
B2-2_9,G_5,B2-2,G,0.197567
B2-2_9,G_6,B2-2,G,0.199306
B2-2_9,G_7,B2-2,G,0.203636
B2-2_9,G_8,B2-2,G,0.198715
B2-2_9,G_9,B2-2,G,0.200278
B2-2_9,G_10,B2-2,G,0.200867
B2-2_10,C_1,B2-2,C,0.344954
B2-2_10,C_2,B2-2,C,0.255767
B2-2_10,C_3,B2-2,C,0.144953
B2-2_10,C_4,B2-2,C,0.339952
B2-2_10,C_5,B2-2,C,0.335685
B2-2_10,C_6,B2-2,C,0.299262
B2-2_10,C_7,B2-2,C,0.336967
B2-2_10,C_8,B2-2,C,0.267792
B2-2_10,C_9,B2-2,C,0.230467
B2-2_10,C_10,B2-2,C,0.284699
B2-2_10,D1_1,B2-2,D1,0.328337
B2-2_10,D1_2,B2-2,D1,0.212957
B2-2_10,D1_3,B2-2,D1,0.234021
B2-2_10,D1_4,B2-2,D1,0.394244
B2-2_10,D1_5,B2-2,D1,0.374451
B2-2_10,D1_6,B2-2,D1,0.250210
B2-2_10,D1_7,B2-2,D1,0.289977
B2-2_10,D1_8,B2-2,D1,0.370108
B2-2_10,D1_9,B2-2,D1,0.347992
B2-2_10,D1_10,B2-2,D1,0.231504
B2-2_10,D2_1,B2-2,D2,0.397808
B2-2_10,D2_2,B2-2,D2,0.390441
B2-2_10,D2_3,B2-2,D2,0.418193
B2-2_10,D2_4,B2-2,D2,0.483031
B2-2_10,D2_5,B2-2,D2,0.436654
B2-2_10,D2_6,B2-2,D2,0.243060
B2-2_10,D2_7,B2-2,D2,0.373294
B2-2_10,D2_8,B2-2,D2,0.485468
B2-2_10,D2_9,B2-2,D2,0.422533
B2-2_10,D2_10,B2-2,D2,0.430734
B2-2_10,D3_1,B2-2,D3,0.382298
B2-2_10,D3_2,B2-2,D3,0.417277
B2-2_10,D3_3,B2-2,D3,0.395975
B2-2_10,D3_4,B2-2,D3,0.340589
B2-2_10,D3_5,B2-2,D3,0.359149
B2-2_10,D3_6,B2-2,D3,0.367234
B2-2_10,D3_7,B2-2,D3,0.327967
B2-2_10,D3_8,B2-2,D3,0.383391
B2-2_10,D3_9,B2-2,D3,0.289014
B2-2_10,D3_10,B2-2,D3,0.398423
B2-2_10,D4_1,B2-2,D4,0.415967
B2-2_10,D4_2,B2-2,D4,0.475173
B2-2_10,D4_3,B2-2,D4,0.333441
B2-2_10,D4_4,B2-2,D4,0.495288
B2-2_10,D4_5,B2-2,D4,0.446340
B2-2_10,D4_6,B2-2,D4,0.402129
B2-2_10,D4_7,B2-2,D4,0.390020
B2-2_10,D4_8,B2-2,D4,0.578911
B2-2_10,D4_9,B2-2,D4,0.469565
B2-2_10,D4_10,B2-2,D4,0.330970
B2-2_10,E1_1,B2-2,E1,0.349030
B2-2_10,E1_2,B2-2,E1,0.241432
B2-2_10,E1_3,B2-2,E1,0.227242
B2-2_10,E1_4,B2-2,E1,0.351081
B2-2_10,E1_5,B2-2,E1,0.271745
B2-2_10,E1_6,B2-2,E1,0.270590
B2-2_10,E1_7,B2-2,E1,0.255473
B2-2_10,E1_8,B2-2,E1,0.276910
B2-2_10,E1_9,B2-2,E1,0.335317
B2-2_10,E1_10,B2-2,E1,0.348956
B2-2_10,E2_1,B2-2,E2,0.339032
B2-2_10,E2_2,B2-2,E2,0.328120
B2-2_10,E2_3,B2-2,E2,0.387679
B2-2_10,E2_4,B2-2,E2,0.324701
B2-2_10,E2_5,B2-2,E2,0.203707
B2-2_10,E2_6,B2-2,E2,0.405609
B2-2_10,E2_7,B2-2,E2,0.332691
B2-2_10,E2_8,B2-2,E2,0.251222
B2-2_10,E2_9,B2-2,E2,0.284936
B2-2_10,E2_10,B2-2,E2,0.455670
B2-2_10,F1_1,B2-2,F1,0.295287
B2-2_10,F1_2,B2-2,F1,0.244497
B2-2_10,F1_3,B2-2,F1,0.307265
B2-2_10,F1_4,B2-2,F1,0.312307
B2-2_10,F1_5,B2-2,F1,0.340749
B2-2_10,F1_6,B2-2,F1,0.275403
B2-2_10,F1_7,B2-2,F1,0.273060
B2-2_10,F1_8,B2-2,F1,0.163182
B2-2_10,F1_9,B2-2,F1,0.221078
B2-2_10,F1_10,B2-2,F1,0.337237
B2-2_10,F2_1,B2-2,F2,0.126445
B2-2_10,F2_2,B2-2,F2,0.236873
B2-2_10,F2_3,B2-2,F2,0.305165
B2-2_10,F2_4,B2-2,F2,0.298392
B2-2_10,F2_5,B2-2,F2,0.322237
B2-2_10,F2_6,B2-2,F2,0.257013
B2-2_10,F2_7,B2-2,F2,0.317429
B2-2_10,F2_8,B2-2,F2,0.273710
B2-2_10,F2_9,B2-2,F2,0.307516
B2-2_10,F2_10,B2-2,F2,0.243344
B2-2_10,G_1,B2-2,G,0.183874
B2-2_10,G_2,B2-2,G,0.182869
B2-2_10,G_3,B2-2,G,0.183427
B2-2_10,G_4,B2-2,G,0.181308
B2-2_10,G_5,B2-2,G,0.179888
B2-2_10,G_6,B2-2,G,0.181993
B2-2_10,G_7,B2-2,G,0.185762
B2-2_10,G_8,B2-2,G,0.181691
B2-2_10,G_9,B2-2,G,0.181053
B2-2_10,G_10,B2-2,G,0.180702
C_1,C_2,C,C,0.288585
C_1,C_3,C,C,0.358282
C_1,C_4,C,C,0.373025
C_1,C_5,C,C,0.366588
C_1,C_6,C,C,0.229997
C_1,C_7,C,C,0.228333
C_1,C_8,C,C,0.153737
C_1,C_9,C,C,0.267155
C_1,C_10,C,C,0.322269
C_1,D1_1,C,D1,0.390282
C_1,D1_2,C,D1,0.395342
C_1,D1_3,C,D1,0.373200
C_1,D1_4,C,D1,0.458839
C_1,D1_5,C,D1,0.408304
C_1,D1_6,C,D1,0.286818
C_1,D1_7,C,D1,0.321123
C_1,D1_8,C,D1,0.399692
C_1,D1_9,C,D1,0.403592
C_1,D1_10,C,D1,0.290900
C_1,D2_1,C,D2,0.466411
C_1,D2_2,C,D2,0.459499
C_1,D2_3,C,D2,0.266633
C_1,D2_4,C,D2,0.514355
C_1,D2_5,C,D2,0.490585
C_1,D2_6,C,D2,0.383887
C_1,D2_7,C,D2,0.403991
C_1,D2_8,C,D2,0.508603
C_1,D2_9,C,D2,0.483311
C_1,D2_10,C,D2,0.492241
C_1,D3_1,C,D3,0.299967
C_1,D3_2,C,D3,0.444827
C_1,D3_3,C,D3,0.382664
C_1,D3_4,C,D3,0.405795
C_1,D3_5,C,D3,0.390751
C_1,D3_6,C,D3,0.313413
C_1,D3_7,C,D3,0.454141
C_1,D3_8,C,D3,0.409829
C_1,D3_9,C,D3,0.448471
C_1,D3_10,C,D3,0.470709
C_1,D4_1,C,D4,0.476358
C_1,D4_2,C,D4,0.527242
C_1,D4_3,C,D4,0.399507
C_1,D4_4,C,D4,0.365164
C_1,D4_5,C,D4,0.472116
C_1,D4_6,C,D4,0.435241
C_1,D4_7,C,D4,0.349015
C_1,D4_8,C,D4,0.604698
C_1,D4_9,C,D4,0.407736
C_1,D4_10,C,D4,0.397254
C_1,E1_1,C,E1,0.379922
C_1,E1_2,C,E1,0.277382
C_1,E1_3,C,E1,0.264406
C_1,E1_4,C,E1,0.384663
C_1,E1_5,C,E1,0.169477
C_1,E1_6,C,E1,0.307742
C_1,E1_7,C,E1,0.286609
C_1,E1_8,C,E1,0.160863
C_1,E1_9,C,E1,0.366069
C_1,E1_10,C,E1,0.382435
C_1,E2_1,C,E2,0.377626
C_1,E2_2,C,E2,0.360139
C_1,E2_3,C,E2,0.415879
C_1,E2_4,C,E2,0.404886
C_1,E2_5,C,E2,0.367702
C_1,E2_6,C,E2,0.435785
C_1,E2_7,C,E2,0.363693
C_1,E2_8,C,E2,0.289798
C_1,E2_9,C,E2,0.394883
C_1,E2_10,C,E2,0.405675
C_1,F1_1,C,F1,0.152768
C_1,F1_2,C,F1,0.325982
C_1,F1_3,C,F1,0.343053
C_1,F1_4,C,F1,0.350182
C_1,F1_5,C,F1,0.345585
C_1,F1_6,C,F1,0.348261
C_1,F1_7,C,F1,0.309280
C_1,F1_8,C,F1,0.349000
C_1,F1_9,C,F1,0.264028
C_1,F1_10,C,F1,0.371711
C_1,F2_1,C,F2,0.291509
C_1,F2_2,C,F2,0.276416
C_1,F2_3,C,F2,0.372966
C_1,F2_4,C,F2,0.121343
C_1,F2_5,C,F2,0.356275
C_1,F2_6,C,F2,0.292815
C_1,F2_7,C,F2,0.348841
C_1,F2_8,C,F2,0.310988
C_1,F2_9,C,F2,0.340415
C_1,F2_10,C,F2,0.280086
C_1,G_1,C,G,0.222070
C_1,G_2,C,G,0.221672
C_1,G_3,C,G,0.222526
C_1,G_4,C,G,0.221709
C_1,G_5,C,G,0.218836
C_1,G_6,C,G,0.222640
C_1,G_7,C,G,0.225652
C_1,G_8,C,G,0.220873
C_1,G_9,C,G,0.221481
C_1,G_10,C,G,0.223266
C_2,C_3,C,C,0.269751
C_2,C_4,C,C,0.158877
C_2,C_5,C,C,0.151283
C_2,C_6,C,C,0.242450
C_2,C_7,C,C,0.282187
C_2,C_8,C,C,0.205714
C_2,C_9,C,C,0.126514
C_2,C_10,C,C,0.228181
C_2,D1_1,C,D1,0.307089
C_2,D1_2,C,D1,0.314634
C_2,D1_3,C,D1,0.291701
C_2,D1_4,C,D1,0.382816
C_2,D1_5,C,D1,0.211645
C_2,D1_6,C,D1,0.178709
C_2,D1_7,C,D1,0.231662
C_2,D1_8,C,D1,0.313151
C_2,D1_9,C,D1,0.323734
C_2,D1_10,C,D1,0.197357
C_2,D2_1,C,D2,0.393184
C_2,D2_2,C,D2,0.382995
C_2,D2_3,C,D2,0.373076
C_2,D2_4,C,D2,0.443994
C_2,D2_5,C,D2,0.375626
C_2,D2_6,C,D2,0.300623
C_2,D2_7,C,D2,0.324438
C_2,D2_8,C,D2,0.476478
C_2,D2_9,C,D2,0.410791
C_2,D2_10,C,D2,0.419832
C_2,D3_1,C,D3,0.408728
C_2,D3_2,C,D3,0.259489
C_2,D3_3,C,D3,0.343730
C_2,D3_4,C,D3,0.326171
C_2,D3_5,C,D3,0.309555
C_2,D3_6,C,D3,0.218933
C_2,D3_7,C,D3,0.375137
C_2,D3_8,C,D3,0.329998
C_2,D3_9,C,D3,0.372841
C_2,D3_10,C,D3,0.292313
C_2,D4_1,C,D4,0.402649
C_2,D4_2,C,D4,0.461699
C_2,D4_3,C,D4,0.318883
C_2,D4_4,C,D4,0.449312
C_2,D4_5,C,D4,0.402187
C_2,D4_6,C,D4,0.357607
C_2,D4_7,C,D4,0.376980
C_2,D4_8,C,D4,0.517251
C_2,D4_9,C,D4,0.327369
C_2,D4_10,C,D4,0.318278
C_2,E1_1,C,E1,0.205399
C_2,E1_2,C,E1,0.184718
C_2,E1_3,C,E1,0.165988
C_2,E1_4,C,E1,0.299770
C_2,E1_5,C,E1,0.209174
C_2,E1_6,C,E1,0.213375
C_2,E1_7,C,E1,0.196201
C_2,E1_8,C,E1,0.216142
C_2,E1_9,C,E1,0.280585
C_2,E1_10,C,E1,0.296016
C_2,E2_1,C,E2,0.291283
C_2,E2_2,C,E2,0.273288
C_2,E2_3,C,E2,0.338627
C_2,E2_4,C,E2,0.324478
C_2,E2_5,C,E2,0.203363
C_2,E2_6,C,E2,0.249111
C_2,E2_7,C,E2,0.278275
C_2,E2_8,C,E2,0.189562
C_2,E2_9,C,E2,0.313394
C_2,E2_10,C,E2,0.408819
C_2,F1_1,C,F1,0.237383
C_2,F1_2,C,F1,0.234322
C_2,F1_3,C,F1,0.252488
C_2,F1_4,C,F1,0.259104
C_2,F1_5,C,F1,0.288452
C_2,F1_6,C,F1,0.259782
C_2,F1_7,C,F1,0.214470
C_2,F1_8,C,F1,0.259116
C_2,F1_9,C,F1,0.162675
C_2,F1_10,C,F1,0.280139
C_2,F2_1,C,F2,0.195508
C_2,F2_2,C,F2,0.179919
C_2,F2_3,C,F2,0.285289
C_2,F2_4,C,F2,0.238872
C_2,F2_5,C,F2,0.156539
C_2,F2_6,C,F2,0.195754
C_2,F2_7,C,F2,0.259825
C_2,F2_8,C,F2,0.113194
C_2,F2_9,C,F2,0.249450
C_2,F2_10,C,F2,0.180028
C_2,G_1,C,G,0.118481
C_2,G_2,C,G,0.117487
C_2,G_3,C,G,0.118053
C_2,G_4,C,G,0.115112
C_2,G_5,C,G,0.113922
C_2,G_6,C,G,0.116237
C_2,G_7,C,G,0.120239
C_2,G_8,C,G,0.115497
C_2,G_9,C,G,0.115497
C_2,G_10,C,G,0.116161
C_3,C_4,C,C,0.356010
C_3,C_5,C,C,0.352063
C_3,C_6,C,C,0.312276
C_3,C_7,C,C,0.351240
C_3,C_8,C,C,0.280146
C_3,C_9,C,C,0.244839
C_3,C_10,C,C,0.299312
C_3,D1_1,C,D1,0.371900
C_3,D1_2,C,D1,0.150169
C_3,D1_3,C,D1,0.234021
C_3,D1_4,C,D1,0.443378
C_3,D1_5,C,D1,0.385850
C_3,D1_6,C,D1,0.263659
C_3,D1_7,C,D1,0.304234
C_3,D1_8,C,D1,0.377757
C_3,D1_9,C,D1,0.383788
C_3,D1_10,C,D1,0.265797
C_3,D2_1,C,D2,0.396570
C_3,D2_2,C,D2,0.439597
C_3,D2_3,C,D2,0.430648
C_3,D2_4,C,D2,0.496012
C_3,D2_5,C,D2,0.468004
C_3,D2_6,C,D2,0.198542
C_3,D2_7,C,D2,0.376096
C_3,D2_8,C,D2,0.528661
C_3,D2_9,C,D2,0.468182
C_3,D2_10,C,D2,0.475511
C_3,D3_1,C,D3,0.382298
C_3,D3_2,C,D3,0.432114
C_3,D3_3,C,D3,0.409028
C_3,D3_4,C,D3,0.287413
C_3,D3_5,C,D3,0.309240
C_3,D3_6,C,D3,0.380513
C_3,D3_7,C,D3,0.276062
C_3,D3_8,C,D3,0.391925
C_3,D3_9,C,D3,0.296600
C_3,D3_10,C,D3,0.401636
C_3,D4_1,C,D4,0.459243
C_3,D4_2,C,D4,0.513715
C_3,D4_3,C,D4,0.332636
C_3,D4_4,C,D4,0.505257
C_3,D4_5,C,D4,0.455127
C_3,D4_6,C,D4,0.416539
C_3,D4_7,C,D4,0.436207
C_3,D4_8,C,D4,0.585892
C_3,D4_9,C,D4,0.486959
C_3,D4_10,C,D4,0.378014
C_3,E1_1,C,E1,0.361541
C_3,E1_2,C,E1,0.256811
C_3,E1_3,C,E1,0.242280
C_3,E1_4,C,E1,0.322283
C_3,E1_5,C,E1,0.284865
C_3,E1_6,C,E1,0.286870
C_3,E1_7,C,E1,0.268594
C_3,E1_8,C,E1,0.290822
C_3,E1_9,C,E1,0.351489
C_3,E1_10,C,E1,0.364340
C_3,E2_1,C,E2,0.359476
C_3,E2_2,C,E2,0.341491
C_3,E2_3,C,E2,0.396906
C_3,E2_4,C,E2,0.324972
C_3,E2_5,C,E2,0.155789
C_3,E2_6,C,E2,0.417559
C_3,E2_7,C,E2,0.347805
C_3,E2_8,C,E2,0.265831
C_3,E2_9,C,E2,0.287199
C_3,E2_10,C,E2,0.465729
C_3,F1_1,C,F1,0.309171
C_3,F1_2,C,F1,0.243605
C_3,F1_3,C,F1,0.320428
C_3,F1_4,C,F1,0.326185
C_3,F1_5,C,F1,0.355228
C_3,F1_6,C,F1,0.328228
C_3,F1_7,C,F1,0.285620
C_3,F1_8,C,F1,0.163833
C_3,F1_9,C,F1,0.237715
C_3,F1_10,C,F1,0.348630
C_3,F2_1,C,F2,0.141219
C_3,F2_2,C,F2,0.251432
C_3,F2_3,C,F2,0.355432
C_3,F2_4,C,F2,0.311686
C_3,F2_5,C,F2,0.339677
C_3,F2_6,C,F2,0.270378
C_3,F2_7,C,F2,0.327202
C_3,F2_8,C,F2,0.290211
C_3,F2_9,C,F2,0.318233
C_3,F2_10,C,F2,0.254297
C_3,G_1,C,G,0.198087
C_3,G_2,C,G,0.198020
C_3,G_3,C,G,0.199514
C_3,G_4,C,G,0.196488
C_3,G_5,C,G,0.194778
C_3,G_6,C,G,0.196525
C_3,G_7,C,G,0.199931
C_3,G_8,C,G,0.196870
C_3,G_9,C,G,0.196242
C_3,G_10,C,G,0.196522
C_4,C_5,C,C,0.129526
C_4,C_6,C,C,0.330865
C_4,C_7,C,C,0.366656
C_4,C_8,C,C,0.298326
C_4,C_9,C,C,0.189845
C_4,C_10,C,C,0.318704
C_4,D1_1,C,D1,0.388440
C_4,D1_2,C,D1,0.391035
C_4,D1_3,C,D1,0.373312
C_4,D1_4,C,D1,0.457342
C_4,D1_5,C,D1,0.220715
C_4,D1_6,C,D1,0.210572
C_4,D1_7,C,D1,0.317002
C_4,D1_8,C,D1,0.394179
C_4,D1_9,C,D1,0.399846
C_4,D1_10,C,D1,0.290211
C_4,D2_1,C,D2,0.463360
C_4,D2_2,C,D2,0.456169
C_4,D2_3,C,D2,0.448586
C_4,D2_4,C,D2,0.425296
C_4,D2_5,C,D2,0.379445
C_4,D2_6,C,D2,0.356136
C_4,D2_7,C,D2,0.401234
C_4,D2_8,C,D2,0.541145
C_4,D2_9,C,D2,0.479930
C_4,D2_10,C,D2,0.489142
C_4,D3_1,C,D3,0.478344
C_4,D3_2,C,D3,0.233521
C_4,D3_3,C,D3,0.423639
C_4,D3_4,C,D3,0.346252
C_4,D3_5,C,D3,0.387901
C_4,D3_6,C,D3,0.227319
C_4,D3_7,C,D3,0.444045
C_4,D3_8,C,D3,0.408085
C_4,D3_9,C,D3,0.444361
C_4,D3_10,C,D3,0.277353
C_4,D4_1,C,D4,0.476288
C_4,D4_2,C,D4,0.500652
C_4,D4_3,C,D4,0.397464
C_4,D4_4,C,D4,0.516862
C_4,D4_5,C,D4,0.471584
C_4,D4_6,C,D4,0.430779
C_4,D4_7,C,D4,0.447076
C_4,D4_8,C,D4,0.524555
C_4,D4_9,C,D4,0.371491
C_4,D4_10,C,D4,0.396688
C_4,E1_1,C,E1,0.215440
C_4,E1_2,C,E1,0.278359
C_4,E1_3,C,E1,0.260994
C_4,E1_4,C,E1,0.379003
C_4,E1_5,C,E1,0.302075
C_4,E1_6,C,E1,0.306009
C_4,E1_7,C,E1,0.239592
C_4,E1_8,C,E1,0.308495
C_4,E1_9,C,E1,0.330861
C_4,E1_10,C,E1,0.378522
C_4,E2_1,C,E2,0.374707
C_4,E2_2,C,E2,0.356316
C_4,E2_3,C,E2,0.415380
C_4,E2_4,C,E2,0.400649
C_4,E2_5,C,E2,0.296765
C_4,E2_6,C,E2,0.259839
C_4,E2_7,C,E2,0.361457
C_4,E2_8,C,E2,0.285431
C_4,E2_9,C,E2,0.385572
C_4,E2_10,C,E2,0.481541
C_4,F1_1,C,F1,0.326725
C_4,F1_2,C,F1,0.322440
C_4,F1_3,C,F1,0.340960
C_4,F1_4,C,F1,0.314337
C_4,F1_5,C,F1,0.373137
C_4,F1_6,C,F1,0.345933
C_4,F1_7,C,F1,0.305065
C_4,F1_8,C,F1,0.344034
C_4,F1_9,C,F1,0.260906
C_4,F1_10,C,F1,0.368487
C_4,F2_1,C,F2,0.288566
C_4,F2_2,C,F2,0.255087
C_4,F2_3,C,F2,0.369497
C_4,F2_4,C,F2,0.327044
C_4,F2_5,C,F2,0.165224
C_4,F2_6,C,F2,0.289599
C_4,F2_7,C,F2,0.348885
C_4,F2_8,C,F2,0.148796
C_4,F2_9,C,F2,0.340170
C_4,F2_10,C,F2,0.277066
C_4,G_1,C,G,0.221421
C_4,G_2,C,G,0.220717
C_4,G_3,C,G,0.220048
C_4,G_4,C,G,0.218616
C_4,G_5,C,G,0.216030
C_4,G_6,C,G,0.218332
C_4,G_7,C,G,0.221975
C_4,G_8,C,G,0.217772
C_4,G_9,C,G,0.218385
C_4,G_10,C,G,0.218959
C_5,C_6,C,C,0.327372
C_5,C_7,C,C,0.362232
C_5,C_8,C,C,0.293625
C_5,C_9,C,C,0.181516
C_5,C_10,C,C,0.314364
C_5,D1_1,C,D1,0.380574
C_5,D1_2,C,D1,0.391452
C_5,D1_3,C,D1,0.369422
C_5,D1_4,C,D1,0.452353
C_5,D1_5,C,D1,0.269269
C_5,D1_6,C,D1,0.240406
C_5,D1_7,C,D1,0.312926
C_5,D1_8,C,D1,0.387362
C_5,D1_9,C,D1,0.395302
C_5,D1_10,C,D1,0.283779
C_5,D2_1,C,D2,0.459087
C_5,D2_2,C,D2,0.451863
C_5,D2_3,C,D2,0.443778
C_5,D2_4,C,D2,0.417974
C_5,D2_5,C,D2,0.426195
C_5,D2_6,C,D2,0.378412
C_5,D2_7,C,D2,0.397685
C_5,D2_8,C,D2,0.539035
C_5,D2_9,C,D2,0.478401
C_5,D2_10,C,D2,0.473382
C_5,D3_1,C,D3,0.475246
C_5,D3_2,C,D3,0.248862
C_5,D3_3,C,D3,0.418952
C_5,D3_4,C,D3,0.391823
C_5,D3_5,C,D3,0.387574
C_5,D3_6,C,D3,0.201665
C_5,D3_7,C,D3,0.445059
C_5,D3_8,C,D3,0.404308
C_5,D3_9,C,D3,0.440240
C_5,D3_10,C,D3,0.218578
C_5,D4_1,C,D4,0.470493
C_5,D4_2,C,D4,0.496737
C_5,D4_3,C,D4,0.395640
C_5,D4_4,C,D4,0.513231
C_5,D4_5,C,D4,0.470277
C_5,D4_6,C,D4,0.426123
C_5,D4_7,C,D4,0.444594
C_5,D4_8,C,D4,0.558133
C_5,D4_9,C,D4,0.367347
C_5,D4_10,C,D4,0.393372
C_5,E1_1,C,E1,0.266511
C_5,E1_2,C,E1,0.273287
C_5,E1_3,C,E1,0.256427
C_5,E1_4,C,E1,0.376913
C_5,E1_5,C,E1,0.296284
C_5,E1_6,C,E1,0.300507
C_5,E1_7,C,E1,0.181739
C_5,E1_8,C,E1,0.303006
C_5,E1_9,C,E1,0.270437
C_5,E1_10,C,E1,0.375157
C_5,E2_1,C,E2,0.368537
C_5,E2_2,C,E2,0.352110
C_5,E2_3,C,E2,0.407243
C_5,E2_4,C,E2,0.396597
C_5,E2_5,C,E2,0.289526
C_5,E2_6,C,E2,0.307969
C_5,E2_7,C,E2,0.359868
C_5,E2_8,C,E2,0.277548
C_5,E2_9,C,E2,0.330551
C_5,E2_10,C,E2,0.477783
C_5,F1_1,C,F1,0.321602
C_5,F1_2,C,F1,0.319197
C_5,F1_3,C,F1,0.336431
C_5,F1_4,C,F1,0.342315
C_5,F1_5,C,F1,0.367453
C_5,F1_6,C,F1,0.339834
C_5,F1_7,C,F1,0.300115
C_5,F1_8,C,F1,0.339517
C_5,F1_9,C,F1,0.254876
C_5,F1_10,C,F1,0.360190
C_5,F2_1,C,F2,0.283259
C_5,F2_2,C,F2,0.189232
C_5,F2_3,C,F2,0.361987
C_5,F2_4,C,F2,0.321377
C_5,F2_5,C,F2,0.092810
C_5,F2_6,C,F2,0.283732
C_5,F2_7,C,F2,0.342009
C_5,F2_8,C,F2,0.140812
C_5,F2_9,C,F2,0.332422
C_5,F2_10,C,F2,0.269391
C_5,G_1,C,G,0.214863
C_5,G_2,C,G,0.213549
C_5,G_3,C,G,0.214715
C_5,G_4,C,G,0.212356
C_5,G_5,C,G,0.209755
C_5,G_6,C,G,0.211767
C_5,G_7,C,G,0.215120
C_5,G_8,C,G,0.211197
C_5,G_9,C,G,0.212429
C_5,G_10,C,G,0.212392
C_6,C_7,C,C,0.096514
C_6,C_8,C,C,0.255552
C_6,C_9,C,C,0.217085
C_6,C_10,C,C,0.273000
C_6,D1_1,C,D1,0.346988
C_6,D1_2,C,D1,0.355739
C_6,D1_3,C,D1,0.335047
C_6,D1_4,C,D1,0.421837
C_6,D1_5,C,D1,0.363924
C_6,D1_6,C,D1,0.238644
C_6,D1_7,C,D1,0.277483
C_6,D1_8,C,D1,0.358759
C_6,D1_9,C,D1,0.361568
C_6,D1_10,C,D1,0.242589
C_6,D2_1,C,D2,0.427662
C_6,D2_2,C,D2,0.418902
C_6,D2_3,C,D2,0.307089
C_6,D2_4,C,D2,0.478357
C_6,D2_5,C,D2,0.453409
C_6,D2_6,C,D2,0.336805
C_6,D2_7,C,D2,0.359911
C_6,D2_8,C,D2,0.377152
C_6,D2_9,C,D2,0.443594
C_6,D2_10,C,D2,0.452754
C_6,D3_1,C,D3,0.309462
C_6,D3_2,C,D3,0.409997
C_6,D3_3,C,D3,0.236555
C_6,D3_4,C,D3,0.367758
C_6,D3_5,C,D3,0.346289
C_6,D3_6,C,D3,0.274742
C_6,D3_7,C,D3,0.415713
C_6,D3_8,C,D3,0.371186
C_6,D3_9,C,D3,0.407737
C_6,D3_10,C,D3,0.440145
C_6,D4_1,C,D4,0.374785
C_6,D4_2,C,D4,0.493376
C_6,D4_3,C,D4,0.357483
C_6,D4_4,C,D4,0.332316
C_6,D4_5,C,D4,0.436747
C_6,D4_6,C,D4,0.396688
C_6,D4_7,C,D4,0.253751
C_6,D4_8,C,D4,0.563747
C_6,D4_9,C,D4,0.340684
C_6,D4_10,C,D4,0.357437
C_6,E1_1,C,E1,0.336592
C_6,E1_2,C,E1,0.230323
C_6,E1_3,C,E1,0.213485
C_6,E1_4,C,E1,0.341857
C_6,E1_5,C,E1,0.256376
C_6,E1_6,C,E1,0.260439
C_6,E1_7,C,E1,0.237966
C_6,E1_8,C,E1,0.222279
C_6,E1_9,C,E1,0.321006
C_6,E1_10,C,E1,0.341819
C_6,E2_1,C,E2,0.332371
C_6,E2_2,C,E2,0.313161
C_6,E2_3,C,E2,0.377075
C_6,E2_4,C,E2,0.357404
C_6,E2_5,C,E2,0.323634
C_6,E2_6,C,E2,0.394475
C_6,E2_7,C,E2,0.323544
C_6,E2_8,C,E2,0.240251
C_6,E2_9,C,E2,0.355559
C_6,E2_10,C,E2,0.256686
C_6,F1_1,C,F1,0.154667
C_6,F1_2,C,F1,0.280027
C_6,F1_3,C,F1,0.298375
C_6,F1_4,C,F1,0.303204
C_6,F1_5,C,F1,0.185049
C_6,F1_6,C,F1,0.303615
C_6,F1_7,C,F1,0.257978
C_6,F1_8,C,F1,0.303273
C_6,F1_9,C,F1,0.186527
C_6,F1_10,C,F1,0.266020
C_6,F2_1,C,F2,0.239946
C_6,F2_2,C,F2,0.228142
C_6,F2_3,C,F2,0.328389
C_6,F2_4,C,F2,0.238580
C_6,F2_5,C,F2,0.315704
C_6,F2_6,C,F2,0.242250
C_6,F2_7,C,F2,0.306989
C_6,F2_8,C,F2,0.263598
C_6,F2_9,C,F2,0.292168
C_6,F2_10,C,F2,0.228322
C_6,G_1,C,G,0.165545
C_6,G_2,C,G,0.167785
C_6,G_3,C,G,0.168668
C_6,G_4,C,G,0.167167
C_6,G_5,C,G,0.165074
C_6,G_6,C,G,0.167226
C_6,G_7,C,G,0.170078
C_6,G_8,C,G,0.165280
C_6,G_9,C,G,0.167874
C_6,G_10,C,G,0.167845
C_7,C_8,C,C,0.296898
C_7,C_9,C,C,0.259098
C_7,C_10,C,C,0.311830
C_7,D1_1,C,D1,0.369364
C_7,D1_2,C,D1,0.393686
C_7,D1_3,C,D1,0.368628
C_7,D1_4,C,D1,0.450776
C_7,D1_5,C,D1,0.398826
C_7,D1_6,C,D1,0.280423
C_7,D1_7,C,D1,0.316958
C_7,D1_8,C,D1,0.394089
C_7,D1_9,C,D1,0.398518
C_7,D1_10,C,D1,0.282832
C_7,D2_1,C,D2,0.458902
C_7,D2_2,C,D2,0.451209
C_7,D2_3,C,D2,0.328714
C_7,D2_4,C,D2,0.508908
C_7,D2_5,C,D2,0.485802
C_7,D2_6,C,D2,0.376368
C_7,D2_7,C,D2,0.397188
C_7,D2_8,C,D2,0.384244
C_7,D2_9,C,D2,0.474882
C_7,D2_10,C,D2,0.483701
C_7,D3_1,C,D3,0.306776
C_7,D3_2,C,D3,0.441976
C_7,D3_3,C,D3,0.243861
C_7,D3_4,C,D3,0.403938
C_7,D3_5,C,D3,0.383786
C_7,D3_6,C,D3,0.314685
C_7,D3_7,C,D3,0.447647
C_7,D3_8,C,D3,0.406029
C_7,D3_9,C,D3,0.440739
C_7,D3_10,C,D3,0.468233
C_7,D4_1,C,D4,0.380633
C_7,D4_2,C,D4,0.522118
C_7,D4_3,C,D4,0.393648
C_7,D4_4,C,D4,0.332370
C_7,D4_5,C,D4,0.469427
C_7,D4_6,C,D4,0.429004
C_7,D4_7,C,D4,0.274226
C_7,D4_8,C,D4,0.569379
C_7,D4_9,C,D4,0.362433
C_7,D4_10,C,D4,0.391871
C_7,E1_1,C,E1,0.372100
C_7,E1_2,C,E1,0.270302
C_7,E1_3,C,E1,0.255133
C_7,E1_4,C,E1,0.379429
C_7,E1_5,C,E1,0.292563
C_7,E1_6,C,E1,0.299312
C_7,E1_7,C,E1,0.281333
C_7,E1_8,C,E1,0.221518
C_7,E1_9,C,E1,0.356236
C_7,E1_10,C,E1,0.375901
C_7,E2_1,C,E2,0.368768
C_7,E2_2,C,E2,0.352857
C_7,E2_3,C,E2,0.410909
C_7,E2_4,C,E2,0.393361
C_7,E2_5,C,E2,0.362317
C_7,E2_6,C,E2,0.428116
C_7,E2_7,C,E2,0.359836
C_7,E2_8,C,E2,0.281152
C_7,E2_9,C,E2,0.387492
C_7,E2_10,C,E2,0.265552
C_7,F1_1,C,F1,0.152588
C_7,F1_2,C,F1,0.319404
C_7,F1_3,C,F1,0.335045
C_7,F1_4,C,F1,0.342534
C_7,F1_5,C,F1,0.194082
C_7,F1_6,C,F1,0.340582
C_7,F1_7,C,F1,0.299754
C_7,F1_8,C,F1,0.340796
C_7,F1_9,C,F1,0.195860
C_7,F1_10,C,F1,0.273060
C_7,F2_1,C,F2,0.281172
C_7,F2_2,C,F2,0.269045
C_7,F2_3,C,F2,0.365827
C_7,F2_4,C,F2,0.236623
C_7,F2_5,C,F2,0.351055
C_7,F2_6,C,F2,0.282501
C_7,F2_7,C,F2,0.345136
C_7,F2_8,C,F2,0.303986
C_7,F2_9,C,F2,0.311176
C_7,F2_10,C,F2,0.270726
C_7,G_1,C,G,0.211316
C_7,G_2,C,G,0.212158
C_7,G_3,C,G,0.214556
C_7,G_4,C,G,0.212810
C_7,G_5,C,G,0.210209
C_7,G_6,C,G,0.212528
C_7,G_7,C,G,0.215882
C_7,G_8,C,G,0.211034
C_7,G_9,C,G,0.212883
C_7,G_10,C,G,0.213462
C_8,C_9,C,C,0.181882
C_8,C_10,C,C,0.241788
C_8,D1_1,C,D1,0.316456
C_8,D1_2,C,D1,0.324451
C_8,D1_3,C,D1,0.300984
C_8,D1_4,C,D1,0.393283
C_8,D1_5,C,D1,0.336117
C_8,D1_6,C,D1,0.202801
C_8,D1_7,C,D1,0.244035
C_8,D1_8,C,D1,0.325964
C_8,D1_9,C,D1,0.333173
C_8,D1_10,C,D1,0.208700
C_8,D2_1,C,D2,0.402523
C_8,D2_2,C,D2,0.393465
C_8,D2_3,C,D2,0.306599
C_8,D2_4,C,D2,0.452715
C_8,D2_5,C,D2,0.427685
C_8,D2_6,C,D2,0.311707
C_8,D2_7,C,D2,0.332529
C_8,D2_8,C,D2,0.487901
C_8,D2_9,C,D2,0.422077
C_8,D2_10,C,D2,0.430518
C_8,D3_1,C,D3,0.365242
C_8,D3_2,C,D3,0.378459
C_8,D3_3,C,D3,0.359968
C_8,D3_4,C,D3,0.334511
C_8,D3_5,C,D3,0.319467
C_8,D3_6,C,D3,0.320960
C_8,D3_7,C,D3,0.388708
C_8,D3_8,C,D3,0.341499
C_8,D3_9,C,D3,0.381940
C_8,D3_10,C,D3,0.408539
C_8,D4_1,C,D4,0.414541
C_8,D4_2,C,D4,0.467732
C_8,D4_3,C,D4,0.328117
C_8,D4_4,C,D4,0.423538
C_8,D4_5,C,D4,0.410441
C_8,D4_6,C,D4,0.366646
C_8,D4_7,C,D4,0.386293
C_8,D4_8,C,D4,0.549258
C_8,D4_9,C,D4,0.439688
C_8,D4_10,C,D4,0.329410
C_8,E1_1,C,E1,0.304035
C_8,E1_2,C,E1,0.193099
C_8,E1_3,C,E1,0.179055
C_8,E1_4,C,E1,0.310597
C_8,E1_5,C,E1,0.084930
C_8,E1_6,C,E1,0.229049
C_8,E1_7,C,E1,0.209125
C_8,E1_8,C,E1,0.167108
C_8,E1_9,C,E1,0.294796
C_8,E1_10,C,E1,0.308571
C_8,E2_1,C,E2,0.306076
C_8,E2_2,C,E2,0.285620
C_8,E2_3,C,E2,0.346043
C_8,E2_4,C,E2,0.334191
C_8,E2_5,C,E2,0.293353
C_8,E2_6,C,E2,0.367923
C_8,E2_7,C,E2,0.287127
C_8,E2_8,C,E2,0.207528
C_8,E2_9,C,E2,0.323487
C_8,E2_10,C,E2,0.420868
C_8,F1_1,C,F1,0.229064
C_8,F1_2,C,F1,0.245475
C_8,F1_3,C,F1,0.263977
C_8,F1_4,C,F1,0.271062
C_8,F1_5,C,F1,0.302505
C_8,F1_6,C,F1,0.270302
C_8,F1_7,C,F1,0.226496
C_8,F1_8,C,F1,0.270225
C_8,F1_9,C,F1,0.178352
C_8,F1_10,C,F1,0.294901
C_8,F2_1,C,F2,0.207498
C_8,F2_2,C,F2,0.194014
C_8,F2_3,C,F2,0.299114
C_8,F2_4,C,F2,0.138166
C_8,F2_5,C,F2,0.283187
C_8,F2_6,C,F2,0.210209
C_8,F2_7,C,F2,0.271500
C_8,F2_8,C,F2,0.231123
C_8,F2_9,C,F2,0.263617
C_8,F2_10,C,F2,0.195088
C_8,G_1,C,G,0.133285
C_8,G_2,C,G,0.132289
C_8,G_3,C,G,0.131171
C_8,G_4,C,G,0.130631
C_8,G_5,C,G,0.128113
C_8,G_6,C,G,0.130717
C_8,G_7,C,G,0.133657
C_8,G_8,C,G,0.129666
C_8,G_9,C,G,0.130678
C_8,G_10,C,G,0.131664
C_9,C_10,C,C,0.202146
C_9,D1_1,C,D1,0.286045
C_9,D1_2,C,D1,0.289834
C_9,D1_3,C,D1,0.267380
C_9,D1_4,C,D1,0.361987
C_9,D1_5,C,D1,0.273363
C_9,D1_6,C,D1,0.162721
C_9,D1_7,C,D1,0.208182
C_9,D1_8,C,D1,0.294214
C_9,D1_9,C,D1,0.300852
C_9,D1_10,C,D1,0.171071
C_9,D2_1,C,D2,0.371079
C_9,D2_2,C,D2,0.360865
C_9,D2_3,C,D2,0.352240
C_9,D2_4,C,D2,0.402309
C_9,D2_5,C,D2,0.396514
C_9,D2_6,C,D2,0.276017
C_9,D2_7,C,D2,0.300180
C_9,D2_8,C,D2,0.458556
C_9,D2_9,C,D2,0.390138
C_9,D2_10,C,D2,0.398641
C_9,D3_1,C,D3,0.389501
C_9,D3_2,C,D3,0.285077
C_9,D3_3,C,D3,0.325961
C_9,D3_4,C,D3,0.302520
C_9,D3_5,C,D3,0.284245
C_9,D3_6,C,D3,0.227203
C_9,D3_7,C,D3,0.352568
C_9,D3_8,C,D3,0.310289
C_9,D3_9,C,D3,0.348608
C_9,D3_10,C,D3,0.319663
C_9,D4_1,C,D4,0.384819
C_9,D4_2,C,D4,0.424943
C_9,D4_3,C,D4,0.297537
C_9,D4_4,C,D4,0.433399
C_9,D4_5,C,D4,0.382339
C_9,D4_6,C,D4,0.335314
C_9,D4_7,C,D4,0.354398
C_9,D4_8,C,D4,0.526009
C_9,D4_9,C,D4,0.357154
C_9,D4_10,C,D4,0.296071
C_9,E1_1,C,E1,0.270608
C_9,E1_2,C,E1,0.155761
C_9,E1_3,C,E1,0.140115
C_9,E1_4,C,E1,0.274555
C_9,E1_5,C,E1,0.187064
C_9,E1_6,C,E1,0.189430
C_9,E1_7,C,E1,0.164335
C_9,E1_8,C,E1,0.194154
C_9,E1_9,C,E1,0.256816
C_9,E1_10,C,E1,0.273817
C_9,E2_1,C,E2,0.271640
C_9,E2_2,C,E2,0.249663
C_9,E2_3,C,E2,0.315849
C_9,E2_4,C,E2,0.302409
C_9,E2_5,C,E2,0.227669
C_9,E2_6,C,E2,0.311919
C_9,E2_7,C,E2,0.255119
C_9,E2_8,C,E2,0.165342
C_9,E2_9,C,E2,0.289712
C_9,E2_10,C,E2,0.389596
C_9,F1_1,C,F1,0.213758
C_9,F1_2,C,F1,0.209355
C_9,F1_3,C,F1,0.228010
C_9,F1_4,C,F1,0.235134
C_9,F1_5,C,F1,0.266956
C_9,F1_6,C,F1,0.237003
C_9,F1_7,C,F1,0.188340
C_9,F1_8,C,F1,0.232709
C_9,F1_9,C,F1,0.137727
C_9,F1_10,C,F1,0.259899
C_9,F2_1,C,F2,0.167549
C_9,F2_2,C,F2,0.151504
C_9,F2_3,C,F2,0.265173
C_9,F2_4,C,F2,0.216801
C_9,F2_5,C,F2,0.171916
C_9,F2_6,C,F2,0.170074
C_9,F2_7,C,F2,0.236444
C_9,F2_8,C,F2,0.111333
C_9,F2_9,C,F2,0.226689
C_9,F2_10,C,F2,0.156500
C_9,G_1,C,G,0.090256
C_9,G_2,C,G,0.088918
C_9,G_3,C,G,0.089486
C_9,G_4,C,G,0.086820
C_9,G_5,C,G,0.085240
C_9,G_6,C,G,0.086588
C_9,G_7,C,G,0.091043
C_9,G_8,C,G,0.086146
C_9,G_9,C,G,0.086852
C_9,G_10,C,G,0.087894
C_10,D1_1,C,D1,0.332370
C_10,D1_2,C,D1,0.341265
C_10,D1_3,C,D1,0.274692
C_10,D1_4,C,D1,0.276451
C_10,D1_5,C,D1,0.326935
C_10,D1_6,C,D1,0.222545
C_10,D1_7,C,D1,0.264617
C_10,D1_8,C,D1,0.343541
C_10,D1_9,C,D1,0.342433
C_10,D1_10,C,D1,0.190070
C_10,D2_1,C,D2,0.414824
C_10,D2_2,C,D2,0.375000
C_10,D2_3,C,D2,0.342013
C_10,D2_4,C,D2,0.319035
C_10,D2_5,C,D2,0.374219
C_10,D2_6,C,D2,0.270095
C_10,D2_7,C,D2,0.344971
C_10,D2_8,C,D2,0.494491
C_10,D2_9,C,D2,0.278091
C_10,D2_10,C,D2,0.439098
C_10,D3_1,C,D3,0.432326
C_10,D3_2,C,D3,0.398859
C_10,D3_3,C,D3,0.372491
C_10,D3_4,C,D3,0.347971
C_10,D3_5,C,D3,0.335905
C_10,D3_6,C,D3,0.347147
C_10,D3_7,C,D3,0.344213
C_10,D3_8,C,D3,0.354332
C_10,D3_9,C,D3,0.396078
C_10,D3_10,C,D3,0.429134
C_10,D4_1,C,D4,0.424261
C_10,D4_2,C,D4,0.443610
C_10,D4_3,C,D4,0.345136
C_10,D4_4,C,D4,0.477216
C_10,D4_5,C,D4,0.424284
C_10,D4_6,C,D4,0.299623
C_10,D4_7,C,D4,0.401356
C_10,D4_8,C,D4,0.444394
C_10,D4_9,C,D4,0.458265
C_10,D4_10,C,D4,0.282616
C_10,E1_1,C,E1,0.220986
C_10,E1_2,C,E1,0.215268
C_10,E1_3,C,E1,0.195652
C_10,E1_4,C,E1,0.327969
C_10,E1_5,C,E1,0.245321
C_10,E1_6,C,E1,0.158156
C_10,E1_7,C,E1,0.229693
C_10,E1_8,C,E1,0.251767
C_10,E1_9,C,E1,0.310350
C_10,E1_10,C,E1,0.317326
C_10,E2_1,C,E2,0.320536
C_10,E2_2,C,E2,0.297426
C_10,E2_3,C,E2,0.362159
C_10,E2_4,C,E2,0.346626
C_10,E2_5,C,E2,0.308907
C_10,E2_6,C,E2,0.214852
C_10,E2_7,C,E2,0.293027
C_10,E2_8,C,E2,0.227187
C_10,E2_9,C,E2,0.337118
C_10,E2_10,C,E2,0.431701
C_10,F1_1,C,F1,0.269519
C_10,F1_2,C,F1,0.263422
C_10,F1_3,C,F1,0.185742
C_10,F1_4,C,F1,0.097365
C_10,F1_5,C,F1,0.315431
C_10,F1_6,C,F1,0.288281
C_10,F1_7,C,F1,0.244253
C_10,F1_8,C,F1,0.285667
C_10,F1_9,C,F1,0.195584
C_10,F1_10,C,F1,0.307680
C_10,F2_1,C,F2,0.224141
C_10,F2_2,C,F2,0.211840
C_10,F2_3,C,F2,0.313464
C_10,F2_4,C,F2,0.273271
C_10,F2_5,C,F2,0.303638
C_10,F2_6,C,F2,0.228606
C_10,F2_7,C,F2,0.290020
C_10,F2_8,C,F2,0.248187
C_10,F2_9,C,F2,0.280338
C_10,F2_10,C,F2,0.216300
C_10,G_1,C,G,0.153737
C_10,G_2,C,G,0.150765
C_10,G_3,C,G,0.152970
C_10,G_4,C,G,0.150792
C_10,G_5,C,G,0.147673
C_10,G_6,C,G,0.150863
C_10,G_7,C,G,0.154079
C_10,G_8,C,G,0.151175
C_10,G_9,C,G,0.150517
C_10,G_10,C,G,0.151148
D1_1,D1_2,D1,D1,0.409655
D1_1,D1_3,D1,D1,0.389873
D1_1,D1_4,D1,D1,0.393222
D1_1,D1_5,D1,D1,0.386328
D1_1,D1_6,D1,D1,0.301144
D1_1,D1_7,D1,D1,0.340582
D1_1,D1_8,D1,D1,0.319948
D1_1,D1_9,D1,D1,0.328014
D1_1,D1_10,D1,D1,0.291804
D1_1,D2_1,D1,D2,0.460261
D1_1,D2_2,D1,D2,0.373001
D1_1,D2_3,D1,D2,0.460659
D1_1,D2_4,D1,D2,0.519760
D1_1,D2_5,D1,D2,0.477592
D1_1,D2_6,D1,D2,0.396387
D1_1,D2_7,D1,D2,0.414794
D1_1,D2_8,D1,D2,0.403355
D1_1,D2_9,D1,D2,0.368438
D1_1,D2_10,D1,D2,0.388500
D1_1,D3_1,D1,D3,0.494118
D1_1,D3_2,D1,D3,0.458395
D1_1,D3_3,D1,D3,0.411188
D1_1,D3_4,D1,D3,0.424992
D1_1,D3_5,D1,D3,0.404196
D1_1,D3_6,D1,D3,0.410068
D1_1,D3_7,D1,D3,0.461425
D1_1,D3_8,D1,D3,0.424183
D1_1,D3_9,D1,D3,0.457640
D1_1,D3_10,D1,D3,0.485238
D1_1,D4_1,D1,D4,0.270243
D1_1,D4_2,D1,D4,0.432162
D1_1,D4_3,D1,D4,0.415227
D1_1,D4_4,D1,D4,0.404334
D1_1,D4_5,D1,D4,0.485047
D1_1,D4_6,D1,D4,0.434914
D1_1,D4_7,D1,D4,0.362516
D1_1,D4_8,D1,D4,0.512979
D1_1,D4_9,D1,D4,0.423042
D1_1,D4_10,D1,D4,0.332582
D1_1,E1_1,D1,E1,0.391479
D1_1,E1_2,D1,E1,0.292161
D1_1,E1_3,D1,E1,0.282803
D1_1,E1_4,D1,E1,0.397406
D1_1,E1_5,D1,E1,0.319269
D1_1,E1_6,D1,E1,0.321527
D1_1,E1_7,D1,E1,0.309299
D1_1,E1_8,D1,E1,0.327747
D1_1,E1_9,D1,E1,0.378328
D1_1,E1_10,D1,E1,0.394733
D1_1,E2_1,D1,E2,0.288746
D1_1,E2_2,D1,E2,0.307391
D1_1,E2_3,D1,E2,0.370679
D1_1,E2_4,D1,E2,0.419325
D1_1,E2_5,D1,E2,0.382192
D1_1,E2_6,D1,E2,0.447428
D1_1,E2_7,D1,E2,0.374159
D1_1,E2_8,D1,E2,0.306588
D1_1,E2_9,D1,E2,0.406504
D1_1,E2_10,D1,E2,0.451232
D1_1,F1_1,D1,F1,0.341054
D1_1,F1_2,D1,F1,0.341116
D1_1,F1_3,D1,F1,0.353492
D1_1,F1_4,D1,F1,0.361830
D1_1,F1_5,D1,F1,0.262938
D1_1,F1_6,D1,F1,0.242121
D1_1,F1_7,D1,F1,0.324939
D1_1,F1_8,D1,F1,0.360936
D1_1,F1_9,D1,F1,0.255552
D1_1,F1_10,D1,F1,0.248776
D1_1,F2_1,D1,F2,0.306349
D1_1,F2_2,D1,F2,0.291193
D1_1,F2_3,D1,F2,0.224846
D1_1,F2_4,D1,F2,0.343496
D1_1,F2_5,D1,F2,0.370922
D1_1,F2_6,D1,F2,0.306249
D1_1,F2_7,D1,F2,0.364654
D1_1,F2_8,D1,F2,0.325536
D1_1,F2_9,D1,F2,0.215122
D1_1,F2_10,D1,F2,0.293711
D1_1,G_1,D1,G,0.241859
D1_1,G_2,D1,G,0.240251
D1_1,G_3,D1,G,0.239905
D1_1,G_4,D1,G,0.238499
D1_1,G_5,D1,G,0.238071
D1_1,G_6,D1,G,0.239105
D1_1,G_7,D1,G,0.243865
D1_1,G_8,D1,G,0.238879
D1_1,G_9,D1,G,0.239776
D1_1,G_10,D1,G,0.240034
D1_2,D1_3,D1,D1,0.310738
D1_2,D1_4,D1,D1,0.474512
D1_2,D1_5,D1,D1,0.423007
D1_2,D1_6,D1,D1,0.308993
D1_2,D1_7,D1,D1,0.304085
D1_2,D1_8,D1,D1,0.418381
D1_2,D1_9,D1,D1,0.421245
D1_2,D1_10,D1,D1,0.311097
D1_2,D2_1,D1,D2,0.455073
D1_2,D2_2,D1,D2,0.473150
D1_2,D2_3,D1,D2,0.464159
D1_2,D2_4,D1,D2,0.527809
D1_2,D2_5,D1,D2,0.434337
D1_2,D2_6,D1,D2,0.246201
D1_2,D2_7,D1,D2,0.422117
D1_2,D2_8,D1,D2,0.560089
D1_2,D2_9,D1,D2,0.497467
D1_2,D2_10,D1,D2,0.502383
D1_2,D3_1,D1,D3,0.443093
D1_2,D3_2,D1,D3,0.464862
D1_2,D3_3,D1,D3,0.445577
D1_2,D3_4,D1,D3,0.242589
D1_2,D3_5,D1,D3,0.269488
D1_2,D3_6,D1,D3,0.419133
D1_2,D3_7,D1,D3,0.235524
D1_2,D3_8,D1,D3,0.432138
D1_2,D3_9,D1,D3,0.347715
D1_2,D3_10,D1,D3,0.461938
D1_2,D4_1,D1,D4,0.492158
D1_2,D4_2,D1,D4,0.544419
D1_2,D4_3,D1,D4,0.395450
D1_2,D4_4,D1,D4,0.537465
D1_2,D4_5,D1,D4,0.425409
D1_2,D4_6,D1,D4,0.452292
D1_2,D4_7,D1,D4,0.467239
D1_2,D4_8,D1,D4,0.615672
D1_2,D4_9,D1,D4,0.519099
D1_2,D4_10,D1,D4,0.392680
D1_2,E1_1,D1,E1,0.401724
D1_2,E1_2,D1,E1,0.304838
D1_2,E1_3,D1,E1,0.288592
D1_2,E1_4,D1,E1,0.283281
D1_2,E1_5,D1,E1,0.326951
D1_2,E1_6,D1,E1,0.328394
D1_2,E1_7,D1,E1,0.315730
D1_2,E1_8,D1,E1,0.333494
D1_2,E1_9,D1,E1,0.390521
D1_2,E1_10,D1,E1,0.403974
D1_2,E2_1,D1,E2,0.398953
D1_2,E2_2,D1,E2,0.381940
D1_2,E2_3,D1,E2,0.436841
D1_2,E2_4,D1,E2,0.362429
D1_2,E2_5,D1,E2,0.209182
D1_2,E2_6,D1,E2,0.453078
D1_2,E2_7,D1,E2,0.386371
D1_2,E2_8,D1,E2,0.311657
D1_2,E2_9,D1,E2,0.356431
D1_2,E2_10,D1,E2,0.503608
D1_2,F1_1,D1,F1,0.350119
D1_2,F1_2,D1,F1,0.316182
D1_2,F1_3,D1,F1,0.363722
D1_2,F1_4,D1,F1,0.366567
D1_2,F1_5,D1,F1,0.397497
D1_2,F1_6,D1,F1,0.367527
D1_2,F1_7,D1,F1,0.329631
D1_2,F1_8,D1,F1,0.245136
D1_2,F1_9,D1,F1,0.285384
D1_2,F1_10,D1,F1,0.390251
D1_2,F2_1,D1,F2,0.201386
D1_2,F2_2,D1,F2,0.300818
D1_2,F2_3,D1,F2,0.392968
D1_2,F2_4,D1,F2,0.353324
D1_2,F2_5,D1,F2,0.380165
D1_2,F2_6,D1,F2,0.317887
D1_2,F2_7,D1,F2,0.371940
D1_2,F2_8,D1,F2,0.334777
D1_2,F2_9,D1,F2,0.361164
D1_2,F2_10,D1,F2,0.304711
D1_2,G_1,D1,G,0.250000
D1_2,G_2,D1,G,0.249283
D1_2,G_3,D1,G,0.249536
D1_2,G_4,D1,G,0.247256
D1_2,G_5,D1,G,0.245647
D1_2,G_6,D1,G,0.247553
D1_2,G_7,D1,G,0.250211
D1_2,G_8,D1,G,0.247931
D1_2,G_9,D1,G,0.247339
D1_2,G_10,D1,G,0.247593
D1_3,D1_4,D1,D1,0.395762
D1_3,D1_5,D1,D1,0.405759
D1_3,D1_6,D1,D1,0.283140
D1_3,D1_7,D1,D1,0.325040
D1_3,D1_8,D1,D1,0.399815
D1_3,D1_9,D1,D1,0.362099
D1_3,D1_10,D1,D1,0.290918
D1_3,D2_1,D1,D2,0.374745
D1_3,D2_2,D1,D2,0.399907
D1_3,D2_3,D1,D2,0.384435
D1_3,D2_4,D1,D2,0.464672
D1_3,D2_5,D1,D2,0.488575
D1_3,D2_6,D1,D2,0.325803
D1_3,D2_7,D1,D2,0.352361
D1_3,D2_8,D1,D2,0.536844
D1_3,D2_9,D1,D2,0.420892
D1_3,D2_10,D1,D2,0.487150
D1_3,D3_1,D1,D3,0.358479
D1_3,D3_2,D1,D3,0.448586
D1_3,D3_3,D1,D3,0.427422
D1_3,D3_4,D1,D3,0.409363
D1_3,D3_5,D1,D3,0.395342
D1_3,D3_6,D1,D3,0.398577
D1_3,D3_7,D1,D3,0.342383
D1_3,D3_8,D1,D3,0.411692
D1_3,D3_9,D1,D3,0.361208
D1_3,D3_10,D1,D3,0.378641
D1_3,D4_1,D1,D4,0.474033
D1_3,D4_2,D1,D4,0.468009
D1_3,D4_3,D1,D4,0.310604
D1_3,D4_4,D1,D4,0.519412
D1_3,D4_5,D1,D4,0.472468
D1_3,D4_6,D1,D4,0.370988
D1_3,D4_7,D1,D4,0.449139
D1_3,D4_8,D1,D4,0.582512
D1_3,D4_9,D1,D4,0.501227
D1_3,D4_10,D1,D4,0.370633
D1_3,E1_1,D1,E1,0.378459
D1_3,E1_2,D1,E1,0.265238
D1_3,E1_3,D1,E1,0.263749
D1_3,E1_4,D1,E1,0.383224
D1_3,E1_5,D1,E1,0.303886
D1_3,E1_6,D1,E1,0.234332
D1_3,E1_7,D1,E1,0.291701
D1_3,E1_8,D1,E1,0.311126
D1_3,E1_9,D1,E1,0.366077
D1_3,E1_10,D1,E1,0.344739
D1_3,E2_1,D1,E2,0.378180
D1_3,E2_2,D1,E2,0.361164
D1_3,E2_3,D1,E2,0.414115
D1_3,E2_4,D1,E2,0.299638
D1_3,E2_5,D1,E2,0.299147
D1_3,E2_6,D1,E2,0.372009
D1_3,E2_7,D1,E2,0.301325
D1_3,E2_8,D1,E2,0.291221
D1_3,E2_9,D1,E2,0.263968
D1_3,E2_10,D1,E2,0.484418
D1_3,F1_1,D1,F1,0.329577
D1_3,F1_2,D1,F1,0.219110
D1_3,F1_3,D1,F1,0.267636
D1_3,F1_4,D1,F1,0.295664
D1_3,F1_5,D1,F1,0.375607
D1_3,F1_6,D1,F1,0.346099
D1_3,F1_7,D1,F1,0.307429
D1_3,F1_8,D1,F1,0.173453
D1_3,F1_9,D1,F1,0.261621
D1_3,F1_10,D1,F1,0.368661
D1_3,F2_1,D1,F2,0.184095
D1_3,F2_2,D1,F2,0.274950
D1_3,F2_3,D1,F2,0.371464
D1_3,F2_4,D1,F2,0.330435
D1_3,F2_5,D1,F2,0.357810
D1_3,F2_6,D1,F2,0.261941
D1_3,F2_7,D1,F2,0.352202
D1_3,F2_8,D1,F2,0.311350
D1_3,F2_9,D1,F2,0.340599
D1_3,F2_10,D1,F2,0.280352
D1_3,G_1,D1,G,0.225193
D1_3,G_2,D1,G,0.223878
D1_3,G_3,D1,G,0.224126
D1_3,G_4,D1,G,0.223003
D1_3,G_5,D1,G,0.220124
D1_3,G_6,D1,G,0.220888
D1_3,G_7,D1,G,0.224829
D1_3,G_8,D1,G,0.222775
D1_3,G_9,D1,G,0.220944
D1_3,G_10,D1,G,0.223041
D1_4,D1_5,D1,D1,0.484583
D1_4,D1_6,D1,D1,0.373358
D1_4,D1_7,D1,D1,0.407941
D1_4,D1_8,D1,D1,0.392724
D1_4,D1_9,D1,D1,0.324455
D1_4,D1_10,D1,D1,0.325919
D1_4,D2_1,D1,D2,0.536685
D1_4,D2_2,D1,D2,0.283353
D1_4,D2_3,D1,D2,0.376975
D1_4,D2_4,D1,D2,0.399322
D1_4,D2_5,D1,D2,0.481016
D1_4,D2_6,D1,D2,0.438702
D1_4,D2_7,D1,D2,0.482380
D1_4,D2_8,D1,D2,0.572136
D1_4,D2_9,D1,D2,0.271138
D1_4,D2_10,D1,D2,0.524108
D1_4,D3_1,D1,D3,0.552999
D1_4,D3_2,D1,D3,0.520872
D1_4,D3_3,D1,D3,0.499783
D1_4,D3_4,D1,D3,0.485998
D1_4,D3_5,D1,D3,0.467880
D1_4,D3_6,D1,D3,0.478127
D1_4,D3_7,D1,D3,0.401199
D1_4,D3_8,D1,D3,0.485096
D1_4,D3_9,D1,D3,0.519954
D1_4,D3_10,D1,D3,0.547479
D1_4,D4_1,D1,D4,0.422802
D1_4,D4_2,D1,D4,0.452889
D1_4,D4_3,D1,D4,0.482370
D1_4,D4_4,D1,D4,0.518043
D1_4,D4_5,D1,D4,0.541678
D1_4,D4_6,D1,D4,0.286352
D1_4,D4_7,D1,D4,0.373490
D1_4,D4_8,D1,D4,0.479707
D1_4,D4_9,D1,D4,0.452746
D1_4,D4_10,D1,D4,0.379687
D1_4,E1_1,D1,E1,0.401538
D1_4,E1_2,D1,E1,0.303580
D1_4,E1_3,D1,E1,0.356260
D1_4,E1_4,D1,E1,0.464824
D1_4,E1_5,D1,E1,0.395682
D1_4,E1_6,D1,E1,0.273196
D1_4,E1_7,D1,E1,0.382816
D1_4,E1_8,D1,E1,0.399599
D1_4,E1_9,D1,E1,0.451435
D1_4,E1_10,D1,E1,0.355954
D1_4,E2_1,D1,E2,0.453032
D1_4,E2_2,D1,E2,0.438713
D1_4,E2_3,D1,E2,0.414910
D1_4,E2_4,D1,E2,0.483980
D1_4,E2_5,D1,E2,0.450216
D1_4,E2_6,D1,E2,0.362113
D1_4,E2_7,D1,E2,0.335041
D1_4,E2_8,D1,E2,0.380960
D1_4,E2_9,D1,E2,0.478038
D1_4,E2_10,D1,E2,0.551445
D1_4,F1_1,D1,F1,0.416578
D1_4,F1_2,D1,F1,0.414541
D1_4,F1_3,D1,F1,0.231988
D1_4,F1_4,D1,F1,0.296788
D1_4,F1_5,D1,F1,0.418318
D1_4,F1_6,D1,F1,0.256884
D1_4,F1_7,D1,F1,0.398272
D1_4,F1_8,D1,F1,0.433595
D1_4,F1_9,D1,F1,0.355105
D1_4,F1_10,D1,F1,0.349348
D1_4,F2_1,D1,F2,0.382050
D1_4,F2_2,D1,F2,0.368975
D1_4,F2_3,D1,F2,0.275868
D1_4,F2_4,D1,F2,0.416438
D1_4,F2_5,D1,F2,0.444245
D1_4,F2_6,D1,F2,0.274992
D1_4,F2_7,D1,F2,0.431550
D1_4,F2_8,D1,F2,0.398551
D1_4,F2_9,D1,F2,0.318742
D1_4,F2_10,D1,F2,0.369340
D1_4,G_1,D1,G,0.322607
D1_4,G_2,D1,G,0.319417
D1_4,G_3,D1,G,0.321584
D1_4,G_4,D1,G,0.319197
D1_4,G_5,D1,G,0.318270
D1_4,G_6,D1,G,0.319696
D1_4,G_7,D1,G,0.322997
D1_4,G_8,D1,G,0.320660
D1_4,G_9,D1,G,0.320660
D1_4,G_10,D1,G,0.320880
D1_5,D1_6,D1,D1,0.250969
D1_5,D1_7,D1,D1,0.357369
D1_5,D1_8,D1,D1,0.424358
D1_5,D1_9,D1,D1,0.429351
D1_5,D1_10,D1,D1,0.316114
D1_5,D2_1,D1,D2,0.438338
D1_5,D2_2,D1,D2,0.437509
D1_5,D2_3,D1,D2,0.479295
D1_5,D2_4,D1,D2,0.469876
D1_5,D2_5,D1,D2,0.377052
D1_5,D2_6,D1,D2,0.344718
D1_5,D2_7,D1,D2,0.433066
D1_5,D2_8,D1,D2,0.503250
D1_5,D2_9,D1,D2,0.418700
D1_5,D2_10,D1,D2,0.453025
D1_5,D3_1,D1,D3,0.507280
D1_5,D3_2,D1,D3,0.341549
D1_5,D3_3,D1,D3,0.450928
D1_5,D3_4,D1,D3,0.356599
D1_5,D3_5,D1,D3,0.420578
D1_5,D3_6,D1,D3,0.350813
D1_5,D3_7,D1,D3,0.475540
D1_5,D3_8,D1,D3,0.435913
D1_5,D3_9,D1,D3,0.472513
D1_5,D3_10,D1,D3,0.395194
D1_5,D4_1,D1,D4,0.437698
D1_5,D4_2,D1,D4,0.488379
D1_5,D4_3,D1,D4,0.430412
D1_5,D4_4,D1,D4,0.481254
D1_5,D4_5,D1,D4,0.499855
D1_5,D4_6,D1,D4,0.426182
D1_5,D4_7,D1,D4,0.476520
D1_5,D4_8,D1,D4,0.515482
D1_5,D4_9,D1,D4,0.436879
D1_5,D4_10,D1,D4,0.431818
D1_5,E1_1,D1,E1,0.208981
D1_5,E1_2,D1,E1,0.318123
D1_5,E1_3,D1,E1,0.300164
D1_5,E1_4,D1,E1,0.412647
D1_5,E1_5,D1,E1,0.338560
D1_5,E1_6,D1,E1,0.341865
D1_5,E1_7,D1,E1,0.327517
D1_5,E1_8,D1,E1,0.346099
D1_5,E1_9,D1,E1,0.399660
D1_5,E1_10,D1,E1,0.408336
D1_5,E2_1,D1,E2,0.330709
D1_5,E2_2,D1,E2,0.377036
D1_5,E2_3,D1,E2,0.446212
D1_5,E2_4,D1,E2,0.433268
D1_5,E2_5,D1,E2,0.326821
D1_5,E2_6,D1,E2,0.253421
D1_5,E2_7,D1,E2,0.393283
D1_5,E2_8,D1,E2,0.316669
D1_5,E2_9,D1,E2,0.422533
D1_5,E2_10,D1,E2,0.503036
D1_5,F1_1,D1,F1,0.359899
D1_5,F1_2,D1,F1,0.358682
D1_5,F1_3,D1,F1,0.373371
D1_5,F1_4,D1,F1,0.304511
D1_5,F1_5,D1,F1,0.403852
D1_5,F1_6,D1,F1,0.382959
D1_5,F1_7,D1,F1,0.342821
D1_5,F1_8,D1,F1,0.378366
D1_5,F1_9,D1,F1,0.299507
D1_5,F1_10,D1,F1,0.400865
D1_5,F2_1,D1,F2,0.324875
D1_5,F2_2,D1,F2,0.313598
D1_5,F2_3,D1,F2,0.404773
D1_5,F2_4,D1,F2,0.361006
D1_5,F2_5,D1,F2,0.299065
D1_5,F2_6,D1,F2,0.326122
D1_5,F2_7,D1,F2,0.379984
D1_5,F2_8,D1,F2,0.262611
D1_5,F2_9,D1,F2,0.375196
D1_5,F2_10,D1,F2,0.314444
D1_5,G_1,D1,G,0.262336
D1_5,G_2,D1,G,0.262196
D1_5,G_3,D1,G,0.260410
D1_5,G_4,D1,G,0.258737
D1_5,G_5,D1,G,0.257734
D1_5,G_6,D1,G,0.259899
D1_5,G_7,D1,G,0.263987
D1_5,G_8,D1,G,0.258238
D1_5,G_9,D1,G,0.259116
D1_5,G_10,D1,G,0.259365
D1_6,D1_7,D1,D1,0.226939
D1_6,D1_8,D1,D1,0.309706
D1_6,D1_9,D1,D1,0.314031
D1_6,D1_10,D1,D1,0.190360
D1_6,D2_1,D1,D2,0.384066
D1_6,D2_2,D1,D2,0.375059
D1_6,D2_3,D1,D2,0.368148
D1_6,D2_4,D1,D2,0.414035
D1_6,D2_5,D1,D2,0.351899
D1_6,D2_6,D1,D2,0.282838
D1_6,D2_7,D1,D2,0.316105
D1_6,D2_8,D1,D2,0.470727
D1_6,D2_9,D1,D2,0.402059
D1_6,D2_10,D1,D2,0.414556
D1_6,D3_1,D1,D3,0.403412
D1_6,D3_2,D1,D3,0.316165
D1_6,D3_3,D1,D3,0.344278
D1_6,D3_4,D1,D3,0.277142
D1_6,D3_5,D1,D3,0.306096
D1_6,D3_6,D1,D3,0.311758
D1_6,D3_7,D1,D3,0.368182
D1_6,D3_8,D1,D3,0.323591
D1_6,D3_9,D1,D3,0.365608
D1_6,D3_10,D1,D3,0.369190
D1_6,D4_1,D1,D4,0.398553
D1_6,D4_2,D1,D4,0.453570
D1_6,D4_3,D1,D4,0.310507
D1_6,D4_4,D1,D4,0.444145
D1_6,D4_5,D1,D4,0.398584
D1_6,D4_6,D1,D4,0.347916
D1_6,D4_7,D1,D4,0.370016
D1_6,D4_8,D1,D4,0.482547
D1_6,D4_9,D1,D4,0.410444
D1_6,D4_10,D1,D4,0.314559
D1_6,E1_1,D1,E1,0.215131
D1_6,E1_2,D1,E1,0.177018
D1_6,E1_3,D1,E1,0.160793
D1_6,E1_4,D1,E1,0.296594
D1_6,E1_5,D1,E1,0.205649
D1_6,E1_6,D1,E1,0.209847
D1_6,E1_7,D1,E1,0.191397
D1_6,E1_8,D1,E1,0.212616
D1_6,E1_9,D1,E1,0.274813
D1_6,E1_10,D1,E1,0.288611
D1_6,E2_1,D1,E2,0.288108
D1_6,E2_2,D1,E2,0.266922
D1_6,E2_3,D1,E2,0.331460
D1_6,E2_4,D1,E2,0.314764
D1_6,E2_5,D1,E2,0.275095
D1_6,E2_6,D1,E2,0.281928
D1_6,E2_7,D1,E2,0.269646
D1_6,E2_8,D1,E2,0.190749
D1_6,E2_9,D1,E2,0.304447
D1_6,E2_10,D1,E2,0.405463
D1_6,F1_1,D1,F1,0.234476
D1_6,F1_2,D1,F1,0.226280
D1_6,F1_3,D1,F1,0.245442
D1_6,F1_4,D1,F1,0.236102
D1_6,F1_5,D1,F1,0.284700
D1_6,F1_6,D1,F1,0.251892
D1_6,F1_7,D1,F1,0.210635
D1_6,F1_8,D1,F1,0.249453
D1_6,F1_9,D1,F1,0.158128
D1_6,F1_10,D1,F1,0.275232
D1_6,F2_1,D1,F2,0.187870
D1_6,F2_2,D1,F2,0.175088
D1_6,F2_3,D1,F2,0.278403
D1_6,F2_4,D1,F2,0.233265
D1_6,F2_5,D1,F2,0.264176
D1_6,F2_6,D1,F2,0.188121
D1_6,F2_7,D1,F2,0.256040
D1_6,F2_8,D1,F2,0.212579
D1_6,F2_9,D1,F2,0.244166
D1_6,F2_10,D1,F2,0.176150
D1_6,G_1,D1,G,0.114540
D1_6,G_2,D1,G,0.113208
D1_6,G_3,D1,G,0.112402
D1_6,G_4,D1,G,0.111515
D1_6,G_5,D1,G,0.107916
D1_6,G_6,D1,G,0.110930
D1_6,G_7,D1,G,0.114938
D1_6,G_8,D1,G,0.111212
D1_6,G_9,D1,G,0.109838
D1_6,G_10,D1,G,0.111192
D1_7,D1_8,D1,D1,0.350079
D1_7,D1_9,D1,D1,0.353175
D1_7,D1_10,D1,D1,0.236623
D1_7,D2_1,D1,D2,0.420380
D1_7,D2_2,D1,D2,0.411053
D1_7,D2_3,D1,D2,0.395824
D1_7,D2_4,D1,D2,0.466982
D1_7,D2_5,D1,D2,0.320898
D1_7,D2_6,D1,D2,0.334082
D1_7,D2_7,D1,D2,0.258812
D1_7,D2_8,D1,D2,0.501733
D1_7,D2_9,D1,D2,0.438327
D1_7,D2_10,D1,D2,0.355478
D1_7,D3_1,D1,D3,0.435661
D1_7,D3_2,D1,D3,0.353902
D1_7,D3_3,D1,D3,0.379337
D1_7,D3_4,D1,D3,0.287389
D1_7,D3_5,D1,D3,0.247332
D1_7,D3_6,D1,D3,0.346313
D1_7,D3_7,D1,D3,0.363722
D1_7,D3_8,D1,D3,0.360544
D1_7,D3_9,D1,D3,0.352017
D1_7,D3_10,D1,D3,0.430108
D1_7,D4_1,D1,D4,0.430472
D1_7,D4_2,D1,D4,0.481302
D1_7,D4_3,D1,D4,0.349045
D1_7,D4_4,D1,D4,0.477942
D1_7,D4_5,D1,D4,0.352839
D1_7,D4_6,D1,D4,0.386364
D1_7,D4_7,D1,D4,0.404311
D1_7,D4_8,D1,D4,0.553758
D1_7,D4_9,D1,D4,0.457164
D1_7,D4_10,D1,D4,0.282234
D1_7,E1_1,D1,E1,0.326080
D1_7,E1_2,D1,E1,0.220621
D1_7,E1_3,D1,E1,0.168375
D1_7,E1_4,D1,E1,0.187816
D1_7,E1_5,D1,E1,0.249032
D1_7,E1_6,D1,E1,0.251348
D1_7,E1_7,D1,E1,0.233771
D1_7,E1_8,D1,E1,0.252819
D1_7,E1_9,D1,E1,0.313853
D1_7,E1_10,D1,E1,0.326227
D1_7,E2_1,D1,E2,0.328030
D1_7,E2_2,D1,E2,0.307617
D1_7,E2_3,D1,E2,0.317489
D1_7,E2_4,D1,E2,0.294583
D1_7,E2_5,D1,E2,0.312683
D1_7,E2_6,D1,E2,0.387885
D1_7,E2_7,D1,E2,0.309593
D1_7,E2_8,D1,E2,0.228552
D1_7,E2_9,D1,E2,0.345014
D1_7,E2_10,D1,E2,0.436925
D1_7,F1_1,D1,F1,0.273150
D1_7,F1_2,D1,F1,0.269680
D1_7,F1_3,D1,F1,0.285691
D1_7,F1_4,D1,F1,0.295093
D1_7,F1_5,D1,F1,0.321631
D1_7,F1_6,D1,F1,0.291289
D1_7,F1_7,D1,F1,0.185172
D1_7,F1_8,D1,F1,0.294311
D1_7,F1_9,D1,F1,0.203845
D1_7,F1_10,D1,F1,0.313933
D1_7,F2_1,D1,F2,0.230953
D1_7,F2_2,D1,F2,0.218123
D1_7,F2_3,D1,F2,0.318587
D1_7,F2_4,D1,F2,0.274314
D1_7,F2_5,D1,F2,0.302728
D1_7,F2_6,D1,F2,0.232079
D1_7,F2_7,D1,F2,0.294427
D1_7,F2_8,D1,F2,0.253952
D1_7,F2_9,D1,F2,0.285076
D1_7,F2_10,D1,F2,0.221040
D1_7,G_1,D1,G,0.161376
D1_7,G_2,D1,G,0.160702
D1_7,G_3,D1,G,0.161262
D1_7,G_4,D1,G,0.158772
D1_7,G_5,D1,G,0.156333
D1_7,G_6,D1,G,0.158837
D1_7,G_7,D1,G,0.162033
D1_7,G_8,D1,G,0.158175
D1_7,G_9,D1,G,0.159155
D1_7,G_10,D1,G,0.160106
D1_8,D1_9,D1,D1,0.307278
D1_8,D1_10,D1,D1,0.315918
D1_8,D2_1,D1,D2,0.485414
D1_8,D2_2,D1,D2,0.403784
D1_8,D2_3,D1,D2,0.469746
D1_8,D2_4,D1,D2,0.529620
D1_8,D2_5,D1,D2,0.506251
D1_8,D2_6,D1,D2,0.405741
D1_8,D2_7,D1,D2,0.405534
D1_8,D2_8,D1,D2,0.547936
D1_8,D2_9,D1,D2,0.452594
D1_8,D2_10,D1,D2,0.466203
D1_8,D3_1,D1,D3,0.498262
D1_8,D3_2,D1,D3,0.364081
D1_8,D3_3,D1,D3,0.448286
D1_8,D3_4,D1,D3,0.427619
D1_8,D3_5,D1,D3,0.409594
D1_8,D3_6,D1,D3,0.415418
D1_8,D3_7,D1,D3,0.472283
D1_8,D3_8,D1,D3,0.297848
D1_8,D3_9,D1,D3,0.338351
D1_8,D3_10,D1,D3,0.494480
D1_8,D4_1,D1,D4,0.399815
D1_8,D4_2,D1,D4,0.544969
D1_8,D4_3,D1,D4,0.364726
D1_8,D4_4,D1,D4,0.419394
D1_8,D4_5,D1,D4,0.394155
D1_8,D4_6,D1,D4,0.401604
D1_8,D4_7,D1,D4,0.394235
D1_8,D4_8,D1,D4,0.392901
D1_8,D4_9,D1,D4,0.394529
D1_8,D4_10,D1,D4,0.423878
D1_8,E1_1,D1,E1,0.398180
D1_8,E1_2,D1,E1,0.302782
D1_8,E1_3,D1,E1,0.291859
D1_8,E1_4,D1,E1,0.406020
D1_8,E1_5,D1,E1,0.330336
D1_8,E1_6,D1,E1,0.331511
D1_8,E1_7,D1,E1,0.318079
D1_8,E1_8,D1,E1,0.333654
D1_8,E1_9,D1,E1,0.391426
D1_8,E1_10,D1,E1,0.402651
D1_8,E2_1,D1,E2,0.399600
D1_8,E2_2,D1,E2,0.381086
D1_8,E2_3,D1,E2,0.181515
D1_8,E2_4,D1,E2,0.427964
D1_8,E2_5,D1,E2,0.385968
D1_8,E2_6,D1,E2,0.452765
D1_8,E2_7,D1,E2,0.382509
D1_8,E2_8,D1,E2,0.315106
D1_8,E2_9,D1,E2,0.416946
D1_8,E2_10,D1,E2,0.447290
D1_8,F1_1,D1,F1,0.350802
D1_8,F1_2,D1,F1,0.349300
D1_8,F1_3,D1,F1,0.365169
D1_8,F1_4,D1,F1,0.372610
D1_8,F1_5,D1,F1,0.310199
D1_8,F1_6,D1,F1,0.278580
D1_8,F1_7,D1,F1,0.307178
D1_8,F1_8,D1,F1,0.372764
D1_8,F1_9,D1,F1,0.290073
D1_8,F1_10,D1,F1,0.243436
D1_8,F2_1,D1,F2,0.317061
D1_8,F2_2,D1,F2,0.304866
D1_8,F2_3,D1,F2,0.253241
D1_8,F2_4,D1,F2,0.355309
D1_8,F2_5,D1,F2,0.378551
D1_8,F2_6,D1,F2,0.316413
D1_8,F2_7,D1,F2,0.268280
D1_8,F2_8,D1,F2,0.329041
D1_8,F2_9,D1,F2,0.206783
D1_8,F2_10,D1,F2,0.259614
D1_8,G_1,D1,G,0.249873
D1_8,G_2,D1,G,0.249747
D1_8,G_3,D1,G,0.250590
D1_8,G_4,D1,G,0.248312
D1_8,G_5,D1,G,0.247593
D1_8,G_6,D1,G,0.249199
D1_8,G_7,D1,G,0.250969
D1_8,G_8,D1,G,0.249578
D1_8,G_9,D1,G,0.247804
D1_8,G_10,D1,G,0.249536
D1_9,D1_10,D1,D1,0.280981
D1_9,D2_1,D1,D2,0.402677
D1_9,D2_2,D1,D2,0.334297
D1_9,D2_3,D1,D2,0.474915
D1_9,D2_4,D1,D2,0.528168
D1_9,D2_5,D1,D2,0.473112
D1_9,D2_6,D1,D2,0.398581
D1_9,D2_7,D1,D2,0.331885
D1_9,D2_8,D1,D2,0.507626
D1_9,D2_9,D1,D2,0.384651
D1_9,D2_10,D1,D2,0.488335
D1_9,D3_1,D1,D3,0.422374
D1_9,D3_2,D1,D3,0.469529
D1_9,D3_3,D1,D3,0.450127
D1_9,D3_4,D1,D3,0.434953
D1_9,D3_5,D1,D3,0.417355
D1_9,D3_6,D1,D3,0.425749
D1_9,D3_7,D1,D3,0.474071
D1_9,D3_8,D1,D3,0.437236
D1_9,D3_9,D1,D3,0.469008
D1_9,D3_10,D1,D3,0.412837
D1_9,D4_1,D1,D4,0.357493
D1_9,D4_2,D1,D4,0.533229
D1_9,D4_3,D1,D4,0.332582
D1_9,D4_4,D1,D4,0.446340
D1_9,D4_5,D1,D4,0.496887
D1_9,D4_6,D1,D4,0.379068
D1_9,D4_7,D1,D4,0.323515
D1_9,D4_8,D1,D4,0.505048
D1_9,D4_9,D1,D4,0.376173
D1_9,D4_10,D1,D4,0.392303
D1_9,E1_1,D1,E1,0.402585
D1_9,E1_2,D1,E1,0.311288
D1_9,E1_3,D1,E1,0.297124
D1_9,E1_4,D1,E1,0.411116
D1_9,E1_5,D1,E1,0.337226
D1_9,E1_6,D1,E1,0.336540
D1_9,E1_7,D1,E1,0.322105
D1_9,E1_8,D1,E1,0.342387
D1_9,E1_9,D1,E1,0.381332
D1_9,E1_10,D1,E1,0.408511
D1_9,E2_1,D1,E2,0.404725
D1_9,E2_2,D1,E2,0.387343
D1_9,E2_3,D1,E2,0.337183
D1_9,E2_4,D1,E2,0.335424
D1_9,E2_5,D1,E2,0.394924
D1_9,E2_6,D1,E2,0.458743
D1_9,E2_7,D1,E2,0.314517
D1_9,E2_8,D1,E2,0.320770
D1_9,E2_9,D1,E2,0.337602
D1_9,E2_10,D1,E2,0.506125
D1_9,F1_1,D1,F1,0.357798
D1_9,F1_2,D1,F1,0.248902
D1_9,F1_3,D1,F1,0.369240
D1_9,F1_4,D1,F1,0.372060
D1_9,F1_5,D1,F1,0.340163
D1_9,F1_6,D1,F1,0.202115
D1_9,F1_7,D1,F1,0.337500
D1_9,F1_8,D1,F1,0.295413
D1_9,F1_9,D1,F1,0.294785
D1_9,F1_10,D1,F1,0.263361
D1_9,F2_1,D1,F2,0.321631
D1_9,F2_2,D1,F2,0.303694
D1_9,F2_3,D1,F2,0.192891
D1_9,F2_4,D1,F2,0.361238
D1_9,F2_5,D1,F2,0.385823
D1_9,F2_6,D1,F2,0.323154
D1_9,F2_7,D1,F2,0.376644
D1_9,F2_8,D1,F2,0.340742
D1_9,F2_9,D1,F2,0.228757
D1_9,F2_10,D1,F2,0.310339
D1_9,G_1,D1,G,0.256268
D1_9,G_2,D1,G,0.255548
D1_9,G_3,D1,G,0.257560
D1_9,G_4,D1,G,0.252653
D1_9,G_5,D1,G,0.252821
D1_9,G_6,D1,G,0.254120
D1_9,G_7,D1,G,0.257935
D1_9,G_8,D1,G,0.254503
D1_9,G_9,D1,G,0.256264
D1_9,G_10,D1,G,0.255634
D1_10,D2_1,D1,D2,0.393597
D1_10,D2_2,D1,D2,0.343969
D1_10,D2_3,D1,D2,0.374295
D1_10,D2_4,D1,D2,0.412664
D1_10,D2_5,D1,D2,0.349524
D1_10,D2_6,D1,D2,0.260549
D1_10,D2_7,D1,D2,0.321197
D1_10,D2_8,D1,D2,0.449888
D1_10,D2_9,D1,D2,0.341374
D1_10,D2_10,D1,D2,0.395018
D1_10,D3_1,D1,D3,0.407402
D1_10,D3_2,D1,D3,0.370289
D1_10,D3_3,D1,D3,0.343980
D1_10,D3_4,D1,D3,0.325101
D1_10,D3_5,D1,D3,0.309866
D1_10,D3_6,D1,D3,0.320421
D1_10,D3_7,D1,D3,0.372279
D1_10,D3_8,D1,D3,0.330003
D1_10,D3_9,D1,D3,0.366640
D1_10,D3_10,D1,D3,0.402866
D1_10,D4_1,D1,D4,0.364567
D1_10,D4_2,D1,D4,0.448622
D1_10,D4_3,D1,D4,0.317267
D1_10,D4_4,D1,D4,0.451699
D1_10,D4_5,D1,D4,0.399877
D1_10,D4_6,D1,D4,0.356531
D1_10,D4_7,D1,D4,0.335475
D1_10,D4_8,D1,D4,0.512975
D1_10,D4_9,D1,D4,0.408332
D1_10,D4_10,D1,D4,0.285194
D1_10,E1_1,D1,E1,0.259135
D1_10,E1_2,D1,E1,0.182726
D1_10,E1_3,D1,E1,0.169815
D1_10,E1_4,D1,E1,0.300376
D1_10,E1_5,D1,E1,0.212137
D1_10,E1_6,D1,E1,0.216323
D1_10,E1_7,D1,E1,0.198923
D1_10,E1_8,D1,E1,0.219077
D1_10,E1_9,D1,E1,0.282659
D1_10,E1_10,D1,E1,0.298588
D1_10,E2_1,D1,E2,0.294426
D1_10,E2_2,D1,E2,0.273665
D1_10,E2_3,D1,E2,0.336488
D1_10,E2_4,D1,E2,0.325303
D1_10,E2_5,D1,E2,0.278082
D1_10,E2_6,D1,E2,0.323510
D1_10,E2_7,D1,E2,0.280635
D1_10,E2_8,D1,E2,0.196701
D1_10,E2_9,D1,E2,0.312327
D1_10,E2_10,D1,E2,0.408714
D1_10,F1_1,D1,F1,0.239620
D1_10,F1_2,D1,F1,0.233572
D1_10,F1_3,D1,F1,0.254961
D1_10,F1_4,D1,F1,0.223799
D1_10,F1_5,D1,F1,0.287671
D1_10,F1_6,D1,F1,0.215305
D1_10,F1_7,D1,F1,0.214040
D1_10,F1_8,D1,F1,0.255716
D1_10,F1_9,D1,F1,0.163598
D1_10,F1_10,D1,F1,0.279934
D1_10,F2_1,D1,F2,0.196038
D1_10,F2_2,D1,F2,0.180799
D1_10,F2_3,D1,F2,0.243271
D1_10,F2_4,D1,F2,0.241105
D1_10,F2_5,D1,F2,0.273226
D1_10,F2_6,D1,F2,0.199098
D1_10,F2_7,D1,F2,0.260520
D1_10,F2_8,D1,F2,0.217205
D1_10,F2_9,D1,F2,0.249873
D1_10,F2_10,D1,F2,0.184095
D1_10,G_1,D1,G,0.121558
D1_10,G_2,D1,G,0.119884
D1_10,G_3,D1,G,0.120449
D1_10,G_4,D1,G,0.117860
D1_10,G_5,D1,G,0.116676
D1_10,G_6,D1,G,0.118979
D1_10,G_7,D1,G,0.122287
D1_10,G_8,D1,G,0.117220
D1_10,G_9,D1,G,0.118927
D1_10,G_10,D1,G,0.118905
D2_1,D2_2,D2,D2,0.433162
D2_1,D2_3,D2,D2,0.530794
D2_1,D2_4,D2,D2,0.589266
D2_1,D2_5,D2,D2,0.565499
D2_1,D2_6,D2,D2,0.444395
D2_1,D2_7,D2,D2,0.373551
D2_1,D2_8,D2,D2,0.403598
D2_1,D2_9,D2,D2,0.520017
D2_1,D2_10,D2,D2,0.438459
D2_1,D3_1,D2,D3,0.415394
D2_1,D3_2,D2,D3,0.526607
D2_1,D3_3,D2,D3,0.421813
D2_1,D3_4,D2,D3,0.488937
D2_1,D3_5,D2,D3,0.479213
D2_1,D3_6,D2,D3,0.484211
D2_1,D3_7,D2,D3,0.514996
D2_1,D3_8,D2,D3,0.406485
D2_1,D3_9,D2,D3,0.497541
D2_1,D3_10,D2,D3,0.437010
D2_1,D4_1,D2,D4,0.488288
D2_1,D4_2,D2,D4,0.470554
D2_1,D4_3,D2,D4,0.306009
D2_1,D4_4,D2,D4,0.487262
D2_1,D4_5,D2,D4,0.479889
D2_1,D4_6,D2,D4,0.437481
D2_1,D4_7,D2,D4,0.528661
D2_1,D4_8,D2,D4,0.637653
D2_1,D4_9,D2,D4,0.575168
D2_1,D4_10,D2,D4,0.487972
D2_1,E1_1,D2,E1,0.469210
D2_1,E1_2,D2,E1,0.380967
D2_1,E1_3,D2,E1,0.364138
D2_1,E1_4,D2,E1,0.470554
D2_1,E1_5,D2,E1,0.406829
D2_1,E1_6,D2,E1,0.406077
D2_1,E1_7,D2,E1,0.387438
D2_1,E1_8,D2,E1,0.407788
D2_1,E1_9,D2,E1,0.380878
D2_1,E1_10,D2,E1,0.472079
D2_1,E2_1,D2,E2,0.310502
D2_1,E2_2,D2,E2,0.327372
D2_1,E2_3,D2,E2,0.502813
D2_1,E2_4,D2,E2,0.304206
D2_1,E2_5,D2,E2,0.422516
D2_1,E2_6,D2,E2,0.517602
D2_1,E2_7,D2,E2,0.377982
D2_1,E2_8,D2,E2,0.354394
D2_1,E2_9,D2,E2,0.350888
D2_1,E2_10,D2,E2,0.451656
D2_1,F1_1,D2,F1,0.423153
D2_1,F1_2,D2,F1,0.272137
D2_1,F1_3,D2,F1,0.432820
D2_1,F1_4,D2,F1,0.440978
D2_1,F1_5,D2,F1,0.463815
D2_1,F1_6,D2,F1,0.444261
D2_1,F1_7,D2,F1,0.405252
D2_1,F1_8,D2,F1,0.307793
D2_1,F1_9,D2,F1,0.364281
D2_1,F1_10,D2,F1,0.458785
D2_1,F2_1,D2,F2,0.356284
D2_1,F2_2,D2,F2,0.375450
D2_1,F2_3,D2,F2,0.463747
D2_1,F2_4,D2,F2,0.425409
D2_1,F2_5,D2,F2,0.448507
D2_1,F2_6,D2,F2,0.391547
D2_1,F2_7,D2,F2,0.398241
D2_1,F2_8,D2,F2,0.406504
D2_1,F2_9,D2,F2,0.432437
D2_1,F2_10,D2,F2,0.380893
D2_1,G_1,D2,G,0.332154
D2_1,G_2,D2,G,0.331138
D2_1,G_3,D2,G,0.332744
D2_1,G_4,D2,G,0.331191
D2_1,G_5,D2,G,0.330278
D2_1,G_6,D2,G,0.330066
D2_1,G_7,D2,G,0.333333
D2_1,G_8,D2,G,0.330224
D2_1,G_9,D2,G,0.331029
D2_1,G_10,D2,G,0.330439
D2_2,D2_3,D2,D2,0.438488
D2_2,D2_4,D2,D2,0.516867
D2_2,D2_5,D2,D2,0.519088
D2_2,D2_6,D2,D2,0.460193
D2_2,D2_7,D2,D2,0.478809
D2_2,D2_8,D2,D2,0.448565
D2_2,D2_9,D2,D2,0.296801
D2_2,D2_10,D2,D2,0.394333
D2_2,D3_1,D2,D3,0.551816
D2_2,D3_2,D2,D3,0.521095
D2_2,D3_3,D2,D3,0.467406
D2_2,D3_4,D2,D3,0.485105
D2_2,D3_5,D2,D3,0.469222
D2_2,D3_6,D2,D3,0.478784
D2_2,D3_7,D2,D3,0.434147
D2_2,D3_8,D2,D3,0.455277
D2_2,D3_9,D2,D3,0.516157
D2_2,D3_10,D2,D3,0.546079
D2_2,D4_1,D2,D4,0.341904
D2_2,D4_2,D2,D4,0.359474
D2_2,D4_3,D2,D4,0.478797
D2_2,D4_4,D2,D4,0.424279
D2_2,D4_5,D2,D4,0.525972
D2_2,D4_6,D2,D4,0.235144
D2_2,D4_7,D2,D4,0.353250
D2_2,D4_8,D2,D4,0.570444
D2_2,D4_9,D2,D4,0.463245
D2_2,D4_10,D2,D4,0.392929
D2_2,E1_1,D2,E1,0.458890
D2_2,E1_2,D2,E1,0.312286
D2_2,E1_3,D2,E1,0.357731
D2_2,E1_4,D2,E1,0.462302
D2_2,E1_5,D2,E1,0.396855
D2_2,E1_6,D2,E1,0.314003
D2_2,E1_7,D2,E1,0.379709
D2_2,E1_8,D2,E1,0.397066
D2_2,E1_9,D2,E1,0.445828
D2_2,E1_10,D2,E1,0.392586
D2_2,E2_1,D2,E2,0.309443
D2_2,E2_2,D2,E2,0.362532
D2_2,E2_3,D2,E2,0.429026
D2_2,E2_4,D2,E2,0.481525
D2_2,E2_5,D2,E2,0.444611
D2_2,E2_6,D2,E2,0.452847
D2_2,E2_7,D2,E2,0.368388
D2_2,E2_8,D2,E2,0.370725
D2_2,E2_9,D2,E2,0.472431
D2_2,E2_10,D2,E2,0.500362
D2_2,F1_1,D2,F1,0.415561
D2_2,F1_2,D2,F1,0.412062
D2_2,F1_3,D2,F1,0.326504
D2_2,F1_4,D2,F1,0.393597
D2_2,F1_5,D2,F1,0.431660
D2_2,F1_6,D2,F1,0.235974
D2_2,F1_7,D2,F1,0.395485
D2_2,F1_8,D2,F1,0.428809
D2_2,F1_9,D2,F1,0.357358
D2_2,F1_10,D2,F1,0.365127
D2_2,F2_1,D2,F2,0.378184
D2_2,F2_2,D2,F2,0.367867
D2_2,F2_3,D2,F2,0.262144
D2_2,F2_4,D2,F2,0.416387
D2_2,F2_5,D2,F2,0.442345
D2_2,F2_6,D2,F2,0.314610
D2_2,F2_7,D2,F2,0.431509
D2_2,F2_8,D2,F2,0.398488
D2_2,F2_9,D2,F2,0.333226
D2_2,F2_10,D2,F2,0.367717
D2_2,G_1,D2,G,0.320045
D2_2,G_2,D2,G,0.320660
D2_2,G_3,D2,G,0.320654
D2_2,G_4,D2,G,0.318535
D2_2,G_5,D2,G,0.317607
D2_2,G_6,D2,G,0.320666
D2_2,G_7,D2,G,0.321798
D2_2,G_8,D2,G,0.319728
D2_2,G_9,D2,G,0.319456
D2_2,G_10,D2,G,0.320764
D2_3,D2_4,D2,D2,0.424316
D2_3,D2_5,D2,D2,0.552599
D2_3,D2_6,D2,D2,0.453584
D2_3,D2_7,D2,D2,0.475511
D2_3,D2_8,D2,D2,0.560800
D2_3,D2_9,D2,D2,0.469382
D2_3,D2_10,D2,D2,0.553260
D2_3,D3_1,D2,D3,0.396378
D2_3,D3_2,D2,D3,0.513122
D2_3,D3_3,D2,D3,0.447708
D2_3,D3_4,D2,D3,0.474691
D2_3,D3_5,D2,D3,0.458085
D2_3,D3_6,D2,D3,0.393638
D2_3,D3_7,D2,D3,0.388734
D2_3,D3_8,D2,D3,0.481818
D2_3,D3_9,D2,D3,0.510913
D2_3,D3_10,D2,D3,0.535492
D2_3,D4_1,D2,D4,0.540993
D2_3,D4_2,D2,D4,0.444528
D2_3,D4_3,D2,D4,0.471448
D2_3,D4_4,D2,D4,0.453421
D2_3,D4_5,D2,D4,0.534802
D2_3,D4_6,D2,D4,0.384495
D2_3,D4_7,D2,D4,0.415455
D2_3,D4_8,D2,D4,0.625547
D2_3,D4_9,D2,D4,0.473011
D2_3,D4_10,D2,D4,0.425901
D2_3,E1_1,D2,E1,0.452960
D2_3,E1_2,D2,E1,0.292189
D2_3,E1_3,D2,E1,0.349586
D2_3,E1_4,D2,E1,0.452253
D2_3,E1_5,D2,E1,0.308369
D2_3,E1_6,D2,E1,0.273802
D2_3,E1_7,D2,E1,0.369233
D2_3,E1_8,D2,E1,0.287766
D2_3,E1_9,D2,E1,0.440946
D2_3,E1_10,D2,E1,0.311868
D2_3,E2_1,D2,E2,0.452353
D2_3,E2_2,D2,E2,0.435878
D2_3,E2_3,D2,E2,0.484645
D2_3,E2_4,D2,E2,0.472620
D2_3,E2_5,D2,E2,0.441371
D2_3,E2_6,D2,E2,0.418349
D2_3,E2_7,D2,E2,0.307755
D2_3,E2_8,D2,E2,0.372746
D2_3,E2_9,D2,E2,0.467297
D2_3,E2_10,D2,E2,0.467613
D2_3,F1_1,D2,F1,0.269468
D2_3,F1_2,D2,F1,0.405721
D2_3,F1_3,D2,F1,0.231058
D2_3,F1_4,D2,F1,0.361642
D2_3,F1_5,D2,F1,0.410032
D2_3,F1_6,D2,F1,0.425513
D2_3,F1_7,D2,F1,0.388500
D2_3,F1_8,D2,F1,0.424533
D2_3,F1_9,D2,F1,0.349211
D2_3,F1_10,D2,F1,0.446244
D2_3,F2_1,D2,F2,0.372567
D2_3,F2_2,D2,F2,0.361396
D2_3,F2_3,D2,F2,0.448518
D2_3,F2_4,D2,F2,0.273227
D2_3,F2_5,D2,F2,0.435333
D2_3,F2_6,D2,F2,0.254123
D2_3,F2_7,D2,F2,0.428918
D2_3,F2_8,D2,F2,0.389536
D2_3,F2_9,D2,F2,0.418448
D2_3,F2_10,D2,F2,0.359417
D2_3,G_1,D2,G,0.310665
D2_3,G_2,D2,G,0.310749
D2_3,G_3,D2,G,0.311013
D2_3,G_4,D2,G,0.311075
D2_3,G_5,D2,G,0.307931
D2_3,G_6,D2,G,0.311585
D2_3,G_7,D2,G,0.312998
D2_3,G_8,D2,G,0.308144
D2_3,G_9,D2,G,0.310626
D2_3,G_10,D2,G,0.311401
D2_4,D2_5,D2,D2,0.510248
D2_4,D2_6,D2,D2,0.434494
D2_4,D2_7,D2,D2,0.535376
D2_4,D2_8,D2,D2,0.652377
D2_4,D2_9,D2,D2,0.450664
D2_4,D2_10,D2,D2,0.603125
D2_4,D3_1,D2,D3,0.601322
D2_4,D3_2,D2,D3,0.527884
D2_4,D3_3,D2,D3,0.556468
D2_4,D3_4,D2,D3,0.489588
D2_4,D3_5,D2,D3,0.520315
D2_4,D3_6,D2,D3,0.461687
D2_4,D3_7,D2,D3,0.471756
D2_4,D3_8,D2,D3,0.539199
D2_4,D3_9,D2,D3,0.569420
D2_4,D3_10,D2,D3,0.511705
D2_4,D4_1,D2,D4,0.594122
D2_4,D4_2,D2,D4,0.418423
D2_4,D4_3,D2,D4,0.533946
D2_4,D4_4,D2,D4,0.631246
D2_4,D4_5,D2,D4,0.590854
D2_4,D4_6,D2,D4,0.447258
D2_4,D4_7,D2,D4,0.572865
D2_4,D4_8,D2,D4,0.569734
D2_4,D4_9,D2,D4,0.604889
D2_4,D4_10,D2,D4,0.480422
D2_4,E1_1,D2,E1,0.384376
D2_4,E1_2,D2,E1,0.391655
D2_4,E1_3,D2,E1,0.419399
D2_4,E1_4,D2,E1,0.517286
D2_4,E1_5,D2,E1,0.454586
D2_4,E1_6,D2,E1,0.362216
D2_4,E1_7,D2,E1,0.363651
D2_4,E1_8,D2,E1,0.458785
D2_4,E1_9,D2,E1,0.442623
D2_4,E1_10,D2,E1,0.294486
D2_4,E2_1,D2,E2,0.514922
D2_4,E2_2,D2,E2,0.495358
D2_4,E2_3,D2,E2,0.546066
D2_4,E2_4,D2,E2,0.534673
D2_4,E2_5,D2,E2,0.504756
D2_4,E2_6,D2,E2,0.365961
D2_4,E2_7,D2,E2,0.405003
D2_4,E2_8,D2,E2,0.441459
D2_4,E2_9,D2,E2,0.487844
D2_4,E2_10,D2,E2,0.601942
D2_4,F1_1,D2,F1,0.475631
D2_4,F1_2,D2,F1,0.474257
D2_4,F1_3,D2,F1,0.314044
D2_4,F1_4,D2,F1,0.287152
D2_4,F1_5,D2,F1,0.511625
D2_4,F1_6,D2,F1,0.488196
D2_4,F1_7,D2,F1,0.457559
D2_4,F1_8,D2,F1,0.490832
D2_4,F1_9,D2,F1,0.420716
D2_4,F1_10,D2,F1,0.505621
D2_4,F2_1,D2,F2,0.443211
D2_4,F2_2,D2,F2,0.374315
D2_4,F2_3,D2,F2,0.508341
D2_4,F2_4,D2,F2,0.475764
D2_4,F2_5,D2,F2,0.406811
D2_4,F2_6,D2,F2,0.357595
D2_4,F2_7,D2,F2,0.492442
D2_4,F2_8,D2,F2,0.416629
D2_4,F2_9,D2,F2,0.483758
D2_4,F2_10,D2,F2,0.429611
D2_4,G_1,D2,G,0.388777
D2_4,G_2,D2,G,0.386254
D2_4,G_3,D2,G,0.386781
D2_4,G_4,D2,G,0.385812
D2_4,G_5,D2,G,0.382949
D2_4,G_6,D2,G,0.385226
D2_4,G_7,D2,G,0.387568
D2_4,G_8,D2,G,0.383668
D2_4,G_9,D2,G,0.387187
D2_4,G_10,D2,G,0.386374
D2_5,D2_6,D2,D2,0.407957
D2_5,D2_7,D2,D2,0.384233
D2_5,D2_8,D2,D2,0.605019
D2_5,D2_9,D2,D2,0.468032
D2_5,D2_10,D2,D2,0.438449
D2_5,D3_1,D2,D3,0.579264
D2_5,D3_2,D2,D3,0.431094
D2_5,D3_3,D2,D3,0.529728
D2_5,D3_4,D2,D3,0.343112
D2_5,D3_5,D2,D3,0.340858
D2_5,D3_6,D2,D3,0.489888
D2_5,D3_7,D2,D3,0.482874
D2_5,D3_8,D2,D3,0.512681
D2_5,D3_9,D2,D3,0.479450
D2_5,D3_10,D2,D3,0.528903
D2_5,D4_1,D2,D4,0.535277
D2_5,D4_2,D2,D4,0.601456
D2_5,D4_3,D2,D4,0.507473
D2_5,D4_4,D2,D4,0.612512
D2_5,D4_5,D2,D4,0.448785
D2_5,D4_6,D2,D4,0.535750
D2_5,D4_7,D2,D4,0.511471
D2_5,D4_8,D2,D4,0.531109
D2_5,D4_9,D2,D4,0.539228
D2_5,D4_10,D2,D4,0.374511
D2_5,E1_1,D2,E1,0.293915
D2_5,E1_2,D2,E1,0.408304
D2_5,E1_3,D2,E1,0.364724
D2_5,E1_4,D2,E1,0.280020
D2_5,E1_5,D2,E1,0.429670
D2_5,E1_6,D2,E1,0.432298
D2_5,E1_7,D2,E1,0.419394
D2_5,E1_8,D2,E1,0.433007
D2_5,E1_9,D2,E1,0.482965
D2_5,E1_10,D2,E1,0.495071
D2_5,E2_1,D2,E2,0.485905
D2_5,E2_2,D2,E2,0.469367
D2_5,E2_3,D2,E2,0.459896
D2_5,E2_4,D2,E2,0.466292
D2_5,E2_5,D2,E2,0.472369
D2_5,E2_6,D2,E2,0.357098
D2_5,E2_7,D2,E2,0.478077
D2_5,E2_8,D2,E2,0.415626
D2_5,E2_9,D2,E2,0.506244
D2_5,E2_10,D2,E2,0.582037
D2_5,F1_1,D2,F1,0.449016
D2_5,F1_2,D2,F1,0.447101
D2_5,F1_3,D2,F1,0.462494
D2_5,F1_4,D2,F1,0.351814
D2_5,F1_5,D2,F1,0.491653
D2_5,F1_6,D2,F1,0.420845
D2_5,F1_7,D2,F1,0.321331
D2_5,F1_8,D2,F1,0.466047
D2_5,F1_9,D2,F1,0.394436
D2_5,F1_10,D2,F1,0.484610
D2_5,F2_1,D2,F2,0.416451
D2_5,F2_2,D2,F2,0.406863
D2_5,F2_3,D2,F2,0.442063
D2_5,F2_4,D2,F2,0.451906
D2_5,F2_5,D2,F2,0.449642
D2_5,F2_6,D2,F2,0.417770
D2_5,F2_7,D2,F2,0.465446
D2_5,F2_8,D2,F2,0.418884
D2_5,F2_9,D2,F2,0.459872
D2_5,F2_10,D2,F2,0.408248
D2_5,G_1,D2,G,0.362504
D2_5,G_2,D2,G,0.361229
D2_5,G_3,D2,G,0.359950
D2_5,G_4,D2,G,0.359217
D2_5,G_5,D2,G,0.357560
D2_5,G_6,D2,G,0.359666
D2_5,G_7,D2,G,0.361545
D2_5,G_8,D2,G,0.360366
D2_5,G_9,D2,G,0.359072
D2_5,G_10,D2,G,0.359533
D2_6,D2_7,D2,D2,0.406111
D2_6,D2_8,D2,D2,0.544639
D2_6,D2_9,D2,D2,0.425909
D2_6,D2_10,D2,D2,0.496886
D2_6,D3_1,D2,D3,0.456263
D2_6,D3_2,D2,D3,0.454762
D2_6,D3_3,D2,D3,0.431681
D2_6,D3_4,D2,D3,0.279417
D2_6,D3_5,D2,D3,0.348277
D2_6,D3_6,D2,D3,0.402557
D2_6,D3_7,D2,D3,0.317314
D2_6,D3_8,D2,D3,0.418725
D2_6,D3_9,D2,D3,0.370824
D2_6,D3_10,D2,D3,0.476799
D2_6,D4_1,D2,D4,0.479959
D2_6,D4_2,D2,D4,0.529654
D2_6,D4_3,D2,D4,0.400647
D2_6,D4_4,D2,D4,0.523654
D2_6,D4_5,D2,D4,0.479965
D2_6,D4_6,D2,D4,0.437801
D2_6,D4_7,D2,D4,0.455317
D2_6,D4_8,D2,D4,0.533145
D2_6,D4_9,D2,D4,0.505175
D2_6,D4_10,D2,D4,0.405289
D2_6,E1_1,D2,E1,0.286562
D2_6,E1_2,D2,E1,0.286445
D2_6,E1_3,D2,E1,0.275312
D2_6,E1_4,D2,E1,0.362390
D2_6,E1_5,D2,E1,0.313999
D2_6,E1_6,D2,E1,0.315166
D2_6,E1_7,D2,E1,0.300901
D2_6,E1_8,D2,E1,0.320614
D2_6,E1_9,D2,E1,0.377426
D2_6,E1_10,D2,E1,0.389596
D2_6,E2_1,D2,E2,0.385295
D2_6,E2_2,D2,E2,0.365654
D2_6,E2_3,D2,E2,0.422557
D2_6,E2_4,D2,E2,0.407498
D2_6,E2_5,D2,E2,0.212429
D2_6,E2_6,D2,E2,0.349267
D2_6,E2_7,D2,E2,0.374023
D2_6,E2_8,D2,E2,0.297067
D2_6,E2_9,D2,E2,0.372926
D2_6,E2_10,D2,E2,0.487613
D2_6,F1_1,D2,F1,0.335895
D2_6,F1_2,D2,F1,0.328719
D2_6,F1_3,D2,F1,0.348919
D2_6,F1_4,D2,F1,0.249116
D2_6,F1_5,D2,F1,0.380752
D2_6,F1_6,D2,F1,0.354619
D2_6,F1_7,D2,F1,0.314235
D2_6,F1_8,D2,F1,0.265207
D2_6,F1_9,D2,F1,0.267735
D2_6,F1_10,D2,F1,0.376916
D2_6,F2_1,D2,F2,0.228854
D2_6,F2_2,D2,F2,0.286892
D2_6,F2_3,D2,F2,0.379429
D2_6,F2_4,D2,F2,0.341000
D2_6,F2_5,D2,F2,0.365923
D2_6,F2_6,D2,F2,0.297280
D2_6,F2_7,D2,F2,0.358058
D2_6,F2_8,D2,F2,0.318932
D2_6,F2_9,D2,F2,0.348408
D2_6,F2_10,D2,F2,0.289413
D2_6,G_1,D2,G,0.232839
D2_6,G_2,D2,G,0.232432
D2_6,G_3,D2,G,0.232079
D2_6,G_4,D2,G,0.230363
D2_6,G_5,D2,G,0.228420
D2_6,G_6,D2,G,0.231882
D2_6,G_7,D2,G,0.233974
D2_6,G_8,D2,G,0.230140
D2_6,G_9,D2,G,0.230743
D2_6,G_10,D2,G,0.231005
D2_7,D2_8,D2,D2,0.515672
D2_7,D2_9,D2,D2,0.503605
D2_7,D2_10,D2,D2,0.364468
D2_7,D3_1,D2,D3,0.392181
D2_7,D3_2,D2,D3,0.400278
D2_7,D3_3,D2,D3,0.450972
D2_7,D3_4,D2,D3,0.406975
D2_7,D3_5,D2,D3,0.327132
D2_7,D3_6,D2,D3,0.426857
D2_7,D3_7,D2,D3,0.475114
D2_7,D3_8,D2,D3,0.420948
D2_7,D3_9,D2,D3,0.375411
D2_7,D3_10,D2,D3,0.397029
D2_7,D4_1,D2,D4,0.497684
D2_7,D4_2,D2,D4,0.547776
D2_7,D4_3,D2,D4,0.293478
D2_7,D4_4,D2,D4,0.541251
D2_7,D4_5,D2,D4,0.431873
D2_7,D4_6,D2,D4,0.457874
D2_7,D4_7,D2,D4,0.469563
D2_7,D4_8,D2,D4,0.588259
D2_7,D4_9,D2,D4,0.524229
D2_7,D4_10,D2,D4,0.342560
D2_7,E1_1,D2,E1,0.404458
D2_7,E1_2,D2,E1,0.312276
D2_7,E1_3,D2,E1,0.261577
D2_7,E1_4,D2,E1,0.258184
D2_7,E1_5,D2,E1,0.336321
D2_7,E1_6,D2,E1,0.338299
D2_7,E1_7,D2,E1,0.321452
D2_7,E1_8,D2,E1,0.342282
D2_7,E1_9,D2,E1,0.362802
D2_7,E1_10,D2,E1,0.410130
D2_7,E2_1,D2,E2,0.403409
D2_7,E2_2,D2,E2,0.385238
D2_7,E2_3,D2,E2,0.347417
D2_7,E2_4,D2,E2,0.267035
D2_7,E2_5,D2,E2,0.393338
D2_7,E2_6,D2,E2,0.461413
D2_7,E2_7,D2,E2,0.309745
D2_7,E2_8,D2,E2,0.320932
D2_7,E2_9,D2,E2,0.327589
D2_7,E2_10,D2,E2,0.504329
D2_7,F1_1,D2,F1,0.359772
D2_7,F1_2,D2,F1,0.215011
D2_7,F1_3,D2,F1,0.370679
D2_7,F1_4,D2,F1,0.375782
D2_7,F1_5,D2,F1,0.400494
D2_7,F1_6,D2,F1,0.374706
D2_7,F1_7,D2,F1,0.188439
D2_7,F1_8,D2,F1,0.285147
D2_7,F1_9,D2,F1,0.295511
D2_7,F1_10,D2,F1,0.392525
D2_7,F2_1,D2,F2,0.319890
D2_7,F2_2,D2,F2,0.305519
D2_7,F2_3,D2,F2,0.393493
D2_7,F2_4,D2,F2,0.362431
D2_7,F2_5,D2,F2,0.387983
D2_7,F2_6,D2,F2,0.324939
D2_7,F2_7,D2,F2,0.378323
D2_7,F2_8,D2,F2,0.340371
D2_7,F2_9,D2,F2,0.367633
D2_7,F2_10,D2,F2,0.309399
D2_7,G_1,D2,G,0.255849
D2_7,G_2,D2,G,0.256009
D2_7,G_3,D2,G,0.255384
D2_7,G_4,D2,G,0.255466
D2_7,G_5,D2,G,0.252990
D2_7,G_6,D2,G,0.254582
D2_7,G_7,D2,G,0.255172
D2_7,G_8,D2,G,0.254377
D2_7,G_9,D2,G,0.255552
D2_7,G_10,D2,G,0.255802
D2_8,D2_9,D2,D2,0.495361
D2_8,D2_10,D2,D2,0.419601
D2_8,D3_1,D2,D3,0.515395
D2_8,D3_2,D2,D3,0.597919
D2_8,D3_3,D2,D3,0.365242
D2_8,D3_4,D2,D3,0.567007
D2_8,D3_5,D2,D3,0.552009
D2_8,D3_6,D2,D3,0.532512
D2_8,D3_7,D2,D3,0.603441
D2_8,D3_8,D2,D3,0.523796
D2_8,D3_9,D2,D3,0.595750
D2_8,D3_10,D2,D3,0.589492
D2_8,D4_1,D2,D4,0.366740
D2_8,D4_2,D2,D4,0.475033
D2_8,D4_3,D2,D4,0.470788
D2_8,D4_4,D2,D4,0.425300
D2_8,D4_5,D2,D4,0.587595
D2_8,D4_6,D2,D4,0.517241
D2_8,D4_7,D2,D4,0.447558
D2_8,D4_8,D2,D4,0.675693
D2_8,D4_9,D2,D4,0.548148
D2_8,D4_10,D2,D4,0.483092
D2_8,E1_1,D2,E1,0.542877
D2_8,E1_2,D2,E1,0.464989
D2_8,E1_3,D2,E1,0.450822
D2_8,E1_4,D2,E1,0.547782
D2_8,E1_5,D2,E1,0.488734
D2_8,E1_6,D2,E1,0.488860
D2_8,E1_7,D2,E1,0.474684
D2_8,E1_8,D2,E1,0.489959
D2_8,E1_9,D2,E1,0.428441
D2_8,E1_10,D2,E1,0.547252
D2_8,E2_1,D2,E2,0.329586
D2_8,E2_2,D2,E2,0.396754
D2_8,E2_3,D2,E2,0.570720
D2_8,E2_4,D2,E2,0.462429
D2_8,E2_5,D2,E2,0.534953
D2_8,E2_6,D2,E2,0.589534
D2_8,E2_7,D2,E2,0.498121
D2_8,E2_8,D2,E2,0.466095
D2_8,E2_9,D2,E2,0.506112
D2_8,E2_10,D2,E2,0.383284
D2_8,F1_1,D2,F1,0.454762
D2_8,F1_2,D2,F1,0.451940
D2_8,F1_3,D2,F1,0.517650
D2_8,F1_4,D2,F1,0.519390
D2_8,F1_5,D2,F1,0.367543
D2_8,F1_6,D2,F1,0.447006
D2_8,F1_7,D2,F1,0.487684
D2_8,F1_8,D2,F1,0.505835
D2_8,F1_9,D2,F1,0.399012
D2_8,F1_10,D2,F1,0.435491
D2_8,F2_1,D2,F2,0.471645
D2_8,F2_2,D2,F2,0.464043
D2_8,F2_3,D2,F2,0.469382
D2_8,F2_4,D2,F2,0.509052
D2_8,F2_5,D2,F2,0.528061
D2_8,F2_6,D2,F2,0.476889
D2_8,F2_7,D2,F2,0.519343
D2_8,F2_8,D2,F2,0.490766
D2_8,F2_9,D2,F2,0.466933
D2_8,F2_10,D2,F2,0.462919
D2_8,G_1,D2,G,0.422134
D2_8,G_2,D2,G,0.420876
D2_8,G_3,D2,G,0.421637
D2_8,G_4,D2,G,0.421901
D2_8,G_5,D2,G,0.421573
D2_8,G_6,D2,G,0.421557
D2_8,G_7,D2,G,0.424776
D2_8,G_8,D2,G,0.419625
D2_8,G_9,D2,G,0.422510
D2_8,G_10,D2,G,0.423404
D2_9,D2_10,D2,D2,0.446541
D2_9,D3_1,D2,D3,0.573315
D2_9,D3_2,D2,D3,0.543707
D2_9,D3_3,D2,D3,0.520542
D2_9,D3_4,D2,D3,0.490618
D2_9,D3_5,D2,D3,0.492424
D2_9,D3_6,D2,D3,0.502096
D2_9,D3_7,D2,D3,0.467866
D2_9,D3_8,D2,D3,0.508418
D2_9,D3_9,D2,D3,0.542608
D2_9,D3_10,D2,D3,0.569734
D2_9,D4_1,D2,D4,0.394249
D2_9,D4_2,D2,D4,0.429892
D2_9,D4_3,D2,D4,0.504471
D2_9,D4_4,D2,D4,0.516779
D2_9,D4_5,D2,D4,0.562275
D2_9,D4_6,D2,D4,0.321515
D2_9,D4_7,D2,D4,0.391122
D2_9,D4_8,D2,D4,0.502742
D2_9,D4_9,D2,D4,0.506967
D2_9,D4_10,D2,D4,0.356531
D2_9,E1_1,D2,E1,0.387362
D2_9,E1_2,D2,E1,0.377288
D2_9,E1_3,D2,E1,0.384388
D2_9,E1_4,D2,E1,0.486739
D2_9,E1_5,D2,E1,0.422896
D2_9,E1_6,D2,E1,0.318432
D2_9,E1_7,D2,E1,0.412251
D2_9,E1_8,D2,E1,0.426970
D2_9,E1_9,D2,E1,0.477142
D2_9,E1_10,D2,E1,0.448668
D2_9,E2_1,D2,E2,0.363222
D2_9,E2_2,D2,E2,0.403385
D2_9,E2_3,D2,E2,0.473886
D2_9,E2_4,D2,E2,0.506703
D2_9,E2_5,D2,E2,0.472553
D2_9,E2_6,D2,E2,0.351640
D2_9,E2_7,D2,E2,0.430017
D2_9,E2_8,D2,E2,0.407481
D2_9,E2_9,D2,E2,0.500433
D2_9,E2_10,D2,E2,0.571015
D2_9,F1_1,D2,F1,0.440324
D2_9,F1_2,D2,F1,0.440253
D2_9,F1_3,D2,F1,0.341537
D2_9,F1_4,D2,F1,0.282361
D2_9,F1_5,D2,F1,0.478815
D2_9,F1_6,D2,F1,0.279058
D2_9,F1_7,D2,F1,0.424495
D2_9,F1_8,D2,F1,0.456871
D2_9,F1_9,D2,F1,0.386781
D2_9,F1_10,D2,F1,0.414157
D2_9,F2_1,D2,F2,0.407822
D2_9,F2_2,D2,F2,0.398118
D2_9,F2_3,D2,F2,0.308394
D2_9,F2_4,D2,F2,0.443478
D2_9,F2_5,D2,F2,0.471687
D2_9,F2_6,D2,F2,0.377090
D2_9,F2_7,D2,F2,0.459700
D2_9,F2_8,D2,F2,0.424040
D2_9,F2_9,D2,F2,0.386961
D2_9,F2_10,D2,F2,0.400247
D2_9,G_1,D2,G,0.352661
D2_9,G_2,D2,G,0.350334
D2_9,G_3,D2,G,0.351128
D2_9,G_4,D2,G,0.349340
D2_9,G_5,D2,G,0.348449
D2_9,G_6,D2,G,0.350849
D2_9,G_7,D2,G,0.353007
D2_9,G_8,D2,G,0.351287
D2_9,G_9,D2,G,0.350501
D2_9,G_10,D2,G,0.350707
D2_10,D3_1,D2,D3,0.580742
D2_10,D3_2,D2,D3,0.462713
D2_10,D3_3,D2,D3,0.478784
D2_10,D3_4,D2,D3,0.483913
D2_10,D3_5,D2,D3,0.416845
D2_10,D3_6,D2,D3,0.508929
D2_10,D3_7,D2,D3,0.544027
D2_10,D3_8,D2,D3,0.424376
D2_10,D3_9,D2,D3,0.438102
D2_10,D3_10,D2,D3,0.562387
D2_10,D4_1,D2,D4,0.432628
D2_10,D4_2,D2,D4,0.413857
D2_10,D4_3,D2,D4,0.484937
D2_10,D4_4,D2,D4,0.503677
D2_10,D4_5,D2,D4,0.449970
D2_10,D4_6,D2,D4,0.460464
D2_10,D4_7,D2,D4,0.491039
D2_10,D4_8,D2,D4,0.634291
D2_10,D4_9,D2,D4,0.586578
D2_10,D4_10,D2,D4,0.345527
D2_10,E1_1,D2,E1,0.490179
D2_10,E1_2,D2,E1,0.405048
D2_10,E1_3,D2,E1,0.364541
D2_10,E1_4,D2,E1,0.353595
D2_10,E1_5,D2,E1,0.432257
D2_10,E1_6,D2,E1,0.429437
D2_10,E1_7,D2,E1,0.410862
D2_10,E1_8,D2,E1,0.432759
D2_10,E1_9,D2,E1,0.460509
D2_10,E1_10,D2,E1,0.491918
D2_10,E2_1,D2,E2,0.266922
D2_10,E2_2,D2,E2,0.329897
D2_10,E2_3,D2,E2,0.415928
D2_10,E2_4,D2,E2,0.482774
D2_10,E2_5,D2,E2,0.479173
D2_10,E2_6,D2,E2,0.539667
D2_10,E2_7,D2,E2,0.478840
D2_10,E2_8,D2,E2,0.406327
D2_10,E2_9,D2,E2,0.487691
D2_10,E2_10,D2,E2,0.508921
D2_10,F1_1,D2,F1,0.449739
D2_10,F1_2,D2,F1,0.447357
D2_10,F1_3,D2,F1,0.458897
D2_10,F1_4,D2,F1,0.464724
D2_10,F1_5,D2,F1,0.486052
D2_10,F1_6,D2,F1,0.393150
D2_10,F1_7,D2,F1,0.297603
D2_10,F1_8,D2,F1,0.467022
D2_10,F1_9,D2,F1,0.394578
D2_10,F1_10,D2,F1,0.482057
D2_10,F2_1,D2,F2,0.414947
D2_10,F2_2,D2,F2,0.386219
D2_10,F2_3,D2,F2,0.415164
D2_10,F2_4,D2,F2,0.450784
D2_10,F2_5,D2,F2,0.457733
D2_10,F2_6,D2,F2,0.418445
D2_10,F2_7,D2,F2,0.452917
D2_10,F2_8,D2,F2,0.433877
D2_10,F2_9,D2,F2,0.457862
D2_10,F2_10,D2,F2,0.405235
D2_10,G_1,D2,G,0.360500
D2_10,G_2,D2,G,0.360000
D2_10,G_3,D2,G,0.359234
D2_10,G_4,D2,G,0.358500
D2_10,G_5,D2,G,0.358398
D2_10,G_6,D2,G,0.360246
D2_10,G_7,D2,G,0.361094
D2_10,G_8,D2,G,0.359133
D2_10,G_9,D2,G,0.358613
D2_10,G_10,D2,G,0.359854
D3_1,D3_2,D3,D3,0.536561
D3_1,D3_3,D3,D3,0.446927
D3_1,D3_4,D3,D3,0.508204
D3_1,D3_5,D3,D3,0.494611
D3_1,D3_6,D3,D3,0.431277
D3_1,D3_7,D3,D3,0.530918
D3_1,D3_8,D3,D3,0.511431
D3_1,D3_9,D3,D3,0.482289
D3_1,D3_10,D3,D3,0.423024
D3_1,D4_1,D3,D4,0.552128
D3_1,D4_2,D3,D4,0.613323
D3_1,D4_3,D3,D4,0.348006
D3_1,D4_4,D3,D4,0.427077
D3_1,D4_5,D3,D4,0.561547
D3_1,D4_6,D3,D4,0.531064
D3_1,D4_7,D3,D4,0.412694
D3_1,D4_8,D3,D4,0.672688
D3_1,D4_9,D3,D4,0.478082
D3_1,D4_10,D3,D4,0.502097
D3_1,E1_1,D3,E1,0.483409
D3_1,E1_2,D3,E1,0.401912
D3_1,E1_3,D3,E1,0.385503
D3_1,E1_4,D3,E1,0.487606
D3_1,E1_5,D3,E1,0.360581
D3_1,E1_6,D3,E1,0.421373
D3_1,E1_7,D3,E1,0.403084
D3_1,E1_8,D3,E1,0.301392
D3_1,E1_9,D3,E1,0.441801
D3_1,E1_10,D3,E1,0.489349
D3_1,E2_1,D3,E2,0.484985
D3_1,E2_2,D3,E2,0.470866
D3_1,E2_3,D3,E2,0.511137
D3_1,E2_4,D3,E2,0.342624
D3_1,E2_5,D3,E2,0.437293
D3_1,E2_6,D3,E2,0.532075
D3_1,E2_7,D3,E2,0.397717
D3_1,E2_8,D3,E2,0.406879
D3_1,E2_9,D3,E2,0.341588
D3_1,E2_10,D3,E2,0.464355
D3_1,F1_1,D3,F1,0.279104
D3_1,F1_2,D3,F1,0.269327
D3_1,F1_3,D3,F1,0.452292
D3_1,F1_4,D3,F1,0.457491
D3_1,F1_5,D3,F1,0.410186
D3_1,F1_6,D3,F1,0.460042
D3_1,F1_7,D3,F1,0.420804
D3_1,F1_8,D3,F1,0.298194
D3_1,F1_9,D3,F1,0.384879
D3_1,F1_10,D3,F1,0.471152
D3_1,F2_1,D3,F2,0.339632
D3_1,F2_2,D3,F2,0.393775
D3_1,F2_3,D3,F2,0.482062
D3_1,F2_4,D3,F2,0.309147
D3_1,F2_5,D3,F2,0.466007
D3_1,F2_6,D3,F2,0.411242
D3_1,F2_7,D3,F2,0.459881
D3_1,F2_8,D3,F2,0.427532
D3_1,F2_9,D3,F2,0.450082
D3_1,F2_10,D3,F2,0.399876
D3_1,G_1,D3,G,0.349849
D3_1,G_2,D3,G,0.351192
D3_1,G_3,D3,G,0.351987
D3_1,G_4,D3,G,0.351510
D3_1,G_5,D3,G,0.349045
D3_1,G_6,D3,G,0.350135
D3_1,G_7,D3,G,0.352558
D3_1,G_8,D3,G,0.349259
D3_1,G_9,D3,G,0.351884
D3_1,G_10,D3,G,0.350780
D3_2,D3_3,D3,D3,0.490681
D3_2,D3_4,D3,D3,0.449395
D3_2,D3_5,D3,D3,0.453730
D3_2,D3_6,D3,D3,0.331347
D3_2,D3_7,D3,D3,0.512670
D3_2,D3_8,D3,D3,0.379224
D3_2,D3_9,D3,D3,0.362374
D3_2,D3_10,D3,D3,0.377740
D3_2,D4_1,D3,D4,0.535825
D3_2,D4_2,D3,D4,0.559081
D3_2,D4_3,D3,D4,0.414168
D3_2,D4_4,D3,D4,0.574684
D3_2,D4_5,D3,D4,0.466854
D3_2,D4_6,D3,D4,0.498769
D3_2,D4_7,D3,D4,0.511351
D3_2,D4_8,D3,D4,0.501734
D3_2,D4_9,D3,D4,0.445143
D3_2,D4_10,D3,D4,0.468745
D3_2,E1_1,D3,E1,0.334617
D3_2,E1_2,D3,E1,0.358556
D3_2,E1_3,D3,E1,0.346522
D3_2,E1_4,D3,E1,0.398797
D3_2,E1_5,D3,E1,0.381946
D3_2,E1_6,D3,E1,0.385657
D3_2,E1_7,D3,E1,0.343775
D3_2,E1_8,D3,E1,0.388665
D3_2,E1_9,D3,E1,0.421494
D3_2,E1_10,D3,E1,0.449184
D3_2,E2_1,D3,E2,0.447761
D3_2,E2_2,D3,E2,0.429523
D3_2,E2_3,D3,E2,0.326392
D3_2,E2_4,D3,E2,0.472411
D3_2,E2_5,D3,E2,0.380328
D3_2,E2_6,D3,E2,0.375706
D3_2,E2_7,D3,E2,0.432665
D3_2,E2_8,D3,E2,0.365139
D3_2,E2_9,D3,E2,0.465278
D3_2,E2_10,D3,E2,0.527691
D3_2,F1_1,D3,F1,0.404180
D3_2,F1_2,D3,F1,0.398889
D3_2,F1_3,D3,F1,0.417696
D3_2,F1_4,D3,F1,0.421972
D3_2,F1_5,D3,F1,0.445594
D3_2,F1_6,D3,F1,0.421005
D3_2,F1_7,D3,F1,0.300131
D3_2,F1_8,D3,F1,0.421942
D3_2,F1_9,D3,F1,0.347729
D3_2,F1_10,D3,F1,0.438554
D3_2,F2_1,D3,F2,0.369066
D3_2,F2_2,D3,F2,0.357075
D3_2,F2_3,D3,F2,0.440150
D3_2,F2_4,D3,F2,0.402309
D3_2,F2_5,D3,F2,0.282170
D3_2,F2_6,D3,F2,0.372275
D3_2,F2_7,D3,F2,0.354695
D3_2,F2_8,D3,F2,0.246791
D3_2,F2_9,D3,F2,0.412197
D3_2,F2_10,D3,F2,0.347999
D3_2,G_1,D3,G,0.311339
D3_2,G_2,D3,G,0.310047
D3_2,G_3,D3,G,0.310036
D3_2,G_4,D3,G,0.308445
D3_2,G_5,D3,G,0.307504
D3_2,G_6,D3,G,0.309233
D3_2,G_7,D3,G,0.309272
D3_2,G_8,D3,G,0.309372
D3_2,G_9,D3,G,0.306612
D3_2,G_10,D3,G,0.306839
D3_3,D3_4,D3,D3,0.457279
D3_3,D3_5,D3,D3,0.438350
D3_3,D3_6,D3,D3,0.410717
D3_3,D3_7,D3,D3,0.495289
D3_3,D3_8,D3,D3,0.327895
D3_3,D3_9,D3,D3,0.489731
D3_3,D3_10,D3,D3,0.517750
D3_3,D4_1,D3,D4,0.420436
D3_3,D4_2,D3,D4,0.511082
D3_3,D4_3,D3,D4,0.449087
D3_3,D4_4,D3,D4,0.415215
D3_3,D4_5,D3,D4,0.404919
D3_3,D4_6,D3,D4,0.463878
D3_3,D4_7,D3,D4,0.402068
D3_3,D4_8,D3,D4,0.534653
D3_3,D4_9,D3,D4,0.460398
D3_3,D4_10,D3,D4,0.447676
D3_3,E1_1,D3,E1,0.428658
D3_3,E1_2,D3,E1,0.336384
D3_3,E1_3,D3,E1,0.323729
D3_3,E1_4,D3,E1,0.434330
D3_3,E1_5,D3,E1,0.360480
D3_3,E1_6,D3,E1,0.364511
D3_3,E1_7,D3,E1,0.344260
D3_3,E1_8,D3,E1,0.365800
D3_3,E1_9,D3,E1,0.416195
D3_3,E1_10,D3,E1,0.434684
D3_3,E2_1,D3,E2,0.357775
D3_3,E2_2,D3,E2,0.289604
D3_3,E2_3,D3,E2,0.463136
D3_3,E2_4,D3,E2,0.452124
D3_3,E2_5,D3,E2,0.416438
D3_3,E2_6,D3,E2,0.480012
D3_3,E2_7,D3,E2,0.418367
D3_3,E2_8,D3,E2,0.274285
D3_3,E2_9,D3,E2,0.443461
D3_3,E2_10,D3,E2,0.199826
D3_3,F1_1,D3,F1,0.323206
D3_3,F1_2,D3,F1,0.382899
D3_3,F1_3,D3,F1,0.396658
D3_3,F1_4,D3,F1,0.400093
D3_3,F1_5,D3,F1,0.247717
D3_3,F1_6,D3,F1,0.399073
D3_3,F1_7,D3,F1,0.361827
D3_3,F1_8,D3,F1,0.399537
D3_3,F1_9,D3,F1,0.259409
D3_3,F1_10,D3,F1,0.322267
D3_3,F2_1,D3,F2,0.344828
D3_3,F2_2,D3,F2,0.335687
D3_3,F2_3,D3,F2,0.420451
D3_3,F2_4,D3,F2,0.385394
D3_3,F2_5,D3,F2,0.408526
D3_3,F2_6,D3,F2,0.349459
D3_3,F2_7,D3,F2,0.312876
D3_3,F2_8,D3,F2,0.364711
D3_3,F2_9,D3,F2,0.358072
D3_3,F2_10,D3,F2,0.324705
D3_3,G_1,D3,G,0.285549
D3_3,G_2,D3,G,0.284533
D3_3,G_3,D3,G,0.285360
D3_3,G_4,D3,G,0.283159
D3_3,G_5,D3,G,0.283893
D3_3,G_6,D3,G,0.284273
D3_3,G_7,D3,G,0.288262
D3_3,G_8,D3,G,0.282400
D3_3,G_9,D3,G,0.284106
D3_3,G_10,D3,G,0.284059
D3_4,D3_5,D3,D3,0.249958
D3_4,D3_6,D3,D3,0.429330
D3_4,D3_7,D3,D3,0.310507
D3_4,D3_8,D3,D3,0.438414
D3_4,D3_9,D3,D3,0.449327
D3_4,D3_10,D3,D3,0.498406
D3_4,D4_1,D3,D4,0.501876
D3_4,D4_2,D3,D4,0.548857
D3_4,D4_3,D3,D4,0.427943
D3_4,D4_4,D3,D4,0.544792
D3_4,D4_5,D3,D4,0.411324
D3_4,D4_6,D3,D4,0.458873
D3_4,D4_7,D3,D4,0.479524
D3_4,D4_8,D3,D4,0.565458
D3_4,D4_9,D3,D4,0.529104
D3_4,D4_10,D3,D4,0.381503
D3_4,E1_1,D3,E1,0.333601
D3_4,E1_2,D3,E1,0.319228
D3_4,E1_3,D3,E1,0.279595
D3_4,E1_4,D3,E1,0.269346
D3_4,E1_5,D3,E1,0.339351
D3_4,E1_6,D3,E1,0.343974
D3_4,E1_7,D3,E1,0.329140
D3_4,E1_8,D3,E1,0.343446
D3_4,E1_9,D3,E1,0.402315
D3_4,E1_10,D3,E1,0.414601
D3_4,E2_1,D3,E2,0.405459
D3_4,E2_2,D3,E2,0.390346
D3_4,E2_3,D3,E2,0.444711
D3_4,E2_4,D3,E2,0.384015
D3_4,E2_5,D3,E2,0.309923
D3_4,E2_6,D3,E2,0.388915
D3_4,E2_7,D3,E2,0.398921
D3_4,E2_8,D3,E2,0.325375
D3_4,E2_9,D3,E2,0.425800
D3_4,E2_10,D3,E2,0.509347
D3_4,F1_1,D3,F1,0.364524
D3_4,F1_2,D3,F1,0.359177
D3_4,F1_3,D3,F1,0.375372
D3_4,F1_4,D3,F1,0.327750
D3_4,F1_5,D3,F1,0.409175
D3_4,F1_6,D3,F1,0.381146
D3_4,F1_7,D3,F1,0.342017
D3_4,F1_8,D3,F1,0.367344
D3_4,F1_9,D3,F1,0.300098
D3_4,F1_10,D3,F1,0.403266
D3_4,F2_1,D3,F2,0.327044
D3_4,F2_2,D3,F2,0.314165
D3_4,F2_3,D3,F2,0.407157
D3_4,F2_4,D3,F2,0.363565
D3_4,F2_5,D3,F2,0.390577
D3_4,F2_6,D3,F2,0.328286
D3_4,F2_7,D3,F2,0.380447
D3_4,F2_8,D3,F2,0.346295
D3_4,F2_9,D3,F2,0.376939
D3_4,F2_10,D3,F2,0.316927
D3_4,G_1,D3,G,0.265026
D3_4,G_2,D3,G,0.264302
D3_4,G_3,D3,G,0.262814
D3_4,G_4,D3,G,0.261438
D3_4,G_5,D3,G,0.259272
D3_4,G_6,D3,G,0.261430
D3_4,G_7,D3,G,0.264347
D3_4,G_8,D3,G,0.261526
D3_4,G_9,D3,G,0.261234
D3_4,G_10,D3,G,0.262356
D3_5,D3_6,D3,D3,0.414735
D3_5,D3_7,D3,D3,0.333387
D3_5,D3_8,D3,D3,0.422090
D3_5,D3_9,D3,D3,0.423979
D3_5,D3_10,D3,D3,0.492119
D3_5,D4_1,D3,D4,0.485070
D3_5,D4_2,D3,D4,0.533182
D3_5,D4_3,D3,D4,0.415031
D3_5,D4_4,D3,D4,0.528852
D3_5,D4_5,D3,D4,0.347222
D3_5,D4_6,D3,D4,0.446082
D3_5,D4_7,D3,D4,0.458899
D3_5,D4_8,D3,D4,0.604051
D3_5,D4_9,D3,D4,0.511070
D3_5,D4_10,D3,D4,0.306671
D3_5,E1_1,D3,E1,0.392702
D3_5,E1_2,D3,E1,0.299112
D3_5,E1_3,D3,E1,0.250423
D3_5,E1_4,D3,E1,0.171085
D3_5,E1_5,D3,E1,0.323358
D3_5,E1_6,D3,E1,0.326973
D3_5,E1_7,D3,E1,0.312867
D3_5,E1_8,D3,E1,0.325348
D3_5,E1_9,D3,E1,0.386623
D3_5,E1_10,D3,E1,0.393968
D3_5,E2_1,D3,E2,0.393897
D3_5,E2_2,D3,E2,0.375432
D3_5,E2_3,D3,E2,0.402565
D3_5,E2_4,D3,E2,0.365062
D3_5,E2_5,D3,E2,0.331505
D3_5,E2_6,D3,E2,0.447804
D3_5,E2_7,D3,E2,0.383463
D3_5,E2_8,D3,E2,0.305451
D3_5,E2_9,D3,E2,0.414574
D3_5,E2_10,D3,E2,0.488522
D3_5,F1_1,D3,F1,0.345902
D3_5,F1_2,D3,F1,0.343850
D3_5,F1_3,D3,F1,0.359613
D3_5,F1_4,D3,F1,0.364039
D3_5,F1_5,D3,F1,0.388404
D3_5,F1_6,D3,F1,0.362672
D3_5,F1_7,D3,F1,0.258124
D3_5,F1_8,D3,F1,0.366509
D3_5,F1_9,D3,F1,0.281749
D3_5,F1_10,D3,F1,0.379272
D3_5,F2_1,D3,F2,0.309641
D3_5,F2_2,D3,F2,0.298701
D3_5,F2_3,D3,F2,0.386583
D3_5,F2_4,D3,F2,0.347020
D3_5,F2_5,D3,F2,0.376959
D3_5,F2_6,D3,F2,0.312021
D3_5,F2_7,D3,F2,0.361952
D3_5,F2_8,D3,F2,0.328541
D3_5,F2_9,D3,F2,0.353363
D3_5,F2_10,D3,F2,0.293642
D3_5,G_1,D3,G,0.244607
D3_5,G_2,D3,G,0.244784
D3_5,G_3,D3,G,0.242053
D3_5,G_4,D3,G,0.242738
D3_5,G_5,D3,G,0.240816
D3_5,G_6,D3,G,0.242146
D3_5,G_7,D3,G,0.245718
D3_5,G_8,D3,G,0.243418
D3_5,G_9,D3,G,0.242821
D3_5,G_10,D3,G,0.242779
D3_6,D3_7,D3,D3,0.471039
D3_6,D3_8,D3,D3,0.429244
D3_6,D3_9,D3,D3,0.463444
D3_6,D3_10,D3,D3,0.334996
D3_6,D4_1,D3,D4,0.493533
D3_6,D4_2,D3,D4,0.518062
D3_6,D4_3,D3,D4,0.422977
D3_6,D4_4,D3,D4,0.467327
D3_6,D4_5,D3,D4,0.489365
D3_6,D4_6,D3,D4,0.453907
D3_6,D4_7,D3,D4,0.398948
D3_6,D4_8,D3,D4,0.607719
D3_6,D4_9,D3,D4,0.351399
D3_6,D4_10,D3,D4,0.420546
D3_6,E1_1,D3,E1,0.346571
D3_6,E1_2,D3,E1,0.307063
D3_6,E1_3,D3,E1,0.293089
D3_6,E1_4,D3,E1,0.407498
D3_6,E1_5,D3,E1,0.323211
D3_6,E1_6,D3,E1,0.333280
D3_6,E1_7,D3,E1,0.244316
D3_6,E1_8,D3,E1,0.301590
D3_6,E1_9,D3,E1,0.341354
D3_6,E1_10,D3,E1,0.401668
D3_6,E2_1,D3,E2,0.396634
D3_6,E2_2,D3,E2,0.380550
D3_6,E2_3,D3,E2,0.434211
D3_6,E2_4,D3,E2,0.426571
D3_6,E2_5,D3,E2,0.326494
D3_6,E2_6,D3,E2,0.385156
D3_6,E2_7,D3,E2,0.388509
D3_6,E2_8,D3,E2,0.310300
D3_6,E2_9,D3,E2,0.393432
D3_6,E2_10,D3,E2,0.430412
D3_6,F1_1,D3,F1,0.272409
D3_6,F1_2,D3,F1,0.351584
D3_6,F1_3,D3,F1,0.365372
D3_6,F1_4,D3,F1,0.373588
D3_6,F1_5,D3,F1,0.375529
D3_6,F1_6,D3,F1,0.371482
D3_6,F1_7,D3,F1,0.333709
D3_6,F1_8,D3,F1,0.371442
D3_6,F1_9,D3,F1,0.291866
D3_6,F1_10,D3,F1,0.390642
D3_6,F2_1,D3,F2,0.318019
D3_6,F2_2,D3,F2,0.264691
D3_6,F2_3,D3,F2,0.394357
D3_6,F2_4,D3,F2,0.311553
D3_6,F2_5,D3,F2,0.189104
D3_6,F2_6,D3,F2,0.316824
D3_6,F2_7,D3,F2,0.368976
D3_6,F2_8,D3,F2,0.184621
D3_6,F2_9,D3,F2,0.364886
D3_6,F2_10,D3,F2,0.302215
D3_6,G_1,D3,G,0.251984
D3_6,G_2,D3,G,0.250675
D3_6,G_3,D3,G,0.252404
D3_6,G_4,D3,G,0.249831
D3_6,G_5,D3,G,0.248521
D3_6,G_6,D3,G,0.249831
D3_6,G_7,D3,G,0.252488
D3_6,G_8,D3,G,0.249028
D3_6,G_9,D3,G,0.250802
D3_6,G_10,D3,G,0.251941
D3_7,D3_8,D3,D3,0.482078
D3_7,D3_9,D3,D3,0.443762
D3_7,D3_10,D3,D3,0.540366
D3_7,D4_1,D3,D4,0.539683
D3_7,D4_2,D3,D4,0.487527
D3_7,D4_3,D3,D4,0.472631
D3_7,D4_4,D3,D4,0.582936
D3_7,D4_5,D3,D4,0.478121
D3_7,D4_6,D3,D4,0.388009
D3_7,D4_7,D3,D4,0.517926
D3_7,D4_8,D3,D4,0.621848
D3_7,D4_9,D3,D4,0.565895
D3_7,D4_10,D3,D4,0.405991
D3_7,E1_1,D3,E1,0.453288
D3_7,E1_2,D3,E1,0.296308
D3_7,E1_3,D3,E1,0.354107
D3_7,E1_4,D3,E1,0.346221
D3_7,E1_5,D3,E1,0.391875
D3_7,E1_6,D3,E1,0.281178
D3_7,E1_7,D3,E1,0.374373
D3_7,E1_8,D3,E1,0.394314
D3_7,E1_9,D3,E1,0.446442
D3_7,E1_10,D3,E1,0.370347
D3_7,E2_1,D3,E2,0.453141
D3_7,E2_2,D3,E2,0.436013
D3_7,E2_3,D3,E2,0.486222
D3_7,E2_4,D3,E2,0.455615
D3_7,E2_5,D3,E2,0.301063
D3_7,E2_6,D3,E2,0.417316
D3_7,E2_7,D3,E2,0.351077
D3_7,E2_8,D3,E2,0.373534
D3_7,E2_9,D3,E2,0.452774
D3_7,E2_10,D3,E2,0.548847
D3_7,F1_1,D3,F1,0.410668
D3_7,F1_2,D3,F1,0.408123
D3_7,F1_3,D3,F1,0.276875
D3_7,F1_4,D3,F1,0.361689
D3_7,F1_5,D3,F1,0.451469
D3_7,F1_6,D3,F1,0.423760
D3_7,F1_7,D3,F1,0.388243
D3_7,F1_8,D3,F1,0.355865
D3_7,F1_9,D3,F1,0.347182
D3_7,F1_10,D3,F1,0.445193
D3_7,F2_1,D3,F2,0.316156
D3_7,F2_2,D3,F2,0.361702
D3_7,F2_3,D3,F2,0.447699
D3_7,F2_4,D3,F2,0.412951
D3_7,F2_5,D3,F2,0.435469
D3_7,F2_6,D3,F2,0.291701
D3_7,F2_7,D3,F2,0.429068
D3_7,F2_8,D3,F2,0.393509
D3_7,F2_9,D3,F2,0.418381
D3_7,F2_10,D3,F2,0.365412
D3_7,G_1,D3,G,0.317666
D3_7,G_2,D3,G,0.316105
D3_7,G_3,D3,G,0.315004
D3_7,G_4,D3,G,0.315064
D3_7,G_5,D3,G,0.311942
D3_7,G_6,D3,G,0.315022
D3_7,G_7,D3,G,0.317247
D3_7,G_8,D3,G,0.315440
D3_7,G_9,D3,G,0.313525
D3_7,G_10,D3,G,0.314568
D3_8,D3_9,D3,D3,0.341815
D3_8,D3_10,D3,D3,0.506853
D3_8,D4_1,D3,D4,0.506411
D3_8,D4_2,D3,D4,0.497893
D3_8,D4_3,D3,D4,0.379364
D3_8,D4_4,D3,D4,0.513122
D3_8,D4_5,D3,D4,0.258899
D3_8,D4_6,D3,D4,0.442588
D3_8,D4_7,D3,D4,0.482177
D3_8,D4_8,D3,D4,0.437368
D3_8,D4_9,D3,D4,0.528719
D3_8,D4_10,D3,D4,0.434730
D3_8,E1_1,D3,E1,0.412737
D3_8,E1_2,D3,E1,0.315986
D3_8,E1_3,D3,E1,0.305501
D3_8,E1_4,D3,E1,0.418040
D3_8,E1_5,D3,E1,0.345498
D3_8,E1_6,D3,E1,0.343245
D3_8,E1_7,D3,E1,0.327299
D3_8,E1_8,D3,E1,0.346154
D3_8,E1_9,D3,E1,0.401947
D3_8,E1_10,D3,E1,0.413523
D3_8,E2_1,D3,E2,0.344069
D3_8,E2_2,D3,E2,0.270906
D3_8,E2_3,D3,E2,0.312031
D3_8,E2_4,D3,E2,0.441598
D3_8,E2_5,D3,E2,0.400741
D3_8,E2_6,D3,E2,0.460989
D3_8,E2_7,D3,E2,0.398302
D3_8,E2_8,D3,E2,0.248480
D3_8,E2_9,D3,E2,0.429523
D3_8,E2_10,D3,E2,0.317517
D3_8,F1_1,D3,F1,0.365385
D3_8,F1_2,D3,F1,0.364957
D3_8,F1_3,D3,F1,0.377760
D3_8,F1_4,D3,F1,0.381302
D3_8,F1_5,D3,F1,0.411259
D3_8,F1_6,D3,F1,0.385035
D3_8,F1_7,D3,F1,0.320856
D3_8,F1_8,D3,F1,0.384495
D3_8,F1_9,D3,F1,0.304013
D3_8,F1_10,D3,F1,0.403146
D3_8,F2_1,D3,F2,0.330056
D3_8,F2_2,D3,F2,0.317208
D3_8,F2_3,D3,F2,0.404590
D3_8,F2_4,D3,F2,0.367260
D3_8,F2_5,D3,F2,0.396661
D3_8,F2_6,D3,F2,0.330219
D3_8,F2_7,D3,F2,0.157267
D3_8,F2_8,D3,F2,0.348207
D3_8,F2_9,D3,F2,0.376275
D3_8,F2_10,D3,F2,0.236968
D3_8,G_1,D3,G,0.266745
D3_8,G_2,D3,G,0.265149
D3_8,G_3,D3,G,0.266856
D3_8,G_4,D3,G,0.263158
D3_8,G_5,D3,G,0.263908
D3_8,G_6,D3,G,0.265473
D3_8,G_7,D3,G,0.265774
D3_8,G_8,D3,G,0.264119
D3_8,G_9,D3,G,0.262955
D3_8,G_10,D3,G,0.264075
D3_9,D3_10,D3,D3,0.503033
D3_9,D4_1,D3,D4,0.531400
D3_9,D4_2,D3,D4,0.584803
D3_9,D4_3,D3,D4,0.391217
D3_9,D4_4,D3,D4,0.573822
D3_9,D4_5,D3,D4,0.414109
D3_9,D4_6,D3,D4,0.495209
D3_9,D4_7,D3,D4,0.511705
D3_9,D4_8,D3,D4,0.521739
D3_9,D4_9,D3,D4,0.556343
D3_9,D4_10,D3,D4,0.438686
D3_9,E1_1,D3,E1,0.450612
D3_9,E1_2,D3,E1,0.356158
D3_9,E1_3,D3,E1,0.347521
D3_9,E1_4,D3,E1,0.368024
D3_9,E1_5,D3,E1,0.384400
D3_9,E1_6,D3,E1,0.382578
D3_9,E1_7,D3,E1,0.370795
D3_9,E1_8,D3,E1,0.387352
D3_9,E1_9,D3,E1,0.439271
D3_9,E1_10,D3,E1,0.452822
D3_9,E2_1,D3,E2,0.446535
D3_9,E2_2,D3,E2,0.430883
D3_9,E2_3,D3,E2,0.269937
D3_9,E2_4,D3,E2,0.439892
D3_9,E2_5,D3,E2,0.337712
D3_9,E2_6,D3,E2,0.499710
D3_9,E2_7,D3,E2,0.436607
D3_9,E2_8,D3,E2,0.366368
D3_9,E2_9,D3,E2,0.405127
D3_9,E2_10,D3,E2,0.490978
D3_9,F1_1,D3,F1,0.403382
D3_9,F1_2,D3,F1,0.368355
D3_9,F1_3,D3,F1,0.416908
D3_9,F1_4,D3,F1,0.419988
D3_9,F1_5,D3,F1,0.443427
D3_9,F1_6,D3,F1,0.418052
D3_9,F1_7,D3,F1,0.270045
D3_9,F1_8,D3,F1,0.302569
D3_9,F1_9,D3,F1,0.341331
D3_9,F1_10,D3,F1,0.434717
D3_9,F2_1,D3,F2,0.260476
D3_9,F2_2,D3,F2,0.357798
D3_9,F2_3,D3,F2,0.440084
D3_9,F2_4,D3,F2,0.407885
D3_9,F2_5,D3,F2,0.432473
D3_9,F2_6,D3,F2,0.373492
D3_9,F2_7,D3,F2,0.313171
D3_9,F2_8,D3,F2,0.387292
D3_9,F2_9,D3,F2,0.409210
D3_9,F2_10,D3,F2,0.304156
D3_9,G_1,D3,G,0.306876
D3_9,G_2,D3,G,0.309446
D3_9,G_3,D3,G,0.309435
D3_9,G_4,D3,G,0.308394
D3_9,G_5,D3,G,0.306902
D3_9,G_6,D3,G,0.307253
D3_9,G_7,D3,G,0.308670
D3_9,G_8,D3,G,0.308219
D3_9,G_9,D3,G,0.305179
D3_9,G_10,D3,G,0.306236
D3_10,D4_1,D3,D4,0.564308
D3_10,D4_2,D3,D4,0.583482
D3_10,D4_3,D3,D4,0.357030
D3_10,D4_4,D3,D4,0.600594
D3_10,D4_5,D3,D4,0.561703
D3_10,D4_6,D3,D4,0.526196
D3_10,D4_7,D3,D4,0.537309
D3_10,D4_8,D3,D4,0.641705
D3_10,D4_9,D3,D4,0.472848
D3_10,D4_10,D3,D4,0.496368
D3_10,E1_1,D3,E1,0.391844
D3_10,E1_2,D3,E1,0.396098
D3_10,E1_3,D3,E1,0.378035
D3_10,E1_4,D3,E1,0.481324
D3_10,E1_5,D3,E1,0.413535
D3_10,E1_6,D3,E1,0.417888
D3_10,E1_7,D3,E1,0.314556
D3_10,E1_8,D3,E1,0.418129
D3_10,E1_9,D3,E1,0.356008
D3_10,E1_10,D3,E1,0.477493
D3_10,E2_1,D3,E2,0.477356
D3_10,E2_2,D3,E2,0.463523
D3_10,E2_3,D3,E2,0.512139
D3_10,E2_4,D3,E2,0.343795
D3_10,E2_5,D3,E2,0.393582
D3_10,E2_6,D3,E2,0.427529
D3_10,E2_7,D3,E2,0.389639
D3_10,E2_8,D3,E2,0.398394
D3_10,E2_9,D3,E2,0.282404
D3_10,E2_10,D3,E2,0.568091
D3_10,F1_1,D3,F1,0.436153
D3_10,F1_2,D3,F1,0.270284
D3_10,F1_3,D3,F1,0.446394
D3_10,F1_4,D3,F1,0.450717
D3_10,F1_5,D3,F1,0.474901
D3_10,F1_6,D3,F1,0.452128
D3_10,F1_7,D3,F1,0.418523
D3_10,F1_8,D3,F1,0.316542
D3_10,F1_9,D3,F1,0.378171
D3_10,F1_10,D3,F1,0.468353
D3_10,F2_1,D3,F2,0.361265
D3_10,F2_2,D3,F2,0.309861
D3_10,F2_3,D3,F2,0.471230
D3_10,F2_4,D3,F2,0.434848
D3_10,F2_5,D3,F2,0.230730
D3_10,F2_6,D3,F2,0.405015
D3_10,F2_7,D3,F2,0.454966
D3_10,F2_8,D3,F2,0.286847
D3_10,F2_9,D3,F2,0.445796
D3_10,F2_10,D3,F2,0.390797
D3_10,G_1,D3,G,0.345742
D3_10,G_2,D3,G,0.344723
D3_10,G_3,D3,G,0.347105
D3_10,G_4,D3,G,0.343455
D3_10,G_5,D3,G,0.342556
D3_10,G_6,D3,G,0.342072
D3_10,G_7,D3,G,0.345835
D3_10,G_8,D3,G,0.343035
D3_10,G_9,D3,G,0.345153
D3_10,G_10,D3,G,0.343510
D4_1,D4_2,D4,D4,0.488474
D4_1,D4_3,D4,D4,0.498770
D4_1,D4_4,D4,D4,0.388303
D4_1,D4_5,D4,D4,0.561003
D4_1,D4_6,D4,D4,0.429502
D4_1,D4_7,D4,D4,0.363120
D4_1,D4_8,D4,D4,0.531285
D4_1,D4_9,D4,D4,0.438486
D4_1,D4_10,D4,D4,0.423445
D4_1,E1_1,D4,E1,0.477579
D4_1,E1_2,D4,E1,0.392066
D4_1,E1_3,D4,E1,0.380037
D4_1,E1_4,D4,E1,0.480913
D4_1,E1_5,D4,E1,0.416108
D4_1,E1_6,D4,E1,0.415866
D4_1,E1_7,D4,E1,0.405597
D4_1,E1_8,D4,E1,0.419482
D4_1,E1_9,D4,E1,0.467386
D4_1,E1_10,D4,E1,0.484211
D4_1,E2_1,D4,E2,0.349929
D4_1,E2_2,D4,E2,0.410657
D4_1,E2_3,D4,E2,0.449873
D4_1,E2_4,D4,E2,0.498623
D4_1,E2_5,D4,E2,0.467749
D4_1,E2_6,D4,E2,0.527999
D4_1,E2_7,D4,E2,0.466981
D4_1,E2_8,D4,E2,0.392636
D4_1,E2_9,D4,E2,0.490561
D4_1,E2_10,D4,E2,0.444061
D4_1,F1_1,D4,F1,0.431074
D4_1,F1_2,D4,F1,0.435012
D4_1,F1_3,D4,F1,0.447652
D4_1,F1_4,D4,F1,0.451728
D4_1,F1_5,D4,F1,0.276652
D4_1,F1_6,D4,F1,0.282997
D4_1,F1_7,D4,F1,0.416501
D4_1,F1_8,D4,F1,0.450582
D4_1,F1_9,D4,F1,0.320110
D4_1,F1_10,D4,F1,0.245985
D4_1,F2_1,D4,F2,0.400401
D4_1,F2_2,D4,F2,0.391607
D4_1,F2_3,D4,F2,0.260141
D4_1,F2_4,D4,F2,0.436145
D4_1,F2_5,D4,F2,0.462347
D4_1,F2_6,D4,F2,0.405924
D4_1,F2_7,D4,F2,0.452974
D4_1,F2_8,D4,F2,0.417974
D4_1,F2_9,D4,F2,0.284414
D4_1,F2_10,D4,F2,0.390751
D4_1,G_1,D4,G,0.343925
D4_1,G_2,D4,G,0.343700
D4_1,G_3,D4,G,0.343441
D4_1,G_4,D4,G,0.343226
D4_1,G_5,D4,G,0.343386
D4_1,G_6,D4,G,0.343959
D4_1,G_7,D4,G,0.347708
D4_1,G_8,D4,G,0.344657
D4_1,G_9,D4,G,0.345185
D4_1,G_10,D4,G,0.344602
D4_2,D4_3,D4,D4,0.545761
D4_2,D4_4,D4,D4,0.537821
D4_2,D4_5,D4,D4,0.562292
D4_2,D4_6,D4,D4,0.401546
D4_2,D4_7,D4,D4,0.538722
D4_2,D4_8,D4,D4,0.687262
D4_2,D4_9,D4,D4,0.618838
D4_2,D4_10,D4,D4,0.455645
D4_2,E1_1,D4,E1,0.525754
D4_2,E1_2,D4,E1,0.387408
D4_2,E1_3,D4,E1,0.438085
D4_2,E1_4,D4,E1,0.531197
D4_2,E1_5,D4,E1,0.471117
D4_2,E1_6,D4,E1,0.393422
D4_2,E1_7,D4,E1,0.443173
D4_2,E1_8,D4,E1,0.474816
D4_2,E1_9,D4,E1,0.514376
D4_2,E1_10,D4,E1,0.323334
D4_2,E2_1,D4,E2,0.306852
D4_2,E2_2,D4,E2,0.363579
D4_2,E2_3,D4,E2,0.561718
D4_2,E2_4,D4,E2,0.548940
D4_2,E2_5,D4,E2,0.519731
D4_2,E2_6,D4,E2,0.512315
D4_2,E2_7,D4,E2,0.408470
D4_2,E2_8,D4,E2,0.447640
D4_2,E2_9,D4,E2,0.541643
D4_2,E2_10,D4,E2,0.539797
D4_2,F1_1,D4,F1,0.491118
D4_2,F1_2,D4,F1,0.487801
D4_2,F1_3,D4,F1,0.357245
D4_2,F1_4,D4,F1,0.461173
D4_2,F1_5,D4,F1,0.523327
D4_2,F1_6,D4,F1,0.450150
D4_2,F1_7,D4,F1,0.474289
D4_2,F1_8,D4,F1,0.505199
D4_2,F1_9,D4,F1,0.438896
D4_2,F1_10,D4,F1,0.523755
D4_2,F2_1,D4,F2,0.457700
D4_2,F2_2,D4,F2,0.448090
D4_2,F2_3,D4,F2,0.472706
D4_2,F2_4,D4,F2,0.490159
D4_2,F2_5,D4,F2,0.489287
D4_2,F2_6,D4,F2,0.361695
D4_2,F2_7,D4,F2,0.492865
D4_2,F2_8,D4,F2,0.445678
D4_2,F2_9,D4,F2,0.501087
D4_2,F2_10,D4,F2,0.447147
D4_2,G_1,D4,G,0.406409
D4_2,G_2,D4,G,0.405143
D4_2,G_3,D4,G,0.404685
D4_2,G_4,D4,G,0.403977
D4_2,G_5,D4,G,0.402900
D4_2,G_6,D4,G,0.404619
D4_2,G_7,D4,G,0.406433
D4_2,G_8,D4,G,0.402623
D4_2,G_9,D4,G,0.404101
D4_2,G_10,D4,G,0.404285
D4_3,D4_4,D4,D4,0.540248
D4_3,D4_5,D4,D4,0.450568
D4_3,D4_6,D4,D4,0.456010
D4_3,D4_7,D4,D4,0.470223
D4_3,D4_8,D4,D4,0.577842
D4_3,D4_9,D4,D4,0.522773
D4_3,D4_10,D4,D4,0.421317
D4_3,E1_1,D4,E1,0.403663
D4_3,E1_2,D4,E1,0.309675
D4_3,E1_3,D4,E1,0.291818
D4_3,E1_4,D4,E1,0.405106
D4_3,E1_5,D4,E1,0.333547
D4_3,E1_6,D4,E1,0.335527
D4_3,E1_7,D4,E1,0.318883
D4_3,E1_8,D4,E1,0.337662
D4_3,E1_9,D4,E1,0.304768
D4_3,E1_10,D4,E1,0.406404
D4_3,E2_1,D4,E2,0.401876
D4_3,E2_2,D4,E2,0.385167
D4_3,E2_3,D4,E2,0.381659
D4_3,E2_4,D4,E2,0.196793
D4_3,E2_5,D4,E2,0.388526
D4_3,E2_6,D4,E2,0.459327
D4_3,E2_7,D4,E2,0.306312
D4_3,E2_8,D4,E2,0.319728
D4_3,E2_9,D4,E2,0.283777
D4_3,E2_10,D4,E2,0.502169
D4_3,F1_1,D4,F1,0.356045
D4_3,F1_2,D4,F1,0.157034
D4_3,F1_3,D4,F1,0.368288
D4_3,F1_4,D4,F1,0.374941
D4_3,F1_5,D4,F1,0.399938
D4_3,F1_6,D4,F1,0.374882
D4_3,F1_7,D4,F1,0.324119
D4_3,F1_8,D4,F1,0.237755
D4_3,F1_9,D4,F1,0.292566
D4_3,F1_10,D4,F1,0.395198
D4_3,F2_1,D4,F2,0.286729
D4_3,F2_2,D4,F2,0.302896
D4_3,F2_3,D4,F2,0.397898
D4_3,F2_4,D4,F2,0.357414
D4_3,F2_5,D4,F2,0.385908
D4_3,F2_6,D4,F2,0.320214
D4_3,F2_7,D4,F2,0.339529
D4_3,F2_8,D4,F2,0.337875
D4_3,F2_9,D4,F2,0.366519
D4_3,F2_10,D4,F2,0.305124
D4_3,G_1,D4,G,0.254214
D4_3,G_2,D4,G,0.251728
D4_3,G_3,D4,G,0.253455
D4_3,G_4,D4,G,0.252065
D4_3,G_5,D4,G,0.251054
D4_3,G_6,D4,G,0.250000
D4_3,G_7,D4,G,0.251476
D4_3,G_8,D4,G,0.250084
D4_3,G_9,D4,G,0.250084
D4_3,G_10,D4,G,0.252697
D4_4,D4_5,D4,D4,0.579357
D4_4,D4_6,D4,D4,0.449544
D4_4,D4_7,D4,D4,0.364511
D4_4,D4_8,D4,D4,0.601240
D4_4,D4_9,D4,D4,0.381442
D4_4,D4_10,D4,D4,0.541080
D4_4,E1_1,D4,E1,0.520996
D4_4,E1_2,D4,E1,0.443061
D4_4,E1_3,D4,E1,0.428485
D4_4,E1_4,D4,E1,0.526876
D4_4,E1_5,D4,E1,0.417161
D4_4,E1_6,D4,E1,0.463757
D4_4,E1_7,D4,E1,0.447687
D4_4,E1_8,D4,E1,0.354200
D4_4,E1_9,D4,E1,0.509350
D4_4,E1_10,D4,E1,0.524196
D4_4,E2_1,D4,E2,0.392587
D4_4,E2_2,D4,E2,0.440589
D4_4,E2_3,D4,E2,0.466903
D4_4,E2_4,D4,E2,0.543231
D4_4,E2_5,D4,E2,0.510260
D4_4,E2_6,D4,E2,0.567358
D4_4,E2_7,D4,E2,0.508603
D4_4,E2_8,D4,E2,0.442596
D4_4,E2_9,D4,E2,0.537563
D4_4,E2_10,D4,E2,0.389070
D4_4,F1_1,D4,F1,0.325491
D4_4,F1_2,D4,F1,0.481790
D4_4,F1_3,D4,F1,0.493906
D4_4,F1_4,D4,F1,0.497904
D4_4,F1_5,D4,F1,0.325968
D4_4,F1_6,D4,F1,0.423147
D4_4,F1_7,D4,F1,0.467985
D4_4,F1_8,D4,F1,0.498843
D4_4,F1_9,D4,F1,0.423579
D4_4,F1_10,D4,F1,0.345927
D4_4,F2_1,D4,F2,0.453151
D4_4,F2_2,D4,F2,0.441878
D4_4,F2_3,D4,F2,0.404641
D4_4,F2_4,D4,F2,0.366882
D4_4,F2_5,D4,F2,0.505321
D4_4,F2_6,D4,F2,0.452555
D4_4,F2_7,D4,F2,0.498264
D4_4,F2_8,D4,F2,0.465505
D4_4,F2_9,D4,F2,0.340534
D4_4,F2_10,D4,F2,0.441154
D4_4,G_1,D4,G,0.395266
D4_4,G_2,D4,G,0.395985
D4_4,G_3,D4,G,0.396014
D4_4,G_4,D4,G,0.396541
D4_4,G_5,D4,G,0.394961
D4_4,G_6,D4,G,0.396945
D4_4,G_7,D4,G,0.400493
D4_4,G_8,D4,G,0.395672
D4_4,G_9,D4,G,0.397901
D4_4,G_10,D4,G,0.398087
D4_5,D4_6,D4,D4,0.516872
D4_5,D4_7,D4,D4,0.536410
D4_5,D4_8,D4,D4,0.518275
D4_5,D4_9,D4,D4,0.581446
D4_5,D4_10,D4,D4,0.412125
D4_5,E1_1,D4,E1,0.477586
D4_5,E1_2,D4,E1,0.390853
D4_5,E1_3,D4,E1,0.348615
D4_5,E1_4,D4,E1,0.345437
D4_5,E1_5,D4,E1,0.414203
D4_5,E1_6,D4,E1,0.413472
D4_5,E1_7,D4,E1,0.400216
D4_5,E1_8,D4,E1,0.419266
D4_5,E1_9,D4,E1,0.468302
D4_5,E1_10,D4,E1,0.477540
D4_5,E2_1,D4,E2,0.426542
D4_5,E2_2,D4,E2,0.363335
D4_5,E2_3,D4,E2,0.398951
D4_5,E2_4,D4,E2,0.449199
D4_5,E2_5,D4,E2,0.461630
D4_5,E2_6,D4,E2,0.524217
D4_5,E2_7,D4,E2,0.461322
D4_5,E2_8,D4,E2,0.324520
D4_5,E2_9,D4,E2,0.489906
D4_5,E2_10,D4,E2,0.398951
D4_5,F1_1,D4,F1,0.433223
D4_5,F1_2,D4,F1,0.432196
D4_5,F1_3,D4,F1,0.445808
D4_5,F1_4,D4,F1,0.449896
D4_5,F1_5,D4,F1,0.475176
D4_5,F1_6,D4,F1,0.451767
D4_5,F1_7,D4,F1,0.374902
D4_5,F1_8,D4,F1,0.447353
D4_5,F1_9,D4,F1,0.377423
D4_5,F1_10,D4,F1,0.470224
D4_5,F2_1,D4,F2,0.400185
D4_5,F2_2,D4,F2,0.391143
D4_5,F2_3,D4,F2,0.472414
D4_5,F2_4,D4,F2,0.437105
D4_5,F2_5,D4,F2,0.461220
D4_5,F2_6,D4,F2,0.401538
D4_5,F2_7,D4,F2,0.242127
D4_5,F2_8,D4,F2,0.418721
D4_5,F2_9,D4,F2,0.444511
D4_5,F2_10,D4,F2,0.315251
D4_5,G_1,D4,G,0.345031
D4_5,G_2,D4,G,0.344542
D4_5,G_3,D4,G,0.345602
D4_5,G_4,D4,G,0.341954
D4_5,G_5,D4,G,0.342643
D4_5,G_6,D4,G,0.342689
D4_5,G_7,D4,G,0.345388
D4_5,G_8,D4,G,0.343122
D4_5,G_9,D4,G,0.341269
D4_5,G_10,D4,G,0.342802
D4_6,D4_7,D4,D4,0.428246
D4_6,D4_8,D4,D4,0.528835
D4_6,D4_9,D4,D4,0.485109
D4_6,D4_10,D4,D4,0.405822
D4_6,E1_1,D4,E1,0.417125
D4_6,E1_2,D4,E1,0.284247
D4_6,E1_3,D4,E1,0.328004
D4_6,E1_4,D4,E1,0.440199
D4_6,E1_5,D4,E1,0.369446
D4_6,E1_6,D4,E1,0.247803
D4_6,E1_7,D4,E1,0.351855
D4_6,E1_8,D4,E1,0.370638
D4_6,E1_9,D4,E1,0.421727
D4_6,E1_10,D4,E1,0.364154
D4_6,E2_1,D4,E2,0.349643
D4_6,E2_2,D4,E2,0.371779
D4_6,E2_3,D4,E2,0.424791
D4_6,E2_4,D4,E2,0.458569
D4_6,E2_5,D4,E2,0.424837
D4_6,E2_6,D4,E2,0.381243
D4_6,E2_7,D4,E2,0.341269
D4_6,E2_8,D4,E2,0.346565
D4_6,E2_9,D4,E2,0.449724
D4_6,E2_10,D4,E2,0.491553
D4_6,F1_1,D4,F1,0.391035
D4_6,F1_2,D4,F1,0.390399
D4_6,F1_3,D4,F1,0.245682
D4_6,F1_4,D4,F1,0.318366
D4_6,F1_5,D4,F1,0.431491
D4_6,F1_6,D4,F1,0.321781
D4_6,F1_7,D4,F1,0.373097
D4_6,F1_8,D4,F1,0.407868
D4_6,F1_9,D4,F1,0.332475
D4_6,F1_10,D4,F1,0.360975
D4_6,F2_1,D4,F2,0.355284
D4_6,F2_2,D4,F2,0.339100
D4_6,F2_3,D4,F2,0.346841
D4_6,F2_4,D4,F2,0.389873
D4_6,F2_5,D4,F2,0.416997
D4_6,F2_6,D4,F2,0.284698
D4_6,F2_7,D4,F2,0.406735
D4_6,F2_8,D4,F2,0.374922
D4_6,F2_9,D4,F2,0.331291
D4_6,F2_10,D4,F2,0.343680
D4_6,G_1,D4,G,0.293672
D4_6,G_2,D4,G,0.293217
D4_6,G_3,D4,G,0.294321
D4_6,G_4,D4,G,0.292984
D4_6,G_5,D4,G,0.290051
D4_6,G_6,D4,G,0.293798
D4_6,G_7,D4,G,0.296631
D4_6,G_8,D4,G,0.293362
D4_6,G_9,D4,G,0.293362
D4_6,G_10,D4,G,0.293032
D4_7,D4_8,D4,D4,0.571724
D4_7,D4_9,D4,D4,0.312459
D4_7,D4_10,D4,D4,0.396995
D4_7,E1_1,D4,E1,0.454234
D4_7,E1_2,D4,E1,0.364239
D4_7,E1_3,D4,E1,0.350964
D4_7,E1_4,D4,E1,0.455832
D4_7,E1_5,D4,E1,0.387232
D4_7,E1_6,D4,E1,0.387930
D4_7,E1_7,D4,E1,0.371617
D4_7,E1_8,D4,E1,0.339901
D4_7,E1_9,D4,E1,0.441531
D4_7,E1_10,D4,E1,0.456904
D4_7,E2_1,D4,E2,0.409342
D4_7,E2_2,D4,E2,0.406399
D4_7,E2_3,D4,E2,0.414727
D4_7,E2_4,D4,E2,0.474329
D4_7,E2_5,D4,E2,0.445228
D4_7,E2_6,D4,E2,0.505998
D4_7,E2_7,D4,E2,0.438863
D4_7,E2_8,D4,E2,0.371034
D4_7,E2_9,D4,E2,0.470137
D4_7,E2_10,D4,E2,0.420531
D4_7,F1_1,D4,F1,0.283231
D4_7,F1_2,D4,F1,0.403360
D4_7,F1_3,D4,F1,0.420403
D4_7,F1_4,D4,F1,0.427532
D4_7,F1_5,D4,F1,0.331776
D4_7,F1_6,D4,F1,0.208369
D4_7,F1_7,D4,F1,0.387333
D4_7,F1_8,D4,F1,0.424639
D4_7,F1_9,D4,F1,0.350852
D4_7,F1_10,D4,F1,0.333602
D4_7,F2_1,D4,F2,0.373921
D4_7,F2_2,D4,F2,0.361726
D4_7,F2_3,D4,F2,0.238395
D4_7,F2_4,D4,F2,0.354137
D4_7,F2_5,D4,F2,0.434737
D4_7,F2_6,D4,F2,0.375078
D4_7,F2_7,D4,F2,0.427118
D4_7,F2_8,D4,F2,0.392120
D4_7,F2_9,D4,F2,0.316688
D4_7,F2_10,D4,F2,0.362601
D4_7,G_1,D4,G,0.312632
D4_7,G_2,D4,G,0.313812
D4_7,G_3,D4,G,0.314625
D4_7,G_4,D4,G,0.312765
D4_7,G_5,D4,G,0.311828
D4_7,G_6,D4,G,0.313273
D4_7,G_7,D4,G,0.315507
D4_7,G_8,D4,G,0.312317
D4_7,G_9,D4,G,0.314514
D4_7,G_10,D4,G,0.313914
D4_8,D4_9,D4,D4,0.542877
D4_8,D4_10,D4,D4,0.577668
D4_8,E1_1,D4,E1,0.435700
D4_8,E1_2,D4,E1,0.529236
D4_8,E1_3,D4,E1,0.517108
D4_8,E1_4,D4,E1,0.590242
D4_8,E1_5,D4,E1,0.550098
D4_8,E1_6,D4,E1,0.505620
D4_8,E1_7,D4,E1,0.541268
D4_8,E1_8,D4,E1,0.555370
D4_8,E1_9,D4,E1,0.593312
D4_8,E1_10,D4,E1,0.604071
D4_8,E2_1,D4,E2,0.594456
D4_8,E2_2,D4,E2,0.540476
D4_8,E2_3,D4,E2,0.411467
D4_8,E2_4,D4,E2,0.620267
D4_8,E2_5,D4,E2,0.594551
D4_8,E2_6,D4,E2,0.444745
D4_8,E2_7,D4,E2,0.588339
D4_8,E2_8,D4,E2,0.478223
D4_8,E2_9,D4,E2,0.614943
D4_8,E2_10,D4,E2,0.516960
D4_8,F1_1,D4,F1,0.565386
D4_8,F1_2,D4,F1,0.567836
D4_8,F1_3,D4,F1,0.523572
D4_8,F1_4,D4,F1,0.426471
D4_8,F1_5,D4,F1,0.487303
D4_8,F1_6,D4,F1,0.485760
D4_8,F1_7,D4,F1,0.515178
D4_8,F1_8,D4,F1,0.581497
D4_8,F1_9,D4,F1,0.481091
D4_8,F1_10,D4,F1,0.420668
D4_8,F2_1,D4,F2,0.538407
D4_8,F2_2,D4,F2,0.532881
D4_8,F2_3,D4,F2,0.468459
D4_8,F2_4,D4,F2,0.568925
D4_8,F2_5,D4,F2,0.580804
D4_8,F2_6,D4,F2,0.539696
D4_8,F2_7,D4,F2,0.415227
D4_8,F2_8,D4,F2,0.552470
D4_8,F2_9,D4,F2,0.413360
D4_8,F2_10,D4,F2,0.469936
D4_8,G_1,D4,G,0.493455
D4_8,G_2,D4,G,0.492661
D4_8,G_3,D4,G,0.493388
D4_8,G_4,D4,G,0.490319
D4_8,G_5,D4,G,0.491562
D4_8,G_6,D4,G,0.493029
D4_8,G_7,D4,G,0.494920
D4_8,G_8,D4,G,0.492437
D4_8,G_9,D4,G,0.491999
D4_8,G_10,D4,G,0.490390
D4_9,D4_10,D4,D4,0.502093
D4_9,E1_1,D4,E1,0.435044
D4_9,E1_2,D4,E1,0.423713
D4_9,E1_3,D4,E1,0.409258
D4_9,E1_4,D4,E1,0.509323
D4_9,E1_5,D4,E1,0.441383
D4_9,E1_6,D4,E1,0.446089
D4_9,E1_7,D4,E1,0.431055
D4_9,E1_8,D4,E1,0.404085
D4_9,E1_9,D4,E1,0.493316
D4_9,E1_10,D4,E1,0.506335
D4_9,E2_1,D4,E2,0.499640
D4_9,E2_2,D4,E2,0.486081
D4_9,E2_3,D4,E2,0.447667
D4_9,E2_4,D4,E2,0.524548
D4_9,E2_5,D4,E2,0.439303
D4_9,E2_6,D4,E2,0.466183
D4_9,E2_7,D4,E2,0.491958
D4_9,E2_8,D4,E2,0.427080
D4_9,E2_9,D4,E2,0.520904
D4_9,E2_10,D4,E2,0.467601
D4_9,F1_1,D4,F1,0.350571
D4_9,F1_2,D4,F1,0.463609
D4_9,F1_3,D4,F1,0.477796
D4_9,F1_4,D4,F1,0.481898
D4_9,F1_5,D4,F1,0.347127
D4_9,F1_6,D4,F1,0.348752
D4_9,F1_7,D4,F1,0.445542
D4_9,F1_8,D4,F1,0.479502
D4_9,F1_9,D4,F1,0.408645
D4_9,F1_10,D4,F1,0.347078
D4_9,F2_1,D4,F2,0.431935
D4_9,F2_2,D4,F2,0.421804
D4_9,F2_3,D4,F2,0.324677
D4_9,F2_4,D4,F2,0.414556
D4_9,F2_5,D4,F2,0.379810
D4_9,F2_6,D4,F2,0.432750
D4_9,F2_7,D4,F2,0.478910
D4_9,F2_8,D4,F2,0.345854
D4_9,F2_9,D4,F2,0.310923
D4_9,F2_10,D4,F2,0.420788
D4_9,G_1,D4,G,0.375743
D4_9,G_2,D4,G,0.375996
D4_9,G_3,D4,G,0.377538
D4_9,G_4,D4,G,0.374531
D4_9,G_5,D4,G,0.374433
D4_9,G_6,D4,G,0.376483
D4_9,G_7,D4,G,0.378589
D4_9,G_8,D4,G,0.374648
D4_9,G_9,D4,G,0.375919
D4_9,G_10,D4,G,0.375098
D4_10,E1_1,D4,E1,0.392996
D4_10,E1_2,D4,E1,0.306573
D4_10,E1_3,D4,E1,0.261629
D4_10,E1_4,D4,E1,0.300213
D4_10,E1_5,D4,E1,0.332959
D4_10,E1_6,D4,E1,0.271636
D4_10,E1_7,D4,E1,0.319643
D4_10,E1_8,D4,E1,0.335742
D4_10,E1_9,D4,E1,0.389944
D4_10,E1_10,D4,E1,0.402192
D4_10,E2_1,D4,E2,0.344278
D4_10,E2_2,D4,E2,0.337719
D4_10,E2_3,D4,E2,0.421341
D4_10,E2_4,D4,E2,0.373899
D4_10,E2_5,D4,E2,0.388491
D4_10,E2_6,D4,E2,0.406105
D4_10,E2_7,D4,E2,0.388294
D4_10,E2_8,D4,E2,0.316943
D4_10,E2_9,D4,E2,0.416272
D4_10,E2_10,D4,E2,0.503036
D4_10,F1_1,D4,F1,0.355217
D4_10,F1_2,D4,F1,0.351369
D4_10,F1_3,D4,F1,0.306913
D4_10,F1_4,D4,F1,0.313882
D4_10,F1_5,D4,F1,0.397680
D4_10,F1_6,D4,F1,0.283869
D4_10,F1_7,D4,F1,0.277833
D4_10,F1_8,D4,F1,0.370970
D4_10,F1_9,D4,F1,0.290243
D4_10,F1_10,D4,F1,0.393422
D4_10,F2_1,D4,F2,0.312876
D4_10,F2_2,D4,F2,0.305051
D4_10,F2_3,D4,F2,0.313639
D4_10,F2_4,D4,F2,0.357109
D4_10,F2_5,D4,F2,0.383357
D4_10,F2_6,D4,F2,0.319066
D4_10,F2_7,D4,F2,0.374902
D4_10,F2_8,D4,F2,0.335421
D4_10,F2_9,D4,F2,0.366477
D4_10,F2_10,D4,F2,0.306446
D4_10,G_1,D4,G,0.253248
D4_10,G_2,D4,G,0.251054
D4_10,G_3,D4,G,0.251308
D4_10,G_4,D4,G,0.250802
D4_10,G_5,D4,G,0.248310
D4_10,G_6,D4,G,0.250506
D4_10,G_7,D4,G,0.254925
D4_10,G_8,D4,G,0.250591
D4_10,G_9,D4,G,0.250886
D4_10,G_10,D4,G,0.251434
E1_1,E1_2,E1,E1,0.285360
E1_1,E1_3,E1,E1,0.262938
E1_1,E1_4,E1,E1,0.386861
E1_1,E1_5,E1,E1,0.306641
E1_1,E1_6,E1,E1,0.302272
E1_1,E1_7,E1,E1,0.296205
E1_1,E1_8,E1,E1,0.314397
E1_1,E1_9,E1,E1,0.370854
E1_1,E1_10,E1,E1,0.383128
E1_1,E2_1,E1,E2,0.377300
E1_1,E2_2,E1,E2,0.356657
E1_1,E2_3,E1,E2,0.420219
E1_1,E2_4,E1,E2,0.405110
E1_1,E2_5,E1,E2,0.329794
E1_1,E2_6,E1,E2,0.161193
E1_1,E2_7,E1,E2,0.367190
E1_1,E2_8,E1,E2,0.295440
E1_1,E2_9,E1,E2,0.398305
E1_1,E2_10,E1,E2,0.485477
E1_1,F1_1,E1,F1,0.330334
E1_1,F1_2,E1,F1,0.328502
E1_1,F1_3,E1,F1,0.326346
E1_1,F1_4,E1,F1,0.194092
E1_1,F1_5,E1,F1,0.378281
E1_1,F1_6,E1,F1,0.349706
E1_1,F1_7,E1,F1,0.311270
E1_1,F1_8,E1,F1,0.349658
E1_1,F1_9,E1,F1,0.264883
E1_1,F1_10,E1,F1,0.370603
E1_1,F2_1,E1,F2,0.294910
E1_1,F2_2,E1,F2,0.283259
E1_1,F2_3,E1,F2,0.372629
E1_1,F2_4,E1,F2,0.331995
E1_1,F2_5,E1,F2,0.295786
E1_1,F2_6,E1,F2,0.294533
E1_1,F2_7,E1,F2,0.355253
E1_1,F2_8,E1,F2,0.258384
E1_1,F2_9,E1,F2,0.344508
E1_1,F2_10,E1,F2,0.283799
E1_1,G_1,E1,G,0.228352
E1_1,G_2,E1,G,0.225828
E1_1,G_3,E1,G,0.225773
E1_1,G_4,E1,G,0.224350
E1_1,G_5,E1,G,0.222698
E1_1,G_6,E1,G,0.224064
E1_1,G_7,E1,G,0.228289
E1_1,G_8,E1,G,0.224427
E1_1,G_9,E1,G,0.224427
E1_1,G_10,E1,G,0.224996
E1_2,E1_3,E1,E1,0.155449
E1_2,E1_4,E1,E1,0.289530
E1_2,E1_5,E1,E1,0.197259
E1_2,E1_6,E1,E1,0.158381
E1_2,E1_7,E1,E1,0.185036
E1_2,E1_8,E1,E1,0.206157
E1_2,E1_9,E1,E1,0.272985
E1_2,E1_10,E1,E1,0.210781
E1_2,E2_1,E1,E2,0.280966
E1_2,E2_2,E1,E2,0.258650
E1_2,E2_3,E1,E2,0.322868
E1_2,E2_4,E1,E2,0.315318
E1_2,E2_5,E1,E2,0.267213
E1_2,E2_6,E1,E2,0.322795
E1_2,E2_7,E1,E2,0.189929
E1_2,E2_8,E1,E2,0.181531
E1_2,E2_9,E1,E2,0.303318
E1_2,E2_10,E1,E2,0.396813
E1_2,F1_1,E1,F1,0.227630
E1_2,F1_2,E1,F1,0.224221
E1_2,F1_3,E1,F1,0.158615
E1_2,F1_4,E1,F1,0.248988
E1_2,F1_5,E1,F1,0.276642
E1_2,F1_6,E1,F1,0.243733
E1_2,F1_7,E1,F1,0.201041
E1_2,F1_8,E1,F1,0.246914
E1_2,F1_9,E1,F1,0.149134
E1_2,F1_10,E1,F1,0.269083
E1_2,F2_1,E1,F2,0.181165
E1_2,F2_2,E1,F2,0.169225
E1_2,F2_3,E1,F2,0.273151
E1_2,F2_4,E1,F2,0.228220
E1_2,F2_5,E1,F2,0.261721
E1_2,F2_6,E1,F2,0.096330
E1_2,F2_7,E1,F2,0.246151
E1_2,F2_8,E1,F2,0.205501
E1_2,F2_9,E1,F2,0.240102
E1_2,F2_10,E1,F2,0.166726
E1_2,G_1,E1,G,0.105340
E1_2,G_2,E1,G,0.104696
E1_2,G_3,E1,G,0.104224
E1_2,G_4,E1,G,0.101940
E1_2,G_5,E1,G,0.100385
E1_2,G_6,E1,G,0.103436
E1_2,G_7,E1,G,0.106791
E1_2,G_8,E1,G,0.102672
E1_2,G_9,E1,G,0.102672
E1_2,G_10,E1,G,0.103347
E1_3,E1_4,E1,E1,0.236864
E1_3,E1_5,E1,E1,0.182677
E1_3,E1_6,E1,E1,0.183777
E1_3,E1_7,E1,E1,0.165012
E1_3,E1_8,E1,E1,0.188221
E1_3,E1_9,E1,E1,0.251352
E1_3,E1_10,E1,E1,0.272242
E1_3,E2_1,E1,E2,0.265732
E1_3,E2_2,E1,E2,0.245047
E1_3,E2_3,E1,E2,0.310002
E1_3,E2_4,E1,E2,0.265884
E1_3,E2_5,E1,E2,0.254337
E1_3,E2_6,E1,E2,0.329564
E1_3,E2_7,E1,E2,0.252609
E1_3,E2_8,E1,E2,0.164071
E1_3,E2_9,E1,E2,0.284510
E1_3,E2_10,E1,E2,0.384843
E1_3,F1_1,E1,F1,0.210762
E1_3,F1_2,E1,F1,0.205404
E1_3,F1_3,E1,F1,0.223251
E1_3,F1_4,E1,F1,0.228918
E1_3,F1_5,E1,F1,0.262160
E1_3,F1_6,E1,F1,0.232304
E1_3,F1_7,E1,F1,0.179167
E1_3,F1_8,E1,F1,0.230099
E1_3,F1_9,E1,F1,0.133357
E1_3,F1_10,E1,F1,0.254760
E1_3,F2_1,E1,F2,0.164335
E1_3,F2_2,E1,F2,0.151186
E1_3,F2_3,E1,F2,0.260366
E1_3,F2_4,E1,F2,0.212278
E1_3,F2_5,E1,F2,0.243440
E1_3,F2_6,E1,F2,0.168815
E1_3,F2_7,E1,F2,0.232947
E1_3,F2_8,E1,F2,0.190086
E1_3,F2_9,E1,F2,0.223443
E1_3,F2_10,E1,F2,0.152899
E1_3,G_1,E1,G,0.086306
E1_3,G_2,E1,G,0.084611
E1_3,G_3,E1,G,0.085888
E1_3,G_4,E1,G,0.083919
E1_3,G_5,E1,G,0.081266
E1_3,G_6,E1,G,0.084041
E1_3,G_7,E1,G,0.087807
E1_3,G_8,E1,G,0.084304
E1_3,G_9,E1,G,0.084304
E1_3,G_10,E1,G,0.085704
E1_4,E1_5,E1,E1,0.314536
E1_4,E1_6,E1,E1,0.316796
E1_4,E1_7,E1,E1,0.299770
E1_4,E1_8,E1,E1,0.318704
E1_4,E1_9,E1,E1,0.373116
E1_4,E1_10,E1,E1,0.389122
E1_4,E2_1,E1,E2,0.384066
E1_4,E2_2,E1,E2,0.366441
E1_4,E2_3,E1,E2,0.346932
E1_4,E2_4,E1,E2,0.354670
E1_4,E2_5,E1,E2,0.342013
E1_4,E2_6,E1,E2,0.442389
E1_4,E2_7,E1,E2,0.372006
E1_4,E2_8,E1,E2,0.297886
E1_4,E2_9,E1,E2,0.401723
E1_4,E2_10,E1,E2,0.491419
E1_4,F1_1,E1,F1,0.338026
E1_4,F1_2,E1,F1,0.331672
E1_4,F1_3,E1,F1,0.350763
E1_4,F1_4,E1,F1,0.356013
E1_4,F1_5,E1,F1,0.382793
E1_4,F1_6,E1,F1,0.356193
E1_4,F1_7,E1,F1,0.182916
E1_4,F1_8,E1,F1,0.355105
E1_4,F1_9,E1,F1,0.273469
E1_4,F1_10,E1,F1,0.375411
E1_4,F2_1,E1,F2,0.295402
E1_4,F2_2,E1,F2,0.285172
E1_4,F2_3,E1,F2,0.381220
E1_4,F2_4,E1,F2,0.340738
E1_4,F2_5,E1,F2,0.365938
E1_4,F2_6,E1,F2,0.300327
E1_4,F2_7,E1,F2,0.358589
E1_4,F2_8,E1,F2,0.319469
E1_4,F2_9,E1,F2,0.347888
E1_4,F2_10,E1,F2,0.287979
E1_4,G_1,E1,G,0.232487
E1_4,G_2,E1,G,0.233282
E1_4,G_3,E1,G,0.231726
E1_4,G_4,E1,G,0.231215
E1_4,G_5,E1,G,0.229273
E1_4,G_6,E1,G,0.230625
E1_4,G_7,E1,G,0.233923
E1_4,G_8,E1,G,0.231595
E1_4,G_9,E1,G,0.231294
E1_4,G_10,E1,G,0.231254
E1_5,E1_6,E1,E1,0.232064
E1_5,E1_7,E1,E1,0.211949
E1_5,E1_8,E1,E1,0.160120
E1_5,E1_9,E1,E1,0.298295
E1_5,E1_10,E1,E1,0.310609
E1_5,E2_1,E1,E2,0.309215
E1_5,E2_2,E1,E2,0.289452
E1_5,E2_3,E1,E2,0.350270
E1_5,E2_4,E1,E2,0.338777
E1_5,E2_5,E1,E2,0.296017
E1_5,E2_6,E1,E2,0.369439
E1_5,E2_7,E1,E2,0.292063
E1_5,E2_8,E1,E2,0.211892
E1_5,E2_9,E1,E2,0.327871
E1_5,E2_10,E1,E2,0.420493
E1_5,F1_1,E1,F1,0.223626
E1_5,F1_2,E1,F1,0.251052
E1_5,F1_3,E1,F1,0.269397
E1_5,F1_4,E1,F1,0.274129
E1_5,F1_5,E1,F1,0.304291
E1_5,F1_6,E1,F1,0.274809
E1_5,F1_7,E1,F1,0.231332
E1_5,F1_8,E1,F1,0.273875
E1_5,F1_9,E1,F1,0.183249
E1_5,F1_10,E1,F1,0.297837
E1_5,F2_1,E1,F2,0.211558
E1_5,F2_2,E1,F2,0.198476
E1_5,F2_3,E1,F2,0.303134
E1_5,F2_4,E1,F2,0.134374
E1_5,F2_5,E1,F2,0.286467
E1_5,F2_6,E1,F2,0.213942
E1_5,F2_7,E1,F2,0.275713
E1_5,F2_8,E1,F2,0.234425
E1_5,F2_9,E1,F2,0.267890
E1_5,F2_10,E1,F2,0.200485
E1_5,G_1,E1,G,0.138864
E1_5,G_2,E1,G,0.137536
E1_5,G_3,E1,G,0.136429
E1_5,G_4,E1,G,0.135557
E1_5,G_5,E1,G,0.132723
E1_5,G_6,E1,G,0.136307
E1_5,G_7,E1,G,0.138894
E1_5,G_8,E1,G,0.135605
E1_5,G_9,E1,G,0.135940
E1_5,G_10,E1,G,0.136918
E1_6,E1_7,E1,E1,0.214913
E1_6,E1_8,E1,E1,0.236194
E1_6,E1_9,E1,E1,0.297222
E1_6,E1_10,E1,E1,0.252866
E1_6,E2_1,E1,E2,0.311201
E1_6,E2_2,E1,E2,0.289200
E1_6,E2_3,E1,E2,0.349355
E1_6,E2_4,E1,E2,0.338893
E1_6,E2_5,E1,E2,0.296619
E1_6,E2_6,E1,E2,0.255896
E1_6,E2_7,E1,E2,0.223817
E1_6,E2_8,E1,E2,0.214544
E1_6,E2_9,E1,E2,0.328776
E1_6,E2_10,E1,E2,0.423141
E1_6,F1_1,E1,F1,0.255459
E1_6,F1_2,E1,F1,0.252484
E1_6,F1_3,E1,F1,0.122851
E1_6,F1_4,E1,F1,0.182645
E1_6,F1_5,E1,F1,0.304625
E1_6,F1_6,E1,F1,0.275959
E1_6,F1_7,E1,F1,0.232760
E1_6,F1_8,E1,F1,0.276458
E1_6,F1_9,E1,F1,0.185619
E1_6,F1_10,E1,F1,0.299278
E1_6,F2_1,E1,F2,0.212674
E1_6,F2_2,E1,F2,0.198647
E1_6,F2_3,E1,F2,0.303189
E1_6,F2_4,E1,F2,0.256048
E1_6,F2_5,E1,F2,0.289877
E1_6,F2_6,E1,F2,0.158063
E1_6,F2_7,E1,F2,0.278294
E1_6,F2_8,E1,F2,0.236453
E1_6,F2_9,E1,F2,0.267592
E1_6,F2_10,E1,F2,0.200972
E1_6,G_1,E1,G,0.139935
E1_6,G_2,E1,G,0.137603
E1_6,G_3,E1,G,0.138166
E1_6,G_4,E1,G,0.137628
E1_6,G_5,E1,G,0.134460
E1_6,G_6,E1,G,0.137374
E1_6,G_7,E1,G,0.140631
E1_6,G_8,E1,G,0.136339
E1_6,G_9,E1,G,0.137343
E1_6,G_10,E1,G,0.136649
E1_7,E1_8,E1,E1,0.213990
E1_7,E1_9,E1,E1,0.193819
E1_7,E1_10,E1,E1,0.298257
E1_7,E2_1,E1,E2,0.291283
E1_7,E2_2,E1,E2,0.270117
E1_7,E2_3,E1,E2,0.336225
E1_7,E2_4,E1,E2,0.320669
E1_7,E2_5,E1,E2,0.279714
E1_7,E2_6,E1,E2,0.359149
E1_7,E2_7,E1,E2,0.280272
E1_7,E2_8,E1,E2,0.192717
E1_7,E2_9,E1,E2,0.255255
E1_7,E2_10,E1,E2,0.401698
E1_7,F1_1,E1,F1,0.235284
E1_7,F1_2,E1,F1,0.233720
E1_7,F1_3,E1,F1,0.253666
E1_7,F1_4,E1,F1,0.261729
E1_7,F1_5,E1,F1,0.289865
E1_7,F1_6,E1,F1,0.259197
E1_7,F1_7,E1,F1,0.214470
E1_7,F1_8,E1,F1,0.258824
E1_7,F1_9,E1,F1,0.165279
E1_7,F1_10,E1,F1,0.283275
E1_7,F2_1,E1,F2,0.194251
E1_7,F2_2,E1,F2,0.100568
E1_7,F2_3,E1,F2,0.286990
E1_7,F2_4,E1,F2,0.237375
E1_7,F2_5,E1,F2,0.165340
E1_7,F2_6,E1,F2,0.196696
E1_7,F2_7,E1,F2,0.260118
E1_7,F2_8,E1,F2,0.189312
E1_7,F2_9,E1,F2,0.251816
E1_7,F2_10,E1,F2,0.180028
E1_7,G_1,E1,G,0.119164
E1_7,G_2,E1,G,0.118170
E1_7,G_3,E1,G,0.119078
E1_7,G_4,E1,G,0.116824
E1_7,G_5,E1,G,0.113922
E1_7,G_6,E1,G,0.116237
E1_7,G_7,E1,G,0.120239
E1_7,G_8,E1,G,0.116182
E1_7,G_9,E1,G,0.117551
E1_7,G_10,E1,G,0.118213
E1_8,E1_9,E1,E1,0.299179
E1_8,E1_10,E1,E1,0.315071
E1_8,E2_1,E1,E2,0.311475
E1_8,E2_2,E1,E2,0.293421
E1_8,E2_3,E1,E2,0.351978
E1_8,E2_4,E1,E2,0.342880
E1_8,E2_5,E1,E2,0.301359
E1_8,E2_6,E1,E2,0.375490
E1_8,E2_7,E1,E2,0.299362
E1_8,E2_8,E1,E2,0.216690
E1_8,E2_9,E1,E2,0.332263
E1_8,E2_10,E1,E2,0.398054
E1_8,F1_1,E1,F1,0.146172
E1_8,F1_2,E1,F1,0.256303
E1_8,F1_3,E1,F1,0.273998
E1_8,F1_4,E1,F1,0.282407
E1_8,F1_5,E1,F1,0.309046
E1_8,F1_6,E1,F1,0.278248
E1_8,F1_7,E1,F1,0.237562
E1_8,F1_8,E1,F1,0.281881
E1_8,F1_9,E1,F1,0.187839
E1_8,F1_10,E1,F1,0.303729
E1_8,F2_1,E1,F2,0.218809
E1_8,F2_2,E1,F2,0.203011
E1_8,F2_3,E1,F2,0.305406
E1_8,F2_4,E1,F2,0.102377
E1_8,F2_5,E1,F2,0.291845
E1_8,F2_6,E1,F2,0.218123
E1_8,F2_7,E1,F2,0.281716
E1_8,F2_8,E1,F2,0.240637
E1_8,F2_9,E1,F2,0.270482
E1_8,F2_10,E1,F2,0.205332
E1_8,G_1,E1,G,0.140603
E1_8,G_2,E1,G,0.142269
E1_8,G_3,E1,G,0.141834
E1_8,G_4,E1,G,0.141297
E1_8,G_5,E1,G,0.137473
E1_8,G_6,E1,G,0.141707
E1_8,G_7,E1,G,0.144951
E1_8,G_8,E1,G,0.141014
E1_8,G_9,E1,G,0.141347
E1_8,G_10,E1,G,0.142320
E1_9,E1_10,E1,E1,0.374921
E1_9,E2_1,E1,E2,0.363909
E1_9,E2_2,E1,E2,0.348644
E1_9,E2_3,E1,E2,0.402686
E1_9,E2_4,E1,E2,0.293146
E1_9,E2_5,E1,E2,0.356871
E1_9,E2_6,E1,E2,0.427549
E1_9,E2_7,E1,E2,0.337500
E1_9,E2_8,E1,E2,0.281260
E1_9,E2_9,E1,E2,0.266800
E1_9,E2_10,E1,E2,0.472698
E1_9,F1_1,E1,F1,0.318189
E1_9,F1_2,E1,F1,0.276224
E1_9,F1_3,E1,F1,0.334191
E1_9,F1_4,E1,F1,0.340909
E1_9,F1_5,E1,F1,0.363320
E1_9,F1_6,E1,F1,0.338681
E1_9,F1_7,E1,F1,0.297106
E1_9,F1_8,E1,F1,0.337028
E1_9,F1_9,E1,F1,0.250380
E1_9,F1_10,E1,F1,0.358604
E1_9,F2_1,E1,F2,0.280710
E1_9,F2_2,E1,F2,0.177164
E1_9,F2_3,E1,F2,0.363004
E1_9,F2_4,E1,F2,0.320960
E1_9,F2_5,E1,F2,0.236005
E1_9,F2_6,E1,F2,0.282612
E1_9,F2_7,E1,F2,0.343520
E1_9,F2_8,E1,F2,0.287886
E1_9,F2_9,E1,F2,0.330967
E1_9,F2_10,E1,F2,0.267627
E1_9,G_1,E1,G,0.212509
E1_9,G_2,E1,G,0.211190
E1_9,G_3,E1,G,0.211435
E1_9,G_4,E1,G,0.210608
E1_9,G_5,E1,G,0.208614
E1_9,G_6,E1,G,0.209089
E1_9,G_7,E1,G,0.213694
E1_9,G_8,E1,G,0.209753
E1_9,G_9,E1,G,0.211917
E1_9,G_10,E1,G,0.211881
E1_10,E2_1,E1,E2,0.384603
E1_10,E2_2,E1,E2,0.364641
E1_10,E2_3,E1,E2,0.422696
E1_10,E2_4,E1,E2,0.412496
E1_10,E2_5,E1,E2,0.371680
E1_10,E2_6,E1,E2,0.397116
E1_10,E2_7,E1,E2,0.237092
E1_10,E2_8,E1,E2,0.295249
E1_10,E2_9,E1,E2,0.402525
E1_10,E2_10,E1,E2,0.489424
E1_10,F1_1,E1,F1,0.336114
E1_10,F1_2,E1,F1,0.333494
E1_10,F1_3,E1,F1,0.208095
E1_10,F1_4,E1,F1,0.338353
E1_10,F1_5,E1,F1,0.380297
E1_10,F1_6,E1,F1,0.353044
E1_10,F1_7,E1,F1,0.313863
E1_10,F1_8,E1,F1,0.355612
E1_10,F1_9,E1,F1,0.270708
E1_10,F1_10,E1,F1,0.376196
E1_10,F2_1,E1,F2,0.297519
E1_10,F2_2,E1,F2,0.284177
E1_10,F2_3,E1,F2,0.377955
E1_10,F2_4,E1,F2,0.335368
E1_10,F2_5,E1,F2,0.365427
E1_10,F2_6,E1,F2,0.170637
E1_10,F2_7,E1,F2,0.353885
E1_10,F2_8,E1,F2,0.314197
E1_10,F2_9,E1,F2,0.347333
E1_10,F2_10,E1,F2,0.281302
E1_10,G_1,E1,G,0.230427
E1_10,G_2,E1,G,0.228508
E1_10,G_3,E1,G,0.228454
E1_10,G_4,E1,G,0.226121
E1_10,G_5,E1,G,0.225381
E1_10,G_6,E1,G,0.227956
E1_10,G_7,E1,G,0.228547
E1_10,G_8,E1,G,0.224983
E1_10,G_9,E1,G,0.227109
E1_10,G_10,E1,G,0.227677
E2_1,E2_2,E2,E2,0.180084
E2_1,E2_3,E2,E2,0.420605
E2_1,E2_4,E2,E2,0.406020
E2_1,E2_5,E2,E2,0.364780
E2_1,E2_6,E2,E2,0.434756
E2_1,E2_7,E2,E2,0.366160
E2_1,E2_8,E2,E2,0.281492
E2_1,E2_9,E2,E2,0.396767
E2_1,E2_10,E2,E2,0.390025
E2_1,F1_1,E2,F1,0.329321
E2_1,F1_2,E2,F1,0.327758
E2_1,F1_3,E2,F1,0.345848
E2_1,F1_4,E2,F1,0.349294
E2_1,F1_5,E2,F1,0.374199
E2_1,F1_6,E2,F1,0.301764
E2_1,F1_7,E2,F1,0.311912
E2_1,F1_8,E2,F1,0.348372
E2_1,F1_9,E2,F1,0.266222
E2_1,F1_10,E2,F1,0.369824
E2_1,F2_1,E2,F2,0.291674
E2_1,F2_2,E2,F2,0.280000
E2_1,F2_3,E2,F2,0.330551
E2_1,F2_4,E2,F2,0.332051
E2_1,F2_5,E2,F2,0.359023
E2_1,F2_6,E2,F2,0.294657
E2_1,F2_7,E2,F2,0.333921
E2_1,F2_8,E2,F2,0.310328
E2_1,F2_9,E2,F2,0.342693
E2_1,F2_10,E2,F2,0.281390
E2_1,G_1,E2,G,0.225581
E2_1,G_2,E2,G,0.225179
E2_1,G_3,E2,G,0.224518
E2_1,G_4,E2,G,0.224005
E2_1,G_5,E2,G,0.222963
E2_1,G_6,E2,G,0.224326
E2_1,G_7,E2,G,0.228542
E2_1,G_8,E2,G,0.223475
E2_1,G_9,E2,G,0.223475
E2_1,G_10,E2,G,0.223740
E2_2,E2_3,E2,E2,0.400154
E2_2,E2_4,E2,E2,0.388638
E2_2,E2_5,E2,E2,0.348774
E2_2,E2_6,E2,E2,0.414675
E2_2,E2_7,E2,E2,0.348379
E2_2,E2_8,E2,E2,0.219211
E2_2,E2_9,E2,E2,0.378961
E2_2,E2_10,E2,E2,0.329789
E2_2,F1_1,E2,F1,0.311707
E2_2,F1_2,E2,F1,0.309260
E2_2,F1_3,E2,F1,0.322659
E2_2,F1_4,E2,F1,0.326241
E2_2,F1_5,E2,F1,0.357358
E2_2,F1_6,E2,F1,0.295036
E2_2,F1_7,E2,F1,0.289365
E2_2,F1_8,E2,F1,0.330113
E2_2,F1_9,E2,F1,0.242881
E2_2,F1_10,E2,F1,0.350780
E2_2,F2_1,E2,F2,0.271410
E2_2,F2_2,E2,F2,0.259141
E2_2,F2_3,E2,F2,0.325476
E2_2,F2_4,E2,F2,0.315311
E2_2,F2_5,E2,F2,0.340259
E2_2,F2_6,E2,F2,0.272182
E2_2,F2_7,E2,F2,0.262523
E2_2,F2_8,E2,F2,0.291125
E2_2,F2_9,E2,F2,0.323734
E2_2,F2_10,E2,F2,0.259950
E2_2,G_1,E2,G,0.203813
E2_2,G_2,E2,G,0.202494
E2_2,G_3,E2,G,0.202426
E2_2,G_4,E2,G,0.200347
E2_2,G_5,E2,G,0.199583
E2_2,G_6,E2,G,0.201628
E2_2,G_7,E2,G,0.204396
E2_2,G_8,E2,G,0.199792
E2_2,G_9,E2,G,0.200416
E2_2,G_10,E2,G,0.200382
E2_3,E2_4,E2,E2,0.442270
E2_3,E2_5,E2,E2,0.406394
E2_3,E2_6,E2,E2,0.472985
E2_3,E2_7,E2,E2,0.402246
E2_3,E2_8,E2,E2,0.334083
E2_3,E2_9,E2,E2,0.430688
E2_3,E2_10,E2,E2,0.473707
E2_3,F1_1,E2,F1,0.369521
E2_3,F1_2,E2,F1,0.367045
E2_3,F1_3,E2,F1,0.383344
E2_3,F1_4,E2,F1,0.390104
E2_3,F1_5,E2,F1,0.360487
E2_3,F1_6,E2,F1,0.303110
E2_3,F1_7,E2,F1,0.242075
E2_3,F1_8,E2,F1,0.390278
E2_3,F1_9,E2,F1,0.311002
E2_3,F1_10,E2,F1,0.302146
E2_3,F2_1,E2,F2,0.332797
E2_3,F2_2,E2,F2,0.323800
E2_3,F2_3,E2,F2,0.302718
E2_3,F2_4,E2,F2,0.372411
E2_3,F2_5,E2,F2,0.400370
E2_3,F2_6,E2,F2,0.336967
E2_3,F2_7,E2,F2,0.283206
E2_3,F2_8,E2,F2,0.354798
E2_3,F2_9,E2,F2,0.269674
E2_3,F2_10,E2,F2,0.275271
E2_3,G_1,E2,G,0.272348
E2_3,G_2,E2,G,0.271333
E2_3,G_3,E2,G,0.271302
E2_3,G_4,E2,G,0.269648
E2_3,G_5,E2,G,0.268659
E2_3,G_6,E2,G,0.271076
E2_3,G_7,E2,G,0.271955
E2_3,G_8,E2,G,0.271181
E2_3,G_9,E2,G,0.269449
E2_3,G_10,E2,G,0.270847
E2_4,E2_5,E2,E2,0.381429
E2_4,E2_6,E2,E2,0.461424
E2_4,E2_7,E2,E2,0.310036
E2_4,E2_8,E2,E2,0.323139
E2_4,E2_9,E2,E2,0.257354
E2_4,E2_10,E2,E2,0.503110
E2_4,F1_1,E2,F1,0.360127
E2_4,F1_2,E2,F1,0.153078
E2_4,F1_3,E2,F1,0.370534
E2_4,F1_4,E2,F1,0.375392
E2_4,F1_5,E2,F1,0.399907
E2_4,F1_6,E2,F1,0.378133
E2_4,F1_7,E2,F1,0.339054
E2_4,F1_8,E2,F1,0.226658
E2_4,F1_9,E2,F1,0.292691
E2_4,F1_10,E2,F1,0.391419
E2_4,F2_1,E2,F2,0.276872
E2_4,F2_2,E2,F2,0.305528
E2_4,F2_3,E2,F2,0.400340
E2_4,F2_4,E2,F2,0.362788
E2_4,F2_5,E2,F2,0.386866
E2_4,F2_6,E2,F2,0.326062
E2_4,F2_7,E2,F2,0.382500
E2_4,F2_8,E2,F2,0.342825
E2_4,F2_9,E2,F2,0.369541
E2_4,F2_10,E2,F2,0.310795
E2_4,G_1,E2,G,0.258418
E2_4,G_2,E2,G,0.256816
E2_4,G_3,E2,G,0.257951
E2_4,G_4,E2,G,0.256566
E2_4,G_5,E2,G,0.254677
E2_4,G_6,E2,G,0.253917
E2_4,G_7,E2,G,0.257739
E2_4,G_8,E2,G,0.254889
E2_4,G_9,E2,G,0.257532
E2_4,G_10,E2,G,0.257196
E2_5,E2_6,E2,E2,0.368537
E2_5,E2_7,E2,E2,0.356838
E2_5,E2_8,E2,E2,0.271804
E2_5,E2_9,E2,E2,0.344701
E2_5,E2_10,E2,E2,0.474397
E2_5,F1_1,E2,F1,0.319469
E2_5,F1_2,E2,F1,0.306889
E2_5,F1_3,E2,F1,0.331134
E2_5,F1_4,E2,F1,0.336803
E2_5,F1_5,E2,F1,0.368313
E2_5,F1_6,E2,F1,0.338299
E2_5,F1_7,E2,F1,0.294263
E2_5,F1_8,E2,F1,0.235924
E2_5,F1_9,E2,F1,0.248353
E2_5,F1_10,E2,F1,0.361050
E2_5,F2_1,E2,F2,0.190759
E2_5,F2_2,E2,F2,0.263924
E2_5,F2_3,E2,F2,0.363106
E2_5,F2_4,E2,F2,0.321689
E2_5,F2_5,E2,F2,0.275896
E2_5,F2_6,E2,F2,0.280603
E2_5,F2_7,E2,F2,0.337821
E2_5,F2_8,E2,F2,0.224294
E2_5,F2_9,E2,F2,0.332475
E2_5,F2_10,E2,F2,0.267057
E2_5,G_1,E2,G,0.211389
E2_5,G_2,E2,G,0.210690
E2_5,G_3,E2,G,0.211243
E2_5,G_4,E2,G,0.208873
E2_5,G_5,E2,G,0.207189
E2_5,G_6,E2,G,0.209828
E2_5,G_7,E2,G,0.212883
E2_5,G_8,E2,G,0.209254
E2_5,G_9,E2,G,0.208326
E2_5,G_10,E2,G,0.208600
E2_6,E2_7,E2,E2,0.377562
E2_6,E2_8,E2,E2,0.357800
E2_6,E2_9,E2,E2,0.454437
E2_6,E2_10,E2,E2,0.531725
E2_6,F1_1,E2,F1,0.390805
E2_6,F1_2,E2,F1,0.390919
E2_6,F1_3,E2,F1,0.281634
E2_6,F1_4,E2,F1,0.179086
E2_6,F1_5,E2,F1,0.435591
E2_6,F1_6,E2,F1,0.411115
E2_6,F1_7,E2,F1,0.372839
E2_6,F1_8,E2,F1,0.410599
E2_6,F1_9,E2,F1,0.331075
E2_6,F1_10,E2,F1,0.428680
E2_6,F2_1,E2,F2,0.357086
E2_6,F2_2,E2,F2,0.345687
E2_6,F2_3,E2,F2,0.432682
E2_6,F2_4,E2,F2,0.391142
E2_6,F2_5,E2,F2,0.337291
E2_6,F2_6,E2,F2,0.319104
E2_6,F2_7,E2,F2,0.410445
E2_6,F2_8,E2,F2,0.300509
E2_6,F2_9,E2,F2,0.404876
E2_6,F2_10,E2,F2,0.346818
E2_6,G_1,E2,G,0.296656
E2_6,G_2,E2,G,0.293672
E2_6,G_3,E2,G,0.294496
E2_6,G_4,E2,G,0.293157
E2_6,G_5,E2,G,0.290504
E2_6,G_6,E2,G,0.293129
E2_6,G_7,E2,G,0.296248
E2_6,G_8,E2,G,0.292691
E2_6,G_9,E2,G,0.292409
E2_6,G_10,E2,G,0.292079
E2_7,E2_8,E2,E2,0.276102
E2_7,E2_9,E2,E2,0.321342
E2_7,E2_10,E2,E2,0.472275
E2_7,F1_1,E2,F1,0.318299
E2_7,F1_2,E2,F1,0.219805
E2_7,F1_3,E2,F1,0.178934
E2_7,F1_4,E2,F1,0.315415
E2_7,F1_5,E2,F1,0.359905
E2_7,F1_6,E2,F1,0.336321
E2_7,F1_7,E2,F1,0.295343
E2_7,F1_8,E2,F1,0.278091
E2_7,F1_9,E2,F1,0.250463
E2_7,F1_10,E2,F1,0.357007
E2_7,F2_1,E2,F2,0.278118
E2_7,F2_2,E2,F2,0.264519
E2_7,F2_3,E2,F2,0.359072
E2_7,F2_4,E2,F2,0.316710
E2_7,F2_5,E2,F2,0.350507
E2_7,F2_6,E2,F2,0.148985
E2_7,F2_7,E2,F2,0.336375
E2_7,F2_8,E2,F2,0.299591
E2_7,F2_9,E2,F2,0.328341
E2_7,F2_10,E2,F2,0.264750
E2_7,G_1,E2,G,0.210272
E2_7,G_2,E2,G,0.207723
E2_7,G_3,E2,G,0.209511
E2_7,G_4,E2,G,0.208376
E2_7,G_5,E2,G,0.205766
E2_7,G_6,E2,G,0.207788
E2_7,G_7,E2,G,0.210843
E2_7,G_8,E2,G,0.203803
E2_7,G_9,E2,G,0.206903
E2_7,G_10,E2,G,0.209030
E2_8,E2_9,E2,E2,0.311515
E2_8,E2_10,E2,E2,0.330061
E2_8,F1_1,E2,F1,0.237280
E2_8,F1_2,E2,F1,0.233623
E2_8,F1_3,E2,F1,0.252063
E2_8,F1_4,E2,F1,0.259545
E2_8,F1_5,E2,F1,0.286846
E2_8,F1_6,E2,F1,0.257594
E2_8,F1_7,E2,F1,0.211949
E2_8,F1_8,E2,F1,0.251348
E2_8,F1_9,E2,F1,0.162062
E2_8,F1_10,E2,F1,0.281669
E2_8,F2_1,E2,F2,0.191082
E2_8,F2_2,E2,F2,0.178647
E2_8,F2_3,E2,F2,0.285667
E2_8,F2_4,E2,F2,0.238765
E2_8,F2_5,E2,F2,0.266922
E2_8,F2_6,E2,F2,0.193532
E2_8,F2_7,E2,F2,0.167520
E2_8,F2_8,E2,F2,0.211125
E2_8,F2_9,E2,F2,0.249916
E2_8,F2_10,E2,F2,0.154120
E2_8,G_1,E2,G,0.117583
E2_8,G_2,E2,G,0.116591
E2_8,G_3,E2,G,0.115447
E2_8,G_4,E2,G,0.113533
E2_8,G_5,E2,G,0.113029
E2_8,G_6,E2,G,0.115001
E2_8,G_7,E2,G,0.119341
E2_8,G_8,E2,G,0.113917
E2_8,G_9,E2,G,0.115287
E2_8,G_10,E2,G,0.115266
E2_9,E2_10,E2,E2,0.497250
E2_9,F1_1,E2,F1,0.350468
E2_9,F1_2,E2,F1,0.191082
E2_9,F1_3,E2,F1,0.361212
E2_9,F1_4,E2,F1,0.366892
E2_9,F1_5,E2,F1,0.393316
E2_9,F1_6,E2,F1,0.370922
E2_9,F1_7,E2,F1,0.326784
E2_9,F1_8,E2,F1,0.186518
E2_9,F1_9,E2,F1,0.279582
E2_9,F1_10,E2,F1,0.387543
E2_9,F2_1,E2,F2,0.240644
E2_9,F2_2,E2,F2,0.220072
E2_9,F2_3,E2,F2,0.391762
E2_9,F2_4,E2,F2,0.353668
E2_9,F2_5,E2,F2,0.296084
E2_9,F2_6,E2,F2,0.315013
E2_9,F2_7,E2,F2,0.370725
E2_9,F2_8,E2,F2,0.331674
E2_9,F2_9,E2,F2,0.361497
E2_9,F2_10,E2,F2,0.300688
E2_9,G_1,E2,G,0.247256
E2_9,G_2,E2,G,0.245060
E2_9,G_3,E2,G,0.246793
E2_9,G_4,E2,G,0.244805
E2_9,G_5,E2,G,0.243787
E2_9,G_6,E2,G,0.243919
E2_9,G_7,E2,G,0.247765
E2_9,G_8,E2,G,0.244294
E2_9,G_9,E2,G,0.245184
E2_9,G_10,E2,G,0.246328
E2_10,F1_1,E2,F1,0.343231
E2_10,F1_2,E2,F1,0.441203
E2_10,F1_3,E2,F1,0.454451
E2_10,F1_4,E2,F1,0.457572
E2_10,F1_5,E2,F1,0.293827
E2_10,F1_6,E2,F1,0.458748
E2_10,F1_7,E2,F1,0.424012
E2_10,F1_8,E2,F1,0.456671
E2_10,F1_9,E2,F1,0.326010
E2_10,F1_10,E2,F1,0.364067
E2_10,F2_1,E2,F2,0.408533
E2_10,F2_2,E2,F2,0.396600
E2_10,F2_3,E2,F2,0.477233
E2_10,F2_4,E2,F2,0.412035
E2_10,F2_5,E2,F2,0.467671
E2_10,F2_6,E2,F2,0.409627
E2_10,F2_7,E2,F2,0.305932
E2_10,F2_8,E2,F2,0.425471
E2_10,F2_9,E2,F2,0.400371
E2_10,F2_10,E2,F2,0.321938
E2_10,G_1,E2,G,0.348637
E2_10,G_2,E2,G,0.349722
E2_10,G_3,E2,G,0.351042
E2_10,G_4,E2,G,0.348463
E2_10,G_5,E2,G,0.349411
E2_10,G_6,E2,G,0.349714
E2_10,G_7,E2,G,0.353184
E2_10,G_8,E2,G,0.347258
E2_10,G_9,E2,G,0.350676
E2_10,G_10,E2,G,0.349307
F1_1,F1_2,F1,F1,0.275415
F1_1,F1_3,F1,F1,0.294678
F1_1,F1_4,F1,F1,0.300915
F1_1,F1_5,F1,F1,0.277012
F1_1,F1_6,F1,F1,0.297705
F1_1,F1_7,F1,F1,0.255040
F1_1,F1_8,F1,F1,0.299312
F1_1,F1_9,F1,F1,0.208218
F1_1,F1_10,F1,F1,0.318263
F1_1,F2_1,F1,F2,0.237570
F1_1,F2_2,F1,F2,0.224539
F1_1,F2_3,F1,F2,0.323700
F1_1,F2_4,F1,F2,0.159965
F1_1,F2_5,F1,F2,0.310692
F1_1,F2_6,F1,F2,0.240176
F1_1,F2_7,F1,F2,0.301096
F1_1,F2_8,F1,F2,0.261255
F1_1,F2_9,F1,F2,0.285903
F1_1,F2_10,F1,F2,0.224409
F1_1,G_1,F1,G,0.163067
F1_1,G_2,F1,G,0.162717
F1_1,G_3,F1,G,0.164250
F1_1,G_4,F1,G,0.163395
F1_1,G_5,F1,G,0.160645
F1_1,G_6,F1,G,0.163456
F1_1,G_7,F1,G,0.166637
F1_1,G_8,F1,G,0.162153
F1_1,G_9,F1,G,0.164103
F1_1,G_10,F1,G,0.163749
F1_2,F1_3,F1,F1,0.289061
F1_2,F1_4,F1,F1,0.294794
F1_2,F1_5,F1,F1,0.325420
F1_2,F1_6,F1,F1,0.296041
F1_2,F1_7,F1,F1,0.249705
F1_2,F1_8,F1,F1,0.136748
F1_2,F1_9,F1,F1,0.204711
F1_2,F1_10,F1,F1,0.319118
F1_2,F2_1,F1,F2,0.191738
F1_2,F2_2,F1,F2,0.214998
F1_2,F2_3,F1,F2,0.321301
F1_2,F2_4,F1,F2,0.278294
F1_2,F2_5,F1,F2,0.307968
F1_2,F2_6,F1,F2,0.236534
F1_2,F2_7,F1,F2,0.297768
F1_2,F2_8,F1,F2,0.254793
F1_2,F2_9,F1,F2,0.287886
F1_2,F2_10,F1,F2,0.219759
F1_2,G_1,F1,G,0.159652
F1_2,G_2,F1,G,0.158651
F1_2,G_3,F1,G,0.159865
F1_2,G_4,F1,G,0.158026
F1_2,G_5,F1,G,0.156567
F1_2,G_6,F1,G,0.156455
F1_2,G_7,F1,G,0.160638
F1_2,G_8,F1,G,0.156444
F1_2,G_9,F1,G,0.158082
F1_2,G_10,F1,G,0.158708
F1_3,F1_4,F1,F1,0.209519
F1_3,F1_5,F1,F1,0.338834
F1_3,F1_6,F1,F1,0.312947
F1_3,F1_7,F1,F1,0.269269
F1_3,F1_8,F1,F1,0.310963
F1_3,F1_9,F1,F1,0.223783
F1_3,F1_10,F1,F1,0.334244
F1_3,F2_1,F1,F2,0.251475
F1_3,F2_2,F1,F2,0.237432
F1_3,F2_3,F1,F2,0.337981
F1_3,F2_4,F1,F2,0.293866
F1_3,F2_5,F1,F2,0.325701
F1_3,F2_6,F1,F2,0.115489
F1_3,F2_7,F1,F2,0.314917
F1_3,F2_8,F1,F2,0.272803
F1_3,F2_9,F1,F2,0.305805
F1_3,F2_10,F1,F2,0.238524
F1_3,G_1,F1,G,0.180653
F1_3,G_2,F1,G,0.177731
F1_3,G_3,F1,G,0.179568
F1_3,G_4,F1,G,0.177762
F1_3,G_5,F1,G,0.175374
F1_3,G_6,F1,G,0.178133
F1_3,G_7,F1,G,0.181914
F1_3,G_8,F1,G,0.175260
F1_3,G_9,F1,G,0.178145
F1_3,G_10,F1,G,0.178753
F1_4,F1_5,F1,F1,0.346289
F1_4,F1_6,F1,F1,0.319851
F1_4,F1_7,F1,F1,0.276303
F1_4,F1_8,F1,F1,0.315431
F1_4,F1_9,F1,F1,0.229142
F1_4,F1_10,F1,F1,0.339891
F1_4,F2_1,F1,F2,0.257507
F1_4,F2_2,F1,F2,0.245060
F1_4,F2_3,F1,F2,0.344652
F1_4,F2_4,F1,F2,0.302059
F1_4,F2_5,F1,F2,0.330604
F1_4,F2_6,F1,F2,0.251851
F1_4,F2_7,F1,F2,0.322346
F1_4,F2_8,F1,F2,0.278946
F1_4,F2_9,F1,F2,0.313059
F1_4,F2_10,F1,F2,0.247931
F1_4,G_1,F1,G,0.188864
F1_4,G_2,F1,G,0.185961
F1_4,G_3,F1,G,0.186518
F1_4,G_4,F1,G,0.185043
F1_4,G_5,F1,G,0.182359
F1_4,G_6,F1,G,0.186038
F1_4,G_7,F1,G,0.190103
F1_4,G_8,F1,G,0.184790
F1_4,G_9,F1,G,0.185742
F1_4,G_10,F1,G,0.185392
F1_5,F1_6,F1,F1,0.310637
F1_5,F1_7,F1,F1,0.304511
F1_5,F1_8,F1,F1,0.346411
F1_5,F1_9,F1,F1,0.191415
F1_5,F1_10,F1,F1,0.148446
F1_5,F2_1,F1,F2,0.287436
F1_5,F2_2,F1,F2,0.275100
F1_5,F2_3,F1,F2,0.288779
F1_5,F2_4,F1,F2,0.330813
F1_5,F2_5,F1,F2,0.356860
F1_5,F2_6,F1,F2,0.288471
F1_5,F2_7,F1,F2,0.349411
F1_5,F2_8,F1,F2,0.308445
F1_5,F2_9,F1,F2,0.193408
F1_5,F2_10,F1,F2,0.275345
F1_5,G_1,F1,G,0.219893
F1_5,G_2,F1,G,0.218884
F1_5,G_3,F1,G,0.220048
F1_5,G_4,F1,G,0.217391
F1_5,G_5,F1,G,0.217563
F1_5,G_6,F1,G,0.218637
F1_5,G_7,F1,G,0.222888
F1_5,G_8,F1,G,0.216853
F1_5,G_9,F1,G,0.219914
F1_5,G_10,F1,G,0.219265
F1_6,F1_7,F1,F1,0.276126
F1_6,F1_8,F1,F1,0.317489
F1_6,F1_9,F1,F1,0.228601
F1_6,F1_10,F1,F1,0.228903
F1_6,F2_1,F1,F2,0.257013
F1_6,F2_2,F1,F2,0.243358
F1_6,F2_3,F1,F2,0.092848
F1_6,F2_4,F1,F2,0.300802
F1_6,F2_5,F1,F2,0.329688
F1_6,F2_6,F1,F2,0.258681
F1_6,F2_7,F1,F2,0.318690
F1_6,F2_8,F1,F2,0.279914
F1_6,F2_9,F1,F2,0.191623
F1_6,F2_10,F1,F2,0.244749
F1_6,G_1,F1,G,0.186986
F1_6,G_2,F1,G,0.186932
F1_6,G_3,F1,G,0.186538
F1_6,G_4,F1,G,0.183155
F1_6,G_5,F1,G,0.183012
F1_6,G_6,F1,G,0.186059
F1_6,G_7,F1,G,0.189496
F1_6,G_8,F1,G,0.185762
F1_6,G_9,F1,G,0.186396
F1_6,G_10,F1,G,0.186047
F1_7,F1_8,F1,F1,0.274904
F1_7,F1_9,F1,F1,0.184524
F1_7,F1_10,F1,F1,0.298605
F1_7,F2_1,F1,F2,0.210381
F1_7,F2_2,F1,F2,0.199133
F1_7,F2_3,F1,F2,0.300295
F1_7,F2_4,F1,F2,0.259433
F1_7,F2_5,F1,F2,0.288633
F1_7,F2_6,F1,F2,0.214924
F1_7,F2_7,F1,F2,0.277030
F1_7,F2_8,F1,F2,0.235124
F1_7,F2_9,F1,F2,0.268338
F1_7,F2_10,F1,F2,0.197705
F1_7,G_1,F1,G,0.138111
F1_7,G_2,F1,G,0.138117
F1_7,G_3,F1,G,0.136674
F1_7,G_4,F1,G,0.136135
F1_7,G_5,F1,G,0.134304
F1_7,G_6,F1,G,0.136551
F1_7,G_7,F1,G,0.138141
F1_7,G_8,F1,G,0.136184
F1_7,G_9,F1,G,0.135514
F1_7,G_10,F1,G,0.136494
F1_8,F1_9,F1,F1,0.224563
F1_8,F1_10,F1,F1,0.339208
F1_8,F2_1,F1,F2,0.129306
F1_8,F2_2,F1,F2,0.238499
F1_8,F2_3,F1,F2,0.342126
F1_8,F2_4,F1,F2,0.302128
F1_8,F2_5,F1,F2,0.328289
F1_8,F2_6,F1,F2,0.260935
F1_8,F2_7,F1,F2,0.318086
F1_8,F2_8,F1,F2,0.278414
F1_8,F2_9,F1,F2,0.309011
F1_8,F2_10,F1,F2,0.244960
F1_8,G_1,F1,G,0.186242
F1_8,G_2,F1,G,0.184920
F1_8,G_3,F1,G,0.186112
F1_8,G_4,F1,G,0.184634
F1_8,G_5,F1,G,0.182264
F1_8,G_6,F1,G,0.183091
F1_8,G_7,F1,G,0.186538
F1_8,G_8,F1,G,0.183427
F1_8,G_9,F1,G,0.183427
F1_8,G_10,F1,G,0.184349
F1_9,F1_10,F1,F1,0.183380
F1_9,F2_1,F1,F2,0.157754
F1_9,F2_2,F1,F2,0.146176
F1_9,F2_3,F1,F2,0.256182
F1_9,F2_4,F1,F2,0.211897
F1_9,F2_5,F1,F2,0.242168
F1_9,F2_6,F1,F2,0.164219
F1_9,F2_7,F1,F2,0.231662
F1_9,F2_8,F1,F2,0.187806
F1_9,F2_9,F1,F2,0.186975
F1_9,F2_10,F1,F2,0.148883
F1_9,G_1,F1,G,0.082732
F1_9,G_2,F1,G,0.081746
F1_9,G_3,F1,G,0.083025
F1_9,G_4,F1,G,0.080696
F1_9,G_5,F1,G,0.078747
F1_9,G_6,F1,G,0.080821
F1_9,G_7,F1,G,0.084949
F1_9,G_8,F1,G,0.080370
F1_9,G_9,F1,G,0.081081
F1_9,G_10,F1,G,0.081776
F1_10,F2_1,F1,F2,0.280550
F1_10,F2_2,F1,F2,0.266667
F1_10,F2_3,F1,F2,0.205159
F1_10,F2_4,F1,F2,0.324014
F1_10,F2_5,F1,F2,0.350548
F1_10,F2_6,F1,F2,0.283871
F1_10,F2_7,F1,F2,0.339846
F1_10,F2_8,F1,F2,0.301735
F1_10,F2_9,F1,F2,0.098072
F1_10,F2_10,F1,F2,0.266030
F1_10,G_1,F1,G,0.211190
F1_10,G_2,F1,G,0.211724
F1_10,G_3,F1,G,0.212586
F1_10,G_4,F1,G,0.209909
F1_10,G_5,F1,G,0.209154
F1_10,G_6,F1,G,0.211170
F1_10,G_7,F1,G,0.215453
F1_10,G_8,F1,G,0.210599
F1_10,G_9,F1,G,0.211834
F1_10,G_10,F1,G,0.210563
F2_1,F2_2,F2,F2,0.177957
F2_1,F2_3,F2,F2,0.285124
F2_1,F2_4,F2,F2,0.240847
F2_1,F2_5,F2,F2,0.270972
F2_1,F2_6,F2,F2,0.196003
F2_1,F2_7,F2,F2,0.260272
F2_1,F2_8,F2,F2,0.217854
F2_1,F2_9,F2,F2,0.249324
F2_1,F2_10,F2,F2,0.180621
F2_1,G_1,F2,G,0.116118
F2_1,G_2,F2,G,0.116152
F2_1,G_3,F2,G,0.116718
F2_1,G_4,F2,G,0.114462
F2_1,G_5,F2,G,0.111900
F2_1,G_6,F2,G,0.114903
F2_1,G_7,F2,G,0.116857
F2_1,G_8,F2,G,0.113818
F2_1,G_9,F2,G,0.113475
F2_1,G_10,F2,G,0.114140
F2_2,F2_3,F2,F2,0.270743
F2_2,F2_4,F2,F2,0.225735
F2_2,F2_5,F2,F2,0.162984
F2_2,F2_6,F2,F2,0.181723
F2_2,F2_7,F2,F2,0.247847
F2_2,F2_8,F2,F2,0.202043
F2_2,F2_9,F2,F2,0.237035
F2_2,F2_10,F2,F2,0.165753
F2_2,G_1,F2,G,0.101245
F2_2,G_2,F2,G,0.099561
F2_2,G_3,F2,G,0.101171
F2_2,G_4,F2,G,0.098186
F2_2,G_5,F2,G,0.096277
F2_2,G_6,F2,G,0.097949
F2_2,G_7,F2,G,0.103051
F2_2,G_8,F2,G,0.097874
F2_2,G_9,F2,G,0.099267
F2_2,G_10,F2,G,0.098553
F2_3,F2_4,F2,F2,0.327800
F2_3,F2_5,F2,F2,0.352895
F2_3,F2_6,F2,F2,0.287294
F2_3,F2_7,F2,F2,0.345933
F2_3,F2_8,F2,F2,0.305079
F2_3,F2_9,F2,F2,0.166844
F2_3,F2_10,F2,F2,0.273000
F2_3,G_1,F2,G,0.217100
F2_3,G_2,F2,G,0.216704
F2_3,G_3,F2,G,0.216950
F2_3,G_4,F2,G,0.213978
F2_3,G_5,F2,G,0.213843
F2_3,G_6,F2,G,0.216458
F2_3,G_7,F2,G,0.219801
F2_3,G_8,F2,G,0.216202
F2_3,G_9,F2,G,0.215588
F2_3,G_10,F2,G,0.215858
F2_4,F2_5,F2,F2,0.313200
F2_4,F2_6,F2,F2,0.240468
F2_4,F2_7,F2,F2,0.302797
F2_4,F2_8,F2,F2,0.262136
F2_4,F2_9,F2,F2,0.291577
F2_4,F2_10,F2,F2,0.228640
F2_4,G_1,F2,G,0.165280
F2_4,G_2,F2,G,0.166873
F2_4,G_3,F2,G,0.166461
F2_4,G_4,F2,G,0.166254
F2_4,G_5,F2,G,0.162535
F2_4,G_6,F2,G,0.166314
F2_4,G_7,F2,G,0.169811
F2_4,G_8,F2,G,0.165989
F2_4,G_9,F2,G,0.166313
F2_4,G_10,F2,G,0.167255
F2_5,F2_6,F2,F2,0.272606
F2_5,F2_7,F2,F2,0.333226
F2_5,F2_8,F2,F2,0.128759
F2_5,F2_9,F2,F2,0.322716
F2_5,F2_10,F2,F2,0.257767
F2_5,G_1,F2,G,0.202183
F2_5,G_2,F2,G,0.200554
F2_5,G_3,F2,G,0.201420
F2_5,G_4,F2,G,0.199029
F2_5,G_5,F2,G,0.197327
F2_5,G_6,F2,G,0.199064
F2_5,G_7,F2,G,0.203390
F2_5,G_8,F2,G,0.199098
F2_5,G_9,F2,G,0.200347
F2_5,G_10,F2,G,0.200935
F2_6,F2_7,F2,F2,0.261059
F2_6,F2_8,F2,F2,0.218391
F2_6,F2_9,F2,F2,0.252192
F2_6,F2_10,F2,F2,0.179280
F2_6,G_1,F2,G,0.119151
F2_6,G_2,F2,G,0.117135
F2_6,G_3,F2,G,0.117700
F2_6,G_4,F2,G,0.116815
F2_6,G_5,F2,G,0.113574
F2_6,G_6,F2,G,0.116570
F2_6,G_7,F2,G,0.119884
F2_6,G_8,F2,G,0.113434
F2_6,G_9,F2,G,0.116515
F2_6,G_10,F2,G,0.117178
F2_7,F2_8,F2,F2,0.279675
F2_7,F2_9,F2,F2,0.310227
F2_7,F2_10,F2,F2,0.156734
F2_7,G_1,F2,G,0.190185
F2_7,G_2,F2,G,0.188864
F2_7,G_3,F2,G,0.190684
F2_7,G_4,F2,G,0.186364
F2_7,G_5,F2,G,0.186855
F2_7,G_6,F2,G,0.188307
F2_7,G_7,F2,G,0.191423
F2_7,G_8,F2,G,0.186746
F2_7,G_9,F2,G,0.185159
F2_7,G_10,F2,G,0.187664
F2_8,F2_9,F2,F2,0.271879
F2_8,F2_10,F2,F2,0.202497
F2_8,G_1,F2,G,0.143241
F2_8,G_2,F2,G,0.142244
F2_8,G_3,F2,G,0.141808
F2_8,G_4,F2,G,0.139939
F2_8,G_5,F2,G,0.138784
F2_8,G_6,F2,G,0.141016
F2_8,G_7,F2,G,0.143266
F2_8,G_8,F2,G,0.140323
F2_8,G_9,F2,G,0.140989
F2_8,G_10,F2,G,0.140964
F2_9,F2_10,F2,F2,0.236026
F2_9,G_1,F2,G,0.176326
F2_9,G_2,F2,G,0.178207
F2_9,G_3,F2,G,0.178446
F2_9,G_4,F2,G,0.175994
F2_9,G_5,F2,G,0.174242
F2_9,G_6,F2,G,0.177008
F2_9,G_7,F2,G,0.181116
F2_9,G_8,F2,G,0.176377
F2_9,G_9,F2,G,0.177019
F2_9,G_10,F2,G,0.176988
F2_10,G_1,F2,G,0.101577
F2_10,G_2,F2,G,0.102325
F2_10,G_3,F2,G,0.102545
F2_10,G_4,F2,G,0.099211
F2_10,G_5,F2,G,0.098697
F2_10,G_6,F2,G,0.100366
F2_10,G_7,F2,G,0.104079
F2_10,G_8,F2,G,0.100293
F2_10,G_9,F2,G,0.100990
F2_10,G_10,F2,G,0.101319
G_1,G_2,G,G,0.032074
G_1,G_3,G,G,0.032650
G_1,G_4,G,G,0.029837
G_1,G_5,G,G,0.027402
G_1,G_6,G,G,0.030752
G_1,G_7,G,G,0.035064
G_1,G_8,G,G,0.029848
G_1,G_9,G,G,0.030597
G_1,G_10,G,G,0.030591
G_2,G_3,G,G,0.031303
G_2,G_4,G,G,0.028864
G_2,G_5,G,G,0.026806
G_2,G_6,G,G,0.028658
G_2,G_7,G,G,0.033719
G_2,G_8,G,G,0.028501
G_2,G_9,G,G,0.028875
G_2,G_10,G,G,0.029992
G_3,G_4,G,G,0.029440
G_3,G_5,G,G,0.027006
G_3,G_6,G,G,0.029981
G_3,G_7,G,G,0.034293
G_3,G_8,G,G,0.029076
G_3,G_9,G,G,0.029825
G_3,G_10,G,G,0.030194
G_4,G_5,G,G,0.024933
G_4,G_6,G,G,0.027540
G_4,G_7,G,G,0.031860
G_4,G_8,G,G,0.026631
G_4,G_9,G,G,0.027006
G_4,G_10,G,G,0.027751
G_5,G_6,G,G,0.025480
G_5,G_7,G,G,0.029434
G_5,G_8,G,G,0.024567
G_5,G_9,G,G,0.024943
G_5,G_10,G,G,0.026065
G_6,G_7,G,G,0.032399
G_6,G_8,G,G,0.027176
G_6,G_9,G,G,0.027926
G_6,G_10,G,G,0.028669
G_7,G_8,G,G,0.031499
G_7,G_9,G,G,0.032246
G_7,G_10,G,G,0.032986
G_8,G_9,G,G,0.026266
G_8,G_10,G,G,0.027762
G_9,G_10,G,G,0.028512
