pop_ani,syn2b_synteny,same_patient,mu_i,mu_j
0.448983,0.996196,True,0.000019,0.000019
0.438172,0.979771,True,0.000019,0.000014
0.448988,1.000000,True,0.000019,0.000016
0.448984,1.000000,True,0.000019,0.000018
0.448987,1.000000,True,0.000019,0.000015
0.446800,0.992422,True,0.000019,0.000010
0.440994,0.973797,True,0.000019,0.000011
0.448985,0.993351,True,0.000019,0.000020
0.448982,1.000000,True,0.000019,0.000019
0.448834,0.964675,True,0.000019,0.000010
0.448696,0.977302,True,0.000019,0.000019
0.448985,1.000000,True,0.000019,0.000016
0.448913,0.983042,False,0.000019,0.000024
0.448981,0.992412,False,0.000019,0.000041
0.444874,0.987628,False,0.000019,0.000032
0.447964,0.996196,False,0.000019,0.000029
0.449047,0.987646,False,0.000019,0.000032
0.448789,0.990354,False,0.000019,0.000014
0.448819,0.981183,False,0.000019,0.000014
0.332617,0.962037,False,0.000019,0.000019
0.448985,1.000000,False,0.000019,0.000034
0.448957,0.992000,False,0.000019,0.000019
0.448986,1.000000,False,0.000019,0.000020
0.440935,0.989950,False,0.000019,0.000022
0.447443,0.978447,False,0.000019,0.000023
0.446170,0.997143,False,0.000019,0.000020
0.444062,0.964628,False,0.000019,0.000016
0.448986,1.000000,False,0.000019,0.000011
0.449517,0.997143,False,0.000019,0.000021
0.448981,1.000000,False,0.000019,0.000021
0.448986,1.000000,False,0.000019,0.000021
0.448984,0.997147,False,0.000019,0.000024
0.448994,0.993360,False,0.000019,0.000024
0.448981,1.000000,False,0.000019,0.000020
0.448782,0.987377,False,0.000019,0.000020
0.447361,0.997147,False,0.000019,0.000010
0.448985,1.000000,False,0.000019,0.000018
0.448991,0.997143,False,0.000019,0.000022
0.445805,0.947014,False,0.000019,0.000095
0.287664,0.967193,False,0.000019,0.000023
0.434083,0.962996,False,0.000019,0.000086
0.448234,0.960638,False,0.000019,0.000073
0.297273,0.975700,False,0.000019,0.000092
0.448959,0.991328,False,0.000019,0.000098
0.448980,1.000000,False,0.000019,0.000037
0.393220,0.993360,False,0.000019,0.000091
0.435148,0.966433,False,0.000019,0.000010
0.446989,0.982051,False,0.000019,0.000119
0.347663,0.969814,False,0.000019,0.000109
0.448893,0.970133,False,0.000019,0.000060
0.279904,0.975733,False,0.000019,0.000117
0.439298,0.977841,False,0.000019,0.000116
0.422251,0.990515,False,0.000019,0.000028
0.278837,0.969241,False,0.000019,0.000182
0.448956,0.988649,False,0.000019,0.000095
0.446985,0.917819,False,0.000019,0.000248
0.341414,0.932359,False,0.000019,0.000140
0.444662,0.943442,False,0.000019,0.000171
0.447586,0.977480,False,0.000019,0.000215
0.441828,0.975701,False,0.000019,0.000169
0.448827,0.984926,False,0.000019,0.000242
0.433294,0.958353,False,0.000019,0.000143
0.438530,0.969844,False,0.000019,0.000134
0.441936,0.961313,False,0.000019,0.000191
0.447545,0.981132,False,0.000019,0.000082
0.448059,0.969241,False,0.000019,0.000203
0.448750,0.985572,False,0.000019,0.000137
0.424751,0.889526,False,0.000019,0.000184
0.446068,0.950734,False,0.000019,0.000074
0.446751,0.975220,False,0.000019,0.000169
0.447163,0.979357,False,0.000019,0.000182
0.277211,0.924324,False,0.000019,0.000223
0.311066,0.961936,False,0.000019,0.000203
0.446828,0.962346,False,0.000019,0.000209
0.447876,0.970473,False,0.000019,0.000200
0.402039,0.977480,False,0.000019,0.000241
0.978552,0.976041,True,0.000019,0.000014
0.999966,0.996196,True,0.000019,0.000016
0.999969,0.996196,True,0.000019,0.000018
0.999968,0.996196,True,0.000019,0.000015
0.663184,0.988664,True,0.000019,0.000010
0.991978,0.970133,True,0.000019,0.000011
0.999958,0.989581,True,0.000019,0.000020
0.999968,0.996196,True,0.000019,0.000019
0.981353,0.961060,True,0.000019,0.000010
0.959227,0.975723,True,0.000019,0.000019
0.999963,0.996196,True,0.000019,0.000016
0.994950,0.979329,False,0.000019,0.000024
0.999942,0.988649,False,0.000019,0.000041
0.991876,0.983862,False,0.000019,0.000032
0.812482,0.992412,False,0.000019,0.000029
0.991529,0.983905,False,0.000019,0.000032
0.973795,0.986586,False,0.000019,0.000014
0.988509,0.977480,False,0.000019,0.000014
0.328655,0.958443,False,0.000019,0.000019
0.999957,0.996196,False,0.000019,0.000034
0.985038,0.988236,False,0.000019,0.000019
0.999959,0.996196,False,0.000019,0.000020
0.984036,0.986180,False,0.000019,0.000022
0.739940,0.974766,False,0.000019,0.000023
0.461665,0.993351,False,0.000019,0.000020
0.979480,0.961008,False,0.000019,0.000016
0.999975,0.996196,False,0.000019,0.000011
0.998976,0.993351,False,0.000019,0.000021
0.999960,0.996196,False,0.000019,0.000021
0.999964,0.996196,False,0.000019,0.000021
0.999965,0.993360,False,0.000019,0.000024
0.999955,0.989595,False,0.000019,0.000024
0.999961,0.996196,False,0.000019,0.000020
0.977739,0.983600,False,0.000019,0.000020
0.723406,0.993360,False,0.000019,0.000010
0.999966,0.996196,False,0.000019,0.000018
0.999959,0.993351,False,0.000019,0.000022
0.479982,0.943437,False,0.000019,0.000095
0.287116,0.963560,False,0.000019,0.000023
0.714345,0.959381,False,0.000019,0.000086
0.919872,0.956998,False,0.000019,0.000073
0.298392,0.972002,False,0.000019,0.000092
0.979226,0.987561,False,0.000019,0.000098
0.999948,0.996196,False,0.000019,0.000037
0.393662,0.989595,False,0.000019,0.000091
0.643306,0.962759,False,0.000019,0.000010
0.647130,0.978331,False,0.000019,0.000119
0.349111,0.966164,False,0.000019,0.000109
0.991950,0.966489,False,0.000019,0.000060
0.279612,0.972074,False,0.000019,0.000117
0.980814,0.974108,False,0.000019,0.000116
0.422822,0.986757,False,0.000019,0.000028
0.280083,0.965604,False,0.000019,0.000182
0.999890,0.984906,False,0.000019,0.000095
0.526900,0.914437,False,0.000019,0.000248
0.340992,0.928931,False,0.000019,0.000140
0.822147,0.939917,False,0.000019,0.000171
0.693519,0.973797,False,0.000019,0.000215
0.441451,0.972037,False,0.000019,0.000169
0.979833,0.981208,False,0.000019,0.000242
0.435227,0.954737,False,0.000019,0.000143
0.979188,0.967993,False,0.000019,0.000134
0.496025,0.957694,False,0.000019,0.000191
0.683014,0.977419,False,0.000019,0.000082
0.773559,0.965604,False,0.000019,0.000203
0.968105,0.981846,False,0.000019,0.000137
0.424360,0.886289,False,0.000019,0.000184
0.492826,0.947148,False,0.000019,0.000074
0.509614,0.971520,False,0.000019,0.000169
0.779162,0.975668,False,0.000019,0.000182
0.277413,0.920924,False,0.000019,0.000223
0.311274,0.958333,False,0.000019,0.000203
0.538219,0.958691,False,0.000019,0.000209
0.840342,0.966834,False,0.000019,0.000200
0.401763,0.973797,False,0.000019,0.000241
0.978553,0.979771,True,0.000014,0.000016
0.978556,0.979771,True,0.000014,0.000018
0.978555,0.979771,True,0.000014,0.000015
0.652367,0.972352,True,0.000014,0.000010
0.970565,0.954110,True,0.000014,0.000011
0.978544,0.973218,True,0.000014,0.000020
0.978554,0.979771,True,0.000014,0.000019
0.959942,0.944673,True,0.000014,0.000010
0.937814,0.957706,True,0.000014,0.000019
0.978549,0.979771,True,0.000014,0.000016
0.973539,0.963156,False,0.000014,0.000024
0.978529,0.972277,False,0.000014,0.000041
0.970463,0.967720,False,0.000014,0.000032
0.791020,0.976041,False,0.000014,0.000029
0.970116,0.967614,False,0.000014,0.000032
0.952382,0.970257,False,0.000014,0.000014
0.967096,0.961341,False,0.000014,0.000014
0.328764,0.942152,False,0.000014,0.000019
0.978543,0.979771,False,0.000014,0.000034
0.963623,0.971908,False,0.000014,0.000019
0.978546,0.979771,False,0.000014,0.000020
0.962622,0.970102,False,0.000014,0.000022
0.718520,0.958454,False,0.000014,0.000023
0.450808,0.976963,False,0.000014,0.000020
0.958067,0.945112,False,0.000014,0.000016
0.978562,0.979771,False,0.000014,0.000011
0.977510,0.976936,False,0.000014,0.000021
0.978547,0.979771,False,0.000014,0.000021
0.978550,0.979771,False,0.000014,0.000021
0.978552,0.976978,False,0.000014,0.000024
0.978543,0.973265,False,0.000014,0.000024
0.978548,0.979771,False,0.000014,0.000020
0.956326,0.967493,False,0.000014,0.000020
0.701991,0.976978,False,0.000014,0.000010
0.978553,0.979771,False,0.000014,0.000018
0.978546,0.976936,False,0.000014,0.000022
0.469265,0.927943,False,0.000014,0.000095
0.287016,0.947571,False,0.000014,0.000023
0.692889,0.943116,False,0.000014,0.000086
0.898457,0.940955,False,0.000014,0.000073
0.298302,0.956050,False,0.000014,0.000092
0.957817,0.971233,False,0.000014,0.000098
0.978535,0.979771,False,0.000014,0.000037
0.383033,0.973265,False,0.000014,0.000091
0.632506,0.947249,False,0.000014,0.000010
0.636328,0.961979,False,0.000014,0.000119
0.348921,0.950027,False,0.000014,0.000109
0.970539,0.950174,False,0.000014,0.000060
0.279591,0.956293,False,0.000014,0.000117
0.959404,0.957840,False,0.000014,0.000116
0.412091,0.970403,False,0.000014,0.000028
0.280093,0.949310,False,0.000014,0.000182
0.978481,0.968559,False,0.000014,0.000095
0.516067,0.898736,False,0.000014,0.000248
0.341115,0.913207,False,0.000014,0.000140
0.800708,0.923919,False,0.000014,0.000171
0.672066,0.957601,False,0.000014,0.000215
0.430586,0.955831,False,0.000014,0.000169
0.958424,0.964942,False,0.000014,0.000242
0.424509,0.938963,False,0.000014,0.000143
0.957778,0.950406,False,0.000014,0.000134
0.485376,0.941665,False,0.000014,0.000191
0.668895,0.962094,False,0.000014,0.000082
0.752111,0.949500,False,0.000014,0.000203
0.946694,0.965585,False,0.000014,0.000137
0.413621,0.870389,False,0.000014,0.000184
0.482140,0.931446,False,0.000014,0.000074
0.498853,0.955303,False,0.000014,0.000169
0.757747,0.959482,False,0.000014,0.000182
0.277473,0.905225,False,0.000014,0.000223
0.311234,0.942078,False,0.000014,0.000203
0.527504,0.942578,False,0.000014,0.000209
0.818933,0.952483,False,0.000014,0.000200
0.390974,0.957947,False,0.000014,0.000241
0.999970,1.000000,True,0.000016,0.000018
0.999969,1.000000,True,0.000016,0.000015
0.663187,0.992422,True,0.000016,0.000010
0.991980,0.973797,True,0.000016,0.000011
0.999959,0.993351,True,0.000016,0.000020
0.999969,1.000000,True,0.000016,0.000019
0.981355,0.964675,True,0.000016,0.000010
0.959228,0.977302,True,0.000016,0.000019
0.999964,1.000000,True,0.000016,0.000016
0.994951,0.983042,False,0.000016,0.000024
0.999943,0.992412,False,0.000016,0.000041
0.991877,0.987628,False,0.000016,0.000032
0.812482,0.996196,False,0.000016,0.000029
0.991530,0.987646,False,0.000016,0.000032
0.973796,0.990354,False,0.000016,0.000014
0.988510,0.981183,False,0.000016,0.000014
0.328654,0.962037,False,0.000016,0.000019
0.999958,1.000000,False,0.000016,0.000034
0.985038,0.992000,False,0.000016,0.000019
0.999960,1.000000,False,0.000016,0.000020
0.984036,0.989950,False,0.000016,0.000022
0.739940,0.978447,False,0.000016,0.000023
0.461669,0.997143,False,0.000016,0.000020
0.979482,0.964628,False,0.000016,0.000016
0.999977,1.000000,False,0.000016,0.000011
0.998977,0.997143,False,0.000016,0.000021
0.999962,1.000000,False,0.000016,0.000021
0.999965,1.000000,False,0.000016,0.000021
0.999966,0.997147,False,0.000016,0.000024
0.999956,0.993360,False,0.000016,0.000024
0.999962,1.000000,False,0.000016,0.000020
0.977740,0.987377,False,0.000016,0.000020
0.723409,0.997147,False,0.000016,0.000010
0.999967,1.000000,False,0.000016,0.000018
0.999960,0.997143,False,0.000016,0.000022
0.479988,0.947014,False,0.000016,0.000095
0.287111,0.967193,False,0.000016,0.000023
0.714343,0.962996,False,0.000016,0.000086
0.919871,0.960638,False,0.000016,0.000073
0.298387,0.975700,False,0.000016,0.000092
0.979227,0.991328,False,0.000016,0.000098
0.999949,1.000000,False,0.000016,0.000037
0.393665,0.993360,False,0.000016,0.000091
0.643305,0.966433,False,0.000016,0.000010
0.647133,0.982051,False,0.000016,0.000119
0.349110,0.969814,False,0.000016,0.000109
0.991951,0.970133,False,0.000016,0.000060
0.279611,0.975733,False,0.000016,0.000117
0.980815,0.977841,False,0.000016,0.000116
0.422827,0.990515,False,0.000016,0.000028
0.280084,0.969241,False,0.000016,0.000182
0.999891,0.988649,False,0.000016,0.000095
0.526900,0.917819,False,0.000016,0.000248
0.340994,0.932359,False,0.000016,0.000140
0.822151,0.943442,False,0.000016,0.000171
0.693521,0.977480,False,0.000016,0.000215
0.441455,0.975701,False,0.000016,0.000169
0.979833,0.984926,False,0.000016,0.000242
0.435230,0.958353,False,0.000016,0.000143
0.979189,0.969844,False,0.000016,0.000134
0.496026,0.961313,False,0.000016,0.000191
0.683017,0.981132,False,0.000016,0.000082
0.773563,0.969241,False,0.000016,0.000203
0.968107,0.985572,False,0.000016,0.000137
0.424372,0.889526,False,0.000016,0.000184
0.492824,0.950734,False,0.000016,0.000074
0.509616,0.975220,False,0.000016,0.000169
0.779162,0.979357,False,0.000016,0.000182
0.277419,0.924324,False,0.000016,0.000223
0.311279,0.961936,False,0.000016,0.000203
0.538225,0.962346,False,0.000016,0.000209
0.840348,0.970473,False,0.000016,0.000200
0.401763,0.977480,False,0.000016,0.000241
0.999971,1.000000,True,0.000018,0.000015
0.663184,0.992422,True,0.000018,0.000010
0.991982,0.973797,True,0.000018,0.000011
0.999962,0.993351,True,0.000018,0.000020
0.999971,1.000000,True,0.000018,0.000019
0.981356,0.964675,True,0.000018,0.000010
0.959229,0.977302,True,0.000018,0.000019
0.999966,1.000000,True,0.000018,0.000016
0.994953,0.983042,False,0.000018,0.000024
0.999945,0.992412,False,0.000018,0.000041
0.991879,0.987628,False,0.000018,0.000032
0.812480,0.996196,False,0.000018,0.000029
0.991533,0.987646,False,0.000018,0.000032
0.973798,0.990354,False,0.000018,0.000014
0.988513,0.981183,False,0.000018,0.000014
0.328654,0.962037,False,0.000018,0.000019
0.999960,1.000000,False,0.000018,0.000034
0.985040,0.992000,False,0.000018,0.000019
0.999963,1.000000,False,0.000018,0.000020
0.984040,0.989950,False,0.000018,0.000022
0.739935,0.978447,False,0.000018,0.000023
0.461665,0.997143,False,0.000018,0.000020
0.979483,0.964628,False,0.000018,0.000016
0.999979,1.000000,False,0.000018,0.000011
0.998979,0.997143,False,0.000018,0.000021
0.999964,1.000000,False,0.000018,0.000021
0.999968,1.000000,False,0.000018,0.000021
0.999969,0.997147,False,0.000018,0.000024
0.999959,0.993360,False,0.000018,0.000024
0.999965,1.000000,False,0.000018,0.000020
0.977743,0.987377,False,0.000018,0.000020
0.723405,0.997147,False,0.000018,0.000010
0.999969,1.000000,False,0.000018,0.000018
0.999963,0.997143,False,0.000018,0.000022
0.479984,0.947014,False,0.000018,0.000095
0.287113,0.967193,False,0.000018,0.000023
0.714345,0.962996,False,0.000018,0.000086
0.919872,0.960638,False,0.000018,0.000073
0.298386,0.975700,False,0.000018,0.000092
0.979230,0.991328,False,0.000018,0.000098
0.999951,1.000000,False,0.000018,0.000037
0.393661,0.993360,False,0.000018,0.000091
0.643308,0.966433,False,0.000018,0.000010
0.647130,0.982051,False,0.000018,0.000119
0.349111,0.969814,False,0.000018,0.000109
0.991954,0.970133,False,0.000018,0.000060
0.279613,0.975733,False,0.000018,0.000117
0.980818,0.977841,False,0.000018,0.000116
0.422825,0.990515,False,0.000018,0.000028
0.280080,0.969241,False,0.000018,0.000182
0.999894,0.988649,False,0.000018,0.000095
0.526900,0.917819,False,0.000018,0.000248
0.340994,0.932359,False,0.000018,0.000140
0.822148,0.943442,False,0.000018,0.000171
0.693519,0.977480,False,0.000018,0.000215
0.441454,0.975701,False,0.000018,0.000169
0.979836,0.984926,False,0.000018,0.000242
0.435224,0.958353,False,0.000018,0.000143
0.979191,0.969844,False,0.000018,0.000134
0.496026,0.961313,False,0.000018,0.000191
0.683014,0.981132,False,0.000018,0.000082
0.773560,0.969241,False,0.000018,0.000203
0.968108,0.985572,False,0.000018,0.000137
0.424367,0.889526,False,0.000018,0.000184
0.492824,0.950734,False,0.000018,0.000074
0.509613,0.975220,False,0.000018,0.000169
0.779161,0.979357,False,0.000018,0.000182
0.277416,0.924324,False,0.000018,0.000223
0.311275,0.961936,False,0.000018,0.000203
0.538222,0.962346,False,0.000018,0.000209
0.840346,0.970473,False,0.000018,0.000200
0.401764,0.977480,False,0.000018,0.000241
0.663185,0.992422,True,0.000015,0.000010
0.991981,0.973797,True,0.000015,0.000011
0.999960,0.993351,True,0.000015,0.000020
0.999970,1.000000,True,0.000015,0.000019
0.981355,0.964675,True,0.000015,0.000010
0.959229,0.977302,True,0.000015,0.000019
0.999965,1.000000,True,0.000015,0.000016
0.994952,0.983042,False,0.000015,0.000024
0.999944,0.992412,False,0.000015,0.000041
0.991878,0.987628,False,0.000015,0.000032
0.812480,0.996196,False,0.000015,0.000029
0.991532,0.987646,False,0.000015,0.000032
0.973796,0.990354,False,0.000015,0.000014
0.988512,0.981183,False,0.000015,0.000014
0.328652,0.962037,False,0.000015,0.000019
0.999959,1.000000,False,0.000015,0.000034
0.985039,0.992000,False,0.000015,0.000019
0.999962,1.000000,False,0.000015,0.000020
0.984038,0.989950,False,0.000015,0.000022
0.739938,0.978447,False,0.000015,0.000023
0.461661,0.997143,False,0.000015,0.000020
0.979483,0.964628,False,0.000015,0.000016
0.999978,1.000000,False,0.000015,0.000011
0.998978,0.997143,False,0.000015,0.000021
0.999963,1.000000,False,0.000015,0.000021
0.999966,1.000000,False,0.000015,0.000021
0.999968,0.997147,False,0.000015,0.000024
0.999957,0.993360,False,0.000015,0.000024
0.999963,1.000000,False,0.000015,0.000020
0.977742,0.987377,False,0.000015,0.000020
0.723405,0.997147,False,0.000015,0.000010
0.999968,1.000000,False,0.000015,0.000018
0.999962,0.997143,False,0.000015,0.000022
0.479987,0.947014,False,0.000015,0.000095
0.287110,0.967193,False,0.000015,0.000023
0.714347,0.962996,False,0.000015,0.000086
0.919873,0.960638,False,0.000015,0.000073
0.298386,0.975700,False,0.000015,0.000092
0.979229,0.991328,False,0.000015,0.000098
0.999950,1.000000,False,0.000015,0.000037
0.393666,0.993360,False,0.000015,0.000091
0.643307,0.966433,False,0.000015,0.000010
0.647131,0.982051,False,0.000015,0.000119
0.349113,0.969814,False,0.000015,0.000109
0.991953,0.970133,False,0.000015,0.000060
0.279613,0.975733,False,0.000015,0.000117
0.980817,0.977841,False,0.000015,0.000116
0.422825,0.990515,False,0.000015,0.000028
0.280080,0.969241,False,0.000015,0.000182
0.999893,0.988649,False,0.000015,0.000095
0.526897,0.917819,False,0.000015,0.000248
0.340994,0.932359,False,0.000015,0.000140
0.822150,0.943442,False,0.000015,0.000171
0.693518,0.977480,False,0.000015,0.000215
0.441454,0.975701,False,0.000015,0.000169
0.979834,0.984926,False,0.000015,0.000242
0.435226,0.958353,False,0.000015,0.000143
0.979191,0.969844,False,0.000015,0.000134
0.496023,0.961313,False,0.000015,0.000191
0.683012,0.981132,False,0.000015,0.000082
0.773558,0.969241,False,0.000015,0.000203
0.968107,0.985572,False,0.000015,0.000137
0.424365,0.889526,False,0.000015,0.000184
0.492819,0.950734,False,0.000015,0.000074
0.509615,0.975220,False,0.000015,0.000169
0.779159,0.979357,False,0.000015,0.000182
0.277416,0.924324,False,0.000015,0.000223
0.311273,0.961936,False,0.000015,0.000203
0.538220,0.962346,False,0.000015,0.000209
0.840344,0.970473,False,0.000015,0.000200
0.401764,0.977480,False,0.000015,0.000241
0.655194,0.966534,True,0.000010,0.000011
0.663181,0.985849,True,0.000010,0.000020
0.663184,0.992422,True,0.000010,0.000019
0.663380,0.957520,True,0.000010,0.000010
0.642753,0.969803,True,0.000010,0.000019
0.663184,0.992422,True,0.000010,0.000016
0.658461,0.977510,False,0.000010,0.000024
0.663167,0.984926,False,0.000010,0.000041
0.659177,0.980139,False,0.000010,0.000032
0.664077,0.988664,False,0.000010,0.000029
0.663220,0.980211,False,0.000010,0.000032
0.663149,0.982863,False,0.000010,0.000014
0.651723,0.973832,False,0.000010,0.000014
0.327747,0.954928,False,0.000010,0.000019
0.663184,0.992422,False,0.000010,0.000034
0.663300,0.984513,False,0.000010,0.000019
0.663174,0.992422,False,0.000010,0.000020
0.647257,0.982476,False,0.000010,0.000022
0.662972,0.971144,False,0.000010,0.000023
0.461985,0.989595,False,0.000010,0.000020
0.642697,0.961060,False,0.000010,0.000016
0.663187,0.992422,False,0.000010,0.000011
0.664160,0.989595,False,0.000010,0.000021
0.663181,0.992422,False,0.000010,0.000021
0.663179,0.992422,False,0.000010,0.000021
0.663185,0.989609,False,0.000010,0.000024
0.663176,0.985868,False,0.000010,0.000024
0.663182,0.992422,False,0.000010,0.000020
0.652055,0.979877,False,0.000010,0.000020
0.663043,0.989609,False,0.000010,0.000010
0.663185,0.992422,False,0.000010,0.000018
0.663182,0.989595,False,0.000010,0.000022
0.479924,0.941732,False,0.000010,0.000095
0.286891,0.960001,False,0.000010,0.000023
0.650254,0.955845,False,0.000010,0.000086
0.662839,0.953446,False,0.000010,0.000073
0.297903,0.968370,False,0.000010,0.000092
0.663179,0.983839,False,0.000010,0.000098
0.663174,0.992422,False,0.000010,0.000037
0.393958,0.985868,False,0.000010,0.000091
0.638696,0.959148,False,0.000010,0.000010
0.647012,0.974665,False,0.000010,0.000119
0.348108,0.962585,False,0.000010,0.000109
0.663103,0.962914,False,0.000010,0.000060
0.279184,0.968477,False,0.000010,0.000117
0.653611,0.970427,False,0.000010,0.000116
0.422602,0.983042,False,0.000010,0.000028
0.278856,0.962037,False,0.000010,0.000182
0.663141,0.981208,False,0.000010,0.000095
0.526063,0.911188,False,0.000010,0.000248
0.341004,0.925572,False,0.000010,0.000140
0.654792,0.936478,False,0.000010,0.000171
0.663727,0.970173,False,0.000010,0.000215
0.441947,0.968435,False,0.000010,0.000169
0.662848,0.977540,False,0.000010,0.000242
0.434893,0.951346,False,0.000010,0.000143
0.642452,0.962578,False,0.000010,0.000134
0.495717,0.954149,False,0.000010,0.000191
0.663600,0.973762,False,0.000010,0.000082
0.663985,0.962037,False,0.000010,0.000203
0.662995,0.978170,False,0.000010,0.000137
0.424620,0.883208,False,0.000010,0.000184
0.492696,0.943663,False,0.000010,0.000074
0.510136,0.967888,False,0.000010,0.000169
0.663172,0.972037,False,0.000010,0.000182
0.277914,0.917647,False,0.000010,0.000223
0.310927,0.954809,False,0.000010,0.000203
0.538363,0.955122,False,0.000010,0.000209
0.662998,0.963264,False,0.000010,0.000200
0.401836,0.970173,False,0.000010,0.000241
0.991971,0.967377,True,0.000011,0.000020
0.991981,0.973797,True,0.000011,0.000019
0.973367,0.939765,True,0.000011,0.000010
0.951240,0.950968,True,0.000011,0.000019
0.991976,0.973797,True,0.000011,0.000016
0.986964,0.957464,False,0.000011,0.000024
0.991955,0.966489,False,0.000011,0.000041
0.987533,0.967222,False,0.000011,0.000032
0.804475,0.970133,False,0.000011,0.000029
0.983544,0.961877,False,0.000011,0.000032
0.965809,0.964357,False,0.000011,0.000014
0.980522,0.955673,False,0.000011,0.000014
0.328604,0.937273,False,0.000011,0.000019
0.991970,0.973797,False,0.000011,0.000034
0.977050,0.966063,False,0.000011,0.000019
0.991972,0.973797,False,0.000011,0.000020
0.976050,0.964192,False,0.000011,0.000022
0.731949,0.953088,False,0.000011,0.000023
0.453662,0.971028,False,0.000011,0.000020
0.971494,0.939687,False,0.000011,0.000016
0.991989,0.973797,False,0.000011,0.000011
0.990969,0.971028,False,0.000011,0.000021
0.991974,0.973797,False,0.000011,0.000021
0.991977,0.973797,False,0.000011,0.000021
0.991978,0.971067,False,0.000011,0.000024
0.991968,0.967420,False,0.000011,0.000024
0.991975,0.973797,False,0.000011,0.000020
0.969754,0.961271,False,0.000011,0.000020
0.715415,0.971067,False,0.000011,0.000010
0.991979,0.973797,False,0.000011,0.000018
0.991972,0.971028,False,0.000011,0.000022
0.471995,0.922217,False,0.000011,0.000095
0.287055,0.942141,False,0.000011,0.000023
0.706339,0.938076,False,0.000011,0.000086
0.911882,0.935450,False,0.000011,0.000073
0.298417,0.950177,False,0.000011,0.000092
0.971241,0.965366,False,0.000011,0.000098
0.991961,0.973797,False,0.000011,0.000037
0.393809,0.967420,False,0.000011,0.000091
0.635313,0.941122,False,0.000011,0.000010
0.639115,0.956424,False,0.000011,0.000119
0.349102,0.946408,False,0.000011,0.000109
0.983963,0.945026,False,0.000011,0.000060
0.279662,0.950524,False,0.000011,0.000117
0.972831,0.952108,False,0.000011,0.000116
0.422834,0.964628,False,0.000011,0.000028
0.280163,0.944183,False,0.000011,0.000182
0.991906,0.962865,False,0.000011,0.000095
0.518901,0.894481,False,0.000011,0.000248
0.341138,0.908498,False,0.000011,0.000140
0.814151,0.919000,False,0.000011,0.000171
0.685515,0.952105,False,0.000011,0.000215
0.433467,0.950459,False,0.000011,0.000169
0.971850,0.959313,False,0.000011,0.000242
0.429551,0.935427,False,0.000011,0.000143
0.971203,0.944725,False,0.000011,0.000134
0.488035,0.936315,False,0.000011,0.000191
0.675008,0.955556,False,0.000011,0.000082
0.765559,0.944183,False,0.000011,0.000203
0.960119,0.959899,False,0.000011,0.000137
0.416380,0.867128,False,0.000011,0.000184
0.484829,0.925915,False,0.000011,0.000074
0.501604,0.949679,False,0.000011,0.000169
0.771171,0.953947,False,0.000011,0.000182
0.277487,0.900885,False,0.000011,0.000223
0.311076,0.937109,False,0.000011,0.000203
0.530209,0.937076,False,0.000011,0.000209
0.832360,0.945388,False,0.000011,0.000200
0.401709,0.955673,False,0.000011,0.000241
0.999960,0.993351,True,0.000020,0.000019
0.981346,0.958333,True,0.000020,0.000010
0.959219,0.970665,True,0.000020,0.000019
0.999956,0.993351,True,0.000020,0.000016
0.994943,0.976542,False,0.000020,0.000024
0.999935,0.985830,False,0.000020,0.000041
0.991869,0.981030,False,0.000020,0.000032
0.812475,0.989581,False,0.000020,0.000029
0.991522,0.981100,False,0.000020,0.000032
0.973787,0.983761,False,0.000020,0.000014
0.988501,0.974699,False,0.000020,0.000014
0.328652,0.955731,False,0.000020,0.000019
0.999950,0.993351,False,0.000020,0.000034
0.985031,0.985449,False,0.000020,0.000019
0.999952,0.993351,False,0.000020,0.000020
0.984029,0.983354,False,0.000020,0.000022
0.739933,0.972000,False,0.000020,0.000023
0.461668,0.990515,False,0.000020,0.000020
0.979473,0.958278,False,0.000020,0.000016
0.999968,0.993351,False,0.000020,0.000011
0.998969,0.990515,False,0.000020,0.000021
0.999953,0.993351,False,0.000020,0.000021
0.999957,0.993351,False,0.000020,0.000021
0.999958,0.990528,False,0.000020,0.000024
0.999948,0.986775,False,0.000020,0.000024
0.999954,0.993351,False,0.000020,0.000020
0.977734,0.980768,False,0.000020,0.000020
0.723398,0.990528,False,0.000020,0.000010
0.999959,0.993351,False,0.000020,0.000018
0.999952,0.990515,False,0.000020,0.000022
0.479989,0.940748,False,0.000020,0.000095
0.287113,0.960847,False,0.000020,0.000023
0.714341,0.956661,False,0.000020,0.000086
0.919867,0.954273,False,0.000020,0.000073
0.298377,0.969221,False,0.000020,0.000092
0.979223,0.984740,False,0.000020,0.000098
0.999941,0.993351,False,0.000020,0.000037
0.393665,0.986775,False,0.000020,0.000091
0.643305,0.959972,False,0.000020,0.000010
0.647129,0.975538,False,0.000020,0.000119
0.349114,0.963455,False,0.000020,0.000109
0.991943,0.963745,False,0.000020,0.000060
0.279609,0.969323,False,0.000020,0.000117
0.980808,0.971288,False,0.000020,0.000116
0.422824,0.985811,False,0.000020,0.000028
0.280083,0.962865,False,0.000020,0.000182
0.999883,0.982100,False,0.000020,0.000095
0.526898,0.911856,False,0.000020,0.000248
0.340992,0.926306,False,0.000020,0.000140
0.822144,0.937236,False,0.000020,0.000171
0.693516,0.971028,False,0.000020,0.000215
0.441454,0.969282,False,0.000020,0.000169
0.979825,0.978418,False,0.000020,0.000242
0.435223,0.951982,False,0.000020,0.000143
0.979182,0.963385,False,0.000020,0.000134
0.496020,0.954954,False,0.000020,0.000191
0.683009,0.974631,False,0.000020,0.000082
0.773552,0.962865,False,0.000020,0.000203
0.968097,0.979051,False,0.000020,0.000137
0.424360,0.883789,False,0.000020,0.000184
0.492821,0.944434,False,0.000020,0.000074
0.509608,0.968738,False,0.000020,0.000169
0.779154,0.974733,False,0.000020,0.000182
0.277419,0.918333,False,0.000020,0.000223
0.311274,0.955614,False,0.000020,0.000203
0.538220,0.955975,False,0.000020,0.000209
0.840337,0.964094,False,0.000020,0.000200
0.401763,0.971028,False,0.000020,0.000241
0.981355,0.964675,True,0.000019,0.000010
0.959229,0.977302,True,0.000019,0.000019
0.999965,1.000000,True,0.000019,0.000016
0.994952,0.983042,False,0.000019,0.000024
0.999944,0.992412,False,0.000019,0.000041
0.991878,0.987628,False,0.000019,0.000032
0.812479,0.996196,False,0.000019,0.000029
0.991532,0.987646,False,0.000019,0.000032
0.973797,0.990354,False,0.000019,0.000014
0.988511,0.981183,False,0.000019,0.000014
0.328652,0.962037,False,0.000019,0.000019
0.999959,1.000000,False,0.000019,0.000034
0.985039,0.992000,False,0.000019,0.000019
0.999962,1.000000,False,0.000019,0.000020
0.984038,0.989950,False,0.000019,0.000022
0.739939,0.978447,False,0.000019,0.000023
0.461667,0.997143,False,0.000019,0.000020
0.979482,0.964628,False,0.000019,0.000016
0.999978,1.000000,False,0.000019,0.000011
0.998978,0.997143,False,0.000019,0.000021
0.999963,1.000000,False,0.000019,0.000021
0.999966,1.000000,False,0.000019,0.000021
0.999968,0.997147,False,0.000019,0.000024
0.999957,0.993360,False,0.000019,0.000024
0.999963,1.000000,False,0.000019,0.000020
0.977742,0.987377,False,0.000019,0.000020
0.723404,0.997147,False,0.000019,0.000010
0.999968,1.000000,False,0.000019,0.000018
0.999962,0.997143,False,0.000019,0.000022
0.479985,0.947014,False,0.000019,0.000095
0.287113,0.967193,False,0.000019,0.000023
0.714342,0.962996,False,0.000019,0.000086
0.919873,0.960638,False,0.000019,0.000073
0.298388,0.975700,False,0.000019,0.000092
0.979229,0.991328,False,0.000019,0.000098
0.999950,1.000000,False,0.000019,0.000037
0.393664,0.993360,False,0.000019,0.000091
0.643307,0.966433,False,0.000019,0.000010
0.647130,0.982051,False,0.000019,0.000119
0.349106,0.969814,False,0.000019,0.000109
0.991953,0.970133,False,0.000019,0.000060
0.279610,0.975733,False,0.000019,0.000117
0.980818,0.977841,False,0.000019,0.000116
0.422823,0.990515,False,0.000019,0.000028
0.280084,0.969241,False,0.000019,0.000182
0.999893,0.988649,False,0.000019,0.000095
0.526898,0.917819,False,0.000019,0.000248
0.340988,0.932359,False,0.000019,0.000140
0.822147,0.943442,False,0.000019,0.000171
0.693520,0.977480,False,0.000019,0.000215
0.441453,0.975701,False,0.000019,0.000169
0.979834,0.984926,False,0.000019,0.000242
0.435227,0.958353,False,0.000019,0.000143
0.979190,0.969844,False,0.000019,0.000134
0.496028,0.961313,False,0.000019,0.000191
0.683014,0.981132,False,0.000019,0.000082
0.773560,0.969241,False,0.000019,0.000203
0.968107,0.985572,False,0.000019,0.000137
0.424365,0.889526,False,0.000019,0.000184
0.492825,0.950734,False,0.000019,0.000074
0.509614,0.975220,False,0.000019,0.000169
0.779159,0.979357,False,0.000019,0.000182
0.277418,0.924324,False,0.000019,0.000223
0.311272,0.961936,False,0.000019,0.000203
0.538222,0.962346,False,0.000019,0.000209
0.840343,0.970473,False,0.000019,0.000200
0.401762,0.977480,False,0.000019,0.000241
0.940615,0.942639,True,0.000010,0.000019
0.981352,0.964675,True,0.000010,0.000016
0.976338,0.948556,False,0.000010,0.000024
0.981329,0.957464,False,0.000010,0.000041
0.973264,0.952626,False,0.000010,0.000032
0.812550,0.961060,False,0.000010,0.000029
0.977201,0.958309,False,0.000010,0.000032
0.968234,0.959844,False,0.000010,0.000014
0.969897,0.946789,False,0.000010,0.000014
0.328640,0.928645,False,0.000010,0.000019
0.981346,0.964675,False,0.000010,0.000034
0.966425,0.957031,False,0.000010,0.000019
0.981347,0.964675,False,0.000010,0.000020
0.965425,0.954876,False,0.000010,0.000022
0.739748,0.944256,False,0.000010,0.000023
0.461506,0.961936,False,0.000010,0.000020
0.960867,0.930999,False,0.000010,0.000016
0.981364,0.964675,False,0.000010,0.000011
0.980317,0.961936,False,0.000010,0.000021
0.981349,0.964675,False,0.000010,0.000021
0.981352,0.964675,False,0.000010,0.000021
0.981353,0.961987,False,0.000010,0.000024
0.981343,0.958388,False,0.000010,0.000024
0.981350,0.964675,False,0.000010,0.000020
0.959127,0.952509,False,0.000010,0.000020
0.723489,0.961987,False,0.000010,0.000010
0.981356,0.964675,False,0.000010,0.000018
0.981347,0.961936,False,0.000010,0.000022
0.480023,0.913976,False,0.000010,0.000095
0.287194,0.933413,False,0.000010,0.000023
0.714428,0.929393,False,0.000010,0.000086
0.901258,0.927237,False,0.000010,0.000073
0.298395,0.941283,False,0.000010,0.000092
0.960618,0.956324,False,0.000010,0.000098
0.981337,0.964675,False,0.000010,0.000037
0.393831,0.958388,False,0.000010,0.000091
0.643401,0.936584,False,0.000010,0.000010
0.647008,0.954630,False,0.000010,0.000119
0.348918,0.935874,False,0.000010,0.000109
0.973339,0.936281,False,0.000010,0.000060
0.279660,0.945241,False,0.000010,0.000117
0.962204,0.942788,False,0.000010,0.000116
0.422790,0.955614,False,0.000010,0.000028
0.279915,0.935455,False,0.000010,0.000182
0.981279,0.953887,False,0.000010,0.000095
0.526696,0.886618,False,0.000010,0.000248
0.341033,0.900174,False,0.000010,0.000140
0.818950,0.910629,False,0.000010,0.000171
0.693428,0.943268,False,0.000010,0.000215
0.441506,0.941667,False,0.000010,0.000169
0.961222,0.950394,False,0.000010,0.000242
0.435268,0.927486,False,0.000010,0.000143
0.960578,0.935497,False,0.000010,0.000134
0.495922,0.929182,False,0.000010,0.000191
0.682968,0.946649,False,0.000010,0.000082
0.773607,0.935455,False,0.000010,0.000203
0.949493,0.950958,False,0.000010,0.000137
0.424360,0.859403,False,0.000010,0.000184
0.493056,0.917257,False,0.000010,0.000074
0.509575,0.940778,False,0.000010,0.000169
0.779027,0.945098,False,0.000010,0.000182
0.277303,0.892714,False,0.000010,0.000223
0.311332,0.971028,False,0.000010,0.000203
0.538263,0.928823,False,0.000010,0.000209
0.838419,0.940703,False,0.000010,0.000200
0.401553,0.943268,False,0.000010,0.000241
0.959225,0.977302,True,0.000019,0.000016
0.954211,0.960595,False,0.000019,0.000024
0.959203,0.969744,False,0.000019,0.000041
0.951142,0.965030,False,0.000019,0.000032
0.791961,0.973513,False,0.000019,0.000029
0.950790,0.965080,False,0.000019,0.000032
0.933055,0.967753,False,0.000019,0.000014
0.947769,0.958828,False,0.000019,0.000014
0.328440,0.939266,False,0.000019,0.000019
0.959218,0.977302,False,0.000019,0.000034
0.944298,0.969404,False,0.000019,0.000019
0.959220,0.977302,False,0.000019,0.000020
0.943297,0.967347,False,0.000019,0.000022
0.719586,0.956137,False,0.000019,0.000023
0.461769,0.974441,False,0.000019,0.000020
0.938742,0.941802,False,0.000019,0.000016
0.959237,0.977302,False,0.000019,0.000011
0.958138,0.974441,False,0.000019,0.000021
0.959223,0.977302,False,0.000019,0.000021
0.959225,0.977302,False,0.000019,0.000021
0.959226,0.974494,False,0.000019,0.000024
0.959219,0.970722,False,0.000019,0.000024
0.959222,0.977302,False,0.000019,0.000020
0.937002,0.965189,False,0.000019,0.000020
0.703110,0.974494,False,0.000019,0.000010
0.959226,0.977302,False,0.000019,0.000018
0.959221,0.974441,False,0.000019,0.000022
0.480046,0.926640,False,0.000019,0.000095
0.287054,0.944981,False,0.000019,0.000023
0.693846,0.940533,False,0.000019,0.000086
0.879135,0.940954,False,0.000019,0.000073
0.298558,0.953394,False,0.000019,0.000092
0.938493,0.968729,False,0.000019,0.000098
0.959210,0.977302,False,0.000019,0.000037
0.393639,0.970722,False,0.000019,0.000091
0.635232,0.944090,False,0.000019,0.000010
0.626694,0.959586,False,0.000019,0.000119
0.348830,0.947370,False,0.000019,0.000109
0.951212,0.947911,False,0.000019,0.000060
0.279411,0.953635,False,0.000019,0.000117
0.940080,0.955611,False,0.000019,0.000116
0.422677,0.967869,False,0.000019,0.000028
0.279918,0.947380,False,0.000019,0.000182
0.959156,0.968230,False,0.000019,0.000095
0.526683,0.897449,False,0.000019,0.000248
0.341016,0.910484,False,0.000019,0.000140
0.801713,0.921485,False,0.000019,0.000171
0.673059,0.955087,False,0.000019,0.000215
0.441210,0.953891,False,0.000019,0.000169
0.939108,0.962417,False,0.000019,0.000242
0.435230,0.936611,False,0.000019,0.000143
0.938454,0.947422,False,0.000019,0.000134
0.496254,0.939145,False,0.000019,0.000191
0.662650,0.959019,False,0.000019,0.000082
0.753059,0.946844,False,0.000019,0.000203
0.927378,0.963034,False,0.000019,0.000137
0.424398,0.867571,False,0.000019,0.000184
0.492642,0.933994,False,0.000019,0.000074
0.509486,0.952790,False,0.000019,0.000169
0.758845,0.957141,False,0.000019,0.000182
0.277559,0.901619,False,0.000019,0.000223
0.311169,0.939716,False,0.000019,0.000203
0.538308,0.941268,False,0.000019,0.000209
0.819847,0.951203,False,0.000019,0.000200
0.401868,0.954958,False,0.000019,0.000241
0.994947,0.983042,False,0.000016,0.000024
0.999939,0.992412,False,0.000016,0.000041
0.991873,0.987628,False,0.000016,0.000032
0.812478,0.996196,False,0.000016,0.000029
0.991527,0.987646,False,0.000016,0.000032
0.973792,0.990354,False,0.000016,0.000014
0.988506,0.981183,False,0.000016,0.000014
0.328653,0.962037,False,0.000016,0.000019
0.999954,1.000000,False,0.000016,0.000034
0.985034,0.992000,False,0.000016,0.000019
0.999957,1.000000,False,0.000016,0.000020
0.984034,0.989950,False,0.000016,0.000022
0.739935,0.978447,False,0.000016,0.000023
0.461661,0.997143,False,0.000016,0.000020
0.979479,0.964628,False,0.000016,0.000016
0.999973,1.000000,False,0.000016,0.000011
0.998973,0.997143,False,0.000016,0.000021
0.999958,1.000000,False,0.000016,0.000021
0.999962,1.000000,False,0.000016,0.000021
0.999963,0.997147,False,0.000016,0.000024
0.999953,0.993360,False,0.000016,0.000024
0.999959,1.000000,False,0.000016,0.000020
0.977737,0.987377,False,0.000016,0.000020
0.723405,0.997147,False,0.000016,0.000010
0.999963,1.000000,False,0.000016,0.000018
0.999957,0.997143,False,0.000016,0.000022
0.479980,0.947014,False,0.000016,0.000095
0.287109,0.967193,False,0.000016,0.000023
0.714341,0.962996,False,0.000016,0.000086
0.919868,0.960638,False,0.000016,0.000073
0.298385,0.975700,False,0.000016,0.000092
0.979223,0.991328,False,0.000016,0.000098
0.999945,1.000000,False,0.000016,0.000037
0.393663,0.993360,False,0.000016,0.000091
0.643306,0.966433,False,0.000016,0.000010
0.647128,0.982051,False,0.000016,0.000119
0.349114,0.969814,False,0.000016,0.000109
0.991948,0.970133,False,0.000016,0.000060
0.279610,0.975733,False,0.000016,0.000117
0.980812,0.977841,False,0.000016,0.000116
0.422824,0.990515,False,0.000016,0.000028
0.280080,0.969241,False,0.000016,0.000182
0.999888,0.988649,False,0.000016,0.000095
0.526897,0.917819,False,0.000016,0.000248
0.340994,0.932359,False,0.000016,0.000140
0.822147,0.943442,False,0.000016,0.000171
0.693515,0.977480,False,0.000016,0.000215
0.441450,0.975701,False,0.000016,0.000169
0.979829,0.984926,False,0.000016,0.000242
0.435227,0.958353,False,0.000016,0.000143
0.979185,0.969844,False,0.000016,0.000134
0.496022,0.961313,False,0.000016,0.000191
0.683012,0.981132,False,0.000016,0.000082
0.773556,0.969241,False,0.000016,0.000203
0.968102,0.985572,False,0.000016,0.000137
0.424367,0.889526,False,0.000016,0.000184
0.492820,0.950734,False,0.000016,0.000074
0.509617,0.975220,False,0.000016,0.000169
0.779158,0.979357,False,0.000016,0.000182
0.277416,0.924324,False,0.000016,0.000223
0.311277,0.961936,False,0.000016,0.000203
0.538216,0.962346,False,0.000016,0.000209
0.840342,0.970473,False,0.000016,0.000200
0.401763,0.977480,False,0.000016,0.000241
0.994927,0.975636,True,0.000024,0.000041
0.986860,0.970821,True,0.000024,0.000032
0.807453,0.979329,True,0.000024,0.000029
0.986515,0.970970,True,0.000024,0.000032
0.968779,0.973539,True,0.000024,0.000014
0.983493,0.964675,True,0.000024,0.000014
0.328523,0.946013,True,0.000024,0.000019
0.994941,0.983042,True,0.000024,0.000034
0.980021,0.975216,True,0.000024,0.000019
0.994944,0.983042,True,0.000024,0.000020
0.979021,0.973145,True,0.000024,0.000022
0.734926,0.962037,True,0.000024,0.000023
0.461635,0.980242,False,0.000024,0.000020
0.974466,0.948489,False,0.000024,0.000016
0.994960,0.983042,False,0.000024,0.000011
0.993949,0.980242,False,0.000024,0.000021
0.994945,0.983042,False,0.000024,0.000021
0.994949,0.983042,False,0.000024,0.000021
0.994950,0.980268,False,0.000024,0.000024
0.994940,0.976573,False,0.000024,0.000024
0.994946,0.983042,False,0.000024,0.000020
0.972724,0.970613,False,0.000024,0.000020
0.718394,0.980268,False,0.000024,0.000010
0.994950,0.983042,False,0.000024,0.000018
0.994944,0.980242,False,0.000024,0.000022
0.479973,0.945212,False,0.000024,0.000095
0.287038,0.950988,False,0.000024,0.000023
0.709322,0.946874,False,0.000024,0.000086
0.914858,0.944364,False,0.000024,0.000073
0.298328,0.959325,False,0.000024,0.000092
0.974211,0.974531,False,0.000024,0.000098
0.994932,0.983042,False,0.000024,0.000037
0.393655,0.978418,False,0.000024,0.000091
0.638291,0.949903,False,0.000024,0.000010
0.647085,0.965467,False,0.000024,0.000119
0.349066,0.958912,False,0.000024,0.000109
0.986935,0.953887,False,0.000024,0.000060
0.279516,0.959420,False,0.000024,0.000117
0.975800,0.961192,False,0.000024,0.000116
0.422758,0.973762,False,0.000024,0.000028
0.280033,0.953026,False,0.000024,0.000182
0.994875,0.971963,False,0.000024,0.000095
0.526854,0.902726,False,0.000024,0.000248
0.340958,0.917087,False,0.000024,0.000140
0.817130,0.927710,False,0.000024,0.000171
0.688496,0.961060,False,0.000024,0.000215
0.441338,0.959367,False,0.000024,0.000169
0.974821,0.968351,False,0.000024,0.000242
0.435199,0.942034,False,0.000024,0.000143
0.974174,0.953410,False,0.000024,0.000134
0.495938,0.945161,False,0.000024,0.000191
0.677989,0.964581,False,0.000024,0.000082
0.768542,0.953026,False,0.000024,0.000203
0.963089,0.968959,False,0.000024,0.000137
0.424365,0.875066,False,0.000024,0.000184
0.492837,0.934969,False,0.000024,0.000074
0.509523,0.958705,False,0.000024,0.000169
0.774151,0.962914,False,0.000024,0.000182
0.277365,0.909160,False,0.000024,0.000223
0.311313,0.945872,False,0.000024,0.000203
0.538190,0.946015,False,0.000024,0.000209
0.835329,0.954244,False,0.000024,0.000200
0.401719,0.961060,False,0.000024,0.000241
0.991853,0.980096,True,0.000041,0.000032
0.812464,0.988649,True,0.000041,0.000029
0.991506,0.980185,True,0.000041,0.000032
0.973771,0.982837,True,0.000041,0.000014
0.988487,0.973797,True,0.000041,0.000014
0.328658,0.954868,True,0.000041,0.000019
0.999933,0.992412,True,0.000041,0.000034
0.985013,0.984492,True,0.000041,0.000019
0.999936,0.992412,True,0.000041,0.000020
0.984012,0.982430,True,0.000041,0.000022
0.739921,0.971105,True,0.000041,0.000023
0.461664,0.989581,False,0.000041,0.000020
0.979458,0.957407,False,0.000041,0.000016
0.999952,0.992412,False,0.000041,0.000011
0.998952,0.989581,False,0.000041,0.000021
0.999937,0.992412,False,0.000041,0.000021
0.999941,0.992412,False,0.000041,0.000021
0.999942,0.989595,False,0.000041,0.000024
0.999932,0.985849,False,0.000041,0.000024
0.999938,0.992412,False,0.000041,0.000020
0.977718,0.979843,False,0.000041,0.000020
0.723391,0.989595,False,0.000041,0.000010
0.999942,0.992412,False,0.000041,0.000018
0.999936,0.989581,False,0.000041,0.000022
0.479982,0.939877,False,0.000041,0.000095
0.287106,0.959947,False,0.000041,0.000023
0.714326,0.957580,False,0.000041,0.000086
0.919849,0.953376,False,0.000041,0.000073
0.298389,0.968324,False,0.000041,0.000092
0.979203,0.983815,False,0.000041,0.000098
0.999924,0.992412,False,0.000041,0.000037
0.393661,0.985849,False,0.000041,0.000091
0.643293,0.959056,False,0.000041,0.000010
0.647118,0.974631,False,0.000041,0.000119
0.349111,0.962534,False,0.000041,0.000109
0.991927,0.962865,False,0.000041,0.000060
0.279603,0.968435,False,0.000041,0.000117
0.980791,0.970376,False,0.000041,0.000116
0.422824,0.983019,False,0.000041,0.000028
0.280075,0.961987,False,0.000041,0.000182
0.999867,0.981183,False,0.000041,0.000095
0.526891,0.911073,False,0.000041,0.000248
0.340991,0.927182,False,0.000041,0.000140
0.822129,0.936389,False,0.000041,0.000171
0.693496,0.970133,False,0.000041,0.000215
0.441446,0.968393,False,0.000041,0.000169
0.979810,0.977510,False,0.000041,0.000242
0.435226,0.951079,False,0.000041,0.000143
0.979166,0.962521,False,0.000041,0.000134
0.496017,0.954081,False,0.000041,0.000191
0.682994,0.973727,False,0.000041,0.000082
0.773541,0.961987,False,0.000041,0.000203
0.968083,0.978140,False,0.000041,0.000137
0.424361,0.883042,False,0.000041,0.000184
0.492812,0.943580,False,0.000041,0.000074
0.509610,0.967841,False,0.000041,0.000169
0.779141,0.972000,False,0.000041,0.000182
0.277422,0.917542,False,0.000041,0.000223
0.311275,0.954749,False,0.000041,0.000203
0.538213,0.955055,False,0.000041,0.000209
0.840330,0.963214,False,0.000041,0.000200
0.401760,0.970133,False,0.000041,0.000241
0.808441,0.983862,True,0.000032,0.000029
0.983441,0.975395,True,0.000032,0.000032
0.965708,0.978065,True,0.000032,0.000014
0.980419,0.968986,True,0.000032,0.000014
0.328669,0.949870,True,0.000032,0.000019
0.991867,0.987628,True,0.000032,0.000034
0.976948,0.979711,True,0.000032,0.000019
0.991870,0.987628,True,0.000032,0.000020
0.975947,0.977802,True,0.000032,0.000022
0.735914,0.966298,True,0.000032,0.000023
0.457688,0.984794,False,0.000032,0.000020
0.971390,0.952573,False,0.000032,0.000016
0.991886,0.987628,False,0.000032,0.000011
0.990866,0.984784,False,0.000032,0.000021
0.991872,0.987628,False,0.000032,0.000021
0.991875,0.987628,False,0.000032,0.000021
0.991876,0.984811,False,0.000032,0.000024
0.991866,0.981063,False,0.000032,0.000024
0.991872,0.987628,False,0.000032,0.000020
0.973679,0.975728,False,0.000032,0.000020
0.719392,0.984811,False,0.000032,0.000010
0.991876,0.987628,False,0.000032,0.000018
0.991870,0.989096,False,0.000032,0.000022
0.475985,0.935124,False,0.000032,0.000095
0.287094,0.955129,False,0.000032,0.000023
0.710279,0.950852,False,0.000032,0.000086
0.914657,0.950689,False,0.000032,0.000073
0.298404,0.963539,False,0.000032,0.000092
0.971137,0.979038,False,0.000032,0.000098
0.991858,0.987628,False,0.000032,0.000037
0.393731,0.981063,False,0.000032,0.000091
0.639251,0.954529,False,0.000032,0.000010
0.643046,0.969816,False,0.000032,0.000119
0.349174,0.959512,False,0.000032,0.000109
0.983862,0.958035,False,0.000032,0.000060
0.279636,0.963629,False,0.000032,0.000117
0.972726,0.965744,False,0.000032,0.000116
0.422854,0.978206,False,0.000032,0.000028
0.280174,0.957164,False,0.000032,0.000182
0.991802,0.976380,False,0.000032,0.000095
0.522857,0.906201,False,0.000032,0.000248
0.341132,0.920446,False,0.000032,0.000140
0.818188,0.931545,False,0.000032,0.000171
0.689517,0.965325,False,0.000032,0.000215
0.437392,0.963574,False,0.000032,0.000169
0.971745,0.974557,False,0.000032,0.000242
0.431185,0.946325,False,0.000032,0.000143
0.971102,0.957974,False,0.000032,0.000134
0.491956,0.949302,False,0.000032,0.000191
0.678915,0.968922,False,0.000032,0.000082
0.769543,0.957162,False,0.000032,0.000203
0.960016,0.973345,False,0.000032,0.000137
0.420313,0.877968,False,0.000032,0.000184
0.488821,0.938777,False,0.000032,0.000074
0.505578,0.963063,False,0.000032,0.000169
0.775136,0.967184,False,0.000032,0.000182
0.277437,0.912411,False,0.000032,0.000223
0.311307,0.949897,False,0.000032,0.000203
0.534058,0.952056,False,0.000032,0.000209
0.836368,0.958420,False,0.000032,0.000200
0.401803,0.967131,False,0.000032,0.000241
0.812419,0.983905,True,0.000029,0.000032
0.799381,0.986586,True,0.000029,0.000014
0.800998,0.977480,True,0.000029,0.000014
0.328019,0.958443,True,0.000029,0.000019
0.812476,0.996196,True,0.000029,0.000034
0.812583,0.988236,True,0.000029,0.000019
0.812471,0.996196,True,0.000029,0.000020
0.796520,0.986180,True,0.000029,0.000022
0.740875,0.974766,True,0.000029,0.000023
0.462880,0.993351,False,0.000029,0.000020
0.791951,0.961008,False,0.000029,0.000016
0.812487,0.996196,False,0.000029,0.000011
0.812678,0.993351,False,0.000029,0.000021
0.812478,0.996196,False,0.000029,0.000021
0.812482,0.996196,False,0.000029,0.000021
0.812478,0.993360,False,0.000029,0.000024
0.812473,0.989595,False,0.000029,0.000024
0.812480,0.996196,False,0.000029,0.000020
0.801371,0.983600,False,0.000029,0.000020
0.724339,0.993360,False,0.000029,0.000010
0.812480,0.996196,False,0.000029,0.000018
0.812475,0.993351,False,0.000029,0.000022
0.480564,0.943437,False,0.000029,0.000095
0.286787,0.963560,False,0.000029,0.000023
0.716290,0.959381,False,0.000029,0.000086
0.771266,0.956998,False,0.000029,0.000073
0.298614,0.972002,False,0.000029,0.000092
0.791723,0.987561,False,0.000029,0.000098
0.812465,0.996196,False,0.000029,0.000037
0.394137,0.989595,False,0.000029,0.000091
0.643031,0.962759,False,0.000029,0.000010
0.647315,0.978331,False,0.000029,0.000119
0.348977,0.966164,False,0.000029,0.000109
0.812418,0.966489,False,0.000029,0.000060
0.279215,0.972074,False,0.000029,0.000117
0.793313,0.974108,False,0.000029,0.000116
0.422646,0.986757,False,0.000029,0.000028
0.279419,0.965604,False,0.000029,0.000182
0.812420,0.984906,False,0.000029,0.000095
0.526909,0.914437,False,0.000029,0.000248
0.341033,0.929079,False,0.000029,0.000140
0.789473,0.939917,False,0.000029,0.000171
0.693801,0.973797,False,0.000029,0.000215
0.441956,0.972037,False,0.000029,0.000169
0.812273,0.981208,False,0.000029,0.000242
0.435438,0.954737,False,0.000029,0.000143
0.791687,0.966160,False,0.000029,0.000134
0.496388,0.957719,False,0.000029,0.000191
0.686776,0.977419,False,0.000029,0.000082
0.775355,0.965604,False,0.000029,0.000203
0.812186,0.981846,False,0.000029,0.000137
0.425053,0.886289,False,0.000029,0.000184
0.493044,0.947148,False,0.000029,0.000074
0.511806,0.971560,False,0.000029,0.000169
0.780267,0.975668,False,0.000029,0.000182
0.277643,0.920924,False,0.000029,0.000223
0.310996,0.960132,False,0.000029,0.000203
0.538281,0.958691,False,0.000029,0.000209
0.812034,0.966834,False,0.000029,0.000200
0.401907,0.973797,False,0.000029,0.000241
0.966699,0.978172,True,0.000032,0.000014
0.980073,0.969142,True,0.000032,0.000014
0.328580,0.950334,True,0.000032,0.000019
0.991522,0.987646,True,0.000032,0.000034
0.976602,0.979771,True,0.000032,0.000019
0.991523,0.987646,True,0.000032,0.000020
0.975600,0.979586,True,0.000032,0.000022
0.739892,0.966476,True,0.000032,0.000023
0.461576,0.984828,False,0.000032,0.000020
0.971044,0.952843,False,0.000032,0.000016
0.991539,0.987646,False,0.000032,0.000011
0.990519,0.984828,False,0.000032,0.000021
0.991525,0.987646,False,0.000032,0.000021
0.991529,0.987646,False,0.000032,0.000021
0.991529,0.984849,False,0.000032,0.000024
0.991520,0.981126,False,0.000032,0.000024
0.991525,0.987646,False,0.000032,0.000020
0.969303,0.975140,False,0.000032,0.000020
0.723378,0.984849,False,0.000032,0.000010
0.991530,0.987646,False,0.000032,0.000018
0.991523,0.984828,False,0.000032,0.000022
0.479994,0.935407,False,0.000032,0.000095
0.287104,0.955373,False,0.000032,0.000023
0.714271,0.951230,False,0.000032,0.000086
0.911435,0.948839,False,0.000032,0.000073
0.298379,0.963683,False,0.000032,0.000092
0.970791,0.979095,False,0.000032,0.000098
0.991512,0.987646,False,0.000032,0.000037
0.393763,0.981126,False,0.000032,0.000091
0.643362,0.956536,False,0.000032,0.000010
0.647032,0.971799,False,0.000032,0.000119
0.349114,0.957942,False,0.000032,0.000109
0.983515,0.958274,False,0.000032,0.000060
0.279640,0.963831,False,0.000032,0.000117
0.972379,0.965691,False,0.000032,0.000116
0.422830,0.980165,False,0.000032,0.000028
0.280154,0.957405,False,0.000032,0.000182
0.991454,0.976484,False,0.000032,0.000095
0.526843,0.906789,False,0.000032,0.000248
0.341058,0.921106,False,0.000032,0.000140
0.814874,0.931951,False,0.000032,0.000171
0.693486,0.965501,False,0.000032,0.000215
0.441567,0.963783,False,0.000032,0.000169
0.971399,0.972840,False,0.000032,0.000242
0.435257,0.946639,False,0.000032,0.000143
0.970755,0.959714,False,0.000032,0.000134
0.495989,0.949552,False,0.000032,0.000191
0.683035,0.969060,False,0.000032,0.000082
0.773476,0.957406,False,0.000032,0.000203
0.959672,0.973462,False,0.000032,0.000137
0.424303,0.880548,False,0.000032,0.000184
0.492850,0.942637,False,0.000032,0.000074
0.509592,0.963240,False,0.000032,0.000169
0.779166,0.967363,False,0.000032,0.000182
0.277453,0.913220,False,0.000032,0.000223
0.311308,0.951983,False,0.000032,0.000203
0.538216,0.950497,False,0.000032,0.000209
0.836203,0.958666,False,0.000032,0.000200
0.401654,0.965501,False,0.000032,0.000241
0.962339,0.971688,True,0.000014,0.000014
0.328896,0.952718,True,0.000014,0.000019
0.973786,0.990354,True,0.000014,0.000034
0.958865,0.982437,True,0.000014,0.000019
0.973788,0.990354,True,0.000014,0.000020
0.957864,0.980386,True,0.000014,0.000022
0.740141,0.969002,True,0.000014,0.000023
0.461505,0.987517,False,0.000014,0.000020
0.953310,0.955251,False,0.000014,0.000016
0.973805,0.990354,False,0.000014,0.000011
0.972740,0.987517,False,0.000014,0.000021
0.973792,0.990354,False,0.000014,0.000021
0.973793,0.990354,False,0.000014,0.000021
0.973795,0.987537,False,0.000014,0.000024
0.973784,0.983786,False,0.000014,0.000024
0.973790,0.990354,False,0.000014,0.000020
0.951568,0.977813,False,0.000014,0.000020
0.723338,0.987537,False,0.000014,0.000010
0.973796,0.990354,False,0.000014,0.000018
0.973791,0.987517,False,0.000014,0.000022
0.479900,0.937789,False,0.000014,0.000095
0.287027,0.957838,False,0.000014,0.000023
0.714144,0.953657,False,0.000014,0.000086
0.903822,0.953924,False,0.000014,0.000073
0.298424,0.966270,False,0.000014,0.000092
0.953057,0.981764,False,0.000014,0.000098
0.973777,0.990354,False,0.000014,0.000037
0.393750,0.983786,False,0.000014,0.000091
0.643204,0.957651,False,0.000014,0.000010
0.647138,0.974415,False,0.000014,0.000119
0.349042,0.960455,False,0.000014,0.000109
0.965784,0.960738,False,0.000014,0.000060
0.279534,0.966355,False,0.000014,0.000117
0.954647,0.968332,False,0.000014,0.000116
0.422813,0.980978,False,0.000014,0.000028
0.279928,0.959854,False,0.000014,0.000182
0.973723,0.979142,False,0.000014,0.000095
0.526720,0.911257,False,0.000014,0.000248
0.341034,0.923352,False,0.000014,0.000140
0.808903,0.934251,False,0.000014,0.000171
0.693385,0.968048,False,0.000014,0.000215
0.441570,0.966341,False,0.000014,0.000169
0.953667,0.975441,False,0.000014,0.000242
0.435120,0.952995,False,0.000014,0.000143
0.953019,0.960542,False,0.000014,0.000134
0.496007,0.952033,False,0.000014,0.000191
0.682738,0.971663,False,0.000014,0.000082
0.773478,0.959889,False,0.000014,0.000203
0.941939,0.976079,False,0.000014,0.000137
0.424349,0.880907,False,0.000014,0.000184
0.492985,0.941856,False,0.000014,0.000074
0.509475,0.965846,False,0.000014,0.000169
0.775262,0.969920,False,0.000014,0.000182
0.277202,0.915311,False,0.000014,0.000223
0.311258,0.955173,False,0.000014,0.000203
0.538340,0.957004,False,0.000014,0.000209
0.827336,0.961132,False,0.000014,0.000200
0.401803,0.968042,False,0.000014,0.000241
0.328597,0.944256,True,0.000014,0.000019
0.988501,0.981183,True,0.000014,0.000034
0.973580,0.973375,True,0.000014,0.000019
0.988504,0.981183,True,0.000014,0.000020
0.972579,0.971273,True,0.000014,0.000022
0.728480,0.960238,True,0.000014,0.000023
0.461518,0.978389,False,0.000014,0.000020
0.968023,0.946719,False,0.000014,0.000016
0.988519,0.981183,False,0.000014,0.000011
0.987493,0.978389,False,0.000014,0.000021
0.988504,0.981183,False,0.000014,0.000021
0.988508,0.981183,False,0.000014,0.000021
0.988510,0.978418,False,0.000014,0.000024
0.988498,0.974733,False,0.000014,0.000024
0.988504,0.981183,False,0.000014,0.000020
0.968926,0.970640,False,0.000014,0.000020
0.711948,0.978418,False,0.000014,0.000010
0.988510,0.981183,False,0.000014,0.000018
0.988503,0.978389,False,0.000014,0.000022
0.480064,0.929421,False,0.000014,0.000095
0.287063,0.949206,False,0.000014,0.000023
0.702866,0.945103,False,0.000014,0.000086
0.908415,0.942559,False,0.000014,0.000073
0.298265,0.959376,False,0.000014,0.000092
0.967771,0.972685,False,0.000014,0.000098
0.988491,0.981183,False,0.000014,0.000037
0.393540,0.974733,False,0.000014,0.000091
0.631840,0.948030,False,0.000014,0.000010
0.635635,0.965467,False,0.000014,0.000119
0.349008,0.951742,False,0.000014,0.000109
0.980494,0.952105,False,0.000014,0.000060
0.279544,0.957632,False,0.000014,0.000117
0.969359,0.959363,False,0.000014,0.000116
0.422879,0.971925,False,0.000014,0.000028
0.280015,0.951248,False,0.000014,0.000182
0.988436,0.970133,False,0.000014,0.000095
0.526974,0.902719,False,0.000014,0.000248
0.340965,0.915460,False,0.000014,0.000140
0.810678,0.925995,False,0.000014,0.000171
0.682039,0.959259,False,0.000014,0.000215
0.441386,0.957576,False,0.000014,0.000169
0.968381,0.966534,False,0.000014,0.000242
0.435194,0.940216,False,0.000014,0.000143
0.967732,0.951562,False,0.000014,0.000134
0.495963,0.943387,False,0.000014,0.000191
0.671534,0.962766,False,0.000014,0.000082
0.762084,0.951248,False,0.000014,0.000203
0.956650,0.967137,False,0.000014,0.000137
0.424295,0.876649,False,0.000014,0.000184
0.492678,0.933326,False,0.000014,0.000074
0.509659,0.956883,False,0.000014,0.000169
0.767702,0.961111,False,0.000014,0.000182
0.277411,0.907497,False,0.000014,0.000223
0.311223,0.944110,False,0.000014,0.000203
0.538165,0.944207,False,0.000014,0.000209
0.828891,0.952462,False,0.000014,0.000200
0.401729,0.959259,False,0.000014,0.000241
0.328652,0.962037,True,0.000019,0.000034
0.328595,0.954438,True,0.000019,0.000019
0.328656,0.962037,True,0.000019,0.000020
0.328615,0.952295,True,0.000019,0.000022
0.327992,0.941743,True,0.000019,0.000023
0.327199,0.959313,False,0.000019,0.000020
0.328783,0.928553,False,0.000019,0.000016
0.328657,0.962037,False,0.000019,0.000011
0.328845,0.959313,False,0.000019,0.000021
0.328650,0.962037,False,0.000019,0.000021
0.328654,0.962037,False,0.000019,0.000021
0.328657,0.959367,False,0.000019,0.000024
0.328653,0.955789,False,0.000019,0.000024
0.328655,0.962037,False,0.000019,0.000020
0.328498,0.949607,False,0.000019,0.000020
0.327941,0.959367,False,0.000019,0.000010
0.328658,0.962037,False,0.000019,0.000018
0.328655,0.959313,False,0.000019,0.000022
0.327256,0.911223,False,0.000019,0.000095
0.290232,0.930960,False,0.000019,0.000023
0.314339,0.926958,False,0.000019,0.000086
0.328184,0.924246,False,0.000019,0.000073
0.298109,0.938780,False,0.000019,0.000092
0.328560,0.953735,False,0.000019,0.000098
0.328652,0.962037,False,0.000019,0.000037
0.327108,0.955789,False,0.000019,0.000091
0.328355,0.929393,False,0.000019,0.000010
0.328114,0.944954,False,0.000019,0.000119
0.327472,0.940368,False,0.000019,0.000109
0.328714,0.937273,False,0.000019,0.000060
0.279048,0.939249,False,0.000019,0.000117
0.319010,0.940592,False,0.000019,0.000116
0.327334,0.953026,False,0.000019,0.000028
0.279333,0.932988,False,0.000019,0.000182
0.328648,0.951312,False,0.000019,0.000095
0.327752,0.884148,False,0.000019,0.000248
0.326186,0.901197,False,0.000019,0.000140
0.325004,0.908150,False,0.000019,0.000171
0.328031,0.940755,False,0.000019,0.000215
0.327342,0.939170,False,0.000019,0.000169
0.328575,0.947843,False,0.000019,0.000242
0.327449,0.921857,False,0.000019,0.000143
0.318135,0.933460,False,0.000019,0.000134
0.326111,0.926886,False,0.000019,0.000191
0.327367,0.944110,False,0.000019,0.000082
0.327953,0.936446,False,0.000019,0.000203
0.328478,0.948402,False,0.000019,0.000137
0.327323,0.896926,False,0.000019,0.000184
0.328231,0.918307,False,0.000019,0.000074
0.327664,0.938277,False,0.000019,0.000169
0.327909,0.944329,False,0.000019,0.000182
0.277205,0.890488,False,0.000019,0.000223
0.310671,0.926031,False,0.000019,0.000203
0.327990,0.925830,False,0.000019,0.000209
0.327974,0.934182,False,0.000019,0.000200
0.326792,0.940755,False,0.000019,0.000241
0.985028,0.992000,True,0.000034,0.000019
0.999951,1.000000,True,0.000034,0.000020
0.984027,0.989950,True,0.000034,0.000022
0.739935,0.978447,True,0.000034,0.000023
0.461665,0.997143,False,0.000034,0.000020
0.979472,0.964628,False,0.000034,0.000016
0.999967,1.000000,False,0.000034,0.000011
0.998967,0.997143,False,0.000034,0.000021
0.999952,1.000000,False,0.000034,0.000021
0.999956,1.000000,False,0.000034,0.000021
0.999957,0.997147,False,0.000034,0.000024
0.999947,0.993360,False,0.000034,0.000024
0.999953,1.000000,False,0.000034,0.000020
0.977733,0.987377,False,0.000034,0.000020
0.723404,0.997147,False,0.000034,0.000010
0.999957,1.000000,False,0.000034,0.000018
0.999951,0.997143,False,0.000034,0.000022
0.479985,0.947014,False,0.000034,0.000095
0.287112,0.967193,False,0.000034,0.000023
0.714341,0.962996,False,0.000034,0.000086
0.919862,0.960638,False,0.000034,0.000073
0.298388,0.975700,False,0.000034,0.000092
0.979218,0.991328,False,0.000034,0.000098
0.999939,1.000000,False,0.000034,0.000037
0.393669,0.993360,False,0.000034,0.000091
0.643307,0.966433,False,0.000034,0.000010
0.647129,0.982051,False,0.000034,0.000119
0.349113,0.969814,False,0.000034,0.000109
0.991942,0.970133,False,0.000034,0.000060
0.279607,0.975733,False,0.000034,0.000117
0.980806,0.977841,False,0.000034,0.000116
0.422825,0.990515,False,0.000034,0.000028
0.280081,0.969241,False,0.000034,0.000182
0.999882,0.988649,False,0.000034,0.000095
0.526901,0.917819,False,0.000034,0.000248
0.340989,0.932359,False,0.000034,0.000140
0.822144,0.943442,False,0.000034,0.000171
0.693515,0.977480,False,0.000034,0.000215
0.441456,0.975701,False,0.000034,0.000169
0.979823,0.984926,False,0.000034,0.000242
0.435222,0.958353,False,0.000034,0.000143
0.979179,0.969844,False,0.000034,0.000134
0.496030,0.961313,False,0.000034,0.000191
0.683009,0.981132,False,0.000034,0.000082
0.773557,0.969241,False,0.000034,0.000203
0.968098,0.985572,False,0.000034,0.000137
0.424367,0.889526,False,0.000034,0.000184
0.492825,0.950734,False,0.000034,0.000074
0.509617,0.975220,False,0.000034,0.000169
0.779154,0.979357,False,0.000034,0.000182
0.277412,0.924324,False,0.000034,0.000223
0.311276,0.961936,False,0.000034,0.000203
0.538219,0.962346,False,0.000034,0.000209
0.840340,0.970473,False,0.000034,0.000200
0.401760,0.977480,False,0.000034,0.000241
0.985031,0.992000,True,0.000019,0.000020
0.969107,0.982032,True,0.000019,0.000022
0.739890,0.970685,True,0.000019,0.000023
0.461693,0.989168,False,0.000019,0.000020
0.964551,0.956976,False,0.000019,0.000016
0.985047,0.992000,False,0.000019,0.000011
0.984011,0.989168,False,0.000019,0.000021
0.985032,0.992000,False,0.000019,0.000021
0.985035,0.992000,False,0.000019,0.000021
0.985037,0.989183,False,0.000019,0.000024
0.985026,0.985436,False,0.000019,0.000024
0.985035,0.992000,False,0.000019,0.000020
0.962811,0.979459,False,0.000019,0.000020
0.723395,0.989183,False,0.000019,0.000010
0.985037,0.992000,False,0.000019,0.000018
0.985032,0.989168,False,0.000019,0.000022
0.479841,0.939494,False,0.000019,0.000095
0.287097,0.959743,False,0.000019,0.000023
0.714430,0.955363,False,0.000019,0.000086
0.911558,0.954794,False,0.000019,0.000073
0.298248,0.967925,False,0.000019,0.000092
0.964299,0.983410,False,0.000019,0.000098
0.985019,0.992000,False,0.000019,0.000037
0.393621,0.985436,False,0.000019,0.000091
0.643217,0.958691,False,0.000019,0.000010
0.647075,0.974211,False,0.000019,0.000119
0.349122,0.962430,False,0.000019,0.000109
0.977022,0.962439,False,0.000019,0.000060
0.279574,0.968019,False,0.000019,0.000117
0.965886,0.969987,False,0.000019,0.000116
0.422628,0.982636,False,0.000019,0.000028
0.280036,0.961560,False,0.000019,0.000182
0.984964,0.980768,False,0.000019,0.000095
0.526849,0.910630,False,0.000019,0.000248
0.341016,0.928803,False,0.000019,0.000140
0.822074,0.935981,False,0.000019,0.000171
0.693469,0.969716,False,0.000019,0.000215
0.441495,0.969811,False,0.000019,0.000169
0.964907,0.978958,False,0.000019,0.000242
0.435263,0.950706,False,0.000019,0.000143
0.964262,0.962105,False,0.000019,0.000134
0.496209,0.953723,False,0.000019,0.000191
0.683080,0.973307,False,0.000019,0.000082
0.773596,0.961583,False,0.000019,0.000203
0.955032,0.977729,False,0.000019,0.000137
0.424361,0.885837,False,0.000019,0.000184
0.492722,0.943185,False,0.000019,0.000074
0.509648,0.967442,False,0.000019,0.000169
0.779095,0.971584,False,0.000019,0.000182
0.277438,0.920742,False,0.000019,0.000223
0.311129,0.954319,False,0.000019,0.000203
0.538199,0.956957,False,0.000019,0.000209
0.840310,0.962801,False,0.000019,0.000200
0.401737,0.969715,False,0.000019,0.000241
0.984031,0.989950,True,0.000020,0.000022
0.739929,0.978447,True,0.000020,0.000023
0.461661,0.997143,False,0.000020,0.000020
0.979474,0.964628,False,0.000020,0.000016
0.999969,1.000000,False,0.000020,0.000011
0.998970,0.997143,False,0.000020,0.000021
0.999954,1.000000,False,0.000020,0.000021
0.999958,1.000000,False,0.000020,0.000021
0.999959,0.997147,False,0.000020,0.000024
0.999949,0.993360,False,0.000020,0.000024
0.999955,1.000000,False,0.000020,0.000020
0.977734,0.987377,False,0.000020,0.000020
0.723398,0.997147,False,0.000020,0.000010
0.999960,1.000000,False,0.000020,0.000018
0.999953,0.997143,False,0.000020,0.000022
0.479982,0.947014,False,0.000020,0.000095
0.287113,0.967193,False,0.000020,0.000023
0.714335,0.962996,False,0.000020,0.000086
0.919865,0.960638,False,0.000020,0.000073
0.298383,0.975700,False,0.000020,0.000092
0.979220,0.991328,False,0.000020,0.000098
0.999942,1.000000,False,0.000020,0.000037
0.393663,0.993360,False,0.000020,0.000091
0.643301,0.966433,False,0.000020,0.000010
0.647128,0.982051,False,0.000020,0.000119
0.349108,0.969814,False,0.000020,0.000109
0.991944,0.970133,False,0.000020,0.000060
0.279610,0.975733,False,0.000020,0.000117
0.980808,0.977841,False,0.000020,0.000116
0.422820,0.990515,False,0.000020,0.000028
0.280085,0.969241,False,0.000020,0.000182
0.999884,0.988649,False,0.000020,0.000095
0.526895,0.917819,False,0.000020,0.000248
0.340989,0.932359,False,0.000020,0.000140
0.822141,0.943442,False,0.000020,0.000171
0.693510,0.977480,False,0.000020,0.000215
0.441452,0.975701,False,0.000020,0.000169
0.979826,0.984926,False,0.000020,0.000242
0.435223,0.958353,False,0.000020,0.000143
0.979182,0.969844,False,0.000020,0.000134
0.496026,0.961313,False,0.000020,0.000191
0.683008,0.981132,False,0.000020,0.000082
0.773551,0.969241,False,0.000020,0.000203
0.968099,0.985572,False,0.000020,0.000137
0.424367,0.889526,False,0.000020,0.000184
0.492819,0.950734,False,0.000020,0.000074
0.509610,0.975220,False,0.000020,0.000169
0.779153,0.979357,False,0.000020,0.000182
0.277415,0.924324,False,0.000020,0.000223
0.311274,0.961936,False,0.000020,0.000203
0.538218,0.962346,False,0.000020,0.000209
0.840336,0.970473,False,0.000020,0.000200
0.401760,0.977480,False,0.000020,0.000241
0.724010,0.968588,True,0.000022,0.000023
0.453618,0.987130,False,0.000022,0.000020
0.963551,0.955144,False,0.000022,0.000016
0.984045,0.989950,False,0.000022,0.000011
0.983006,0.987111,False,0.000022,0.000021
0.984031,0.989950,False,0.000022,0.000021
0.984035,0.989950,False,0.000022,0.000021
0.984036,0.987132,False,0.000022,0.000024
0.984025,0.983380,False,0.000022,0.000024
0.984031,0.989950,False,0.000022,0.000020
0.961811,0.977408,False,0.000022,0.000020
0.707480,0.987132,False,0.000022,0.000010
0.984036,0.989950,False,0.000022,0.000018
0.984029,0.987111,False,0.000022,0.000022
0.472041,0.937408,False,0.000022,0.000095
0.286982,0.957422,False,0.000022,0.000023
0.698391,0.953238,False,0.000022,0.000086
0.903944,0.951076,False,0.000022,0.000073
0.298404,0.965882,False,0.000022,0.000092
0.963300,0.981359,False,0.000022,0.000098
0.984018,0.989950,False,0.000022,0.000037
0.385657,0.983380,False,0.000022,0.000091
0.635340,0.961153,False,0.000022,0.000010
0.631153,0.972273,False,0.000022,0.000119
0.348827,0.960195,False,0.000022,0.000109
0.976024,0.960320,False,0.000022,0.000060
0.279541,0.965965,False,0.000022,0.000117
0.964885,0.967944,False,0.000022,0.000116
0.414759,0.980555,False,0.000022,0.000028
0.279972,0.959435,False,0.000022,0.000182
0.983963,0.978700,False,0.000022,0.000095
0.510968,0.908388,False,0.000022,0.000248
0.340908,0.922889,False,0.000022,0.000140
0.806202,0.933939,False,0.000022,0.000171
0.677563,0.967656,False,0.000022,0.000215
0.433490,0.965916,False,0.000022,0.000169
0.963909,0.975034,False,0.000022,0.000242
0.427238,0.948916,False,0.000022,0.000143
0.970423,0.964284,False,0.000022,0.000134
0.480093,0.951787,False,0.000022,0.000191
0.667056,0.971217,False,0.000022,0.000082
0.757608,0.959496,False,0.000022,0.000203
0.952175,0.975673,False,0.000022,0.000137
0.416329,0.880380,False,0.000022,0.000184
0.484778,0.941073,False,0.000022,0.000074
0.493654,0.965567,False,0.000022,0.000169
0.763238,0.969511,False,0.000022,0.000182
0.277412,0.914914,False,0.000022,0.000223
0.311126,0.952196,False,0.000022,0.000203
0.522256,0.952573,False,0.000022,0.000209
0.824421,0.960722,False,0.000022,0.000200
0.393691,0.967688,False,0.000022,0.000241
0.461048,0.975668,False,0.000023,0.000020
0.719452,0.944183,False,0.000023,0.000016
0.739944,0.978447,False,0.000023,0.000011
0.741093,0.975668,False,0.000023,0.000021
0.739934,0.978447,False,0.000023,0.000021
0.739936,0.978447,False,0.000023,0.000021
0.739936,0.975701,False,0.000023,0.000024
0.739932,0.972037,False,0.000023,0.000024
0.739938,0.978447,False,0.000023,0.000020
0.728998,0.966104,False,0.000023,0.000020
0.722358,0.975701,False,0.000023,0.000010
0.739938,0.978447,False,0.000023,0.000018
0.739937,0.975668,False,0.000023,0.000022
0.480436,0.926948,False,0.000023,0.000095
0.287339,0.946659,False,0.000023,0.000023
0.713705,0.942576,False,0.000023,0.000086
0.723196,0.940316,False,0.000023,0.000073
0.298434,0.954771,False,0.000023,0.000092
0.729444,0.972180,False,0.000023,0.000098
0.739924,0.978447,False,0.000023,0.000037
0.393561,0.972037,False,0.000023,0.000091
0.641930,0.945635,False,0.000023,0.000010
0.647170,0.961008,False,0.000023,0.000119
0.348590,0.950950,False,0.000023,0.000109
0.739872,0.949541,False,0.000023,0.000060
0.279328,0.955046,False,0.000023,0.000117
0.720821,0.956555,False,0.000023,0.000116
0.422499,0.969241,False,0.000023,0.000028
0.279474,0.948691,False,0.000023,0.000182
0.739895,0.967463,False,0.000023,0.000095
0.526234,0.915451,False,0.000023,0.000248
0.341074,0.912884,False,0.000023,0.000140
0.726470,0.925254,False,0.000023,0.000171
0.693897,0.956653,False,0.000023,0.000215
0.441496,0.954987,False,0.000023,0.000169
0.739111,0.963889,False,0.000023,0.000242
0.435125,0.939537,False,0.000023,0.000143
0.719204,0.952570,False,0.000023,0.000134
0.496180,0.942530,False,0.000023,0.000191
0.683293,0.967377,False,0.000023,0.000082
0.740276,0.950459,False,0.000023,0.000203
0.739753,0.964486,False,0.000023,0.000137
0.424288,0.871341,False,0.000023,0.000184
0.493260,0.930451,False,0.000023,0.000074
0.509151,0.954280,False,0.000023,0.000169
0.739053,0.958498,False,0.000023,0.000182
0.277335,0.905190,False,0.000023,0.000223
0.311134,0.941591,False,0.000023,0.000203
0.537853,0.941665,False,0.000023,0.000209
0.739857,0.949902,False,0.000023,0.000200
0.401686,0.956653,False,0.000023,0.000241
0.441150,0.963697,True,0.000020,0.000016
0.461668,0.997143,True,0.000020,0.000011
0.461885,0.994293,True,0.000020,0.000021
0.461661,0.997143,True,0.000020,0.000021
0.461662,0.997143,True,0.000020,0.000021
0.461666,0.994301,True,0.000020,0.000024
0.461659,0.990528,True,0.000020,0.000024
0.461664,0.997143,True,0.000020,0.000020
0.461754,0.984532,True,0.000020,0.000020
0.461793,0.994301,True,0.000020,0.000010
0.461668,0.997143,True,0.000020,0.000018
0.461665,0.994293,True,0.000020,0.000022
0.461850,0.944292,False,0.000020,0.000095
0.286467,0.964443,False,0.000020,0.000023
0.450498,0.960257,False,0.000020,0.000086
0.461651,0.957878,False,0.000020,0.000073
0.300570,0.972906,False,0.000020,0.000092
0.461634,0.988493,False,0.000020,0.000098
0.461664,0.997143,False,0.000020,0.000037
0.393691,0.990528,False,0.000020,0.000091
0.449616,0.963658,False,0.000020,0.000010
0.466304,0.979245,False,0.000020,0.000119
0.348071,0.967053,False,0.000020,0.000109
0.461654,0.967377,False,0.000020,0.000060
0.278619,0.974800,False,0.000020,0.000117
0.452052,0.975027,False,0.000020,0.000116
0.422746,0.987686,False,0.000020,0.000028
0.278944,0.966489,False,0.000020,0.000182
0.461641,0.985830,False,0.000020,0.000095
0.461928,0.915227,False,0.000020,0.000248
0.341544,0.929722,False,0.000020,0.000140
0.452734,0.940760,False,0.000020,0.000171
0.461806,0.974699,False,0.000020,0.000215
0.441225,0.972933,False,0.000020,0.000169
0.461628,0.982124,False,0.000020,0.000242
0.434796,0.955617,False,0.000020,0.000143
0.451229,0.967083,False,0.000020,0.000134
0.457041,0.958572,False,0.000020,0.000191
0.463341,0.978331,False,0.000020,0.000082
0.464333,0.966489,False,0.000020,0.000203
0.461566,0.982764,False,0.000020,0.000137
0.424826,0.887029,False,0.000020,0.000184
0.461514,0.948008,False,0.000020,0.000074
0.451704,0.972534,False,0.000020,0.000169
0.461751,0.976573,False,0.000020,0.000182
0.278012,0.921722,False,0.000020,0.000223
0.310774,0.959205,False,0.000020,0.000203
0.462173,0.959576,False,0.000020,0.000209
0.461624,0.967720,False,0.000020,0.000200
0.401217,0.974699,False,0.000020,0.000241
0.979490,0.964628,True,0.000016,0.000011
0.978439,0.961886,True,0.000016,0.000021
0.979478,0.964628,True,0.000016,0.000021
0.979479,0.964628,True,0.000016,0.000021
0.979482,0.961936,True,0.000016,0.000024
0.979470,0.958333,True,0.000016,0.000024
0.979476,0.964628,True,0.000016,0.000020
0.957254,0.951515,True,0.000016,0.000020
0.702918,0.961936,True,0.000016,0.000010
0.979483,0.964628,True,0.000016,0.000018
0.979474,0.961886,True,0.000016,0.000022
0.459490,0.915210,False,0.000016,0.000095
0.287020,0.936817,False,0.000016,0.000023
0.693825,0.929288,False,0.000016,0.000086
0.899386,0.926569,False,0.000016,0.000073
0.298393,0.941396,False,0.000016,0.000092
0.958744,0.956303,False,0.000016,0.000098
0.979465,0.964628,False,0.000016,0.000037
0.393624,0.958333,False,0.000016,0.000091
0.622809,0.932279,False,0.000016,0.000010
0.626574,0.947431,False,0.000016,0.000119
0.349158,0.935804,False,0.000016,0.000109
0.971465,0.936198,False,0.000016,0.000060
0.279628,0.941667,False,0.000016,0.000117
0.960334,0.943130,False,0.000016,0.000116
0.422700,0.955556,False,0.000016,0.000028
0.280083,0.935371,False,0.000016,0.000182
0.979408,0.953826,False,0.000016,0.000095
0.506398,0.889456,False,0.000016,0.000248
0.340878,0.900109,False,0.000016,0.000140
0.806912,0.916501,False,0.000016,0.000171
0.672998,0.943194,False,0.000016,0.000215
0.440767,0.943342,False,0.000016,0.000169
0.959350,0.950329,False,0.000016,0.000242
0.433407,0.929484,False,0.000016,0.000143
0.958713,0.935894,False,0.000016,0.000134
0.475547,0.927895,False,0.000016,0.000191
0.662484,0.946579,False,0.000016,0.000082
0.753042,0.938853,False,0.000016,0.000203
0.947625,0.950896,False,0.000016,0.000137
0.423728,0.861855,False,0.000016,0.000184
0.472339,0.917426,False,0.000016,0.000074
0.500884,0.943406,False,0.000016,0.000169
0.758682,0.945026,False,0.000016,0.000182
0.277480,0.895839,False,0.000016,0.000223
0.311375,0.931818,False,0.000016,0.000203
0.517680,0.928222,False,0.000016,0.000209
0.819864,0.936573,False,0.000016,0.000200
0.401819,0.943194,False,0.000016,0.000241
0.998986,0.997143,True,0.000011,0.000021
0.999971,1.000000,True,0.000011,0.000021
0.999974,1.000000,True,0.000011,0.000021
0.999975,0.997147,True,0.000011,0.000024
0.999965,0.993360,True,0.000011,0.000024
0.999971,1.000000,True,0.000011,0.000020
0.977749,0.987377,True,0.000011,0.000020
0.723413,0.997147,True,0.000011,0.000010
0.999976,1.000000,True,0.000011,0.000018
0.999969,0.997143,True,0.000011,0.000022
0.479990,0.947014,False,0.000011,0.000095
0.287113,0.967193,False,0.000011,0.000023
0.714350,0.962996,False,0.000011,0.000086
0.919880,0.960638,False,0.000011,0.000073
0.298389,0.975700,False,0.000011,0.000092
0.979236,0.991328,False,0.000011,0.000098
0.999958,1.000000,False,0.000011,0.000037
0.393667,0.993360,False,0.000011,0.000091
0.643310,0.966433,False,0.000011,0.000010
0.647137,0.982051,False,0.000011,0.000119
0.349111,0.969814,False,0.000011,0.000109
0.991960,0.970133,False,0.000011,0.000060
0.279612,0.975733,False,0.000011,0.000117
0.980824,0.977841,False,0.000011,0.000116
0.422827,0.990515,False,0.000011,0.000028
0.280083,0.969241,False,0.000011,0.000182
0.999900,0.988649,False,0.000011,0.000095
0.526903,0.917819,False,0.000011,0.000248
0.340991,0.932359,False,0.000011,0.000140
0.822156,0.943442,False,0.000011,0.000171
0.693524,0.977480,False,0.000011,0.000215
0.441455,0.975701,False,0.000011,0.000169
0.979842,0.984926,False,0.000011,0.000242
0.435227,0.958353,False,0.000011,0.000143
0.979198,0.969844,False,0.000011,0.000134
0.496030,0.961313,False,0.000011,0.000191
0.683018,0.981132,False,0.000011,0.000082
0.773567,0.969241,False,0.000011,0.000203
0.968114,0.985572,False,0.000011,0.000137
0.424370,0.889526,False,0.000011,0.000184
0.492826,0.950734,False,0.000011,0.000074
0.509617,0.975220,False,0.000011,0.000169
0.779168,0.979357,False,0.000011,0.000182
0.277418,0.924324,False,0.000011,0.000223
0.311274,0.961936,False,0.000011,0.000203
0.538224,0.962346,False,0.000011,0.000209
0.840352,0.970473,False,0.000011,0.000200
0.401769,0.977480,False,0.000011,0.000241
0.998971,0.997143,True,0.000021,0.000021
0.998975,0.997143,True,0.000021,0.000021
0.998976,0.994301,True,0.000021,0.000024
0.998966,0.990528,True,0.000021,0.000024
0.998972,0.997143,True,0.000021,0.000020
0.976695,0.984532,True,0.000021,0.000020
0.724528,0.994301,True,0.000021,0.000010
0.998977,0.997143,True,0.000021,0.000018
0.998970,0.994293,True,0.000021,0.000022
0.480391,0.944292,False,0.000021,0.000095
0.287164,0.964443,False,0.000021,0.000023
0.714656,0.960257,False,0.000021,0.000086
0.918681,0.957878,False,0.000021,0.000073
0.298421,0.972906,False,0.000021,0.000092
0.978185,0.988493,False,0.000021,0.000098
0.998959,0.997143,False,0.000021,0.000037
0.393896,0.990528,False,0.000021,0.000091
0.644015,0.963633,False,0.000021,0.000010
0.647132,0.979245,False,0.000021,0.000119
0.349260,0.967053,False,0.000021,0.000109
0.990941,0.967377,False,0.000021,0.000060
0.279622,0.972969,False,0.000021,0.000117
0.979778,0.975008,False,0.000021,0.000116
0.422851,0.987686,False,0.000021,0.000028
0.280087,0.966489,False,0.000021,0.000182
0.998901,0.985830,False,0.000021,0.000095
0.527395,0.915227,False,0.000021,0.000248
0.341212,0.929722,False,0.000021,0.000140
0.822856,0.940749,False,0.000021,0.000171
0.693839,0.974699,False,0.000021,0.000215
0.441903,0.972933,False,0.000021,0.000169
0.981600,0.982124,False,0.000021,0.000242
0.435425,0.955587,False,0.000021,0.000143
0.978147,0.967057,False,0.000021,0.000134
0.496599,0.958562,False,0.000021,0.000191
0.683180,0.978331,False,0.000021,0.000082
0.773945,0.966489,False,0.000021,0.000203
0.967037,0.984628,False,0.000021,0.000137
0.424778,0.887016,False,0.000021,0.000184
0.493406,0.948008,False,0.000021,0.000074
0.509676,0.972425,False,0.000021,0.000169
0.780473,0.976573,False,0.000021,0.000182
0.277385,0.921722,False,0.000021,0.000223
0.311318,0.959205,False,0.000021,0.000203
0.538218,0.959576,False,0.000021,0.000209
0.841813,0.967720,False,0.000021,0.000200
0.402006,0.974699,False,0.000021,0.000241
0.999959,1.000000,True,0.000021,0.000021
0.999960,0.997147,True,0.000021,0.000024
0.999950,0.993360,True,0.000021,0.000024
0.999956,1.000000,True,0.000021,0.000020
0.977735,0.987377,True,0.000021,0.000020
0.723405,0.997147,True,0.000021,0.000010
0.999961,1.000000,True,0.000021,0.000018
0.999954,0.997143,True,0.000021,0.000022
0.479985,0.947014,False,0.000021,0.000095
0.287110,0.967193,False,0.000021,0.000023
0.714341,0.962996,False,0.000021,0.000086
0.919866,0.960638,False,0.000021,0.000073
0.298389,0.975700,False,0.000021,0.000092
0.979221,0.991328,False,0.000021,0.000098
0.999943,1.000000,False,0.000021,0.000037
0.393663,0.993360,False,0.000021,0.000091
0.643304,0.966433,False,0.000021,0.000010
0.647128,0.982051,False,0.000021,0.000119
0.349110,0.969814,False,0.000021,0.000109
0.991945,0.970133,False,0.000021,0.000060
0.279610,0.975733,False,0.000021,0.000117
0.980811,0.977841,False,0.000021,0.000116
0.422823,0.990515,False,0.000021,0.000028
0.280080,0.969241,False,0.000021,0.000182
0.999885,0.988649,False,0.000021,0.000095
0.526895,0.917819,False,0.000021,0.000248
0.340994,0.932359,False,0.000021,0.000140
0.822146,0.943442,False,0.000021,0.000171
0.693517,0.977480,False,0.000021,0.000215
0.441455,0.975701,False,0.000021,0.000169
0.979828,0.984926,False,0.000021,0.000242
0.435221,0.958353,False,0.000021,0.000143
0.979183,0.969844,False,0.000021,0.000134
0.496019,0.961313,False,0.000021,0.000191
0.683008,0.981132,False,0.000021,0.000082
0.773554,0.969241,False,0.000021,0.000203
0.968101,0.985572,False,0.000021,0.000137
0.424366,0.889526,False,0.000021,0.000184
0.492821,0.950734,False,0.000021,0.000074
0.509607,0.975220,False,0.000021,0.000169
0.779157,0.979357,False,0.000021,0.000182
0.277415,0.924324,False,0.000021,0.000223
0.311280,0.961936,False,0.000021,0.000203
0.538213,0.962346,False,0.000021,0.000209
0.840341,0.970473,False,0.000021,0.000200
0.401766,0.977480,False,0.000021,0.000241
0.999964,0.997147,True,0.000021,0.000024
0.999954,0.993360,True,0.000021,0.000024
0.999960,1.000000,True,0.000021,0.000020
0.977738,0.987377,True,0.000021,0.000020
0.723405,0.997147,True,0.000021,0.000010
0.999965,1.000000,True,0.000021,0.000018
0.999958,0.997143,True,0.000021,0.000022
0.479984,0.947014,False,0.000021,0.000095
0.287110,0.967193,False,0.000021,0.000023
0.714343,0.962996,False,0.000021,0.000086
0.919868,0.960638,False,0.000021,0.000073
0.298383,0.975700,False,0.000021,0.000092
0.979224,0.991328,False,0.000021,0.000098
0.999947,1.000000,False,0.000021,0.000037
0.393663,0.993360,False,0.000021,0.000091
0.643303,0.966433,False,0.000021,0.000010
0.647131,0.982051,False,0.000021,0.000119
0.349108,0.969814,False,0.000021,0.000109
0.991949,0.970133,False,0.000021,0.000060
0.279609,0.975733,False,0.000021,0.000117
0.980813,0.977841,False,0.000021,0.000116
0.422819,0.990515,False,0.000021,0.000028
0.280080,0.969241,False,0.000021,0.000182
0.999889,0.988649,False,0.000021,0.000095
0.526895,0.917819,False,0.000021,0.000248
0.340990,0.932359,False,0.000021,0.000140
0.822147,0.943442,False,0.000021,0.000171
0.693515,0.977480,False,0.000021,0.000215
0.441455,0.975701,False,0.000021,0.000169
0.979831,0.984926,False,0.000021,0.000242
0.435224,0.958353,False,0.000021,0.000143
0.979188,0.969844,False,0.000021,0.000134
0.496022,0.961313,False,0.000021,0.000191
0.683011,0.981132,False,0.000021,0.000082
0.773559,0.969241,False,0.000021,0.000203
0.968103,0.985572,False,0.000021,0.000137
0.424371,0.889526,False,0.000021,0.000184
0.492819,0.950734,False,0.000021,0.000074
0.509611,0.975220,False,0.000021,0.000169
0.779162,0.979357,False,0.000021,0.000182
0.277419,0.924324,False,0.000021,0.000223
0.311275,0.961936,False,0.000021,0.000203
0.538218,0.962346,False,0.000021,0.000209
0.840342,0.970473,False,0.000021,0.000200
0.401760,0.977480,False,0.000021,0.000241
0.999955,0.990541,True,0.000024,0.000024
0.999961,0.997147,True,0.000024,0.000020
0.977741,0.984560,True,0.000024,0.000020
0.723407,0.994309,True,0.000024,0.000010
0.999966,0.997147,True,0.000024,0.000018
0.999959,0.994301,True,0.000024,0.000022
0.479984,0.944377,False,0.000024,0.000095
0.287111,0.964492,False,0.000024,0.000023
0.714343,0.960310,False,0.000024,0.000086
0.919870,0.957942,False,0.000024,0.000073
0.298389,0.972946,False,0.000024,0.000092
0.979227,0.988510,False,0.000024,0.000098
0.999948,0.997147,False,0.000024,0.000037
0.393663,0.990541,False,0.000024,0.000091
0.643310,0.963695,False,0.000024,0.000010
0.647131,0.979273,False,0.000024,0.000119
0.349114,0.967098,False,0.000024,0.000109
0.991950,0.967420,False,0.000024,0.000060
0.279610,0.973005,False,0.000024,0.000117
0.980814,0.975053,False,0.000024,0.000116
0.422827,0.987703,False,0.000024,0.000028
0.280085,0.966534,False,0.000024,0.000182
0.999890,0.985849,False,0.000024,0.000095
0.526896,0.915337,False,0.000024,0.000248
0.340994,0.929818,False,0.000024,0.000140
0.822145,0.940833,False,0.000024,0.000171
0.693518,0.974733,False,0.000024,0.000215
0.441453,0.972969,False,0.000024,0.000169
0.979832,0.982148,False,0.000024,0.000242
0.435225,0.955657,False,0.000024,0.000143
0.979188,0.967108,False,0.000024,0.000134
0.496030,0.958624,False,0.000024,0.000191
0.683014,0.978360,False,0.000024,0.000082
0.773557,0.966534,False,0.000024,0.000203
0.968106,0.982788,False,0.000024,0.000137
0.424367,0.887167,False,0.000024,0.000184
0.492823,0.948085,False,0.000024,0.000074
0.509614,0.972466,False,0.000024,0.000169
0.779159,0.976604,False,0.000024,0.000182
0.277412,0.921823,False,0.000024,0.000223
0.311273,0.959259,False,0.000024,0.000203
0.538224,0.959637,False,0.000024,0.000209
0.840343,0.967764,False,0.000024,0.000200
0.401765,0.974733,False,0.000024,0.000241
0.999951,0.993360,True,0.000024,0.000020
0.977731,0.980800,True,0.000024,0.000020
0.723399,0.990541,True,0.000024,0.000010
0.999956,0.993360,True,0.000024,0.000018
0.999949,0.990528,True,0.000024,0.000022
0.479985,0.940815,False,0.000024,0.000095
0.287111,0.960876,False,0.000024,0.000023
0.714337,0.956712,False,0.000024,0.000086
0.919863,0.954318,False,0.000024,0.000073
0.298386,0.969266,False,0.000024,0.000092
0.979215,0.984762,False,0.000024,0.000098
0.999938,0.993360,False,0.000024,0.000037
0.393670,0.986792,False,0.000024,0.000091
0.643298,0.960038,False,0.000024,0.000010
0.647125,0.975570,False,0.000024,0.000119
0.349108,0.963465,False,0.000024,0.000109
0.991941,0.963793,False,0.000024,0.000060
0.279613,0.969363,False,0.000024,0.000117
0.980804,0.971337,False,0.000024,0.000116
0.422820,0.983962,False,0.000024,0.000028
0.280081,0.962914,False,0.000024,0.000182
0.999880,0.982124,False,0.000024,0.000095
0.526898,0.911970,False,0.000024,0.000248
0.340991,0.926406,False,0.000024,0.000140
0.822140,0.937324,False,0.000024,0.000171
0.693513,0.971067,False,0.000024,0.000215
0.441449,0.969323,False,0.000024,0.000169
0.979823,0.978447,False,0.000024,0.000242
0.435223,0.952057,False,0.000024,0.000143
0.979178,0.963441,False,0.000024,0.000134
0.496025,0.955092,False,0.000024,0.000191
0.683009,0.974665,False,0.000024,0.000082
0.773552,0.962914,False,0.000024,0.000203
0.968095,0.979079,False,0.000024,0.000137
0.424371,0.883944,False,0.000024,0.000184
0.492821,0.944515,False,0.000024,0.000074
0.509614,0.968879,False,0.000024,0.000169
0.779154,0.972933,False,0.000024,0.000182
0.277411,0.918438,False,0.000024,0.000223
0.311280,0.955673,False,0.000024,0.000203
0.538220,0.955999,False,0.000024,0.000209
0.840337,0.964142,False,0.000024,0.000200
0.401767,0.971067,False,0.000024,0.000241
0.977735,0.987377,True,0.000020,0.000020
0.723405,0.997147,True,0.000020,0.000010
0.999962,1.000000,True,0.000020,0.000018
0.999955,0.997143,True,0.000020,0.000022
0.479982,0.947014,False,0.000020,0.000095
0.287113,0.967193,False,0.000020,0.000023
0.714341,0.962996,False,0.000020,0.000086
0.919867,0.960638,False,0.000020,0.000073
0.298386,0.975700,False,0.000020,0.000092
0.979221,0.991328,False,0.000020,0.000098
0.999944,1.000000,False,0.000020,0.000037
0.393664,0.993360,False,0.000020,0.000091
0.643309,0.966433,False,0.000020,0.000010
0.647131,0.982051,False,0.000020,0.000119
0.349111,0.969814,False,0.000020,0.000109
0.991946,0.970133,False,0.000020,0.000060
0.279608,0.975733,False,0.000020,0.000117
0.980810,0.977841,False,0.000020,0.000116
0.422824,0.990515,False,0.000020,0.000028
0.280087,0.969241,False,0.000020,0.000182
0.999886,0.988649,False,0.000020,0.000095
0.526897,0.917819,False,0.000020,0.000248
0.340991,0.932359,False,0.000020,0.000140
0.822146,0.943442,False,0.000020,0.000171
0.693521,0.977480,False,0.000020,0.000215
0.441447,0.975701,False,0.000020,0.000169
0.979829,0.984926,False,0.000020,0.000242
0.435221,0.958353,False,0.000020,0.000143
0.979184,0.969844,False,0.000020,0.000134
0.496025,0.961313,False,0.000020,0.000191
0.683013,0.981132,False,0.000020,0.000082
0.773555,0.969241,False,0.000020,0.000203
0.968102,0.985572,False,0.000020,0.000137
0.424361,0.889526,False,0.000020,0.000184
0.492823,0.950734,False,0.000020,0.000074
0.509611,0.975220,False,0.000020,0.000169
0.779159,0.979357,False,0.000020,0.000182
0.277413,0.924324,False,0.000020,0.000223
0.311275,0.961936,False,0.000020,0.000203
0.538218,0.962346,False,0.000020,0.000209
0.840345,0.970473,False,0.000020,0.000200
0.401764,0.977480,False,0.000020,0.000241
0.712246,0.984560,True,0.000020,0.000010
0.977740,0.987377,True,0.000020,0.000018
0.977733,0.984853,True,0.000020,0.000022
0.479931,0.934887,False,0.000020,0.000095
0.287040,0.958870,False,0.000020,0.000023
0.703161,0.950655,False,0.000020,0.000086
0.902629,0.948915,False,0.000020,0.000073
0.298372,0.971225,False,0.000020,0.000092
0.957003,0.978786,False,0.000020,0.000098
0.977724,0.987377,False,0.000020,0.000037
0.393570,0.980800,False,0.000020,0.000091
0.632135,0.954084,False,0.000020,0.000010
0.635916,0.969608,False,0.000020,0.000119
0.349047,0.957454,False,0.000020,0.000109
0.969728,0.957864,False,0.000020,0.000060
0.279535,0.963363,False,0.000020,0.000117
0.958591,0.965499,False,0.000020,0.000116
0.422683,0.977961,False,0.000020,0.000028
0.279992,0.956990,False,0.000020,0.000182
0.977667,0.976142,False,0.000020,0.000095
0.526951,0.912211,False,0.000020,0.000248
0.340904,0.920464,False,0.000020,0.000140
0.810982,0.933158,False,0.000020,0.000171
0.682387,0.965101,False,0.000020,0.000215
0.441454,0.963343,False,0.000020,0.000169
0.957614,0.972466,False,0.000020,0.000242
0.435161,0.946091,False,0.000020,0.000143
0.956969,0.957472,False,0.000020,0.000134
0.495894,0.949098,False,0.000020,0.000191
0.671877,0.968721,False,0.000020,0.000082
0.762409,0.956891,False,0.000020,0.000203
0.945884,0.973093,False,0.000020,0.000137
0.424383,0.880770,False,0.000020,0.000184
0.492977,0.939018,False,0.000020,0.000074
0.509760,0.962822,False,0.000020,0.000169
0.767979,0.967234,False,0.000020,0.000182
0.277469,0.912142,False,0.000020,0.000223
0.311200,0.949711,False,0.000020,0.000203
0.538145,0.950286,False,0.000020,0.000209
0.829380,0.958204,False,0.000020,0.000200
0.401714,0.965051,False,0.000020,0.000241
0.723407,0.997147,True,0.000010,0.000018
0.723403,0.994301,True,0.000010,0.000022
0.480249,0.944377,False,0.000010,0.000095
0.286365,0.964492,False,0.000010,0.000023
0.709909,0.960310,False,0.000010,0.000086
0.720745,0.957942,False,0.000010,0.000073
0.298142,0.972946,False,0.000010,0.000092
0.713070,0.988510,False,0.000010,0.000098
0.723394,0.997147,False,0.000010,0.000037
0.394015,0.990541,False,0.000010,0.000091
0.642146,0.963695,False,0.000010,0.000010
0.646920,0.979273,False,0.000010,0.000119
0.348520,0.967098,False,0.000010,0.000109
0.723414,0.967420,False,0.000010,0.000060
0.280204,0.973005,False,0.000010,0.000117
0.704289,0.975053,False,0.000010,0.000116
0.422519,0.987703,False,0.000010,0.000028
0.279335,0.966534,False,0.000010,0.000182
0.723354,0.985849,False,0.000010,0.000095
0.526135,0.915337,False,0.000010,0.000248
0.341173,0.929818,False,0.000010,0.000140
0.714853,0.940833,False,0.000010,0.000171
0.694154,0.974733,False,0.000010,0.000215
0.441150,0.972969,False,0.000010,0.000169
0.722950,0.982148,False,0.000010,0.000242
0.434848,0.955657,False,0.000010,0.000143
0.702678,0.967108,False,0.000010,0.000134
0.497361,0.958624,False,0.000010,0.000191
0.683578,0.978360,False,0.000010,0.000082
0.723889,0.966534,False,0.000010,0.000203
0.723251,0.982788,False,0.000010,0.000137
0.424616,0.887167,False,0.000010,0.000184
0.493014,0.948085,False,0.000010,0.000074
0.509346,0.972466,False,0.000010,0.000169
0.725478,0.976604,False,0.000010,0.000182
0.277163,0.921823,False,0.000010,0.000223
0.310815,0.959259,False,0.000010,0.000203
0.538008,0.959637,False,0.000010,0.000209
0.722183,0.967764,False,0.000010,0.000200
0.401396,0.974733,False,0.000010,0.000241
0.999960,0.997143,True,0.000018,0.000022
0.479988,0.947014,False,0.000018,0.000095
0.287112,0.967193,False,0.000018,0.000023
0.714341,0.962996,False,0.000018,0.000086
0.919871,0.960638,False,0.000018,0.000073
0.298389,0.975700,False,0.000018,0.000092
0.979226,0.991328,False,0.000018,0.000098
0.999948,1.000000,False,0.000018,0.000037
0.393671,0.993360,False,0.000018,0.000091
0.643305,0.966433,False,0.000018,0.000010
0.647133,0.982051,False,0.000018,0.000119
0.349110,0.969814,False,0.000018,0.000109
0.991951,0.970133,False,0.000018,0.000060
0.279609,0.975733,False,0.000018,0.000117
0.980814,0.977841,False,0.000018,0.000116
0.422825,0.990515,False,0.000018,0.000028
0.280080,0.969241,False,0.000018,0.000182
0.999891,0.988649,False,0.000018,0.000095
0.526901,0.917819,False,0.000018,0.000248
0.340990,0.932359,False,0.000018,0.000140
0.822150,0.943442,False,0.000018,0.000171
0.693520,0.977480,False,0.000018,0.000215
0.441456,0.975701,False,0.000018,0.000169
0.979833,0.984926,False,0.000018,0.000242
0.435226,0.958353,False,0.000018,0.000143
0.979188,0.969844,False,0.000018,0.000134
0.496022,0.961313,False,0.000018,0.000191
0.683013,0.981132,False,0.000018,0.000082
0.773559,0.969241,False,0.000018,0.000203
0.968105,0.985572,False,0.000018,0.000137
0.424368,0.889526,False,0.000018,0.000184
0.492825,0.950734,False,0.000018,0.000074
0.509615,0.975220,False,0.000018,0.000169
0.779162,0.979357,False,0.000018,0.000182
0.277416,0.924324,False,0.000018,0.000223
0.311276,0.961936,False,0.000018,0.000203
0.538223,0.962346,False,0.000018,0.000209
0.840345,0.970473,False,0.000018,0.000200
0.401767,0.977480,False,0.000018,0.000241
0.479989,0.944314,False,0.000022,0.000095
0.287115,0.964443,False,0.000022,0.000023
0.714340,0.960264,False,0.000022,0.000086
0.919866,0.959833,False,0.000022,0.000073
0.298389,0.972906,False,0.000022,0.000092
0.979220,0.988493,False,0.000022,0.000098
0.999942,0.997143,False,0.000022,0.000037
0.393662,0.990528,False,0.000022,0.000091
0.643304,0.963633,False,0.000022,0.000010
0.647131,0.979245,False,0.000022,0.000119
0.349111,0.967053,False,0.000022,0.000109
0.991944,0.967377,False,0.000022,0.000060
0.279610,0.972969,False,0.000022,0.000117
0.980808,0.975008,False,0.000022,0.000116
0.422824,0.987686,False,0.000022,0.000028
0.280083,0.966489,False,0.000022,0.000182
0.999884,0.985830,False,0.000022,0.000095
0.526893,0.915227,False,0.000022,0.000248
0.340992,0.929722,False,0.000022,0.000140
0.822142,0.940758,False,0.000022,0.000171
0.693517,0.974699,False,0.000022,0.000215
0.441451,0.972933,False,0.000022,0.000169
0.979826,0.983984,False,0.000022,0.000242
0.435230,0.955587,False,0.000022,0.000143
0.979182,0.967057,False,0.000022,0.000134
0.496028,0.958562,False,0.000022,0.000191
0.683008,0.978331,False,0.000022,0.000082
0.773557,0.966489,False,0.000022,0.000203
0.968098,0.982764,False,0.000022,0.000137
0.424371,0.887021,False,0.000022,0.000184
0.492822,0.948008,False,0.000022,0.000074
0.509614,0.972425,False,0.000022,0.000169
0.779157,0.976573,False,0.000022,0.000182
0.277413,0.921722,False,0.000022,0.000223
0.311274,0.959205,False,0.000022,0.000203
0.538216,0.961398,False,0.000022,0.000209
0.840338,0.967720,False,0.000022,0.000200
0.401765,0.974699,False,0.000022,0.000241
0.285033,0.920709,True,0.000095,0.000023
0.466877,0.913822,True,0.000095,0.000086
0.480083,0.911616,True,0.000095,0.000073
0.299089,0.924165,True,0.000095,0.000092
0.480015,0.938797,True,0.000095,0.000098
0.479976,0.947014,True,0.000095,0.000037
0.394160,0.940815,True,0.000095,0.000091
0.467767,0.916881,True,0.000095,0.000010
0.481158,0.930065,True,0.000095,0.000119
0.347061,0.924498,True,0.000095,0.000109
0.479963,0.919060,True,0.000095,0.000060
0.278912,0.924426,True,0.000095,0.000117
0.470415,0.927646,False,0.000095,0.000116
0.422782,0.938067,False,0.000095,0.000028
0.278744,0.918254,False,0.000095,0.000182
0.479957,0.936380,False,0.000095,0.000095
0.480336,0.871507,False,0.000095,0.000248
0.341159,0.884156,False,0.000095,0.000140
0.471330,0.893820,False,0.000095,0.000171
0.484412,0.925933,False,0.000095,0.000215
0.441054,0.924383,False,0.000095,0.000169
0.479834,0.932979,False,0.000095,0.000242
0.438453,0.909294,False,0.000095,0.000143
0.469571,0.918724,False,0.000095,0.000134
0.470382,0.910773,False,0.000095,0.000191
0.480984,0.929257,False,0.000095,0.000082
0.480125,0.918606,False,0.000095,0.000203
0.479756,0.937266,False,0.000095,0.000137
0.424413,0.844669,False,0.000095,0.000184
0.480000,0.902320,False,0.000095,0.000074
0.460333,0.923592,False,0.000095,0.000169
0.480268,0.929434,False,0.000095,0.000182
0.277830,0.876152,False,0.000095,0.000223
0.310542,0.911291,False,0.000095,0.000203
0.482240,0.911896,False,0.000095,0.000209
0.480053,0.919472,False,0.000095,0.000200
0.407386,0.925867,False,0.000095,0.000241
0.273347,0.933515,True,0.000023,0.000086
0.286795,0.929567,True,0.000023,0.000073
0.285099,0.946520,True,0.000023,0.000092
0.287209,0.958839,True,0.000023,0.000098
0.287110,0.967193,True,0.000023,0.000037
0.285786,0.960876,True,0.000023,0.000091
0.285976,0.934471,True,0.000023,0.000010
0.286330,0.949939,True,0.000023,0.000119
0.285919,0.940986,True,0.000023,0.000109
0.287119,0.938646,True,0.000023,0.000060
0.279034,0.944142,True,0.000023,0.000117
0.286914,0.947458,False,0.000023,0.000116
0.285697,0.958116,False,0.000023,0.000028
0.278616,0.937811,False,0.000023,0.000182
0.287108,0.956352,False,0.000023,0.000095
0.286790,0.916741,False,0.000023,0.000248
0.285313,0.904823,False,0.000023,0.000140
0.287036,0.914621,False,0.000023,0.000171
0.286280,0.945685,False,0.000023,0.000215
0.285730,0.944091,False,0.000023,0.000169
0.287079,0.952868,False,0.000023,0.000242
0.286651,0.929169,False,0.000023,0.000143
0.286998,0.938081,False,0.000023,0.000134
0.289330,0.930107,False,0.000023,0.000191
0.286343,0.949083,False,0.000023,0.000082
0.286797,0.937856,False,0.000023,0.000203
0.287037,0.955481,False,0.000023,0.000137
0.285591,0.863319,False,0.000023,0.000184
0.287972,0.920107,False,0.000023,0.000074
0.286956,0.943277,False,0.000023,0.000169
0.287100,0.947520,False,0.000023,0.000182
0.277356,0.895443,False,0.000023,0.000223
0.286226,0.930784,False,0.000023,0.000203
0.286503,0.933905,False,0.000023,0.000209
0.286552,0.939045,False,0.000023,0.000200
0.285835,0.945681,False,0.000023,0.000241
0.708087,0.927107,True,0.000086,0.000073
0.285164,0.939916,True,0.000086,0.000092
0.703891,0.954691,True,0.000086,0.000098
0.714337,0.962996,True,0.000086,0.000037
0.380130,0.956712,True,0.000086,0.000091
0.629101,0.933844,True,0.000086,0.000010
0.634557,0.945815,True,0.000086,0.000119
0.335201,0.934446,True,0.000086,0.000109
0.714296,0.938605,True,0.000086,0.000060
0.270362,0.940075,True,0.000086,0.000117
0.695199,0.941237,False,0.000086,0.000116
0.408704,0.953941,False,0.000086,0.000028
0.270445,0.933769,False,0.000086,0.000182
0.714301,0.952216,False,0.000086,0.000095
0.513169,0.886319,False,0.000086,0.000248
0.327862,0.903634,False,0.000086,0.000140
0.705209,0.908885,False,0.000086,0.000171
0.680091,0.943478,False,0.000086,0.000215
0.428124,0.940017,False,0.000086,0.000169
0.714230,0.948729,False,0.000086,0.000242
0.421810,0.922713,False,0.000086,0.000143
0.693567,0.933901,False,0.000086,0.000134
0.482621,0.925890,False,0.000086,0.000191
0.672195,0.944972,False,0.000086,0.000082
0.717866,0.935524,False,0.000086,0.000203
0.714083,0.949371,False,0.000086,0.000137
0.411073,0.860774,False,0.000086,0.000184
0.479711,0.915709,False,0.000086,0.000074
0.497593,0.939151,False,0.000086,0.000169
0.714105,0.943432,False,0.000086,0.000182
0.269725,0.896083,False,0.000086,0.000223
0.297848,0.926771,False,0.000086,0.000203
0.524541,0.930503,False,0.000086,0.000209
0.714143,0.935019,False,0.000086,0.000200
0.387959,0.945112,False,0.000086,0.000241
0.298180,0.937758,True,0.000073,0.000092
0.899141,0.952582,True,0.000073,0.000098
0.919855,0.960638,True,0.000073,0.000037
0.393384,0.954318,True,0.000073,0.000091
0.642902,0.928815,True,0.000073,0.000010
0.646813,0.943465,True,0.000073,0.000119
0.348934,0.932310,True,0.000073,0.000109
0.911862,0.932286,True,0.000073,0.000060
0.279653,0.937605,True,0.000073,0.000117
0.900963,0.939092,False,0.000073,0.000116
0.422582,0.951562,False,0.000073,0.000028
0.279868,0.931503,False,0.000073,0.000182
0.919804,0.949870,False,0.000073,0.000095
0.526322,0.886260,False,0.000073,0.000248
0.340560,0.895876,False,0.000073,0.000140
0.780029,0.911786,False,0.000073,0.000171
0.693560,0.939125,False,0.000073,0.000215
0.441267,0.937576,False,0.000073,0.000169
0.912170,0.949848,False,0.000073,0.000242
0.435024,0.923703,False,0.000073,0.000143
0.899105,0.931836,False,0.000073,0.000134
0.495932,0.923601,False,0.000073,0.000191
0.683008,0.942589,False,0.000073,0.000082
0.756909,0.931293,False,0.000073,0.000203
0.907878,0.949081,False,0.000073,0.000137
0.424142,0.858346,False,0.000073,0.000184
0.492626,0.915742,False,0.000073,0.000074
0.509586,0.936985,False,0.000073,0.000169
0.761558,0.940943,False,0.000073,0.000182
0.277232,0.890057,False,0.000073,0.000223
0.311196,0.924445,False,0.000073,0.000203
0.538029,0.930148,False,0.000073,0.000209
0.795789,0.932605,False,0.000073,0.000200
0.401322,0.939113,False,0.000073,0.000241
0.298341,0.967539,True,0.000092,0.000098
0.298389,0.975700,True,0.000092,0.000037
0.298691,0.969266,True,0.000092,0.000091
0.298943,0.943167,True,0.000092,0.000010
0.299121,0.958184,True,0.000092,0.000119
0.298209,0.946364,True,0.000092,0.000109
0.298392,0.950378,True,0.000092,0.000060
0.280648,0.952209,True,0.000092,0.000117
0.292523,0.954547,False,0.000092,0.000116
0.297967,0.966447,False,0.000092,0.000028
0.278781,0.945769,False,0.000092,0.000182
0.298385,0.964672,False,0.000092,0.000095
0.298157,0.900311,False,0.000092,0.000248
0.297700,0.910164,False,0.000092,0.000140
0.298192,0.922915,False,0.000092,0.000171
0.299993,0.953917,False,0.000092,0.000215
0.297488,0.952156,False,0.000092,0.000169
0.298201,0.961110,False,0.000092,0.000242
0.298895,0.935017,False,0.000092,0.000143
0.298400,0.946244,False,0.000092,0.000134
0.297889,0.939903,False,0.000092,0.000191
0.298502,0.957357,False,0.000092,0.000082
0.298781,0.947627,False,0.000092,0.000203
0.298323,0.961700,False,0.000092,0.000137
0.298216,0.868141,False,0.000092,0.000184
0.297577,0.929854,False,0.000092,0.000074
0.298713,0.951541,False,0.000092,0.000169
0.298172,0.957466,False,0.000092,0.000182
0.277451,0.903866,False,0.000092,0.000223
0.298297,0.938627,False,0.000092,0.000203
0.298585,0.939093,False,0.000092,0.000209
0.298558,0.947106,False,0.000092,0.000200
0.298740,0.953827,False,0.000092,0.000241
0.979211,0.991328,True,0.000098,0.000037
0.393662,0.984762,True,0.000098,0.000091
0.643338,0.958114,True,0.000098,0.000010
0.647013,0.973526,True,0.000098,0.000119
0.349023,0.961441,True,0.000098,0.000109
0.971214,0.961744,True,0.000098,0.000060
0.279720,0.967339,True,0.000098,0.000117
0.961131,0.971395,False,0.000098,0.000116
0.422786,0.981926,False,0.000098,0.000028
0.279981,0.960863,False,0.000098,0.000182
0.979154,0.980090,False,0.000098,0.000095
0.526872,0.911817,False,0.000098,0.000248
0.340921,0.924345,False,0.000098,0.000140
0.801407,0.935669,False,0.000098,0.000171
0.693410,0.969088,False,0.000098,0.000215
0.441365,0.967294,False,0.000098,0.000169
0.959108,0.976473,False,0.000098,0.000242
0.435111,0.950024,False,0.000098,0.000143
0.958454,0.961481,False,0.000098,0.000134
0.495972,0.953070,False,0.000098,0.000191
0.683146,0.974583,False,0.000098,0.000082
0.752818,0.960881,False,0.000098,0.000203
0.947372,0.977054,False,0.000098,0.000137
0.424544,0.881928,False,0.000098,0.000184
0.492761,0.943112,False,0.000098,0.000074
0.509559,0.968653,False,0.000098,0.000169
0.758454,0.970904,False,0.000098,0.000182
0.277356,0.916393,False,0.000098,0.000223
0.311279,0.953616,False,0.000098,0.000203
0.538107,0.953977,False,0.000098,0.000209
0.819626,0.962144,False,0.000098,0.000200
0.401751,0.969031,False,0.000098,0.000241
0.393665,0.993360,True,0.000037,0.000091
0.643296,0.966433,True,0.000037,0.000010
0.647122,0.982051,True,0.000037,0.000119
0.349104,0.969814,True,0.000037,0.000109
0.991933,0.970133,True,0.000037,0.000060
0.279609,0.975733,True,0.000037,0.000117
0.980796,0.977841,False,0.000037,0.000116
0.422826,0.990515,False,0.000037,0.000028
0.280087,0.969241,False,0.000037,0.000182
0.999873,0.988649,False,0.000037,0.000095
0.526892,0.917819,False,0.000037,0.000248
0.340989,0.932359,False,0.000037,0.000140
0.822135,0.943442,False,0.000037,0.000171
0.693509,0.977480,False,0.000037,0.000215
0.441447,0.975701,False,0.000037,0.000169
0.979817,0.984926,False,0.000037,0.000242
0.435220,0.958353,False,0.000037,0.000143
0.979172,0.969844,False,0.000037,0.000134
0.496018,0.961313,False,0.000037,0.000191
0.683004,0.981132,False,0.000037,0.000082
0.773542,0.969241,False,0.000037,0.000203
0.968087,0.985572,False,0.000037,0.000137
0.424363,0.889526,False,0.000037,0.000184
0.492813,0.950734,False,0.000037,0.000074
0.509607,0.975220,False,0.000037,0.000169
0.779144,0.979357,False,0.000037,0.000182
0.277412,0.924324,False,0.000037,0.000223
0.311275,0.961936,False,0.000037,0.000203
0.538215,0.962346,False,0.000037,0.000209
0.840328,0.970473,False,0.000037,0.000200
0.401757,0.977480,False,0.000037,0.000241
0.381298,0.960038,True,0.000091,0.000010
0.394310,0.975570,True,0.000091,0.000119
0.347130,0.965278,True,0.000091,0.000109
0.393633,0.963793,True,0.000091,0.000060
0.279585,0.969363,True,0.000091,0.000117
0.383971,0.971337,False,0.000091,0.000116
0.401705,0.983962,False,0.000091,0.000028
0.278817,0.962914,False,0.000091,0.000182
0.393648,0.982124,False,0.000091,0.000095
0.393313,0.911970,False,0.000091,0.000248
0.341821,0.926381,False,0.000091,0.000140
0.390202,0.937324,False,0.000091,0.000171
0.394698,0.971067,False,0.000091,0.000215
0.393210,0.969323,False,0.000091,0.000169
0.393577,0.978447,False,0.000091,0.000242
0.395128,0.952057,False,0.000091,0.000143
0.383111,0.965265,False,0.000091,0.000134
0.388505,0.955046,False,0.000091,0.000191
0.393689,0.974665,False,0.000091,0.000082
0.393952,0.962914,False,0.000091,0.000203
0.393498,0.979079,False,0.000091,0.000137
0.376028,0.883944,False,0.000091,0.000184
0.394875,0.944515,False,0.000091,0.000074
0.394298,0.968824,False,0.000091,0.000169
0.393587,0.972933,False,0.000091,0.000182
0.277801,0.918438,False,0.000091,0.000223
0.310423,0.955673,False,0.000091,0.000203
0.395625,0.955999,False,0.000091,0.000209
0.393589,0.964142,False,0.000091,0.000200
0.395267,0.971067,False,0.000091,0.000241
0.622250,0.949134,True,0.000010,0.000119
0.350288,0.937383,True,0.000010,0.000109
0.643299,0.937299,True,0.000010,0.000060
0.279962,0.943303,True,0.000010,0.000117
0.633610,0.944907,False,0.000010,0.000116
0.409851,0.957212,False,0.000010,0.000028
0.280245,0.936677,False,0.000010,0.000182
0.643263,0.955417,False,0.000010,0.000095
0.518381,0.889925,False,0.000010,0.000248
0.341057,0.902575,False,0.000010,0.000140
0.634629,0.913443,False,0.000010,0.000171
0.642225,0.946599,False,0.000010,0.000215
0.429291,0.942948,False,0.000010,0.000169
0.643119,0.951879,False,0.000010,0.000242
0.422636,0.928823,False,0.000010,0.000143
0.622564,0.937365,False,0.000010,0.000134
0.483759,0.930719,False,0.000010,0.000191
0.642269,0.948100,False,0.000010,0.000082
0.642735,0.936633,False,0.000010,0.000203
0.643034,0.952480,False,0.000010,0.000137
0.412939,0.858703,False,0.000010,0.000184
0.480702,0.921008,False,0.000010,0.000074
0.497107,0.942339,False,0.000010,0.000169
0.642449,0.946717,False,0.000010,0.000182
0.277579,0.892657,False,0.000010,0.000223
0.312514,0.931441,False,0.000010,0.000203
0.525775,0.929896,False,0.000010,0.000209
0.642724,0.937859,False,0.000010,0.000200
0.390773,0.944650,False,0.000010,0.000241
0.348563,0.952488,True,0.000119,0.000109
0.647098,0.952840,True,0.000119,0.000060
0.279237,0.958388,True,0.000119,0.000117
0.637561,0.960077,False,0.000119,0.000116
0.422788,0.976447,False,0.000119,0.000028
0.279643,0.955556,False,0.000119,0.000182
0.647090,0.970950,False,0.000119,0.000095
0.526348,0.901666,False,0.000119,0.000248
0.341598,0.915862,False,0.000119,0.000140
0.638139,0.926612,False,0.000119,0.000171
0.647165,0.960027,False,0.000119,0.000215
0.441974,0.958333,False,0.000119,0.000169
0.647011,0.967333,False,0.000119,0.000242
0.435396,0.941374,False,0.000119,0.000143
0.626337,0.952371,False,0.000119,0.000134
0.496662,0.945836,False,0.000119,0.000191
0.647662,0.963551,False,0.000119,0.000082
0.648207,0.951979,False,0.000119,0.000203
0.647022,0.967942,False,0.000119,0.000137
0.425113,0.874537,False,0.000119,0.000184
0.493713,0.935428,False,0.000119,0.000074
0.510205,0.957673,False,0.000119,0.000169
0.646773,0.961886,False,0.000119,0.000182
0.276925,0.908036,False,0.000119,0.000223
0.310868,0.951915,False,0.000119,0.000203
0.538444,0.945110,False,0.000119,0.000209
0.646926,0.955134,False,0.000119,0.000200
0.401930,0.960027,False,0.000119,0.000241
0.349214,0.941133,True,0.000109,0.000060
0.280507,0.946645,True,0.000109,0.000117
0.339544,0.950042,False,0.000109,0.000116
0.347674,0.960713,False,0.000109,0.000028
0.286107,0.940292,False,0.000109,0.000182
0.349100,0.958922,False,0.000109,0.000095
0.352133,0.892391,False,0.000109,0.000248
0.341322,0.908656,False,0.000109,0.000140
0.346825,0.915293,False,0.000109,0.000171
0.348251,0.948205,False,0.000109,0.000215
0.347113,0.948337,False,0.000109,0.000169
0.349059,0.957223,False,0.000109,0.000242
0.347679,0.929414,False,0.000109,0.000143
0.338626,0.942515,False,0.000109,0.000134
0.343167,0.932536,False,0.000109,0.000191
0.348761,0.951625,False,0.000109,0.000082
0.349069,0.943865,False,0.000109,0.000203
0.348956,0.958283,False,0.000109,0.000137
0.336616,0.869841,False,0.000109,0.000184
0.347413,0.925720,False,0.000109,0.000074
0.347994,0.945849,False,0.000109,0.000169
0.348709,0.950046,False,0.000109,0.000182
0.277220,0.899613,False,0.000109,0.000223
0.317329,0.933236,False,0.000109,0.000203
0.347824,0.935017,False,0.000109,0.000209
0.348903,0.941539,False,0.000109,0.000200
0.348389,0.949975,False,0.000109,0.000241
0.279574,0.946997,True,0.000060,0.000117
0.972801,0.948321,False,0.000060,0.000116
0.422835,0.961008,False,0.000060,0.000028
0.280002,0.944183,False,0.000060,0.000182
0.991875,0.959259,False,0.000060,0.000095
0.526736,0.891376,False,0.000060,0.000248
0.340982,0.905186,False,0.000060,0.000140
0.822156,0.915710,False,0.000060,0.000171
0.693519,0.952105,False,0.000060,0.000215
0.441418,0.946928,False,0.000060,0.000169
0.971821,0.955731,False,0.000060,0.000242
0.435230,0.929611,False,0.000060,0.000143
0.971178,0.940880,False,0.000060,0.000134
0.495928,0.932759,False,0.000060,0.000191
0.682922,0.951979,False,0.000060,0.000082
0.773590,0.944183,False,0.000060,0.000203
0.960092,0.956310,False,0.000060,0.000137
0.424370,0.868663,False,0.000060,0.000184
0.492844,0.922536,False,0.000060,0.000074
0.509601,0.946132,False,0.000060,0.000169
0.779208,0.950394,False,0.000060,0.000182
0.277359,0.897604,False,0.000060,0.000223
0.311270,0.933636,False,0.000060,0.000203
0.538264,0.935639,False,0.000060,0.000209
0.840378,0.942153,False,0.000060,0.000200
0.401746,0.948556,False,0.000060,0.000241
0.279750,0.954068,False,0.000117,0.000116
0.279624,0.966578,False,0.000117,0.000028
0.280706,0.946154,False,0.000117,0.000182
0.279615,0.964815,False,0.000117,0.000095
0.279297,0.896553,False,0.000117,0.000248
0.278525,0.910632,False,0.000117,0.000140
0.279568,0.921134,False,0.000117,0.000171
0.280165,0.955848,False,0.000117,0.000215
0.278274,0.952418,False,0.000117,0.000169
0.279535,0.961265,False,0.000117,0.000242
0.278535,0.935411,False,0.000117,0.000143
0.279348,0.946494,False,0.000117,0.000134
0.279898,0.938342,False,0.000117,0.000191
0.279084,0.957520,False,0.000117,0.000082
0.279239,0.946154,False,0.000117,0.000203
0.279385,0.961858,False,0.000117,0.000137
0.278071,0.869240,False,0.000117,0.000184
0.278983,0.928220,False,0.000117,0.000074
0.279352,0.951723,False,0.000117,0.000169
0.279956,0.957687,False,0.000117,0.000182
0.277982,0.902900,False,0.000117,0.000223
0.280205,0.939091,False,0.000117,0.000203
0.279582,0.939214,False,0.000117,0.000209
0.279506,0.949168,False,0.000117,0.000200
0.278722,0.954068,False,0.000117,0.000241
0.413129,0.968475,True,0.000116,0.000028
0.280048,0.947412,True,0.000116,0.000182
0.980742,0.966663,True,0.000116,0.000095
0.517292,0.896791,True,0.000116,0.000248
0.331326,0.913224,True,0.000116,0.000140
0.802995,0.922065,True,0.000116,0.000171
0.683760,0.955723,True,0.000116,0.000215
0.431938,0.953957,True,0.000116,0.000169
0.960689,0.963053,True,0.000116,0.000242
0.425536,0.936754,True,0.000116,0.000143
0.960040,0.948053,True,0.000116,0.000134
0.486494,0.939898,True,0.000116,0.000191
0.673261,0.959204,False,0.000116,0.000082
0.754407,0.947607,False,0.000116,0.000203
0.948960,0.965539,False,0.000116,0.000137
0.414872,0.871009,False,0.000116,0.000184
0.483297,0.931652,False,0.000116,0.000074
0.499873,0.955240,False,0.000116,0.000169
0.760041,0.957585,False,0.000116,0.000182
0.277451,0.903029,False,0.000116,0.000223
0.301656,0.940219,False,0.000116,0.000203
0.528511,0.940695,False,0.000116,0.000209
0.821211,0.949284,False,0.000116,0.000200
0.392104,0.955701,False,0.000116,0.000241
0.279336,0.960132,True,0.000028,0.000182
0.422807,0.979301,True,0.000028,0.000095
0.423159,0.909296,True,0.000028,0.000248
0.341620,0.923662,True,0.000028,0.000140
0.418741,0.934560,True,0.000028,0.000171
0.423397,0.968267,True,0.000028,0.000215
0.421924,0.966534,True,0.000028,0.000169
0.422758,0.975636,True,0.000028,0.000242
0.424150,0.949257,True,0.000028,0.000143
0.412344,0.960644,True,0.000028,0.000134
0.418027,0.952220,True,0.000028,0.000191
0.421880,0.971850,False,0.000028,0.000082
0.422316,0.960132,False,0.000028,0.000203
0.422813,0.976263,False,0.000028,0.000137
0.405420,0.881308,False,0.000028,0.000184
0.424949,0.943497,False,0.000028,0.000074
0.423099,0.965963,False,0.000028,0.000169
0.422423,0.970133,False,0.000028,0.000182
0.277590,0.915749,False,0.000028,0.000223
0.310819,0.952902,False,0.000028,0.000203
0.424201,0.953254,False,0.000028,0.000209
0.422329,0.961361,False,0.000028,0.000200
0.402865,0.968267,False,0.000028,0.000241
0.280068,0.958388,True,0.000182,0.000095
0.281654,0.890658,True,0.000182,0.000248
0.278156,0.904432,True,0.000182,0.000140
0.282298,0.914920,True,0.000182,0.000171
0.279237,0.947706,True,0.000182,0.000215
0.279409,0.946084,True,0.000182,0.000169
0.280013,0.954868,True,0.000182,0.000242
0.279002,0.930793,True,0.000182,0.000143
0.280129,0.939993,True,0.000182,0.000134
0.279076,0.931908,True,0.000182,0.000191
0.279534,0.951120,False,0.000182,0.000082
0.279619,0.939844,False,0.000182,0.000203
0.279888,0.955445,False,0.000182,0.000137
0.278206,0.887358,False,0.000182,0.000184
0.279047,0.921835,False,0.000182,0.000074
0.279503,0.945271,False,0.000182,0.000169
0.279553,0.951312,False,0.000182,0.000182
0.277390,0.896851,False,0.000182,0.000223
0.298878,0.932815,False,0.000182,0.000203
0.278623,0.933100,False,0.000182,0.000209
0.279588,0.943134,False,0.000182,0.000200
0.279664,0.947706,False,0.000182,0.000241
0.526862,0.907850,True,0.000095,0.000248
0.340973,0.922054,True,0.000095,0.000140
0.822094,0.932907,True,0.000095,0.000171
0.693474,0.966489,True,0.000095,0.000215
0.441433,0.964768,True,0.000095,0.000169
0.979760,0.973832,True,0.000095,0.000242
0.435199,0.947522,True,0.000095,0.000143
0.979115,0.958850,True,0.000095,0.000134
0.495998,0.950481,True,0.000095,0.000191
0.682965,0.970053,False,0.000095,0.000082
0.773506,0.958388,False,0.000095,0.000203
0.968032,0.974454,False,0.000095,0.000137
0.424347,0.879842,False,0.000095,0.000184
0.492800,0.940031,False,0.000095,0.000074
0.509590,0.964181,False,0.000095,0.000169
0.779103,0.968351,False,0.000095,0.000182
0.277413,0.914176,False,0.000095,0.000223
0.311269,0.951184,False,0.000095,0.000203
0.538185,0.951498,False,0.000095,0.000209
0.840285,0.961411,False,0.000095,0.000200
0.401744,0.966489,False,0.000095,0.000241
0.341484,0.857781,True,0.000248,0.000140
0.518289,0.868472,True,0.000248,0.000171
0.526283,0.899440,True,0.000248,0.000215
0.441777,0.898166,True,0.000248,0.000169
0.526813,0.904514,True,0.000248,0.000242
0.435633,0.884997,True,0.000248,0.000143
0.506181,0.894879,True,0.000248,0.000134
0.496205,0.885970,True,0.000248,0.000191
0.526488,0.905834,False,0.000248,0.000082
0.526626,0.893765,False,0.000248,0.000203
0.526780,0.905001,False,0.000248,0.000137
0.424704,0.819177,False,0.000248,0.000184
0.492994,0.875284,False,0.000248,0.000074
0.506020,0.896762,False,0.000248,0.000169
0.526374,0.901201,False,0.000248,0.000182
0.277661,0.850393,False,0.000248,0.000223
0.312707,0.884038,False,0.000248,0.000203
0.525745,0.889109,False,0.000248,0.000209
0.526166,0.895380,False,0.000248,0.000200
0.402682,0.901073,False,0.000248,0.000241
0.337451,0.880331,True,0.000140,0.000171
0.341253,0.912086,True,0.000140,0.000215
0.341582,0.913813,True,0.000140,0.000169
0.340980,0.918773,True,0.000140,0.000242
0.341548,0.893640,True,0.000140,0.000143
0.330516,0.904223,True,0.000140,0.000134
0.336244,0.900222,True,0.000140,0.000191
0.341296,0.916733,False,0.000140,0.000082
0.340910,0.904517,False,0.000140,0.000203
0.341033,0.919286,False,0.000140,0.000137
0.336583,0.835605,False,0.000140,0.000184
0.341259,0.888920,False,0.000140,0.000074
0.341156,0.913220,False,0.000140,0.000169
0.340844,0.913757,False,0.000140,0.000182
0.277095,0.894033,False,0.000140,0.000223
0.308979,0.897852,False,0.000140,0.000203
0.341823,0.903378,False,0.000140,0.000209
0.341376,0.905661,False,0.000140,0.000200
0.341456,0.911907,False,0.000140,0.000241
0.685052,0.926311,True,0.000171,0.000215
0.437917,0.921337,True,0.000171,0.000169
0.821977,0.929842,True,0.000171,0.000242
0.431859,0.905954,True,0.000171,0.000143
0.804976,0.917738,True,0.000171,0.000134
0.487443,0.911717,True,0.000171,0.000191
0.674102,0.926121,False,0.000171,0.000082
0.750516,0.917454,False,0.000171,0.000203
0.821926,0.930375,False,0.000171,0.000137
0.421235,0.850075,False,0.000171,0.000184
0.484277,0.901747,False,0.000171,0.000074
0.506125,0.921494,False,0.000171,0.000169
0.756049,0.924675,False,0.000171,0.000182
0.277408,0.873287,False,0.000171,0.000223
0.310511,0.910043,False,0.000171,0.000203
0.529187,0.911411,False,0.000171,0.000209
0.815849,0.916453,False,0.000171,0.000200
0.398411,0.922836,False,0.000171,0.000241
0.441738,0.954008,True,0.000215,0.000169
0.693384,0.962914,True,0.000215,0.000242
0.437773,0.936778,True,0.000215,0.000143
0.672745,0.948069,True,0.000215,0.000134
0.496522,0.939871,True,0.000215,0.000191
0.683630,0.959151,False,0.000215,0.000082
0.693614,0.949475,False,0.000215,0.000203
0.693511,0.963513,False,0.000215,0.000137
0.424943,0.870336,False,0.000215,0.000184
0.493289,0.929644,False,0.000215,0.000074
0.509413,0.953325,False,0.000215,0.000169
0.693584,0.957520,False,0.000215,0.000182
0.277165,0.904183,False,0.000215,0.000223
0.310650,0.940601,False,0.000215,0.000203
0.538570,0.940747,False,0.000215,0.000209
0.693541,0.948953,False,0.000215,0.000200
0.406210,0.955673,False,0.000215,0.000241
0.441181,0.961214,True,0.000169,0.000242
0.433125,0.936974,True,0.000169,0.000143
0.430965,0.946416,True,0.000169,0.000134
0.436487,0.938234,True,0.000169,0.000191
0.441992,0.957464,False,0.000169,0.000082
0.441752,0.946084,False,0.000169,0.000203
0.441345,0.961807,False,0.000169,0.000137
0.424725,0.872192,False,0.000169,0.000184
0.440893,0.931426,False,0.000169,0.000074
0.442325,0.951655,False,0.000169,0.000169
0.441216,0.955848,False,0.000169,0.000182
0.277198,0.906076,False,0.000169,0.000223
0.310213,0.939012,False,0.000169,0.000203
0.441759,0.940993,False,0.000169,0.000209
0.441330,0.950825,False,0.000169,0.000200
0.401509,0.954008,False,0.000169,0.000241
0.435117,0.943988,True,0.000242,0.000143
0.959065,0.955304,True,0.000242,0.000134
0.496002,0.947010,True,0.000242,0.000191
0.682877,0.966445,False,0.000242,0.000082
0.773339,0.954868,False,0.000242,0.000203
0.964095,0.970827,False,0.000242,0.000137
0.423963,0.876816,False,0.000242,0.000184
0.492547,0.936652,False,0.000242,0.000074
0.509506,0.960606,False,0.000242,0.000169
0.778680,0.964768,False,0.000242,0.000182
0.277328,0.910941,False,0.000242,0.000223
0.311201,0.947706,False,0.000242,0.000203
0.538138,0.947973,False,0.000242,0.000209
0.839359,0.956093,False,0.000242,0.000200
0.401575,0.962914,False,0.000242,0.000241
0.424833,0.929827,True,0.000143,0.000134
0.430473,0.925118,True,0.000143,0.000191
0.435358,0.940157,False,0.000143,0.000082
0.435141,0.929047,False,0.000143,0.000203
0.435140,0.944565,False,0.000143,0.000137
0.416364,0.854203,False,0.000143,0.000184
0.434973,0.915413,False,0.000143,0.000074
0.433002,0.939889,False,0.000143,0.000169
0.434951,0.938672,False,0.000143,0.000182
0.276519,0.887360,False,0.000143,0.000223
0.310659,0.922947,False,0.000143,0.000203
0.436833,0.924415,False,0.000143,0.000209
0.435117,0.931927,False,0.000143,0.000200
0.407942,0.936811,False,0.000143,0.000241
0.475317,0.932828,True,0.000134,0.000191
0.662234,0.951474,False,0.000134,0.000082
0.752793,0.941892,False,0.000134,0.000203
0.947335,0.955927,False,0.000134,0.000137
0.413995,0.863099,False,0.000134,0.000184
0.482360,0.921877,False,0.000134,0.000074
0.488860,0.946080,False,0.000134,0.000169
0.758420,0.949927,False,0.000134,0.000182
0.277242,0.896437,False,0.000134,0.000223
0.306557,0.933149,False,0.000134,0.000203
0.517463,0.933307,False,0.000134,0.000209
0.819592,0.941326,False,0.000134,0.000200
0.391280,0.948108,False,0.000134,0.000241
0.496698,0.943220,False,0.000191,0.000082
0.496382,0.933763,False,0.000191,0.000203
0.495944,0.947592,False,0.000191,0.000137
0.419178,0.858690,False,0.000191,0.000184
0.476509,0.916375,False,0.000191,0.000074
0.476038,0.939152,False,0.000191,0.000169
0.497868,0.943914,False,0.000191,0.000182
0.276769,0.888962,False,0.000191,0.000223
0.310550,0.926633,False,0.000191,0.000203
0.496495,0.925158,False,0.000191,0.000209
0.495467,0.933247,False,0.000191,0.000200
0.396057,0.941610,False,0.000191,0.000241
0.684934,0.951120,True,0.000082,0.000203
0.682909,0.967051,True,0.000082,0.000137
0.424772,0.873184,True,0.000082,0.000184
0.493521,0.936450,True,0.000082,0.000074
0.513276,0.956795,True,0.000082,0.000169
0.683318,0.961008,True,0.000082,0.000182
0.277394,0.907261,True,0.000082,0.000223
0.310619,0.943963,True,0.000082,0.000203
0.538270,0.944161,True,0.000082,0.000209
0.682366,0.954125,True,0.000082,0.000200
0.401989,0.960956,True,0.000082,0.000241
0.773278,0.955449,True,0.000203,0.000137
0.424830,0.868043,True,0.000203,0.000184
0.493400,0.925369,True,0.000203,0.000074
0.510742,0.945531,True,0.000203,0.000169
0.773515,0.949541,True,0.000203,0.000182
0.277722,0.896851,True,0.000203,0.000223
0.310745,0.932815,True,0.000203,0.000203
0.538122,0.932891,True,0.000203,0.000209
0.773504,0.941085,True,0.000203,0.000200
0.401281,0.953026,True,0.000203,0.000241
0.424308,0.877236,True,0.000137,0.000184
0.492588,0.937176,True,0.000137,0.000074
0.509404,0.961217,True,0.000137,0.000169
0.779041,0.965370,True,0.000137,0.000182
0.277348,0.913311,True,0.000137,0.000223
0.311128,0.948267,True,0.000137,0.000203
0.538358,0.948716,True,0.000137,0.000209
0.840189,0.956679,True,0.000137,0.000200
0.401503,0.963512,True,0.000137,0.000241
0.424369,0.854646,True,0.000184,0.000074
0.425279,0.867336,True,0.000184,0.000169
0.423975,0.874287,True,0.000184,0.000182
0.276700,0.825043,True,0.000184,0.000223
0.310023,0.856021,True,0.000184,0.000203
0.424752,0.863243,True,0.000184,0.000209
0.424055,0.865450,True,0.000184,0.000200
0.384534,0.870946,True,0.000184,0.000241
0.473307,0.927099,True,0.000074,0.000169
0.492431,0.931513,True,0.000074,0.000182
0.277239,0.880808,True,0.000074,0.000223
0.310137,0.914691,True,0.000074,0.000203
0.493836,0.915008,True,0.000074,0.000209
0.492675,0.923042,True,0.000074,0.000200
0.401657,0.929538,True,0.000074,0.000241
0.509523,0.955184,True,0.000169,0.000182
0.276792,0.903213,True,0.000169,0.000223
0.310375,0.938166,True,0.000169,0.000203
0.510104,0.942034,True,0.000169,0.000209
0.509134,0.946567,True,0.000169,0.000200
0.401949,0.953317,True,0.000169,0.000241
0.277427,0.907614,True,0.000182,0.000223
0.310662,0.942428,True,0.000182,0.000203
0.537853,0.942570,True,0.000182,0.000209
0.778219,0.950762,True,0.000182,0.000200
0.400866,0.957520,True,0.000182,0.000241
0.277649,0.890213,True,0.000223,0.000203
0.279873,0.893803,True,0.000223,0.000209
0.277482,0.898015,True,0.000223,0.000200
0.277048,0.904183,True,0.000223,0.000241
0.310463,0.926020,True,0.000203,0.000209
0.310880,0.936139,True,0.000203,0.000200
0.310832,0.940601,True,0.000203,0.000241
0.537797,0.934188,True,0.000209,0.000200
0.402731,0.940703,True,0.000209,0.000241
0.401489,0.948925,True,0.000200,0.000241
